year,lga_id,lga,state,zone,lat,lon,pop_6_11,urban,poverta_minorile,alfab_femminile,distanza_scuola_km,rapporto_alunni_ins,servizi_igienici_f,accesso_stradale,lavoro_minorile,eventi_conflitto,shock_climatico,scuola_coranica,acqua_potabile,spesa_edu_procapite,tasso_fuori_scuola,divario_genere_pp,tasso_fuori_scuola_f,tasso_fuori_scuola_m,target_oos_t1,bambini_fuori_scuola
2020,59680162B10012275275709,Gezawa,Kano,North West,12.062,8.731,49805,0,97.356,35.983,3.756,54.081,25.766,40.179,22.386,0,48.431,29.24,39.264,16.162,47.665,5.14,50.492,45.352,45.752,23740
2021,59680162B10012275275709,Gezawa,Kano,North West,12.062,8.731,49805,0,99.0,50.757,3.367,47.992,29.198,57.485,31.096,1,78.749,30.617,33.62,18.045,45.752,0.44,45.996,45.552,51.279,22787
2022,59680162B10012275275709,Gezawa,Kano,North West,12.062,8.731,49805,0,94.911,42.831,4.172,56.031,24.148,62.034,31.082,2,58.461,36.427,36.387,15.129,51.279,0.74,51.687,50.945,58.42,25539
2023,59680162B10012275275709,Gezawa,Kano,North West,12.062,8.731,49805,0,88.171,41.458,4.917,43.956,33.509,46.618,38.482,2,59.108,41.678,38.141,17.457,58.42,2.76,59.938,57.177,45.438,29096
2024,59680162B10012275275709,Gezawa,Kano,North West,12.062,8.731,49805,0,83.774,41.353,6.754,58.97,52.208,45.551,28.066,2,41.723,23.35,35.957,35.94,45.438,1.86,46.459,44.602,46.323,22630
2025,59680162B10012275275709,Gezawa,Kano,North West,12.062,8.731,49805,0,81.453,36.257,5.81,58.328,40.445,22.447,25.829,0,66.342,40.067,50.898,23.062,46.323,-2.07,45.185,47.253,,23071
2020,59680162B10083289652159,Kafur,Katsina,North West,11.624,7.688,62069,0,86.781,32.73,3.63,65.226,35.844,26.521,26.469,1,53.756,48.482,64.597,10.153,47.927,2.0,49.027,47.027,50.032,29748
2021,59680162B10083289652159,Kafur,Katsina,North West,11.624,7.688,62069,0,97.57,30.293,4.032,37.082,34.277,46.626,15.402,3,56.201,51.134,23.655,44.742,50.032,3.03,51.696,48.671,54.673,31054
2022,59680162B10083289652159,Kafur,Katsina,North West,11.624,7.688,62069,0,80.583,33.736,3.892,66.473,30.99,20.504,28.226,1,58.53,40.909,42.93,12.141,54.673,1.86,55.698,53.835,52.297,33935
2023,59680162B10083289652159,Kafur,Katsina,North West,11.624,7.688,62069,0,84.511,45.574,3.457,64.202,22.679,38.771,28.36,3,69.698,30.991,33.27,17.507,52.297,3.02,53.957,50.94,41.302,32460
2024,59680162B10083289652159,Kafur,Katsina,North West,11.624,7.688,62069,0,89.331,31.874,2.976,76.538,32.973,40.656,29.642,1,50.285,28.614,37.654,18.196,41.302,1.9,42.344,40.449,40.746,25636
2025,59680162B10083289652159,Kafur,Katsina,North West,11.624,7.688,62069,0,72.445,49.637,3.663,71.963,35.111,26.441,28.098,1,58.873,30.533,36.548,29.749,40.746,3.38,42.607,39.223,,25291
2020,59680162B1032840889978,Bokkos,Plateau,North Central,9.237,8.889,45035,0,80.81,55.711,3.271,26.608,44.299,46.128,18.381,1,50.749,27.179,63.995,16.762,32.701,3.45,34.601,31.147,29.38,14727
2021,59680162B1032840889978,Bokkos,Plateau,North Central,9.237,8.889,45035,0,75.501,55.235,0.832,32.019,40.199,47.88,33.725,2,44.065,6.321,58.274,25.852,29.38,-3.0,27.73,30.73,21.125,13231
2022,59680162B1032840889978,Bokkos,Plateau,North Central,9.237,8.889,45035,0,76.105,61.976,3.428,18.961,55.284,45.809,9.098,1,58.046,0.866,75.562,30.493,21.125,-1.07,20.54,21.605,32.283,9514
2023,59680162B1032840889978,Bokkos,Plateau,North Central,9.237,8.889,45035,0,68.233,52.022,4.689,31.145,58.872,63.801,16.178,3,56.196,9.255,74.17,10.877,32.283,0.26,32.428,32.165,19.712,14539
2024,59680162B1032840889978,Bokkos,Plateau,North Central,9.237,8.889,45035,0,66.652,48.385,3.005,44.443,44.568,57.499,25.786,1,48.449,12.79,45.403,22.352,19.712,-0.45,19.464,19.915,33.258,8877
2025,59680162B1032840889978,Bokkos,Plateau,North Central,9.237,8.889,45035,0,57.716,74.167,3.094,20.7,30.701,57.798,31.57,1,65.362,23.659,77.609,31.545,33.258,1.17,33.901,32.732,,14978
2020,59680162B10585943230735,Gulani,Yobe,North East,10.918,11.642,73128,0,88.656,32.337,3.45,38.86,42.056,47.655,29.892,3,48.277,19.748,30.137,13.828,44.331,0.59,44.654,44.066,53.352,32418
2021,59680162B10585943230735,Gulani,Yobe,North East,10.918,11.642,73128,0,90.877,25.689,5.29,66.791,25.908,40.917,19.471,7,75.341,48.173,67.487,20.759,53.352,2.4,54.672,52.272,55.451,39015
2022,59680162B10585943230735,Gulani,Yobe,North East,10.918,11.642,73128,0,87.907,40.084,4.29,49.038,24.346,32.944,28.735,4,59.811,21.259,55.743,11.796,55.451,1.17,56.096,54.924,40.635,40551
2023,59680162B10585943230735,Gulani,Yobe,North East,10.918,11.642,73128,0,84.45,37.074,2.123,74.148,50.364,51.334,26.288,5,75.51,22.781,54.143,15.051,40.635,-1.7,39.702,41.398,49.288,29715
2024,59680162B10585943230735,Gulani,Yobe,North East,10.918,11.642,73128,0,82.823,27.046,4.531,47.684,39.895,29.341,26.098,5,61.327,29.648,42.249,48.211,49.288,1.65,50.195,48.546,45.69,36043
2025,59680162B10585943230735,Gulani,Yobe,North East,10.918,11.642,73128,0,89.098,52.178,3.393,47.563,52.383,26.534,32.61,3,76.628,12.399,43.567,11.029,45.69,1.75,46.654,44.901,,33412
2020,59680162B10627743467335,Bursari,Yobe,North East,12.685,11.488,13733,1,84.206,50.828,3.824,67.095,45.169,47.398,22.011,5,64.364,25.322,45.802,10.205,49.336,2.3,50.602,48.301,36.205,6775
2021,59680162B10627743467335,Bursari,Yobe,North East,12.685,11.488,13733,1,73.688,55.079,1.673,56.073,45.754,60.913,26.137,5,64.378,34.731,51.202,25.938,36.205,2.31,37.473,35.168,25.469,4972
2022,59680162B10627743467335,Bursari,Yobe,North East,12.685,11.488,13733,1,75.58,35.733,3.164,54.819,40.019,50.426,19.714,7,60.021,7.228,89.978,20.16,25.469,1.17,26.111,24.944,44.019,3498
2023,59680162B10627743467335,Bursari,Yobe,North East,12.685,11.488,13733,1,71.087,42.52,3.275,63.581,35.182,47.596,28.238,9,69.841,14.865,58.113,21.79,44.019,-1.55,43.165,44.717,40.077,6045
2024,59680162B10627743467335,Bursari,Yobe,North East,12.685,11.488,13733,1,73.736,58.259,2.859,62.681,32.022,62.227,25.125,6,54.74,29.396,79.062,19.86,40.077,3.13,41.801,38.667,46.172,5504
2025,59680162B10627743467335,Bursari,Yobe,North East,12.685,11.488,13733,1,71.491,55.661,2.735,59.342,28.609,61.318,23.213,10,84.003,27.673,72.705,28.913,46.172,0.35,46.366,46.013,,6341
2020,59680162B10831398447622,Wamakko,Sokoto,North West,13.097,5.106,60382,0,88.85,28.878,5.068,58.883,34.913,35.762,31.288,1,42.567,22.976,38.541,37.323,49.773,2.49,51.142,48.653,43.507,30054
2021,59680162B10831398447622,Wamakko,Sokoto,North West,13.097,5.106,60382,0,97.988,35.169,3.082,65.468,36.462,26.634,21.519,4,64.679,31.422,30.405,15.014,43.507,0.2,43.615,43.418,49.735,26270
2022,59680162B10831398447622,Wamakko,Sokoto,North West,13.097,5.106,60382,0,85.94,24.48,4.795,57.097,41.802,44.257,25.292,0,46.373,34.945,39.409,16.073,49.735,0.45,49.983,49.532,41.778,30031
2023,59680162B10831398447622,Wamakko,Sokoto,North West,13.097,5.106,60382,0,74.383,33.009,4.341,62.695,40.949,31.045,30.656,4,50.248,29.438,16.127,11.386,41.778,1.14,42.405,41.264,44.724,25226
2024,59680162B10831398447622,Wamakko,Sokoto,North West,13.097,5.106,60382,0,78.708,31.003,5.074,66.001,43.717,40.248,39.737,2,47.411,38.909,50.194,16.263,44.724,1.42,45.505,44.085,44.341,27005
2025,59680162B10831398447622,Wamakko,Sokoto,North West,13.097,5.106,60382,0,87.942,40.661,3.886,58.468,31.204,30.83,22.372,1,86.235,43.24,52.397,19.407,44.341,0.13,44.413,44.282,,26774
2020,59680162B10854216301983,Ndokwa East,Delta,South South,5.661,6.497,54056,1,63.039,87.102,3.208,40.459,64.271,71.879,16.704,0,49.218,0.0,68.459,21.218,19.612,0.98,20.15,19.173,12.179,10602
2021,59680162B10854216301983,Ndokwa East,Delta,South South,5.661,6.497,54056,1,59.901,99.0,1.343,30.139,72.757,74.173,6.872,0,52.838,0.0,83.464,23.79,12.179,0.06,12.212,12.151,12.837,6583
2022,59680162B10854216301983,Ndokwa East,Delta,South South,5.661,6.497,54056,1,64.183,95.88,1.167,37.91,80.377,89.463,7.492,0,47.194,0.377,95.425,14.699,12.837,-1.78,11.857,13.639,12.908,6939
2023,59680162B10854216301983,Ndokwa East,Delta,South South,5.661,6.497,54056,1,61.7,87.624,0.554,52.137,93.075,69.124,6.133,0,60.173,0.0,90.119,14.849,12.908,-1.94,11.844,13.779,13.348,6978
2024,59680162B10854216301983,Ndokwa East,Delta,South South,5.661,6.497,54056,1,59.358,83.636,0.2,42.59,68.5,91.502,4.238,1,51.656,0.0,92.16,22.997,13.348,-2.54,11.949,14.492,20.359,7215
2025,59680162B10854216301983,Ndokwa East,Delta,South South,5.661,6.497,54056,1,59.151,98.785,2.259,46.671,83.605,70.231,0.5,0,68.987,0.0,89.194,41.507,20.359,-3.0,18.709,21.709,,11005
2020,59680162B11018926765325,Oluyole,Oyo,South West,7.219,3.88,77509,1,49.237,82.303,0.314,28.107,80.439,99.0,3.337,0,48.383,3.279,99.0,28.46,0.8,-1.54,0.5,1.492,7.892,620
2021,59680162B11018926765325,Oluyole,Oyo,South West,7.219,3.88,77509,1,52.183,86.57,0.927,37.374,80.042,91.056,15.659,0,58.9,4.185,99.0,15.112,7.892,-2.22,6.67,8.892,0.8,6117
2022,59680162B11018926765325,Oluyole,Oyo,South West,7.219,3.88,77509,1,52.777,88.402,0.694,46.852,63.03,70.047,0.91,1,15.463,0.0,99.0,23.858,0.8,-0.3,0.635,0.935,10.426,620
2023,59680162B11018926765325,Oluyole,Oyo,South West,7.219,3.88,77509,1,57.362,80.282,0.652,19.257,64.846,99.0,0.5,0,55.904,0.0,77.883,20.348,10.426,0.19,10.533,10.338,11.235,8081
2024,59680162B11018926765325,Oluyole,Oyo,South West,7.219,3.88,77509,1,53.48,70.528,2.083,42.028,80.471,99.0,1.022,1,35.553,0.0,98.095,37.663,11.235,-0.15,11.155,11.301,0.91,8708
2025,59680162B11018926765325,Oluyole,Oyo,South West,7.219,3.88,77509,1,63.824,86.803,0.716,36.636,91.34,99.0,14.604,0,22.649,7.281,92.721,47.349,0.91,-1.78,0.5,1.711,,706
2020,59680162B11133908611483,Nwangele,Imo,South East,5.701,7.126,48064,0,71.117,92.628,0.3,28.456,71.044,71.2,13.091,2,18.794,0.587,84.784,19.522,15.736,-0.65,15.378,16.03,9.147,7563
2021,59680162B11133908611483,Nwangele,Imo,South East,5.701,7.126,48064,0,74.826,75.928,0.27,23.622,53.934,89.208,0.7,0,45.686,0.0,73.193,19.86,9.147,-0.14,9.07,9.209,5.579,4396
2022,59680162B11133908611483,Nwangele,Imo,South East,5.701,7.126,48064,0,63.882,86.393,0.858,24.547,78.138,54.629,8.984,0,58.013,0.0,76.362,14.65,5.579,-1.28,4.877,6.153,20.088,2681
2023,59680162B11133908611483,Nwangele,Imo,South East,5.701,7.126,48064,0,70.876,83.472,0.483,30.093,90.702,53.367,13.214,2,39.972,0.0,50.785,25.44,20.088,-3.0,18.438,21.438,11.456,9655
2024,59680162B11133908611483,Nwangele,Imo,South East,5.701,7.126,48064,0,63.959,88.281,0.2,16.512,62.491,91.435,15.166,0,40.949,1.183,90.71,27.234,11.456,0.6,11.783,11.188,11.419,5506
2025,59680162B11133908611483,Nwangele,Imo,South East,5.701,7.126,48064,0,67.118,99.0,1.587,33.866,66.011,64.108,4.741,0,32.583,0.0,63.55,38.771,11.419,-0.42,11.187,11.609,,5489
2020,59680162B11164722545286,Mubi South,Adamawa,North East,10.179,13.321,65393,1,87.867,62.707,3.958,74.197,47.594,32.937,21.111,7,67.721,31.003,43.718,10.318,51.209,-0.2,51.1,51.298,48.722,33487
2021,59680162B11164722545286,Mubi South,Adamawa,North East,10.179,13.321,65393,1,87.317,46.219,3.703,47.419,27.888,55.18,42.48,2,51.277,39.53,63.099,17.64,48.722,-0.08,48.679,48.758,37.362,31861
2022,59680162B11164722545286,Mubi South,Adamawa,North East,10.179,13.321,65393,1,71.892,49.873,4.738,71.077,20.884,61.303,24.3,6,73.785,24.99,62.158,23.753,37.362,1.69,38.291,36.602,37.764,24432
2023,59680162B11164722545286,Mubi South,Adamawa,North East,10.179,13.321,65393,1,67.081,45.096,2.544,59.303,49.028,29.556,19.908,3,55.495,11.493,57.671,32.248,37.764,1.19,38.42,37.227,34.678,24695
2024,59680162B11164722545286,Mubi South,Adamawa,North East,10.179,13.321,65393,1,85.667,49.636,2.903,64.226,40.299,53.959,23.564,4,68.026,15.842,55.237,19.724,34.678,1.55,35.531,33.98,32.942,22677
2025,59680162B11164722545286,Mubi South,Adamawa,North East,10.179,13.321,65393,1,84.576,56.225,4.318,64.12,63.956,74.261,14.166,3,73.56,14.564,64.46,16.216,32.942,3.75,35.003,31.256,,21542
2020,59680162B11241948791785,Afijio,Oyo,South West,7.743,3.886,23529,0,66.424,88.956,0.5,48.228,50.583,76.516,5.696,0,30.447,0.0,61.812,15.694,20.291,-0.29,20.133,20.419,14.413,4774
2021,59680162B11241948791785,Afijio,Oyo,South West,7.743,3.886,23529,0,44.196,72.518,1.531,37.394,63.712,82.208,7.027,0,29.063,12.478,74.905,30.68,14.413,-1.41,13.637,15.048,23.068,3391
2022,59680162B11241948791785,Afijio,Oyo,South West,7.743,3.886,23529,0,53.628,84.979,1.234,46.031,82.586,80.874,23.269,0,69.71,13.221,87.653,22.961,23.068,0.36,23.265,22.906,14.753,5428
2023,59680162B11241948791785,Afijio,Oyo,South West,7.743,3.886,23529,0,61.999,60.625,1.061,53.708,67.06,72.031,19.665,0,39.08,3.903,78.309,37.484,14.753,1.22,15.422,14.206,21.891,3471
2024,59680162B11241948791785,Afijio,Oyo,South West,7.743,3.886,23529,0,57.416,85.79,3.197,38.864,68.595,83.46,4.209,1,20.501,0.023,89.022,28.993,21.891,1.12,22.509,21.387,16.877,5151
2025,59680162B11241948791785,Afijio,Oyo,South West,7.743,3.886,23529,0,62.169,93.225,0.2,40.093,54.251,99.0,13.46,0,48.78,12.64,93.163,17.479,16.877,0.94,17.397,16.452,,3971
2020,59680162B11400589438827,Awgu,Enugu,South East,6.153,7.453,56553,0,64.459,78.234,2.31,17.889,63.81,74.361,7.056,0,31.296,1.716,71.848,19.483,18.111,-3.0,16.461,19.461,17.282,10242
2021,59680162B11400589438827,Awgu,Enugu,South East,6.153,7.453,56553,0,55.985,86.644,0.694,27.968,63.786,74.176,13.282,1,50.157,6.499,70.627,38.934,17.282,-0.35,17.092,17.437,16.391,9774
2022,59680162B11400589438827,Awgu,Enugu,South East,6.153,7.453,56553,0,68.214,85.233,2.94,29.77,97.85,74.378,4.073,0,26.578,0.0,83.084,29.371,16.391,-0.5,16.114,16.617,18.917,9269
2023,59680162B11400589438827,Awgu,Enugu,South East,6.153,7.453,56553,0,63.013,71.203,1.542,24.017,60.502,66.482,12.739,1,32.813,3.465,82.839,30.188,18.917,0.14,18.996,18.853,9.533,10698
2024,59680162B11400589438827,Awgu,Enugu,South East,6.153,7.453,56553,0,68.88,94.94,0.2,23.461,84.052,89.677,16.922,0,30.431,1.943,99.0,32.989,9.533,-3.0,7.883,10.883,10.01,5391
2025,59680162B11400589438827,Awgu,Enugu,South East,6.153,7.453,56553,0,60.053,90.667,1.741,26.213,85.019,67.807,0.5,1,26.41,3.557,69.935,17.455,10.01,-0.79,9.574,10.366,,5661
2020,59680162B11436342937739,Biase,Cross River,South South,5.54,8.094,27272,0,81.4,90.973,1.418,46.617,37.256,55.83,12.18,0,45.524,3.11,75.688,18.638,24.692,-1.57,23.827,25.399,19.963,6734
2021,59680162B11436342937739,Biase,Cross River,South South,5.54,8.094,27272,0,60.52,82.029,3.172,46.674,71.935,52.822,16.694,2,86.453,2.914,74.061,34.907,19.963,0.45,20.208,19.762,15.226,5444
2022,59680162B11436342937739,Biase,Cross River,South South,5.54,8.094,27272,0,74.658,78.373,0.572,28.673,92.902,52.102,0.822,1,55.124,0.0,63.287,39.161,15.226,-1.61,14.341,15.95,26.286,4152
2023,59680162B11436342937739,Biase,Cross River,South South,5.54,8.094,27272,0,79.696,67.501,1.793,41.376,55.317,63.588,6.891,0,54.629,0.0,49.444,29.601,26.286,-1.62,25.395,27.014,21.926,7169
2024,59680162B11436342937739,Biase,Cross River,South South,5.54,8.094,27272,0,75.442,72.765,0.2,27.853,55.812,57.088,17.0,0,32.641,0.0,88.469,23.173,21.926,-0.38,21.715,22.098,22.407,5980
2025,59680162B11436342937739,Biase,Cross River,South South,5.54,8.094,27272,0,73.831,74.471,3.076,41.227,64.899,69.917,18.946,1,52.512,11.818,91.585,23.452,22.407,-1.99,21.313,23.302,,6111
2020,59680162B11671066128606,Bogoro,Bauchi,North East,9.639,9.622,31852,0,88.506,48.015,3.805,76.055,28.741,37.025,26.147,2,81.419,11.351,49.197,13.772,61.279,-0.14,61.2,61.343,48.293,19519
2021,59680162B11671066128606,Bogoro,Bauchi,North East,9.639,9.622,31852,0,90.18,49.922,5.426,48.98,52.042,51.675,31.565,7,62.279,31.795,30.569,21.14,48.293,0.7,48.678,47.978,60.572,15382
2022,59680162B11671066128606,Bogoro,Bauchi,North East,9.639,9.622,31852,0,99.0,47.835,4.64,59.003,31.161,44.697,27.441,5,61.005,46.61,57.488,27.32,60.572,1.43,61.358,59.929,51.559,19293
2023,59680162B11671066128606,Bogoro,Bauchi,North East,9.639,9.622,31852,0,89.88,53.014,3.824,60.179,38.878,48.041,36.509,7,47.846,31.469,68.898,13.795,51.559,2.21,52.773,50.566,54.215,16423
2024,59680162B11671066128606,Bogoro,Bauchi,North East,9.639,9.622,31852,0,99.0,66.852,4.577,55.749,19.598,58.284,29.239,2,68.645,22.872,41.463,30.851,54.215,-0.56,53.907,54.466,51.37,17269
2025,59680162B11671066128606,Bogoro,Bauchi,North East,9.639,9.622,31852,0,77.594,35.596,5.235,36.708,41.628,55.733,24.978,5,44.951,35.048,35.469,31.578,51.37,3.69,53.397,49.711,,16362
2020,59680162B11863934245151,Ankpa,Kogi,North Central,7.504,7.603,40957,0,64.35,46.131,1.359,60.459,30.886,52.773,16.889,3,36.741,4.56,63.13,10.583,31.191,3.26,32.984,29.724,36.172,12775
2021,59680162B11863934245151,Ankpa,Kogi,North Central,7.504,7.603,40957,0,75.182,64.16,3.382,51.042,46.705,81.348,19.384,0,64.056,26.026,58.096,33.621,36.172,-2.59,34.745,37.339,21.853,14815
2022,59680162B11863934245151,Ankpa,Kogi,North Central,7.504,7.603,40957,0,69.187,58.921,1.126,32.647,55.119,59.189,18.279,4,53.815,26.489,67.297,26.037,21.853,0.52,22.138,21.619,29.732,8950
2023,59680162B11863934245151,Ankpa,Kogi,North Central,7.504,7.603,40957,0,66.404,67.585,4.841,46.65,54.249,68.196,20.098,1,38.656,12.126,63.831,20.614,29.732,-0.17,29.639,29.808,32.075,12177
2024,59680162B11863934245151,Ankpa,Kogi,North Central,7.504,7.603,40957,0,77.807,58.544,3.564,34.423,70.858,81.007,28.324,3,74.859,7.716,72.772,12.993,32.075,0.71,32.467,31.755,35.816,13137
2025,59680162B11863934245151,Ankpa,Kogi,North Central,7.504,7.603,40957,0,84.379,75.004,3.513,37.096,34.395,53.783,11.873,0,63.004,28.608,75.182,29.894,35.816,-0.97,35.283,36.253,,14669
2020,59680162B11957186029310,Pankshin,Plateau,North Central,9.312,9.393,18594,0,76.036,58.033,4.021,53.247,43.47,63.061,16.93,0,59.037,8.558,59.704,16.733,31.339,-0.64,30.987,31.627,33.504,5827
2021,59680162B11957186029310,Pankshin,Plateau,North Central,9.312,9.393,18594,0,62.511,37.528,3.477,49.241,35.452,57.134,17.707,2,40.621,1.33,63.714,15.153,33.504,2.49,34.872,32.385,29.755,6230
2022,59680162B11957186029310,Pankshin,Plateau,North Central,9.312,9.393,18594,0,67.252,65.077,1.34,32.643,48.246,69.253,22.921,0,31.529,13.259,64.185,13.369,29.755,0.25,29.895,29.641,35.186,5533
2023,59680162B11957186029310,Pankshin,Plateau,North Central,9.312,9.393,18594,0,79.959,63.157,3.583,45.686,36.474,73.659,26.068,1,55.228,9.641,75.037,15.767,35.186,0.71,35.577,34.866,28.026,6542
2024,59680162B11957186029310,Pankshin,Plateau,North Central,9.312,9.393,18594,0,75.682,51.521,2.003,38.734,61.119,61.807,8.646,3,60.449,10.553,67.617,20.818,28.026,2.01,29.132,27.121,35.263,5211
2025,59680162B11957186029310,Pankshin,Plateau,North Central,9.312,9.393,18594,0,73.551,63.65,2.895,34.297,41.686,51.589,19.639,2,74.358,6.991,87.743,34.652,35.263,4.34,37.648,33.311,,6557
2020,59680162B12426298681132,Tsafe,Zamfara,North West,11.823,6.904,104703,0,96.603,39.986,5.254,71.902,21.974,48.652,33.343,2,70.786,44.843,39.482,12.735,59.075,2.02,60.189,58.164,56.522,61854
2021,59680162B12426298681132,Tsafe,Zamfara,North West,11.823,6.904,104703,0,82.936,29.808,3.236,49.333,25.975,48.209,40.588,4,38.326,26.809,49.143,9.604,56.522,0.61,56.86,56.245,59.868,59180
2022,59680162B12426298681132,Tsafe,Zamfara,North West,11.823,6.904,104703,0,90.468,38.703,5.676,44.464,36.605,49.537,33.238,4,59.186,41.191,62.624,17.196,59.868,2.72,61.363,58.644,51.76,62683
2023,59680162B12426298681132,Tsafe,Zamfara,North West,11.823,6.904,104703,0,87.873,49.286,3.258,67.69,18.929,22.903,27.771,2,52.246,30.651,39.533,15.634,51.76,0.86,52.233,51.373,40.89,54194
2024,59680162B12426298681132,Tsafe,Zamfara,North West,11.823,6.904,104703,0,79.037,47.556,2.895,65.96,21.001,27.548,35.386,1,53.727,26.699,62.633,24.051,40.89,2.31,42.159,39.852,51.956,42813
2025,59680162B12426298681132,Tsafe,Zamfara,North West,11.823,6.904,104703,0,91.399,33.832,4.292,67.652,25.651,36.068,22.238,0,74.984,37.894,46.328,19.71,51.956,2.89,53.546,50.655,,54400
2020,59680162B12574760496394,Ikara,Kaduna,North West,11.312,8.161,52512,1,88.929,49.617,3.834,87.962,66.374,53.255,18.786,1,65.367,30.448,68.389,13.074,38.172,-0.47,37.911,38.386,53.48,20045
2021,59680162B12574760496394,Ikara,Kaduna,North West,11.312,8.161,52512,1,88.379,41.347,3.606,78.202,18.313,50.439,31.593,1,64.311,27.516,68.133,11.197,53.48,0.96,54.008,53.048,40.43,28083
2022,59680162B12574760496394,Ikara,Kaduna,North West,11.312,8.161,52512,1,80.083,35.973,2.027,85.975,32.192,73.889,25.208,0,69.799,29.27,41.763,8.539,40.43,1.25,41.118,39.868,48.622,21231
2023,59680162B12574760496394,Ikara,Kaduna,North West,11.312,8.161,52512,1,86.409,49.822,3.082,73.01,39.664,51.382,26.322,2,73.632,14.765,48.425,13.863,48.622,0.21,48.736,48.529,32.403,25532
2024,59680162B12574760496394,Ikara,Kaduna,North West,11.312,8.161,52512,1,86.729,46.619,1.367,57.632,24.582,54.732,21.871,0,78.627,34.66,47.963,14.78,32.403,1.12,33.022,31.897,39.479,17016
2025,59680162B12574760496394,Ikara,Kaduna,North West,11.312,8.161,52512,1,80.911,43.398,4.053,58.981,33.247,58.993,27.718,2,71.135,26.93,68.772,22.701,39.479,-1.96,38.402,40.36,,20731
2020,59680162B12689851933854,Owan West,Edo,South South,6.934,5.89,42504,0,68.215,72.212,2.092,24.407,59.713,63.086,15.138,3,56.62,8.715,66.44,27.635,27.324,0.68,27.697,27.019,25.888,11614
2021,59680162B12689851933854,Owan West,Edo,South South,6.934,5.89,42504,0,70.421,91.43,4.722,49.957,54.224,79.533,8.435,1,58.275,0.0,61.987,53.213,25.888,0.85,26.354,25.506,20.307,11003
2022,59680162B12689851933854,Owan West,Edo,South South,6.934,5.89,42504,0,82.487,83.073,3.264,28.855,62.232,64.48,5.43,3,54.204,3.614,97.927,22.955,20.307,-1.55,19.455,21.005,26.803,8631
2023,59680162B12689851933854,Owan West,Edo,South South,6.934,5.89,42504,0,73.539,87.037,1.062,37.549,54.33,75.16,26.076,1,66.412,7.959,75.355,43.172,26.803,1.02,27.362,26.346,19.373,11393
2024,59680162B12689851933854,Owan West,Edo,South South,6.934,5.89,42504,0,66.375,77.563,2.676,48.196,73.146,44.427,6.237,0,78.024,3.634,85.612,43.939,19.373,-2.48,18.009,20.489,18.474,8234
2025,59680162B12689851933854,Owan West,Edo,South South,6.934,5.89,42504,0,67.319,72.602,0.2,38.81,55.572,70.368,17.612,0,53.85,1.316,92.971,29.356,18.474,-0.32,18.295,18.62,,7852
2020,59680162B12953009585437,Babura,Jigawa,North West,12.605,8.827,17570,0,93.45,46.667,4.612,70.055,35.783,44.625,33.197,2,55.349,48.111,26.674,10.514,50.479,0.04,50.503,50.459,53.206,8869
2021,59680162B12953009585437,Babura,Jigawa,North West,12.605,8.827,17570,0,89.964,44.842,4.741,73.003,31.254,50.035,40.688,0,68.291,44.208,63.024,17.31,53.206,2.87,54.784,51.915,59.05,9348
2022,59680162B12953009585437,Babura,Jigawa,North West,12.605,8.827,17570,0,85.007,34.629,6.092,74.11,35.302,45.863,37.362,1,36.588,30.192,50.407,28.863,59.05,0.87,59.528,58.659,53.044,10375
2023,59680162B12953009585437,Babura,Jigawa,North West,12.605,8.827,17570,0,89.353,44.109,3.896,72.058,42.821,32.591,32.892,4,67.136,32.04,50.421,15.232,53.044,-0.56,52.738,53.295,45.511,9320
2024,59680162B12953009585437,Babura,Jigawa,North West,12.605,8.827,17570,0,82.157,50.704,4.391,57.871,28.69,64.727,26.61,3,78.36,31.396,31.989,18.506,45.511,3.02,47.171,44.153,60.965,7996
2025,59680162B12953009585437,Babura,Jigawa,North West,12.605,8.827,17570,0,84.723,23.7,5.88,56.849,24.889,54.256,31.864,2,67.4,44.278,61.537,20.958,60.965,1.83,61.973,60.141,,10712
2020,59680162B13073760931893,Gombi,Adamawa,North East,10.203,12.497,15435,0,96.867,32.042,4.016,66.572,61.42,65.886,20.113,2,51.133,27.006,48.266,11.332,44.597,3.08,46.289,43.213,54.841,6884
2021,59680162B13073760931893,Gombi,Adamawa,North East,10.203,12.497,15435,0,83.686,43.407,4.892,49.809,7.485,47.585,38.245,5,63.476,21.816,35.023,17.663,54.841,2.28,56.092,53.817,51.69,8465
2022,59680162B13073760931893,Gombi,Adamawa,North East,10.203,12.497,15435,0,93.625,33.071,4.929,47.735,24.561,25.181,29.511,1,62.052,37.655,61.576,13.703,51.69,-1.34,50.953,52.292,48.671,7978
2023,59680162B13073760931893,Gombi,Adamawa,North East,10.203,12.497,15435,0,79.229,29.365,3.232,72.206,59.973,35.024,24.204,6,45.892,14.618,52.863,16.319,48.671,1.94,49.739,47.797,51.715,7512
2024,59680162B13073760931893,Gombi,Adamawa,North East,10.203,12.497,15435,0,75.512,23.873,4.044,49.298,41.655,44.123,20.829,8,49.302,29.05,56.781,22.457,51.715,-0.84,51.255,52.091,48.017,7982
2025,59680162B13073760931893,Gombi,Adamawa,North East,10.203,12.497,15435,0,79.261,25.69,3.802,47.056,33.901,25.204,19.568,3,78.072,25.857,32.816,22.54,48.017,1.57,48.881,47.309,,7411
2020,59680162B13157392837231,Karim Lamido,Taraba,North East,9.153,10.862,46499,0,88.568,42.921,3.947,57.59,31.379,46.009,33.31,4,69.58,22.985,35.231,18.015,53.656,3.59,55.631,52.04,48.389,24949
2021,59680162B13157392837231,Karim Lamido,Taraba,North East,9.153,10.862,46499,0,87.29,46.625,3.896,56.186,25.832,35.429,34.374,3,80.638,24.138,59.292,18.323,48.389,3.41,50.264,46.855,45.063,22500
2022,59680162B13157392837231,Karim Lamido,Taraba,North East,9.153,10.862,46499,0,80.999,44.121,5.388,60.149,33.015,48.439,34.728,2,69.215,9.203,52.273,7.986,45.063,1.98,46.151,44.174,37.992,20954
2023,59680162B13157392837231,Karim Lamido,Taraba,North East,9.153,10.862,46499,0,86.172,52.434,3.088,48.466,14.572,36.127,7.57,4,52.994,29.11,44.893,15.271,37.992,-2.67,36.523,39.194,48.368,17666
2024,59680162B13157392837231,Karim Lamido,Taraba,North East,9.153,10.862,46499,0,87.559,41.772,3.538,49.924,45.552,55.368,33.17,1,53.984,22.37,44.712,10.097,48.368,2.77,49.891,47.122,59.872,22491
2025,59680162B13157392837231,Karim Lamido,Taraba,North East,9.153,10.862,46499,0,84.873,31.522,5.208,64.646,10.542,49.29,30.555,7,92.281,34.363,41.273,13.253,59.872,0.46,60.126,59.665,,27840
2020,59680162B1338580155275,Ogbomosho South,Oyo,South West,8.106,4.225,47112,0,54.238,80.598,0.321,40.802,63.426,87.076,11.163,0,38.241,6.928,99.0,15.903,19.493,-1.9,18.447,20.35,8.069,9184
2021,59680162B1338580155275,Ogbomosho South,Oyo,South West,8.106,4.225,47112,0,63.798,82.461,2.925,28.381,64.793,87.81,5.229,0,45.089,0.0,83.25,32.492,8.069,-1.08,7.478,8.553,11.444,3802
2022,59680162B1338580155275,Ogbomosho South,Oyo,South West,8.106,4.225,47112,0,65.896,54.113,3.09,14.3,80.593,76.996,3.939,2,25.381,0.0,82.737,16.848,11.444,-0.21,11.33,11.537,23.021,5392
2023,59680162B1338580155275,Ogbomosho South,Oyo,South West,8.106,4.225,47112,0,62.386,69.605,1.629,22.265,71.232,83.245,9.321,1,23.393,0.0,79.798,14.119,23.021,-0.71,22.632,23.339,14.027,10846
2024,59680162B1338580155275,Ogbomosho South,Oyo,South West,8.106,4.225,47112,0,54.786,82.002,1.813,33.806,84.568,73.609,9.687,1,14.943,0.0,80.832,35.347,14.027,-2.43,12.692,15.119,20.689,6608
2025,59680162B1338580155275,Ogbomosho South,Oyo,South West,8.106,4.225,47112,0,64.181,75.422,2.048,27.576,70.97,90.94,13.141,1,42.853,17.082,94.08,30.099,20.689,-1.44,19.897,21.337,,9747
2020,59680162B13393519160177,Jahun,Jigawa,North West,12.064,9.558,52371,0,97.298,35.785,4.539,81.289,33.792,40.584,26.074,1,56.225,37.382,45.452,10.058,51.507,0.18,51.603,51.427,55.994,26975
2021,59680162B13393519160177,Jahun,Jigawa,North West,12.064,9.558,52371,0,94.005,30.992,5.82,56.341,31.862,40.758,34.895,3,64.114,31.523,28.232,23.508,55.994,0.85,56.461,55.612,40.551,29325
2022,59680162B13393519160177,Jahun,Jigawa,North West,12.064,9.558,52371,0,86.083,25.906,3.866,33.914,26.998,36.027,32.757,0,56.522,30.312,52.475,27.244,40.551,2.2,41.762,39.561,52.879,21237
2023,59680162B13393519160177,Jahun,Jigawa,North West,12.064,9.558,52371,0,88.398,48.746,5.065,73.583,45.429,50.337,34.011,1,58.287,34.052,52.492,14.619,52.879,-0.35,52.687,53.036,45.467,27693
2024,59680162B13393519160177,Jahun,Jigawa,North West,12.064,9.558,52371,0,85.774,22.734,2.947,51.65,40.406,39.85,30.475,1,63.718,29.606,59.908,30.745,45.467,-0.05,45.438,45.491,48.591,23812
2025,59680162B13393519160177,Jahun,Jigawa,North West,12.064,9.558,52371,0,92.117,38.355,4.637,67.032,35.645,54.715,30.444,4,50.771,24.67,47.197,36.803,48.591,1.89,49.633,47.738,,25448
2020,59680162B13498430232382,Jega,Kebbi,North West,12.104,4.466,38309,0,86.435,40.235,5.179,54.809,22.449,32.543,34.738,1,67.104,39.18,71.911,21.59,50.86,2.65,52.317,49.668,55.78,19484
2021,59680162B13498430232382,Jega,Kebbi,North West,12.104,4.466,38309,0,91.543,32.679,4.147,64.251,29.876,29.78,31.256,1,81.909,41.635,54.362,12.632,55.78,0.91,56.279,55.371,58.8,21369
2022,59680162B13498430232382,Jega,Kebbi,North West,12.104,4.466,38309,0,82.859,40.126,5.748,71.442,24.888,51.389,38.426,2,55.503,36.61,47.388,9.584,58.8,4.61,61.338,56.724,52.704,22526
2023,59680162B13498430232382,Jega,Kebbi,North West,12.104,4.466,38309,0,95.224,45.983,4.814,45.335,23.386,31.395,44.309,1,64.076,20.665,47.938,22.311,52.704,1.03,53.272,52.24,48.119,20191
2024,59680162B13498430232382,Jega,Kebbi,North West,12.104,4.466,38309,0,74.936,37.064,4.375,79.762,50.484,36.3,24.431,3,51.121,39.952,46.692,46.565,48.119,3.45,50.014,46.568,58.814,18434
2025,59680162B13498430232382,Jega,Kebbi,North West,12.104,4.466,38309,0,85.975,47.341,4.523,62.15,32.801,42.284,27.038,4,57.769,55.484,37.601,13.526,58.814,3.3,60.63,57.329,,22531
2020,59680162B13650355505793,Tarka,Benue,North Central,7.588,8.862,13946,0,65.381,54.671,3.376,39.116,56.522,55.326,20.709,1,42.96,0.0,69.865,21.353,24.338,-0.54,24.039,24.583,34.78,3394
2021,59680162B13650355505793,Tarka,Benue,North Central,7.588,8.862,13946,0,71.408,62.548,3.888,56.475,47.495,68.748,23.591,3,62.56,11.044,63.343,19.437,34.78,-0.36,34.584,34.941,30.112,4850
2022,59680162B13650355505793,Tarka,Benue,North Central,7.588,8.862,13946,0,72.227,63.894,2.737,39.695,35.882,74.884,27.444,3,60.174,0.0,57.38,13.373,30.112,0.85,30.58,29.73,32.971,4199
2023,59680162B13650355505793,Tarka,Benue,North Central,7.588,8.862,13946,0,57.447,45.946,4.091,39.585,42.797,73.823,24.255,1,53.853,11.393,73.532,15.439,32.971,0.35,33.162,32.815,33.373,4598
2024,59680162B13650355505793,Tarka,Benue,North Central,7.588,8.862,13946,0,76.423,59.975,3.177,52.881,20.5,66.029,11.262,2,52.975,21.013,52.734,34.515,33.373,0.28,33.525,33.248,32.668,4654
2025,59680162B13650355505793,Tarka,Benue,North Central,7.588,8.862,13946,0,71.071,57.013,0.749,35.197,61.789,71.366,31.918,1,68.253,18.208,62.663,26.96,32.668,-0.08,32.623,32.704,,4556
2020,59680162B13670821264537,Karu,Nasarawa,North Central,8.98,7.736,30128,0,78.265,63.679,2.048,35.667,33.124,86.114,18.52,2,40.521,14.951,82.488,22.426,31.794,0.58,32.111,31.535,32.443,9579
2021,59680162B13670821264537,Karu,Nasarawa,North Central,8.98,7.736,30128,0,75.611,69.773,2.624,44.182,50.813,67.602,12.0,1,58.746,13.91,48.722,31.118,32.443,0.3,32.609,32.306,35.081,9774
2022,59680162B13670821264537,Karu,Nasarawa,North Central,8.98,7.736,30128,0,67.838,66.037,3.934,42.972,61.87,39.153,17.043,2,51.379,9.522,63.011,27.591,35.081,2.75,36.595,33.844,40.759,10569
2023,59680162B13670821264537,Karu,Nasarawa,North Central,8.98,7.736,30128,0,74.276,55.988,4.033,42.356,43.669,54.858,28.822,3,36.339,5.444,59.391,25.49,40.759,3.44,42.653,39.21,30.708,12280
2024,59680162B13670821264537,Karu,Nasarawa,North Central,8.98,7.736,30128,0,75.404,63.962,1.476,35.269,31.95,69.2,9.765,2,77.304,24.673,70.148,20.624,30.708,-0.33,30.526,30.857,27.602,9252
2025,59680162B13670821264537,Karu,Nasarawa,North Central,8.98,7.736,30128,0,63.231,66.663,3.899,44.383,38.362,67.358,14.4,0,53.982,23.367,80.096,17.108,27.602,1.03,28.168,27.139,,8316
2020,59680162B14133510851755,Saki West,Oyo,South West,8.65,3.228,27330,0,57.708,91.171,0.752,36.233,47.762,62.528,11.474,1,41.239,0.0,79.824,15.88,16.252,-0.12,16.184,16.307,8.555,4442
2021,59680162B14133510851755,Saki West,Oyo,South West,8.65,3.228,27330,0,68.344,88.26,0.751,52.332,78.71,69.931,5.189,0,44.042,0.0,94.736,15.72,8.555,-0.04,8.533,8.572,18.944,2338
2022,59680162B14133510851755,Saki West,Oyo,South West,8.65,3.228,27330,0,55.827,67.598,2.917,51.5,75.828,87.216,6.889,0,48.585,1.937,94.142,25.517,18.944,1.12,19.561,18.438,19.8,5177
2023,59680162B14133510851755,Saki West,Oyo,South West,8.65,3.228,27330,0,55.634,71.81,3.902,34.781,61.633,92.61,8.18,1,40.233,16.245,87.46,34.849,19.8,1.28,20.503,19.226,22.297,5411
2024,59680162B14133510851755,Saki West,Oyo,South West,8.65,3.228,27330,0,52.262,79.954,2.41,29.909,75.682,74.823,7.925,0,29.636,14.547,81.378,55.125,22.297,1.59,23.171,21.582,10.7,6094
2025,59680162B14133510851755,Saki West,Oyo,South West,8.65,3.228,27330,0,57.558,87.253,0.939,34.742,64.149,66.159,16.093,1,50.762,1.942,92.547,47.194,10.7,-0.73,10.297,11.029,,2924
2020,59680162B14261849329471,Lapai,Niger,North Central,8.74,6.657,33327,1,66.803,69.828,1.356,38.929,46.347,67.082,13.315,2,55.107,13.156,75.379,35.958,21.208,-1.81,20.21,22.025,29.36,7068
2021,59680162B14261849329471,Lapai,Niger,North Central,8.74,6.657,33327,1,58.607,70.141,1.537,52.483,52.18,78.178,21.182,1,61.054,8.647,74.957,10.053,29.36,-0.97,28.825,29.798,30.108,9785
2022,59680162B14261849329471,Lapai,Niger,North Central,8.74,6.657,33327,1,76.333,57.547,1.127,65.574,51.009,67.616,15.983,1,47.847,16.85,71.0,16.139,30.108,0.07,30.149,30.075,26.021,10034
2023,59680162B14261849329471,Lapai,Niger,North Central,8.74,6.657,33327,1,61.131,48.088,2.04,34.99,54.828,73.58,22.741,1,44.393,9.76,88.823,31.312,26.021,-0.12,25.956,26.075,19.682,8672
2024,59680162B14261849329471,Lapai,Niger,North Central,8.74,6.657,33327,1,48.895,86.442,3.558,27.78,47.54,57.309,12.272,2,33.016,5.92,56.964,25.359,19.682,-1.9,18.639,20.535,15.283,6559
2025,59680162B14261849329471,Lapai,Niger,North Central,8.74,6.657,33327,1,58.926,77.476,1.921,34.497,64.494,86.219,6.495,2,58.797,13.746,85.421,31.831,15.283,-0.87,14.802,15.676,,5093
2020,59680162B14302921886514,Umuahia North,Abia,South East,5.59,7.494,80567,1,60.872,99.0,0.2,42.608,73.596,77.928,0.5,2,37.463,0.0,97.805,24.968,9.502,-2.1,8.344,10.449,10.959,7656
2021,59680162B14302921886514,Umuahia North,Abia,South East,5.59,7.494,80567,1,50.529,92.896,0.2,27.83,70.288,99.0,19.046,1,35.881,0.0,89.795,34.12,10.959,-2.33,9.675,12.01,8.546,8829
2022,59680162B14302921886514,Umuahia North,Abia,South East,5.59,7.494,80567,1,48.035,99.0,0.659,23.31,73.458,80.379,11.883,3,40.982,1.053,98.831,16.668,8.546,-1.6,7.664,9.268,16.521,6885
2023,59680162B14302921886514,Umuahia North,Abia,South East,5.59,7.494,80567,1,60.229,87.345,0.2,35.202,72.026,89.653,12.324,0,31.34,0.0,95.914,33.431,16.521,-2.04,15.4,17.439,8.701,13311
2024,59680162B14302921886514,Umuahia North,Abia,South East,5.59,7.494,80567,1,57.412,99.0,1.167,29.993,77.732,93.683,7.146,0,52.517,0.0,97.992,35.982,8.701,-2.12,7.537,9.654,0.8,7010
2025,59680162B14302921886514,Umuahia North,Abia,South East,5.59,7.494,80567,1,51.682,99.0,0.2,29.839,95.048,99.0,6.931,0,34.644,1.099,99.0,43.206,0.8,-1.36,0.5,1.412,,645
2020,59680162B14319741144045,Miga,Jigawa,North West,12.233,9.697,210402,0,84.884,28.019,3.053,46.125,2.0,30.716,25.232,0,56.739,28.349,34.031,17.562,48.18,1.0,48.728,47.731,53.324,101371
2021,59680162B14319741144045,Miga,Jigawa,North West,12.233,9.697,210402,0,93.987,18.759,3.237,62.106,50.437,60.682,41.363,1,67.958,24.544,33.025,16.281,53.324,3.17,55.067,51.898,48.577,112195
2022,59680162B14319741144045,Miga,Jigawa,North West,12.233,9.697,210402,0,84.473,35.203,4.719,92.702,29.972,54.035,42.294,0,66.99,34.122,74.729,19.48,48.577,-0.03,48.563,48.588,51.117,102206
2023,59680162B14319741144045,Miga,Jigawa,North West,12.233,9.697,210402,0,87.374,25.277,5.244,57.944,28.032,13.831,36.0,2,65.543,27.818,42.21,16.209,51.117,4.27,53.468,49.194,50.502,107552
2024,59680162B14319741144045,Miga,Jigawa,North West,12.233,9.697,210402,0,91.8,27.417,4.882,68.145,33.238,18.72,32.598,1,48.887,33.427,42.327,23.279,50.502,2.22,51.721,49.504,49.878,106256
2025,59680162B14319741144045,Miga,Jigawa,North West,12.233,9.697,210402,0,93.955,59.04,2.523,38.758,33.91,34.743,31.906,1,58.492,47.891,43.219,25.334,49.878,2.04,50.998,48.962,,104945
2020,59680162B14374608149112,Enugu South,Enugu,South East,6.409,7.516,64757,0,56.199,80.919,1.578,43.54,93.905,68.68,7.013,0,36.113,0.0,69.019,21.777,6.309,-1.48,5.495,6.975,17.48,4085
2021,59680162B14374608149112,Enugu South,Enugu,South East,6.409,7.516,64757,0,64.531,86.163,2.483,40.052,62.869,66.141,9.577,0,16.69,23.724,78.762,17.687,17.48,1.7,18.417,16.713,16.12,11319
2022,59680162B14374608149112,Enugu South,Enugu,South East,6.409,7.516,64757,0,82.199,92.874,0.504,21.359,71.042,62.792,13.706,1,47.166,18.296,76.246,13.902,16.12,1.28,16.822,15.545,19.309,10439
2023,59680162B14374608149112,Enugu South,Enugu,South East,6.409,7.516,64757,0,75.697,87.798,2.268,20.457,90.855,81.207,11.079,3,22.048,14.563,67.241,19.374,19.309,0.82,19.76,18.94,11.437,12504
2024,59680162B14374608149112,Enugu South,Enugu,South East,6.409,7.516,64757,0,67.762,92.844,0.625,24.45,91.684,85.018,6.822,0,20.67,0.0,70.546,56.222,11.437,-2.05,10.308,12.361,18.004,7407
2025,59680162B14374608149112,Enugu South,Enugu,South East,6.409,7.516,64757,0,62.114,83.9,1.069,25.135,78.358,69.24,12.724,2,43.764,0.0,74.416,37.143,18.004,-0.46,17.752,18.211,,11659
2020,59680162B14396821090751,Esan Central,Edo,South South,6.706,6.208,8751,0,72.565,83.95,4.443,36.155,64.809,51.56,20.398,0,41.631,15.964,67.354,43.467,21.521,-1.24,20.837,22.081,14.744,1883
2021,59680162B14396821090751,Esan Central,Edo,South South,6.706,6.208,8751,0,74.446,72.654,2.168,47.079,71.126,92.873,16.764,0,43.756,0.0,62.462,31.477,14.744,-1.4,13.972,15.375,16.024,1290
2022,59680162B14396821090751,Esan Central,Edo,South South,6.706,6.208,8751,0,76.373,84.07,2.54,42.118,78.484,75.611,7.574,1,40.947,4.893,87.233,15.633,16.024,4.99,18.767,13.78,23.576,1402
2023,59680162B14396821090751,Esan Central,Edo,South South,6.706,6.208,8751,0,69.535,84.072,2.033,21.862,61.759,81.46,29.617,1,49.363,0.0,60.931,12.477,23.576,-2.01,22.468,24.482,14.797,2063
2024,59680162B14396821090751,Esan Central,Edo,South South,6.706,6.208,8751,0,67.586,66.858,1.829,44.248,51.293,88.746,14.497,3,45.021,2.64,68.266,21.227,14.797,-0.06,14.761,14.826,14.533,1295
2025,59680162B14396821090751,Esan Central,Edo,South South,6.706,6.208,8751,0,67.94,80.764,1.686,26.006,82.179,47.981,12.082,0,68.314,0.327,45.715,18.001,14.533,-1.32,13.808,15.126,,1272
2020,59680162B14415495238729,Ukum,Benue,North Central,7.584,9.659,79961,1,59.588,57.019,4.253,79.792,53.85,72.847,24.229,0,48.195,0.0,73.491,14.428,27.845,1.79,28.827,27.041,34.078,22265
2021,59680162B14415495238729,Ukum,Benue,North Central,7.584,9.659,79961,1,71.578,69.06,4.023,65.038,49.646,84.962,22.275,3,38.126,21.374,70.901,7.724,34.078,2.28,35.332,33.051,33.974,27249
2022,59680162B14415495238729,Ukum,Benue,North Central,7.584,9.659,79961,1,61.69,60.266,4.525,46.391,58.438,72.701,15.489,3,61.648,0.0,85.362,18.774,33.974,-2.85,32.406,35.257,14.465,27166
2023,59680162B14415495238729,Ukum,Benue,North Central,7.584,9.659,79961,1,65.549,76.836,1.609,32.161,61.495,68.245,9.586,1,53.831,1.31,91.205,22.63,14.465,0.59,14.79,14.199,28.219,11566
2024,59680162B14415495238729,Ukum,Benue,North Central,7.584,9.659,79961,1,71.386,78.741,1.254,35.496,72.112,87.008,9.548,2,28.762,29.825,65.099,21.501,28.219,-2.37,26.914,29.287,27.388,22564
2025,59680162B14415495238729,Ukum,Benue,North Central,7.584,9.659,79961,1,65.651,71.824,3.165,54.51,59.596,60.42,31.269,0,42.098,18.544,61.181,21.878,27.388,-0.25,27.25,27.5,,21899
2020,59680162B1443452948914,Wase,Plateau,North Central,9.037,10.257,18070,1,67.879,71.232,3.681,48.453,57.041,81.874,11.126,3,43.276,0.0,95.919,15.857,30.617,1.7,31.554,29.85,34.553,5532
2021,59680162B1443452948914,Wase,Plateau,North Central,9.037,10.257,18070,1,62.61,81.437,2.898,70.912,49.063,77.918,28.696,2,50.286,21.041,65.163,21.582,34.553,-1.27,33.852,35.126,6.317,6244
2022,59680162B1443452948914,Wase,Plateau,North Central,9.037,10.257,18070,1,56.423,67.014,2.398,42.243,68.304,80.156,10.257,2,52.896,5.259,75.0,19.893,6.317,1.77,7.292,5.52,12.178,1142
2023,59680162B1443452948914,Wase,Plateau,North Central,9.037,10.257,18070,1,46.011,51.463,2.138,48.263,59.067,71.386,15.668,0,31.67,5.401,75.874,20.485,12.178,0.46,12.431,11.971,20.341,2201
2024,59680162B1443452948914,Wase,Plateau,North Central,9.037,10.257,18070,1,59.183,78.566,2.032,33.782,66.063,77.952,19.424,1,60.072,17.198,87.777,23.646,20.341,2.0,21.442,19.44,23.633,3676
2025,59680162B1443452948914,Wase,Plateau,North Central,9.037,10.257,18070,1,66.269,55.395,2.585,43.227,48.093,79.302,17.909,1,54.659,0.166,68.83,24.308,23.633,3.76,25.703,21.939,,4270
2020,59680162B14530293305891,Ihitte/Uboma,Imo,South East,5.646,7.384,39000,0,63.558,92.91,0.388,45.634,55.528,82.255,11.558,1,26.567,0.0,90.768,16.307,11.199,-0.84,10.737,11.576,9.032,4367
2021,59680162B14530293305891,Ihitte/Uboma,Imo,South East,5.646,7.384,39000,0,77.13,92.507,2.612,14.65,71.747,88.862,8.275,2,32.153,3.419,92.49,19.925,9.032,1.5,9.857,8.357,16.101,3522
2022,59680162B14530293305891,Ihitte/Uboma,Imo,South East,5.646,7.384,39000,0,70.32,83.624,0.859,41.275,84.275,92.97,15.762,1,45.4,4.538,56.995,31.498,16.101,-1.12,15.486,16.604,15.228,6279
2023,59680162B14530293305891,Ihitte/Uboma,Imo,South East,5.646,7.384,39000,0,63.525,83.164,1.382,25.226,67.694,83.531,11.502,1,14.216,0.0,99.0,28.969,15.228,-1.48,14.415,15.894,10.184,5939
2024,59680162B14530293305891,Ihitte/Uboma,Imo,South East,5.646,7.384,39000,0,49.706,93.533,2.352,34.127,88.465,95.547,11.415,1,24.502,0.0,78.267,26.551,10.184,1.29,10.894,9.603,11.307,3972
2025,59680162B14530293305891,Ihitte/Uboma,Imo,South East,5.646,7.384,39000,0,58.989,87.406,1.35,39.937,69.973,78.205,8.793,0,60.051,0.0,97.011,36.572,11.307,-1.7,10.373,12.072,,4410
2020,59680162B14541309037731,Wudil,Kano,North West,11.763,8.835,37479,0,90.417,31.227,2.88,72.219,30.127,30.289,30.09,4,58.834,31.828,41.577,12.263,45.918,1.03,46.482,45.456,44.474,17210
2021,59680162B14541309037731,Wudil,Kano,North West,11.763,8.835,37479,0,92.207,37.908,4.238,77.689,42.844,40.841,36.299,0,63.61,19.033,40.07,18.741,44.474,-1.18,43.825,45.005,46.81,16668
2022,59680162B14541309037731,Wudil,Kano,North West,11.763,8.835,37479,0,86.216,42.864,2.986,65.277,26.234,28.542,33.501,2,55.113,58.747,56.554,19.346,46.81,4.09,49.058,44.972,50.39,17544
2023,59680162B14541309037731,Wudil,Kano,North West,11.763,8.835,37479,0,90.987,42.896,3.81,57.449,42.824,32.561,40.314,4,68.607,41.483,47.923,20.75,50.39,0.51,50.671,50.161,45.206,18886
2024,59680162B14541309037731,Wudil,Kano,North West,11.763,8.835,37479,0,80.271,42.357,4.072,63.506,36.315,51.363,22.801,1,36.858,23.959,39.839,26.266,45.206,3.36,47.055,43.693,40.089,16943
2025,59680162B14541309037731,Wudil,Kano,North West,11.763,8.835,37479,0,88.601,63.091,4.349,62.861,40.342,49.196,29.395,2,69.229,38.676,62.118,28.681,40.089,1.77,41.06,39.294,,15025
2020,59680162B1470225488806,Fune,Yobe,North East,11.888,11.428,30938,1,84.736,41.978,4.296,49.501,38.944,60.205,31.86,5,59.9,20.0,58.311,11.7,56.137,3.18,57.888,54.705,43.191,17368
2021,59680162B1470225488806,Fune,Yobe,North East,11.888,11.428,30938,1,73.129,45.526,1.992,73.765,51.657,55.644,27.482,7,88.025,23.977,53.31,12.687,43.191,2.28,44.445,42.164,47.007,13362
2022,59680162B1470225488806,Fune,Yobe,North East,11.888,11.428,30938,1,82.137,45.732,4.513,74.972,37.503,49.568,21.577,1,82.933,22.415,75.079,35.403,47.007,1.19,47.661,46.472,41.82,14543
2023,59680162B1470225488806,Fune,Yobe,North East,11.888,11.428,30938,1,71.513,58.725,4.241,59.11,44.012,64.197,16.128,9,56.316,5.363,52.278,23.482,41.82,2.22,43.041,40.821,35.649,12938
2024,59680162B1470225488806,Fune,Yobe,North East,11.888,11.428,30938,1,67.871,43.274,2.786,48.527,35.076,77.217,22.172,4,67.887,13.456,59.761,11.932,35.649,2.77,37.171,34.403,34.776,11029
2025,59680162B1470225488806,Fune,Yobe,North East,11.888,11.428,30938,1,73.684,64.319,1.097,76.702,58.293,77.08,13.69,8,80.229,19.071,59.184,30.916,34.776,0.78,35.207,34.424,,10759
2020,59680162B1513568068009,Surulere,Lagos,South West,6.49,3.344,82061,0,71.581,85.446,4.105,29.934,64.702,70.494,6.078,0,18.083,23.578,99.0,45.138,12.601,-1.94,11.534,13.474,17.42,10341
2021,59680162B1513568068009,Surulere,Lagos,South West,6.49,3.344,82061,0,59.322,87.167,0.957,25.711,66.67,99.0,14.65,0,35.579,14.357,76.31,21.735,17.42,-2.21,16.207,18.414,24.185,14295
2022,59680162B1513568068009,Surulere,Lagos,South West,6.49,3.344,82061,0,66.429,84.399,2.072,42.927,64.404,86.715,19.921,0,51.348,0.0,76.279,22.691,24.185,-2.35,22.892,25.243,19.897,19847
2023,59680162B1513568068009,Surulere,Lagos,South West,6.49,3.344,82061,0,63.524,90.34,1.269,34.021,63.198,93.666,11.548,0,15.873,12.905,89.925,16.153,19.897,-1.55,19.043,20.596,17.34,16328
2024,59680162B1513568068009,Surulere,Lagos,South West,6.49,3.344,82061,0,62.181,90.115,1.065,42.03,50.451,84.711,22.836,1,31.457,0.0,71.913,21.871,17.34,-1.23,16.662,17.895,18.359,14229
2025,59680162B1513568068009,Surulere,Lagos,South West,6.49,3.344,82061,0,64.443,95.274,1.315,59.707,81.449,65.814,10.203,1,42.938,0.0,87.945,45.763,18.359,-2.84,16.796,19.638,,15066
2020,59680162B15165581574851,Toro,Bauchi,North East,10.35,9.312,15705,0,94.224,52.993,2.955,71.038,35.1,56.789,32.009,4,67.837,19.999,49.329,21.044,44.528,-0.31,44.359,44.667,40.978,6993
2021,59680162B15165581574851,Toro,Bauchi,North East,10.35,9.312,15705,0,93.913,36.906,2.867,38.401,33.264,13.767,28.479,4,78.797,32.695,16.383,15.511,40.978,2.77,42.503,39.73,55.459,6436
2022,59680162B15165581574851,Toro,Bauchi,North East,10.35,9.312,15705,0,94.772,36.019,4.159,49.022,39.788,33.172,38.475,6,68.152,31.628,36.725,14.741,55.459,1.16,56.099,54.936,47.13,8710
2023,59680162B15165581574851,Toro,Bauchi,North East,10.35,9.312,15705,0,99.0,45.747,3.954,67.667,25.232,33.908,29.265,0,59.208,13.192,33.594,18.856,47.13,2.71,48.618,45.912,45.24,7402
2024,59680162B15165581574851,Toro,Bauchi,North East,10.35,9.312,15705,0,93.904,52.125,2.327,41.156,16.782,60.232,25.893,5,62.511,29.269,69.2,30.354,45.24,2.47,46.597,44.129,42.414,7105
2025,59680162B15165581574851,Toro,Bauchi,North East,10.35,9.312,15705,0,81.351,47.083,5.243,70.246,50.54,36.469,30.963,3,64.987,24.423,42.513,22.323,42.414,0.14,42.49,42.351,,6661
2020,59680162B15311652495769,Kaga,Borno,North East,11.599,12.532,58170,0,99.0,46.446,1.652,47.178,29.767,22.808,34.029,6,52.125,32.595,69.273,25.064,45.755,1.28,46.461,45.178,53.392,26616
2021,59680162B15311652495769,Kaga,Borno,North East,11.599,12.532,58170,0,84.787,59.232,5.919,64.067,18.965,34.324,38.734,10,54.591,16.793,82.782,17.327,53.392,4.01,55.598,51.587,53.899,31058
2022,59680162B15311652495769,Kaga,Borno,North East,11.599,12.532,58170,0,94.558,31.686,4.135,50.932,28.99,56.804,36.988,3,55.156,32.043,36.35,19.014,53.899,1.15,54.531,53.382,51.03,31353
2023,59680162B15311652495769,Kaga,Borno,North East,11.599,12.532,58170,0,91.369,46.606,5.241,49.506,22.796,30.349,15.746,7,68.713,32.425,58.875,15.687,51.03,0.09,51.079,50.99,51.485,29684
2024,59680162B15311652495769,Kaga,Borno,North East,11.599,12.532,58170,0,93.681,45.252,4.642,61.838,38.991,45.316,37.607,9,53.628,20.449,69.205,20.292,51.485,0.87,51.965,51.093,51.42,29949
2025,59680162B15311652495769,Kaga,Borno,North East,11.599,12.532,58170,0,92.056,41.839,2.921,46.357,18.484,28.822,35.888,4,75.85,25.355,43.751,18.32,51.42,2.33,52.704,50.369,,29911
2020,59680162B15317000449503,Ifelodun,Kwara,North Central,8.626,5.182,25067,0,70.503,49.093,3.426,56.454,52.777,58.017,16.495,4,55.057,11.646,69.961,19.581,31.918,0.77,32.341,31.572,28.864,8001
2021,59680162B15317000449503,Ifelodun,Kwara,North Central,8.626,5.182,25067,0,65.965,48.899,4.261,59.295,58.603,46.242,27.834,4,57.722,8.107,64.287,17.968,28.864,0.16,28.953,28.791,33.307,7235
2022,59680162B15317000449503,Ifelodun,Kwara,North Central,8.626,5.182,25067,0,69.99,68.423,0.668,49.203,19.315,55.295,20.876,1,45.571,15.098,56.486,23.845,33.307,0.55,33.608,33.061,30.78,8349
2023,59680162B15317000449503,Ifelodun,Kwara,North Central,8.626,5.182,25067,0,67.746,67.837,3.628,41.127,61.576,45.041,23.057,1,41.34,5.87,59.843,26.102,30.78,0.08,30.824,30.744,22.482,7716
2024,59680162B15317000449503,Ifelodun,Kwara,North Central,8.626,5.182,25067,0,88.193,83.52,2.763,40.024,60.858,60.472,13.585,0,61.434,11.77,66.656,21.321,22.482,-1.57,21.617,23.191,18.59,5636
2025,59680162B15317000449503,Ifelodun,Kwara,North Central,8.626,5.182,25067,0,74.178,62.723,2.648,38.81,54.619,71.141,12.087,3,52.182,4.761,56.115,26.951,18.59,-0.43,18.354,18.782,,4660
2020,59680162B15406999540209,Ibeno,Akwa Ibom,South South,4.562,8.095,37538,0,73.884,88.658,4.986,32.265,71.791,87.508,4.732,0,51.358,0.0,84.577,14.513,25.458,-3.0,23.808,26.808,26.727,9556
2021,59680162B15406999540209,Ibeno,Akwa Ibom,South South,4.562,8.095,37538,0,67.726,79.395,1.679,19.818,59.442,50.074,19.705,4,53.176,0.0,86.981,12.635,26.727,-0.24,26.595,26.835,19.228,10033
2022,59680162B15406999540209,Ibeno,Akwa Ibom,South South,4.562,8.095,37538,0,53.095,79.702,3.774,24.395,53.519,55.392,9.734,1,72.701,0.0,74.492,22.415,19.228,0.12,19.294,19.174,26.832,7218
2023,59680162B15406999540209,Ibeno,Akwa Ibom,South South,4.562,8.095,37538,0,68.335,74.437,0.21,43.972,65.735,54.066,22.797,1,51.964,0.0,62.077,25.945,26.832,-1.98,25.741,27.725,26.555,10072
2024,59680162B15406999540209,Ibeno,Akwa Ibom,South South,4.562,8.095,37538,0,68.726,96.322,2.525,48.642,47.385,60.566,17.937,1,39.18,0.0,93.085,28.566,26.555,1.9,27.599,25.7,15.7,9968
2025,59680162B15406999540209,Ibeno,Akwa Ibom,South South,4.562,8.095,37538,0,80.763,90.134,1.891,40.476,94.522,41.819,14.1,0,62.421,3.95,62.726,35.09,15.7,-3.0,14.05,17.05,,5894
2020,59680162B15532351721986,Oji-River,Enugu,South East,6.159,7.31,19735,1,56.462,99.0,1.731,34.228,68.655,62.977,17.77,0,39.75,0.0,94.908,15.505,12.193,-2.24,10.961,13.201,17.895,2406
2021,59680162B15532351721986,Oji-River,Enugu,South East,6.159,7.31,19735,1,69.993,99.0,2.752,34.924,73.471,99.0,14.806,1,45.671,0.836,94.587,20.148,17.895,-3.0,16.245,19.245,0.981,3532
2022,59680162B15532351721986,Oji-River,Enugu,South East,6.159,7.31,19735,1,60.178,89.725,1.26,20.739,73.616,82.87,0.5,1,29.73,0.0,90.959,20.797,0.981,-3.0,0.5,2.331,17.1,194
2023,59680162B15532351721986,Oji-River,Enugu,South East,6.159,7.31,19735,1,61.239,99.0,1.78,57.956,85.368,78.458,4.748,0,33.522,0.0,99.0,38.326,17.1,-1.72,16.156,17.872,5.598,3375
2024,59680162B15532351721986,Oji-River,Enugu,South East,6.159,7.31,19735,1,64.509,99.0,0.231,59.379,99.0,92.18,8.379,0,21.156,0.846,81.952,36.596,5.598,0.49,5.867,5.377,7.239,1105
2025,59680162B15532351721986,Oji-River,Enugu,South East,6.159,7.31,19735,1,54.079,99.0,0.359,46.245,89.822,73.079,0.5,0,44.073,0.0,99.0,48.008,7.239,-0.83,6.781,7.613,,1429
2020,59680162B15951041920960,Ijumu,Kogi,North Central,7.848,5.899,23704,0,81.796,58.749,2.104,24.869,39.012,78.889,11.887,0,50.436,10.468,61.691,19.48,23.789,0.47,24.05,23.575,41.768,5639
2021,59680162B15951041920960,Ijumu,Kogi,North Central,7.848,5.899,23704,0,85.21,65.441,3.181,50.657,37.148,49.219,16.542,4,61.974,8.744,45.634,19.199,41.768,0.02,41.778,41.76,29.648,9901
2022,59680162B15951041920960,Ijumu,Kogi,North Central,7.848,5.899,23704,0,74.437,53.595,1.223,53.839,46.178,27.291,17.363,3,59.099,10.489,77.418,23.072,29.648,-0.45,29.402,29.85,33.616,7028
2023,59680162B15951041920960,Ijumu,Kogi,North Central,7.848,5.899,23704,0,73.101,71.103,0.21,27.347,17.648,81.674,24.665,2,34.87,16.132,70.366,23.978,33.616,0.36,33.811,33.456,35.026,7968
2024,59680162B15951041920960,Ijumu,Kogi,North Central,7.848,5.899,23704,0,77.763,72.429,3.474,34.266,30.256,47.63,20.759,1,42.316,16.875,79.062,56.138,35.026,0.83,35.483,34.651,24.853,8302
2025,59680162B15951041920960,Ijumu,Kogi,North Central,7.848,5.899,23704,0,77.236,79.258,2.046,38.365,44.791,70.554,17.697,1,51.859,5.269,80.516,20.958,24.853,-0.75,24.439,25.191,,5891
2020,59680162B15998169506024,Uhunmwonde,Edo,South South,6.502,5.89,11294,0,68.877,89.25,3.485,46.796,56.473,70.365,15.371,0,72.337,14.102,69.764,19.312,24.242,-0.2,24.135,24.33,14.312,2738
2021,59680162B15998169506024,Uhunmwonde,Edo,South South,6.502,5.89,11294,0,71.097,77.883,1.285,42.722,71.138,63.362,18.073,1,58.269,7.107,66.562,10.892,14.312,1.78,15.289,13.513,13.365,1616
2022,59680162B15998169506024,Uhunmwonde,Edo,South South,6.502,5.89,11294,0,72.377,77.814,1.088,35.349,74.686,64.633,14.653,2,55.16,0.0,67.449,60.785,13.365,-1.23,12.688,13.92,24.319,1509
2023,59680162B15998169506024,Uhunmwonde,Edo,South South,6.502,5.89,11294,0,70.094,91.542,4.584,47.851,41.176,64.561,20.88,2,44.571,0.0,64.105,31.552,24.319,-0.51,24.038,24.549,13.019,2747
2024,59680162B15998169506024,Uhunmwonde,Edo,South South,6.502,5.89,11294,0,70.712,85.882,1.05,30.869,57.188,69.131,14.787,3,58.259,0.262,69.459,40.211,13.019,1.64,13.919,12.282,15.494,1470
2025,59680162B15998169506024,Uhunmwonde,Edo,South South,6.502,5.89,11294,0,67.313,73.515,0.641,49.278,70.651,70.88,15.414,1,55.402,5.355,87.997,34.156,15.494,1.37,16.246,14.878,,1750
2020,59680162B16294292751838,Khana,Rivers,South South,4.699,7.439,91885,0,78.079,89.054,1.335,34.151,61.338,71.684,8.286,1,57.829,0.0,49.283,17.963,25.185,-1.37,24.433,25.801,17.132,23141
2021,59680162B16294292751838,Khana,Rivers,South South,4.699,7.439,91885,0,76.655,78.741,0.729,42.465,72.29,70.323,3.335,1,48.27,2.424,51.469,22.136,17.132,-2.05,16.007,18.052,12.347,15741
2022,59680162B16294292751838,Khana,Rivers,South South,4.699,7.439,91885,0,76.148,76.932,0.836,20.607,78.535,67.035,5.856,2,53.391,5.695,48.713,35.438,12.347,-3.0,10.697,13.697,21.951,11345
2023,59680162B16294292751838,Khana,Rivers,South South,4.699,7.439,91885,0,73.857,72.512,2.554,28.066,71.513,48.023,20.48,1,48.739,0.0,76.465,18.252,21.951,-0.9,21.453,22.358,13.472,20170
2024,59680162B16294292751838,Khana,Rivers,South South,4.699,7.439,91885,0,70.354,92.173,1.579,34.228,75.67,77.231,5.454,1,65.827,3.889,74.155,17.735,13.472,-1.01,12.919,13.925,22.275,12379
2025,59680162B16294292751838,Khana,Rivers,South South,4.699,7.439,91885,0,67.511,79.56,2.224,42.997,81.727,76.373,17.227,2,76.953,0.0,70.627,28.205,22.275,-3.0,20.625,23.625,,20468
2020,59680162B1638752109374,Yunusari,Yobe,North East,13.116,11.769,45878,1,79.798,53.329,4.29,73.512,63.018,38.039,23.301,1,81.029,33.852,71.797,12.913,40.009,0.07,40.05,39.976,35.298,18356
2021,59680162B1638752109374,Yunusari,Yobe,North East,13.116,11.769,45878,1,79.671,45.179,1.31,58.26,54.592,69.321,22.307,3,62.073,22.187,70.631,22.239,35.298,2.35,36.592,34.239,31.202,16194
2022,59680162B1638752109374,Yunusari,Yobe,North East,13.116,11.769,45878,1,82.606,37.032,1.306,71.586,27.815,80.332,18.347,6,45.419,10.333,53.661,14.614,31.202,0.01,31.209,31.197,41.731,14315
2023,59680162B1638752109374,Yunusari,Yobe,North East,13.116,11.769,45878,1,84.599,48.418,2.429,62.243,37.597,46.197,25.982,3,53.652,16.28,51.496,20.97,41.731,-0.68,41.36,42.035,39.563,19146
2024,59680162B1638752109374,Yunusari,Yobe,North East,13.116,11.769,45878,1,72.738,36.054,4.354,54.424,37.091,77.891,24.437,4,99.416,35.124,65.835,24.342,39.563,1.43,40.349,38.92,38.036,18151
2025,59680162B1638752109374,Yunusari,Yobe,North East,13.116,11.769,45878,1,69.625,65.585,2.535,62.328,48.303,55.336,22.148,6,78.603,19.378,74.738,19.856,38.036,0.72,38.434,37.711,,17450
2020,59680162B16574916896740,Kaduna South,Kaduna,North West,10.498,7.402,3839,1,86.441,34.671,3.886,65.375,24.342,62.545,27.962,3,61.527,26.973,56.094,8.556,49.26,3.7,51.296,47.594,45.385,1891
2021,59680162B16574916896740,Kaduna South,Kaduna,North West,10.498,7.402,3839,1,79.913,36.335,4.163,69.663,59.33,47.042,29.113,1,80.419,20.125,65.173,9.097,45.385,1.23,46.064,44.829,50.119,1742
2022,59680162B16574916896740,Kaduna South,Kaduna,North West,10.498,7.402,3839,1,81.129,56.422,2.771,88.023,41.175,61.001,23.302,3,59.057,22.147,61.443,13.02,50.119,-0.28,49.967,50.244,40.902,1924
2023,59680162B16574916896740,Kaduna South,Kaduna,North West,10.498,7.402,3839,1,87.279,45.02,3.185,59.039,37.517,62.065,35.967,2,62.03,24.424,42.986,13.486,40.902,1.3,41.617,40.317,39.775,1570
2024,59680162B16574916896740,Kaduna South,Kaduna,North West,10.498,7.402,3839,1,78.178,45.538,3.537,65.201,37.414,56.28,32.659,1,30.859,20.538,64.493,11.584,39.775,1.99,40.868,38.882,40.184,1527
2025,59680162B16574916896740,Kaduna South,Kaduna,North West,10.498,7.402,3839,1,82.271,39.418,2.615,73.13,42.911,90.141,22.942,1,76.212,18.424,55.312,22.388,40.184,1.17,40.828,39.658,,1543
2020,59680162B16609728895319,Irepodun/Ifelodun,Ekiti,South West,7.712,5.276,79806,0,73.504,76.809,2.378,39.488,78.369,68.988,13.792,0,43.52,0.0,95.05,20.158,16.408,2.85,17.978,15.123,4.559,13094
2021,59680162B16609728895319,Irepodun/Ifelodun,Ekiti,South West,7.712,5.276,79806,0,57.733,94.429,1.313,48.831,37.64,99.0,14.002,1,33.365,0.0,99.0,14.374,4.559,0.79,4.994,4.203,4.624,3638
2022,59680162B16609728895319,Irepodun/Ifelodun,Ekiti,South West,7.712,5.276,79806,0,55.808,91.11,0.24,26.557,62.291,90.649,11.868,2,33.353,0.0,78.12,22.006,4.624,-3.0,2.974,5.974,16.316,3690
2023,59680162B16609728895319,Irepodun/Ifelodun,Ekiti,South West,7.712,5.276,79806,0,60.58,99.0,2.37,40.277,55.94,93.282,16.617,1,6.613,22.729,89.198,17.371,16.316,-1.5,15.492,16.991,5.57,13022
2024,59680162B16609728895319,Irepodun/Ifelodun,Ekiti,South West,7.712,5.276,79806,0,63.133,88.327,0.2,38.612,71.591,64.376,1.004,2,22.369,0.694,68.773,19.242,5.57,-1.92,4.514,6.434,11.684,4445
2025,59680162B16609728895319,Irepodun/Ifelodun,Ekiti,South West,7.712,5.276,79806,0,68.65,99.0,2.439,36.149,74.849,76.373,17.163,3,30.633,0.0,99.0,31.381,11.684,-0.51,11.402,11.915,,9325
2020,59680162B16701148271715,Aniocha North,Delta,South South,6.364,6.471,42701,1,57.178,88.717,0.497,30.427,60.786,99.0,7.911,1,62.277,0.0,62.048,6.048,7.442,-3.0,5.792,8.792,2.444,3178
2021,59680162B16701148271715,Aniocha North,Delta,South South,6.364,6.471,42701,1,62.379,93.581,0.257,50.202,74.007,99.0,13.441,1,66.144,3.537,82.865,16.396,2.444,-0.22,2.325,2.541,11.975,1044
2022,59680162B16701148271715,Aniocha North,Delta,South South,6.364,6.471,42701,1,67.589,93.043,0.2,40.05,53.837,94.037,17.03,0,71.038,0.713,72.412,17.273,11.975,-1.33,11.244,12.573,16.027,5114
2023,59680162B16701148271715,Aniocha North,Delta,South South,6.364,6.471,42701,1,57.911,84.858,2.622,54.72,86.979,82.876,3.494,2,48.59,1.777,94.934,36.776,16.027,-2.17,14.835,17.001,8.985,6843
2024,59680162B16701148271715,Aniocha North,Delta,South South,6.364,6.471,42701,1,50.629,81.775,0.945,40.763,81.93,82.429,0.5,1,68.02,2.067,95.481,23.059,8.985,-0.44,8.744,9.182,15.31,3837
2025,59680162B16701148271715,Aniocha North,Delta,South South,6.364,6.471,42701,1,57.476,79.171,2.165,51.342,74.527,99.0,8.995,1,67.547,0.0,74.407,22.248,15.31,-1.75,14.345,16.1,,6538
2020,59680162B16893313163973,Oguta,Imo,South East,5.673,6.779,55323,1,68.704,82.868,0.705,45.809,81.866,95.518,4.471,0,39.98,0.0,91.812,29.587,10.576,-3.0,8.926,11.926,5.343,5851
2021,59680162B16893313163973,Oguta,Imo,South East,5.673,6.779,55323,1,62.925,99.0,1.878,18.65,96.256,99.0,0.5,1,44.857,0.0,99.0,22.982,5.343,-3.0,3.693,6.693,2.708,2956
2022,59680162B16893313163973,Oguta,Imo,South East,5.673,6.779,55323,1,64.58,92.115,0.58,22.806,66.809,88.637,0.5,0,41.085,0.0,65.411,32.851,2.708,0.46,2.963,2.499,11.299,1498
2023,59680162B16893313163973,Oguta,Imo,South East,5.673,6.779,55323,1,53.924,88.311,0.272,29.823,85.292,99.0,7.776,1,44.249,0.0,99.0,12.842,11.299,-1.78,10.319,12.101,0.8,6251
2024,59680162B16893313163973,Oguta,Imo,South East,5.673,6.779,55323,1,49.742,89.988,0.2,21.06,84.958,87.145,1.888,0,32.605,0.0,99.0,22.474,0.8,-0.73,0.5,1.129,16.443,443
2025,59680162B16893313163973,Oguta,Imo,South East,5.673,6.779,55323,1,62.303,99.0,2.873,39.872,66.561,91.593,11.187,1,26.009,0.0,99.0,36.382,16.443,-0.13,16.37,16.503,,9097
2020,59680162B16963737840115,Orumba South,Anambra,South East,6.001,7.231,17722,1,62.731,99.0,1.138,35.729,62.357,91.51,8.46,0,37.39,0.0,94.511,30.907,11.299,-1.03,10.731,11.764,17.181,2002
2021,59680162B16963737840115,Orumba South,Anambra,South East,6.001,7.231,17722,1,57.48,99.0,2.127,46.633,76.824,84.877,14.236,0,46.997,0.0,93.419,16.963,17.181,0.19,17.285,17.095,12.053,3045
2022,59680162B16963737840115,Orumba South,Anambra,South East,6.001,7.231,17722,1,69.682,99.0,0.42,29.396,81.376,94.424,6.503,0,40.399,0.0,82.598,38.985,12.053,-2.43,10.716,13.147,6.477,2136
2023,59680162B16963737840115,Orumba South,Anambra,South East,6.001,7.231,17722,1,46.287,99.0,1.762,43.694,75.523,95.479,2.098,0,47.246,0.0,93.35,38.366,6.477,-1.73,5.527,7.253,10.37,1148
2024,59680162B16963737840115,Orumba South,Anambra,South East,6.001,7.231,17722,1,63.178,96.629,0.2,32.47,72.928,99.0,19.429,1,33.874,0.0,97.552,43.681,10.37,-1.03,9.805,10.832,0.8,1838
2025,59680162B16963737840115,Orumba South,Anambra,South East,6.001,7.231,17722,1,55.522,99.0,0.2,20.7,80.877,99.0,0.5,0,43.81,0.0,92.593,19.435,0.8,-2.0,0.5,1.701,,142
2020,59680162B173222965225,Asari-Toru,Rivers,South South,4.749,6.841,11408,0,60.808,71.797,3.706,35.311,63.053,72.092,31.972,2,71.069,0.0,60.156,14.577,28.092,1.09,28.689,27.604,21.824,3205
2021,59680162B173222965225,Asari-Toru,Rivers,South South,4.749,6.841,11408,0,65.644,77.132,2.61,38.732,66.983,64.706,17.142,0,77.335,5.038,75.819,23.784,21.824,0.89,22.313,21.424,16.226,2490
2022,59680162B173222965225,Asari-Toru,Rivers,South South,4.749,6.841,11408,0,68.943,83.622,0.679,16.868,71.923,70.703,17.661,1,62.184,0.0,65.316,25.832,16.226,-3.0,14.576,17.576,26.708,1851
2023,59680162B173222965225,Asari-Toru,Rivers,South South,4.749,6.841,11408,0,67.681,86.14,2.134,44.409,50.478,83.494,15.255,1,50.047,0.0,67.093,17.135,26.708,-3.0,25.058,28.058,15.538,3047
2024,59680162B173222965225,Asari-Toru,Rivers,South South,4.749,6.841,11408,0,72.262,89.943,2.073,43.361,65.852,77.192,4.875,1,59.438,0.0,80.55,32.099,15.538,-0.23,15.412,15.64,17.79,1773
2025,59680162B173222965225,Asari-Toru,Rivers,South South,4.749,6.841,11408,0,76.228,78.775,2.246,34.194,55.104,67.879,2.77,1,67.715,0.0,73.618,17.656,17.79,-0.86,17.315,18.178,,2029
2020,59680162B17489209533224,Jada,Adamawa,North East,8.718,12.416,39743,0,94.664,32.019,3.774,51.884,49.233,51.88,29.48,7,66.321,28.372,43.391,25.652,56.618,1.63,57.513,55.887,65.872,22502
2021,59680162B17489209533224,Jada,Adamawa,North East,8.718,12.416,39743,0,92.913,38.731,6.491,57.673,24.046,41.885,20.209,7,69.222,33.015,33.301,28.746,65.872,0.77,66.293,65.527,46.374,26179
2022,59680162B17489209533224,Jada,Adamawa,North East,8.718,12.416,39743,0,81.264,26.238,3.673,54.192,29.591,21.948,27.065,2,70.779,23.785,25.031,14.806,46.374,1.61,47.257,45.652,41.586,18430
2023,59680162B17489209533224,Jada,Adamawa,North East,8.718,12.416,39743,0,87.477,54.25,5.276,35.049,32.685,62.339,27.767,7,58.285,29.903,47.739,20.59,41.586,1.54,42.434,40.892,53.469,16528
2024,59680162B17489209533224,Jada,Adamawa,North East,8.718,12.416,39743,0,88.585,55.286,3.73,58.685,36.993,49.361,31.125,2,48.253,35.553,36.806,13.219,53.469,2.56,54.877,52.317,45.873,21250
2025,59680162B17489209533224,Jada,Adamawa,North East,8.718,12.416,39743,0,90.897,52.079,5.121,38.111,39.597,44.618,24.604,1,52.721,15.2,57.476,15.683,45.873,1.17,46.519,45.344,,18231
2020,59680162B17520648889441,Orhionmwon,Edo,South South,6.088,5.948,34977,0,69.128,84.055,2.536,48.632,54.252,66.107,15.959,1,56.189,14.565,66.443,19.162,23.241,-0.93,22.729,23.661,22.892,8129
2021,59680162B17520648889441,Orhionmwon,Edo,South South,6.088,5.948,34977,0,69.163,89.611,2.932,50.534,61.094,48.06,14.208,0,69.476,0.0,65.226,27.045,22.892,-1.02,22.33,23.352,22.838,8007
2022,59680162B17520648889441,Orhionmwon,Edo,South South,6.088,5.948,34977,0,74.337,87.866,3.058,42.689,64.457,81.265,7.708,1,79.061,0.0,82.89,32.539,22.838,-0.47,22.581,23.049,14.559,7988
2023,59680162B17520648889441,Orhionmwon,Edo,South South,6.088,5.948,34977,0,65.364,81.606,1.143,31.086,85.236,72.573,11.005,1,44.042,7.128,84.768,16.285,14.559,-2.34,13.27,15.613,23.305,5092
2024,59680162B17520648889441,Orhionmwon,Edo,South South,6.088,5.948,34977,0,71.625,71.38,1.884,54.832,74.578,54.414,15.452,5,37.975,2.226,73.304,42.237,23.305,-1.76,22.34,24.096,19.496,8152
2025,59680162B17520648889441,Orhionmwon,Edo,South South,6.088,5.948,34977,0,70.526,84.523,1.711,32.843,78.088,89.314,22.279,1,61.749,9.676,74.667,17.955,19.496,0.94,20.012,19.074,,6819
2020,59680162B17555212909244,Ido-Osi,Ekiti,South West,7.855,5.172,62272,1,50.605,99.0,1.159,31.682,79.064,99.0,8.176,1,36.02,0.0,95.005,9.946,4.82,-3.0,3.17,6.17,5.247,3002
2021,59680162B17555212909244,Ido-Osi,Ekiti,South West,7.855,5.172,62272,1,47.665,96.228,1.025,33.886,99.0,92.891,18.283,1,37.575,0.0,99.0,37.404,5.247,-3.0,3.597,6.597,8.633,3268
2022,59680162B17555212909244,Ido-Osi,Ekiti,South West,7.855,5.172,62272,1,56.296,99.0,1.647,41.673,71.732,98.869,5.938,1,44.451,0.0,99.0,26.487,8.633,0.79,9.067,8.277,8.663,5376
2023,59680162B17555212909244,Ido-Osi,Ekiti,South West,7.855,5.172,62272,1,66.06,91.096,0.2,53.084,73.125,72.932,6.205,1,52.504,5.221,98.614,30.256,8.663,-2.96,7.035,9.995,2.263,5395
2024,59680162B17555212909244,Ido-Osi,Ekiti,South West,7.855,5.172,62272,1,47.389,99.0,0.2,30.999,93.042,99.0,10.226,0,43.811,0.0,97.978,40.79,2.263,-1.99,1.17,3.158,0.8,1409
2025,59680162B17555212909244,Ido-Osi,Ekiti,South West,7.855,5.172,62272,1,48.981,99.0,0.2,50.279,96.88,97.015,3.396,1,37.124,0.0,95.959,24.556,0.8,-2.45,0.5,1.901,,498
2020,59680162B17719625697929,Surulere,Oyo,South West,8.095,4.411,26089,0,71.966,84.112,1.408,38.378,51.081,71.715,12.317,0,31.149,0.0,84.88,23.1,13.738,-3.0,12.088,15.088,9.757,3584
2021,59680162B17719625697929,Surulere,Oyo,South West,8.095,4.411,26089,0,50.128,83.961,2.26,39.664,78.701,88.37,12.181,0,44.794,13.462,86.445,43.735,9.757,-2.27,8.509,10.778,16.961,2546
2022,59680162B17719625697929,Surulere,Oyo,South West,8.095,4.411,26089,0,64.407,75.707,1.966,14.3,74.242,75.354,16.513,0,37.119,0.0,66.811,21.397,16.961,-0.34,16.772,17.116,14.138,4425
2023,59680162B17719625697929,Surulere,Oyo,South West,8.095,4.411,26089,0,52.206,93.421,2.378,28.911,70.078,74.852,16.954,0,41.609,0.0,99.0,37.629,14.138,-2.37,12.835,15.204,28.606,3688
2024,59680162B17719625697929,Surulere,Oyo,South West,8.095,4.411,26089,0,61.763,69.969,3.372,40.947,82.603,63.363,10.669,0,35.465,4.828,94.179,12.482,28.606,0.16,28.694,28.534,6.827,7463
2025,59680162B17719625697929,Surulere,Oyo,South West,8.095,4.411,26089,0,56.223,81.69,1.423,28.636,78.26,84.918,6.317,0,34.317,9.887,95.941,35.119,6.827,-0.56,6.517,7.081,,1781
2020,59680162B17778966736574,Ijebu East,Ogun,South West,6.811,4.22,43060,1,46.042,82.302,0.2,41.071,73.47,99.0,12.458,0,33.479,0.0,99.0,32.384,12.13,-2.22,10.908,13.129,11.627,5223
2021,59680162B17778966736574,Ijebu East,Ogun,South West,6.811,4.22,43060,1,45.507,79.023,0.2,46.216,94.651,90.698,23.843,1,25.473,0.0,90.74,34.81,11.627,-1.42,10.846,12.265,0.8,5006
2022,59680162B17778966736574,Ijebu East,Ogun,South West,6.811,4.22,43060,1,61.296,99.0,0.993,40.752,83.992,91.269,0.5,0,18.642,2.337,93.953,28.026,0.8,-1.51,0.5,1.479,8.1,344
2023,59680162B17778966736574,Ijebu East,Ogun,South West,6.811,4.22,43060,1,45.696,89.339,0.493,48.629,73.208,98.674,0.5,1,54.691,0.0,99.0,29.355,8.1,-1.17,7.458,8.626,0.8,3488
2024,59680162B17778966736574,Ijebu East,Ogun,South West,6.811,4.22,43060,1,47.927,82.809,1.236,40.773,99.0,99.0,5.161,1,25.949,0.0,99.0,20.158,0.8,-0.85,0.5,1.185,13.877,344
2025,59680162B17778966736574,Ijebu East,Ogun,South West,6.811,4.22,43060,1,54.414,91.291,1.054,50.418,99.0,87.848,13.1,0,39.019,3.398,86.304,52.45,13.877,-1.94,12.81,14.75,,5976
2020,59680162B17793632216798,Ibadan North West,Oyo,South West,7.409,3.864,57959,1,56.052,80.773,0.967,49.561,78.742,99.0,2.524,0,14.559,0.0,91.818,13.394,3.11,-1.26,2.419,3.675,3.304,1802
2021,59680162B17793632216798,Ibadan North West,Oyo,South West,7.409,3.864,57959,1,51.933,83.537,1.906,26.208,88.77,99.0,2.002,2,31.975,0.0,99.0,13.389,3.304,-0.77,2.879,3.652,3.472,1915
2022,59680162B17793632216798,Ibadan North West,Oyo,South West,7.409,3.864,57959,1,45.143,82.199,0.2,31.799,71.553,99.0,4.255,0,30.476,5.031,81.214,12.986,3.472,-0.81,3.024,3.838,3.776,2012
2023,59680162B17793632216798,Ibadan North West,Oyo,South West,7.409,3.864,57959,1,35.085,91.133,2.168,27.48,79.478,99.0,13.656,0,34.797,12.249,94.879,31.843,3.776,-0.65,3.419,4.069,5.153,2189
2024,59680162B17793632216798,Ibadan North West,Oyo,South West,7.409,3.864,57959,1,55.643,99.0,0.2,62.27,72.701,84.99,20.209,0,17.363,0.0,99.0,40.069,5.153,-1.22,4.481,5.704,1.976,2987
2025,59680162B17793632216798,Ibadan North West,Oyo,South West,7.409,3.864,57959,1,63.442,78.575,0.805,26.18,78.81,99.0,1.236,0,36.561,0.0,92.432,27.274,1.976,-0.51,1.695,2.206,,1145
2020,59680162B17891920174093,Nsit Ibom,Akwa Ibom,South South,4.904,7.884,48544,0,80.096,81.563,2.678,42.834,78.41,44.433,16.438,3,55.78,0.0,76.932,23.048,29.895,-0.36,29.697,30.058,17.011,14512
2021,59680162B17891920174093,Nsit Ibom,Akwa Ibom,South South,4.904,7.884,48544,0,68.611,83.271,2.569,15.979,67.654,49.6,18.657,1,57.046,5.965,64.116,41.122,17.011,-0.23,16.887,17.113,30.857,8258
2022,59680162B17891920174093,Nsit Ibom,Akwa Ibom,South South,4.904,7.884,48544,0,63.112,66.513,2.494,34.157,68.399,76.789,16.022,0,57.284,0.0,75.308,12.443,30.857,-2.85,29.292,32.137,12.334,14979
2023,59680162B17891920174093,Nsit Ibom,Akwa Ibom,South South,4.904,7.884,48544,0,73.298,72.369,1.177,51.901,67.407,59.76,2.695,0,68.984,14.517,62.185,28.15,12.334,3.01,13.992,10.978,18.418,5987
2024,59680162B17891920174093,Nsit Ibom,Akwa Ibom,South South,4.904,7.884,48544,0,65.15,90.717,1.948,46.89,72.886,66.626,9.235,1,57.669,18.562,69.207,26.507,18.418,-2.15,17.237,19.385,21.521,8941
2025,59680162B17891920174093,Nsit Ibom,Akwa Ibom,South South,4.904,7.884,48544,0,73.662,69.483,1.715,42.962,75.811,51.134,20.636,0,52.685,8.726,64.869,43.119,21.521,2.06,22.656,20.593,,10447
2020,59680162B18196869714953,Anambra East,Anambra,South East,6.471,6.867,46103,1,78.302,99.0,0.817,29.31,48.887,99.0,7.141,0,35.076,0.0,85.78,34.051,13.095,-2.59,11.671,14.26,0.808,6037
2021,59680162B18196869714953,Anambra East,Anambra,South East,6.471,6.867,46103,1,56.295,99.0,2.419,25.307,89.215,99.0,0.5,0,47.003,3.613,84.437,51.85,0.808,-0.56,0.5,1.062,6.512,373
2022,59680162B18196869714953,Anambra East,Anambra,South East,6.471,6.867,46103,1,67.669,93.727,0.2,37.631,60.539,86.014,0.5,0,25.961,11.229,82.318,15.974,6.512,0.1,6.565,6.468,5.26,3002
2023,59680162B18196869714953,Anambra East,Anambra,South East,6.471,6.867,46103,1,73.834,99.0,0.2,28.767,89.212,78.074,2.47,0,39.022,0.0,99.0,38.824,5.26,0.43,5.498,5.065,16.671,2425
2024,59680162B18196869714953,Anambra East,Anambra,South East,6.471,6.867,46103,1,60.21,99.0,1.732,35.825,84.531,80.597,10.499,0,44.199,0.0,99.0,16.161,16.671,-3.0,15.021,18.021,2.385,7686
2025,59680162B18196869714953,Anambra East,Anambra,South East,6.471,6.867,46103,1,60.83,99.0,2.651,25.819,86.487,92.197,8.687,0,42.562,0.0,90.881,32.495,2.385,-1.78,1.405,3.188,,1100
2020,59680162B18488232241930,Awka North,Anambra,South East,6.332,7.064,146899,1,70.954,99.0,0.2,47.529,79.283,82.987,2.269,2,18.271,0.0,87.238,26.566,4.978,-0.94,4.464,5.4,8.285,7313
2021,59680162B18488232241930,Awka North,Anambra,South East,6.332,7.064,146899,1,72.897,99.0,0.894,33.178,64.71,99.0,9.312,1,41.231,0.0,99.0,19.425,8.285,-2.19,7.079,9.271,3.967,12170
2022,59680162B18488232241930,Awka North,Anambra,South East,6.332,7.064,146899,1,57.956,99.0,2.241,30.378,81.644,99.0,1.046,0,24.336,13.031,89.125,21.872,3.967,-2.82,2.418,5.234,2.73,5827
2023,59680162B18488232241930,Awka North,Anambra,South East,6.332,7.064,146899,1,55.183,99.0,2.132,18.821,85.016,82.891,0.5,0,51.193,1.764,99.0,36.723,2.73,-1.17,2.088,3.256,1.38,4011
2024,59680162B18488232241930,Awka North,Anambra,South East,6.332,7.064,146899,1,61.225,99.0,0.2,32.624,87.054,89.649,2.715,1,16.369,0.0,98.351,33.653,1.38,-0.85,0.913,1.763,0.8,2028
2025,59680162B18488232241930,Awka North,Anambra,South East,6.332,7.064,146899,1,56.084,91.703,0.328,39.905,87.98,99.0,7.477,0,51.628,0.0,99.0,30.293,0.8,-0.87,0.5,1.192,,1175
2020,59680162B18578493945657,Ezza South,Ebonyi,South East,6.113,7.986,31361,1,49.983,83.047,0.2,34.035,99.0,99.0,8.571,0,29.61,0.0,92.909,20.53,5.616,0.77,6.041,5.267,8.303,1761
2021,59680162B18578493945657,Ezza South,Ebonyi,South East,6.113,7.986,31361,1,56.607,99.0,1.111,60.267,64.966,96.944,11.66,1,42.489,3.997,99.0,25.4,8.303,-2.77,6.778,9.551,13.091,2604
2022,59680162B18578493945657,Ezza South,Ebonyi,South East,6.113,7.986,31361,1,49.407,88.605,2.002,28.511,75.007,99.0,12.696,0,29.93,0.0,78.233,16.873,13.091,-1.78,12.109,13.894,5.879,4105
2023,59680162B18578493945657,Ezza South,Ebonyi,South East,6.113,7.986,31361,1,55.608,97.163,0.2,37.366,93.111,94.751,1.79,0,22.453,0.0,86.174,35.429,5.879,-2.23,4.652,6.883,7.931,1844
2024,59680162B18578493945657,Ezza South,Ebonyi,South East,6.113,7.986,31361,1,55.092,99.0,0.335,49.916,99.0,87.292,7.446,2,34.205,0.0,99.0,22.746,7.931,0.02,7.944,7.921,14.425,2487
2025,59680162B18578493945657,Ezza South,Ebonyi,South East,6.113,7.986,31361,1,63.927,78.057,0.2,44.812,86.194,72.942,0.5,0,44.47,4.24,95.371,34.154,14.425,-2.2,13.216,15.414,,4524
2020,59680162B18672795330723,Askira Uba,Borno,North East,10.69,12.665,59481,0,83.961,45.929,4.178,67.106,41.26,44.904,32.652,2,71.325,24.246,50.594,11.514,48.85,1.15,49.483,48.332,53.401,29057
2021,59680162B18672795330723,Askira Uba,Borno,North East,10.69,12.665,59481,0,88.645,22.952,4.455,59.579,13.698,17.756,33.736,3,77.013,26.014,54.069,11.474,53.401,-1.31,52.678,53.992,46.789,31763
2022,59680162B18672795330723,Askira Uba,Borno,North East,10.69,12.665,59481,0,99.0,43.69,2.206,51.424,21.956,63.363,32.588,6,39.383,22.745,54.192,15.852,46.789,2.22,48.008,45.792,50.18,27830
2023,59680162B18672795330723,Askira Uba,Borno,North East,10.69,12.665,59481,0,91.652,40.119,4.894,55.765,43.496,45.804,27.753,4,59.444,29.319,58.862,14.841,50.18,-2.9,48.584,51.486,59.908,29848
2024,59680162B18672795330723,Askira Uba,Borno,North East,10.69,12.665,59481,0,93.673,45.577,5.43,48.754,27.456,54.824,27.328,3,62.499,43.224,61.604,30.819,59.908,3.97,62.089,58.124,45.011,35634
2025,59680162B18672795330723,Askira Uba,Borno,North East,10.69,12.665,59481,0,84.495,43.43,3.004,46.347,20.589,42.76,29.349,1,64.363,27.519,54.265,24.856,45.011,3.6,46.994,43.389,,26773
2020,59680162B18924931802221,Oshodi/Isolo,Lagos,South West,6.537,3.312,35751,1,62.596,96.336,0.57,35.151,82.205,78.612,8.372,1,25.3,1.068,99.0,14.358,12.393,-1.89,11.352,13.244,9.529,4431
2021,59680162B18924931802221,Oshodi/Isolo,Lagos,South West,6.537,3.312,35751,1,55.624,99.0,0.2,42.912,57.891,99.0,8.195,0,53.013,0.0,91.568,45.78,9.529,1.43,10.314,8.887,7.231,3407
2022,59680162B18924931802221,Oshodi/Isolo,Lagos,South West,6.537,3.312,35751,1,45.822,89.091,1.351,47.083,73.003,82.27,14.163,0,40.171,0.0,89.279,16.514,7.231,-0.57,6.916,7.488,8.278,2585
2023,59680162B18924931802221,Oshodi/Isolo,Lagos,South West,6.537,3.312,35751,1,59.25,99.0,0.93,30.948,71.398,99.0,0.5,0,36.168,0.0,99.0,20.448,8.278,-1.69,7.347,9.04,0.8,2960
2024,59680162B18924931802221,Oshodi/Isolo,Lagos,South West,6.537,3.312,35751,1,44.723,88.021,0.279,25.958,84.79,99.0,7.132,0,37.918,0.0,99.0,16.773,0.8,-1.33,0.5,1.399,7.499,286
2025,59680162B18924931802221,Oshodi/Isolo,Lagos,South West,6.537,3.312,35751,1,54.79,91.783,0.2,33.867,99.0,96.028,16.631,0,41.927,0.0,99.0,38.904,7.499,-3.0,5.849,8.849,,2681
2020,59680162B18977545928744,Udi,Enugu,South East,6.446,7.384,41229,1,53.534,86.494,0.2,19.691,73.479,99.0,1.166,1,42.896,0.0,86.343,18.592,4.6,-1.84,3.587,5.429,4.669,1897
2021,59680162B18977545928744,Udi,Enugu,South East,6.446,7.384,41229,1,66.796,88.069,0.842,42.972,80.563,99.0,0.5,1,31.53,0.0,99.0,24.325,4.669,-1.02,4.11,5.127,5.431,1925
2022,59680162B18977545928744,Udi,Enugu,South East,6.446,7.384,41229,1,60.724,99.0,0.2,24.826,81.72,99.0,1.326,0,29.546,0.0,91.261,15.882,5.431,-1.76,4.461,6.223,1.352,2239
2023,59680162B18977545928744,Udi,Enugu,South East,6.446,7.384,41229,1,57.148,90.803,0.669,36.783,71.531,94.875,3.316,0,29.707,0.0,99.0,28.702,1.352,-1.73,0.5,2.132,8.176,557
2024,59680162B18977545928744,Udi,Enugu,South East,6.446,7.384,41229,1,54.86,93.607,1.105,26.431,94.969,99.0,16.106,1,26.288,0.0,99.0,16.058,8.176,0.5,8.448,7.953,0.8,3371
2025,59680162B18977545928744,Udi,Enugu,South East,6.446,7.384,41229,1,51.398,99.0,0.2,30.518,95.854,99.0,0.716,1,55.025,0.0,97.12,53.707,0.8,-1.79,0.5,1.608,,330
2020,59680162B18982121994254,Wukari,Taraba,North East,7.952,9.721,81953,0,93.112,47.749,4.824,68.236,32.794,54.703,27.896,1,62.223,34.462,39.123,18.826,46.742,1.57,47.603,46.037,42.344,38306
2021,59680162B18982121994254,Wukari,Taraba,North East,7.952,9.721,81953,0,88.187,36.395,3.115,49.839,60.398,52.41,23.528,4,77.124,17.415,47.834,18.457,42.344,3.93,44.505,40.576,43.422,34702
2022,59680162B18982121994254,Wukari,Taraba,North East,7.952,9.721,81953,0,87.741,29.121,1.249,48.115,35.457,33.474,28.878,1,88.673,23.136,59.212,22.614,43.422,4.0,45.623,41.621,49.386,35586
2023,59680162B18982121994254,Wukari,Taraba,North East,7.952,9.721,81953,0,83.894,25.973,4.122,57.07,25.079,25.062,20.135,5,62.987,30.389,39.114,20.533,49.386,1.9,50.431,48.53,51.738,40473
2024,59680162B18982121994254,Wukari,Taraba,North East,7.952,9.721,81953,0,88.486,36.392,4.918,61.812,29.778,32.8,24.751,5,48.33,15.567,65.074,17.427,51.738,3.09,53.437,50.347,43.552,42401
2025,59680162B18982121994254,Wukari,Taraba,North East,7.952,9.721,81953,0,84.343,37.866,5.03,40.78,24.431,57.359,16.411,4,72.13,28.927,55.613,13.356,43.552,1.65,44.458,42.811,,35692
2020,59680162B1898458611197,Makoda,Kano,North West,12.428,8.43,51017,0,98.975,35.06,4.644,74.395,43.783,20.631,28.213,1,52.191,38.956,35.767,20.931,56.562,0.89,57.053,56.161,61.639,28856
2021,59680162B1898458611197,Makoda,Kano,North West,12.428,8.43,51017,0,97.125,34.12,4.831,68.87,37.384,63.153,34.058,1,67.318,30.161,29.729,19.634,61.639,1.2,62.3,61.099,51.227,31447
2022,59680162B1898458611197,Makoda,Kano,North West,12.428,8.43,51017,0,86.943,42.954,2.706,65.463,29.41,52.061,34.573,0,72.522,41.144,44.159,36.392,51.227,0.37,51.429,51.062,56.343,26134
2023,59680162B1898458611197,Makoda,Kano,North West,12.428,8.43,51017,0,99.0,23.874,3.189,70.892,30.726,41.215,30.718,0,59.122,51.575,58.989,28.234,56.343,1.83,57.351,55.517,49.483,28744
2024,59680162B1898458611197,Makoda,Kano,North West,12.428,8.43,51017,0,84.065,55.525,3.536,49.306,45.159,52.69,26.677,4,68.119,32.706,40.148,13.312,49.483,4.33,51.864,47.534,59.616,25244
2025,59680162B1898458611197,Makoda,Kano,North West,12.428,8.43,51017,0,89.085,30.876,6.326,55.101,32.599,37.746,26.273,2,59.373,31.176,57.152,24.38,59.616,2.74,61.123,58.383,,30414
2020,59680162B18997887117478,Okobo,Akwa Ibom,South South,4.819,8.15,18472,1,53.111,84.046,2.839,34.343,72.722,75.781,9.342,0,60.363,0.895,74.845,24.325,14.166,-0.57,13.853,14.421,11.484,2617
2021,59680162B18997887117478,Okobo,Akwa Ibom,South South,4.819,8.15,18472,1,45.872,96.276,0.446,37.228,56.699,77.048,8.336,1,41.159,0.0,99.0,37.168,11.484,-3.0,9.834,12.834,11.212,2121
2022,59680162B18997887117478,Okobo,Akwa Ibom,South South,4.819,8.15,18472,1,61.794,71.583,1.022,30.004,63.187,68.027,0.5,1,63.979,0.0,99.0,18.675,11.212,-2.71,9.723,12.431,15.168,2071
2023,59680162B18997887117478,Okobo,Akwa Ibom,South South,4.819,8.15,18472,1,62.922,87.614,2.886,49.478,56.034,78.852,8.44,1,42.949,0.762,97.035,18.372,15.168,2.15,16.348,14.202,9.456,2802
2024,59680162B18997887117478,Okobo,Akwa Ibom,South South,4.819,8.15,18472,1,61.283,90.013,0.963,22.965,74.183,87.837,13.79,0,43.504,7.737,87.042,17.217,9.456,-0.69,9.076,9.768,16.034,1747
2025,59680162B18997887117478,Okobo,Akwa Ibom,South South,4.819,8.15,18472,1,63.021,99.0,0.2,40.902,49.577,96.425,19.34,1,58.508,0.0,85.693,26.073,16.034,-0.77,15.609,16.382,,2962
2020,59680162B19163785016026,Garun Malam,Kano,North West,11.658,8.401,47566,0,88.682,42.316,4.987,62.947,37.355,42.407,50.229,0,51.429,36.556,35.846,15.162,52.071,2.18,53.27,51.09,61.145,24768
2021,59680162B19163785016026,Garun Malam,Kano,North West,11.658,8.401,47566,0,85.394,43.525,5.777,59.712,24.376,39.282,37.143,4,64.588,44.937,44.779,41.054,61.145,2.4,62.467,60.064,55.026,29084
2022,59680162B19163785016026,Garun Malam,Kano,North West,11.658,8.401,47566,0,89.211,37.349,5.981,66.55,18.634,39.747,26.239,1,52.282,28.128,60.998,8.531,55.026,0.6,55.357,54.756,54.532,26174
2023,59680162B19163785016026,Garun Malam,Kano,North West,11.658,8.401,47566,0,85.306,49.673,3.375,50.118,31.626,36.407,37.772,1,59.834,47.891,61.518,15.468,54.532,0.5,54.805,54.309,57.258,25939
2024,59680162B19163785016026,Garun Malam,Kano,North West,11.658,8.401,47566,0,91.57,42.868,5.558,73.836,45.815,51.62,40.516,0,39.715,41.252,70.703,26.894,57.258,2.56,58.666,56.106,50.231,27235
2025,59680162B19163785016026,Garun Malam,Kano,North West,11.658,8.401,47566,0,83.432,37.27,3.095,76.097,48.215,63.065,35.97,1,56.259,40.314,48.992,15.59,50.231,-0.1,50.175,50.277,,23893
2020,59680162B19335323694639,Yakurr,Cross River,South South,5.822,8.174,46216,0,57.824,85.139,2.139,36.733,65.932,83.967,24.948,0,62.175,0.0,72.188,28.532,21.598,-1.88,20.562,22.445,24.877,9982
2021,59680162B19335323694639,Yakurr,Cross River,South South,5.822,8.174,46216,0,75.406,80.15,2.613,40.512,70.741,18.295,11.428,2,36.491,0.0,60.938,27.857,24.877,-3.0,23.227,26.227,30.548,11497
2022,59680162B19335323694639,Yakurr,Cross River,South South,5.822,8.174,46216,0,70.688,77.182,3.796,57.82,54.933,53.99,14.177,0,64.47,6.06,74.002,23.882,30.548,-0.12,30.485,30.6,14.382,14118
2023,59680162B19335323694639,Yakurr,Cross River,South South,5.822,8.174,46216,0,68.833,85.699,0.364,24.911,73.142,69.095,5.76,1,42.123,0.0,50.08,33.767,14.382,-1.32,13.657,14.974,11.702,6647
2024,59680162B19335323694639,Yakurr,Cross River,South South,5.822,8.174,46216,0,75.788,96.894,1.633,27.1,61.053,42.16,3.452,0,35.896,12.659,52.003,22.126,11.702,-3.0,10.052,13.052,24.634,5408
2025,59680162B19335323694639,Yakurr,Cross River,South South,5.822,8.174,46216,0,74.937,70.385,2.536,33.488,57.917,72.13,17.589,1,32.556,0.0,93.307,17.636,24.634,-1.18,23.985,25.164,,11385
2020,59680162B1935816053049,Ofu,Kogi,North Central,7.324,7.041,62057,0,81.981,55.501,4.005,51.949,48.931,66.968,7.57,2,56.949,14.933,73.661,13.731,35.5,1.0,36.052,35.048,35.01,22030
2021,59680162B1935816053049,Ofu,Kogi,North Central,7.324,7.041,62057,0,74.561,44.537,3.921,42.087,38.336,42.26,24.053,3,62.001,0.0,43.087,14.814,35.01,1.73,35.965,34.23,34.21,21726
2022,59680162B1935816053049,Ofu,Kogi,North Central,7.324,7.041,62057,0,73.482,47.181,2.889,15.127,32.035,81.669,20.989,3,46.175,11.256,52.451,17.503,34.21,0.99,34.753,33.765,33.348,21230
2023,59680162B1935816053049,Ofu,Kogi,North Central,7.324,7.041,62057,0,77.814,64.669,1.975,41.908,42.711,40.622,23.489,1,39.364,17.054,78.4,18.24,33.348,-0.44,33.105,33.548,29.603,20695
2024,59680162B1935816053049,Ofu,Kogi,North Central,7.324,7.041,62057,0,69.498,57.642,1.729,34.427,31.322,71.324,23.374,2,46.862,3.485,72.316,20.003,29.603,-1.16,28.966,30.124,32.801,18371
2025,59680162B1935816053049,Ofu,Kogi,North Central,7.324,7.041,62057,0,62.848,61.818,5.021,45.994,37.736,54.08,12.444,1,49.24,7.562,80.156,25.576,32.801,-0.99,32.256,33.246,,20355
2020,59680162B19433829654146,Mashi,Katsina,North West,13.134,8.014,34912,1,81.357,46.44,1.926,74.039,32.877,68.449,17.839,1,45.174,31.613,58.264,10.731,39.031,2.6,40.462,37.861,46.636,13627
2021,59680162B19433829654146,Mashi,Katsina,North West,13.134,8.014,34912,1,77.728,43.959,3.237,58.21,24.888,24.372,32.454,1,63.752,46.243,63.505,24.763,46.636,0.86,47.111,46.248,31.665,16282
2022,59680162B19433829654146,Mashi,Katsina,North West,13.134,8.014,34912,1,79.642,40.424,2.601,67.846,46.372,79.896,19.862,1,59.033,32.002,55.537,14.719,31.665,1.34,32.403,31.061,36.192,11055
2023,59680162B19433829654146,Mashi,Katsina,North West,13.134,8.014,34912,1,67.981,49.529,2.762,69.022,38.495,56.25,36.403,2,60.292,26.464,52.165,12.231,36.192,2.72,37.686,34.969,47.543,12635
2024,59680162B19433829654146,Mashi,Katsina,North West,13.134,8.014,34912,1,85.818,31.569,5.953,56.97,44.288,57.358,19.619,1,33.542,23.77,56.179,13.622,47.543,2.53,48.937,46.402,43.451,16598
2025,59680162B19433829654146,Mashi,Katsina,North West,13.134,8.014,34912,1,67.701,33.202,4.958,60.523,54.655,77.179,27.864,2,57.139,32.538,67.863,15.458,43.451,2.04,44.57,42.535,,15169
2020,59680162B19467626863877,Ikenne,Ogun,South West,6.887,3.688,50574,1,61.739,92.755,1.146,30.18,60.53,99.0,3.869,1,51.971,0.0,92.577,26.017,11.947,-2.69,10.465,13.159,6.666,6042
2021,59680162B19467626863877,Ikenne,Ogun,South West,6.887,3.688,50574,1,48.42,87.414,0.2,38.561,62.059,77.188,9.918,0,42.949,0.0,99.0,20.159,6.666,-2.23,5.442,7.667,16.518,3371
2022,59680162B19467626863877,Ikenne,Ogun,South West,6.887,3.688,50574,1,55.912,97.241,1.385,37.623,63.204,65.746,7.83,0,28.502,16.132,96.863,21.951,16.518,-1.38,15.756,17.14,15.813,8354
2023,59680162B19467626863877,Ikenne,Ogun,South West,6.887,3.688,50574,1,61.007,92.314,0.2,47.36,44.929,99.0,0.5,0,38.025,0.0,92.683,21.774,15.813,0.62,16.156,15.533,17.342,7997
2024,59680162B19467626863877,Ikenne,Ogun,South West,6.887,3.688,50574,1,59.128,99.0,0.439,50.946,73.801,99.0,5.402,0,47.283,0.0,85.363,37.997,17.342,-1.19,16.686,17.879,3.194,8771
2025,59680162B19467626863877,Ikenne,Ogun,South West,6.887,3.688,50574,1,54.194,81.57,0.2,22.151,97.608,99.0,4.308,0,45.163,0.0,91.914,39.402,3.194,0.37,3.399,3.026,,1615
2020,59680162B19484855656708,Baure,Katsina,North West,12.799,8.783,29426,0,71.52,41.772,5.728,44.08,41.414,15.122,31.318,2,50.03,42.279,40.332,16.263,54.008,-0.39,53.795,54.182,47.828,15892
2021,59680162B19484855656708,Baure,Katsina,North West,12.799,8.783,29426,0,80.021,37.862,4.524,54.27,41.251,31.162,11.532,3,71.858,43.894,39.875,17.788,47.828,3.19,49.586,46.391,41.636,14074
2022,59680162B19484855656708,Baure,Katsina,North West,12.799,8.783,29426,0,80.481,33.587,4.131,70.974,18.901,35.693,32.629,0,52.331,25.908,32.635,12.538,41.636,0.08,41.682,41.599,67.722,12252
2023,59680162B19484855656708,Baure,Katsina,North West,12.799,8.783,29426,0,92.713,25.185,5.682,66.101,35.829,27.375,37.4,0,48.417,31.467,23.528,11.117,67.722,2.22,68.945,66.721,48.402,19928
2024,59680162B19484855656708,Baure,Katsina,North West,12.799,8.783,29426,0,95.781,53.487,4.54,58.357,35.261,53.127,36.031,0,53.235,31.802,43.101,18.584,48.402,3.84,50.513,46.675,46.815,14243
2025,59680162B19484855656708,Baure,Katsina,North West,12.799,8.783,29426,0,95.37,34.147,4.927,60.623,42.717,9.5,23.718,0,81.632,30.447,42.959,18.637,46.815,2.99,48.459,45.469,,13776
2020,59680162B19485775159758,Ipokia,Ogun,South West,6.658,2.79,33530,0,53.628,66.935,2.615,23.366,64.537,63.231,15.114,0,43.516,7.315,63.09,22.508,16.651,1.64,17.555,15.912,12.485,5583
2021,59680162B19485775159758,Ipokia,Ogun,South West,6.658,2.79,33530,0,54.946,76.218,2.178,43.29,79.652,73.071,11.196,0,49.114,0.0,86.579,47.669,12.485,-0.88,11.999,12.883,19.198,4186
2022,59680162B19485775159758,Ipokia,Ogun,South West,6.658,2.79,33530,0,57.632,93.006,2.241,36.297,39.044,50.279,13.96,0,55.723,0.032,88.442,21.112,19.198,1.49,20.019,18.527,17.9,6437
2023,59680162B19485775159758,Ipokia,Ogun,South West,6.658,2.79,33530,0,57.019,77.249,2.259,40.387,71.85,99.0,20.233,0,21.832,6.667,84.51,17.887,17.9,-1.25,17.21,18.465,9.056,6002
2024,59680162B19485775159758,Ipokia,Ogun,South West,6.658,2.79,33530,0,55.494,78.007,1.537,15.003,58.503,56.279,3.605,0,46.138,8.382,70.64,28.746,9.056,-1.15,8.422,9.574,18.708,3036
2025,59680162B19485775159758,Ipokia,Ogun,South West,6.658,2.79,33530,0,60.202,82.252,2.396,43.643,99.0,68.878,12.628,0,38.9,10.372,99.0,41.485,18.708,-2.17,17.516,19.684,,6273
2020,59680162B19523503473687,Auyo,Jigawa,North West,12.332,9.922,22555,0,88.233,42.057,4.715,59.599,52.214,24.429,27.11,3,71.775,31.51,51.27,6.422,40.745,2.23,41.97,39.743,50.027,9190
2021,59680162B19523503473687,Auyo,Jigawa,North West,12.332,9.922,22555,0,80.778,41.26,5.235,48.264,30.031,36.13,29.2,3,68.557,43.995,35.782,12.241,50.027,0.97,50.56,49.591,55.981,11284
2022,59680162B19523503473687,Auyo,Jigawa,North West,12.332,9.922,22555,0,85.555,14.234,3.489,69.969,15.341,52.415,32.628,2,79.897,47.342,50.715,7.215,55.981,1.65,56.889,55.237,47.414,12626
2023,59680162B19523503473687,Auyo,Jigawa,North West,12.332,9.922,22555,0,79.769,36.634,3.765,70.324,38.635,48.521,32.931,3,37.161,36.593,39.163,16.941,47.414,0.16,47.503,47.342,53.165,10694
2024,59680162B19523503473687,Auyo,Jigawa,North West,12.332,9.922,22555,0,89.597,41.053,4.29,64.226,12.712,33.621,41.462,2,59.189,29.275,57.882,16.138,53.165,4.03,55.384,51.35,55.136,11991
2025,59680162B19523503473687,Auyo,Jigawa,North West,12.332,9.922,22555,0,83.319,42.652,4.014,63.932,34.028,34.876,40.804,0,66.929,44.976,59.781,19.328,55.136,3.64,57.14,53.496,,12436
2020,59680162B19536521240899,Gaya,Kano,North West,11.82,9.022,47839,0,87.652,41.285,4.45,52.724,39.117,5.501,39.089,2,53.437,41.488,17.64,15.735,62.583,-1.17,61.937,63.111,51.249,29939
2021,59680162B19536521240899,Gaya,Kano,North West,11.82,9.022,47839,0,90.595,26.43,6.586,59.169,37.683,43.264,34.194,1,62.735,36.025,35.591,6.939,51.249,1.9,52.291,50.396,48.696,24517
2022,59680162B19536521240899,Gaya,Kano,North West,11.82,9.022,47839,0,87.369,45.108,4.483,65.079,14.683,34.593,24.289,1,61.834,52.893,43.134,17.804,48.696,-0.89,48.205,49.098,56.289,23296
2023,59680162B19536521240899,Gaya,Kano,North West,11.82,9.022,47839,0,88.789,45.389,5.577,75.145,24.437,46.93,41.571,1,65.644,33.261,64.968,12.507,56.289,1.23,56.965,55.736,48.824,26928
2024,59680162B19536521240899,Gaya,Kano,North West,11.82,9.022,47839,0,84.039,48.405,4.086,61.362,25.451,44.861,28.087,2,59.181,55.834,48.568,16.943,48.824,-0.14,48.748,48.885,57.056,23357
2025,59680162B19536521240899,Gaya,Kano,North West,11.82,9.022,47839,0,90.722,43.65,4.758,68.093,31.892,39.361,37.375,1,71.163,42.066,41.092,15.227,57.056,1.85,58.076,56.222,,27295
2020,59680162B19549725656045,Ebonyi,Ebonyi,South East,6.541,8.127,37513,0,67.905,90.543,3.342,51.766,94.872,42.75,1.0,2,36.518,0.0,93.872,31.616,14.605,-3.0,12.955,15.955,14.048,5479
2021,59680162B19549725656045,Ebonyi,Ebonyi,South East,6.541,8.127,37513,0,63.459,92.411,0.672,40.184,77.851,63.937,0.7,0,39.178,0.0,99.0,35.627,14.048,-1.32,13.324,14.64,12.207,5270
2022,59680162B19549725656045,Ebonyi,Ebonyi,South East,6.541,8.127,37513,0,64.311,82.569,4.478,16.471,85.385,93.334,0.5,0,56.221,11.599,74.705,41.054,12.207,0.32,12.383,12.064,9.99,4579
2023,59680162B19549725656045,Ebonyi,Ebonyi,South East,6.541,8.127,37513,0,61.517,93.421,1.553,36.853,58.482,98.652,15.246,0,14.839,0.0,82.346,24.652,9.99,-0.52,9.702,10.226,12.118,3748
2024,59680162B19549725656045,Ebonyi,Ebonyi,South East,6.541,8.127,37513,0,67.628,84.89,2.02,27.342,94.968,70.109,11.658,1,29.131,4.952,92.897,33.333,12.118,-2.44,10.777,13.215,13.948,4546
2025,59680162B19549725656045,Ebonyi,Ebonyi,South East,6.541,8.127,37513,0,59.448,91.351,0.721,29.972,55.695,95.793,12.921,2,30.691,0.0,84.701,26.56,13.948,-1.96,12.867,14.832,,5232
2020,59680162B19874744513454,Kunchi,Kano,North West,12.468,8.259,108407,0,96.838,44.606,3.956,55.276,51.979,32.561,26.4,0,42.869,27.711,33.884,15.636,38.37,0.71,38.762,38.049,51.268,41596
2021,59680162B19874744513454,Kunchi,Kano,North West,12.468,8.259,108407,0,99.0,48.965,3.598,66.356,37.535,59.495,27.438,0,72.788,25.868,44.603,13.991,51.268,-1.71,50.329,52.036,58.153,55578
2022,59680162B19874744513454,Kunchi,Kano,North West,12.468,8.259,108407,0,99.0,19.032,3.344,36.674,40.873,39.381,43.581,2,63.127,42.14,25.828,15.955,58.153,2.19,59.359,57.166,57.436,63041
2023,59680162B19874744513454,Kunchi,Kano,North West,12.468,8.259,108407,0,95.153,30.655,4.311,60.496,17.688,49.153,27.599,2,51.721,35.92,45.502,22.301,57.436,2.28,58.692,56.408,51.551,62265
2024,59680162B19874744513454,Kunchi,Kano,North West,12.468,8.259,108407,0,93.324,51.947,4.82,53.971,32.559,48.054,36.685,2,56.336,28.961,56.513,28.727,51.551,3.33,53.381,50.054,55.986,55885
2025,59680162B19874744513454,Kunchi,Kano,North West,12.468,8.259,108407,0,94.649,41.086,5.503,58.099,20.606,13.291,20.338,0,63.448,29.17,52.544,29.657,55.986,1.91,57.036,55.127,,60693
2020,59680162B20002653395444,Gumel,Jigawa,North West,12.626,9.406,89821,0,86.629,38.157,4.914,53.925,36.623,41.638,30.89,1,58.938,40.851,47.949,24.154,48.073,-0.63,47.727,48.355,50.451,43179
2021,59680162B20002653395444,Gumel,Jigawa,North West,12.626,9.406,89821,0,90.896,38.22,7.417,55.538,30.802,26.145,35.614,1,62.515,35.323,51.854,30.176,50.451,1.77,51.422,49.656,49.882,45315
2022,59680162B20002653395444,Gumel,Jigawa,North West,12.626,9.406,89821,0,89.976,19.619,5.772,55.498,36.529,32.011,39.043,3,64.13,28.455,52.958,15.602,49.882,1.03,50.448,49.419,55.31,44805
2023,59680162B20002653395444,Gumel,Jigawa,North West,12.626,9.406,89821,0,95.648,39.529,5.698,46.258,42.021,65.789,47.019,0,78.778,34.908,42.908,17.174,55.31,0.84,55.77,54.933,45.198,49680
2024,59680162B20002653395444,Gumel,Jigawa,North West,12.626,9.406,89821,0,85.76,32.8,4.663,59.738,38.609,67.28,33.541,1,66.097,23.861,50.243,25.561,45.198,-2.52,43.813,46.332,50.509,40598
2025,59680162B20002653395444,Gumel,Jigawa,North West,12.626,9.406,89821,0,87.13,31.344,4.947,71.316,32.843,44.901,33.207,2,66.706,47.221,59.939,16.492,50.509,0.88,50.994,50.113,,45368
2020,59680162B20020413332718,Mafa,Borno,North East,11.953,13.565,58833,1,89.455,59.619,5.137,63.679,49.169,50.737,26.199,4,57.036,43.795,52.185,36.321,50.675,1.09,51.277,50.182,54.475,29814
2021,59680162B20020413332718,Mafa,Borno,North East,11.953,13.565,58833,1,79.234,55.231,3.752,57.569,49.618,35.112,36.902,5,82.13,25.062,37.423,23.83,54.475,-1.61,53.591,55.199,36.438,32049
2022,59680162B20020413332718,Mafa,Borno,North East,11.953,13.565,58833,1,67.718,52.335,2.34,59.795,56.966,59.503,25.15,6,74.467,23.654,55.682,21.475,36.438,0.28,36.593,36.311,33.549,21438
2023,59680162B20020413332718,Mafa,Borno,North East,11.953,13.565,58833,1,82.036,77.326,2.107,58.335,48.863,65.384,20.512,1,55.785,6.526,61.762,13.364,33.549,0.88,34.033,33.153,42.095,19738
2024,59680162B20020413332718,Mafa,Borno,North East,11.953,13.565,58833,1,69.201,47.697,5.604,48.431,46.912,49.665,18.58,4,56.395,31.69,79.797,15.478,42.095,0.64,42.45,41.805,50.53,24766
2025,59680162B20020413332718,Mafa,Borno,North East,11.953,13.565,58833,1,87.998,48.275,3.791,47.021,29.936,39.931,24.239,6,76.81,29.221,61.558,15.217,50.53,0.64,50.879,50.244,,29728
2020,59680162B20086286793745,Kiru,Kano,North West,11.559,8.096,48355,0,99.0,17.742,3.9,61.099,17.499,41.451,38.906,1,63.828,41.024,33.832,13.533,51.984,2.44,53.326,50.886,48.792,25137
2021,59680162B20086286793745,Kiru,Kano,North West,11.559,8.096,48355,0,90.074,24.292,4.696,57.977,30.266,28.723,44.653,1,63.005,16.177,13.484,19.943,48.792,0.71,49.181,48.473,57.877,23593
2022,59680162B20086286793745,Kiru,Kano,North West,11.559,8.096,48355,0,94.789,47.633,5.792,63.709,4.2,39.609,29.878,1,68.825,51.902,48.296,18.45,57.877,0.41,58.101,57.694,55.863,27987
2023,59680162B20086286793745,Kiru,Kano,North West,11.559,8.096,48355,0,82.871,47.726,4.955,65.431,28.509,33.65,23.853,2,70.73,42.974,50.735,11.015,55.863,1.85,56.879,55.031,56.609,27012
2024,59680162B20086286793745,Kiru,Kano,North West,11.559,8.096,48355,0,90.344,36.49,3.662,50.043,22.508,52.425,31.237,0,58.155,38.863,60.798,22.383,56.609,0.6,56.937,56.341,53.942,27373
2025,59680162B20086286793745,Kiru,Kano,North West,11.559,8.096,48355,0,86.464,35.416,5.37,64.176,47.511,60.174,24.672,2,70.828,40.488,66.867,26.016,53.942,-0.21,53.824,54.038,,26083
2020,59680162B2017456399117,Obowo,Imo,South East,5.555,7.362,66837,1,59.67,99.0,3.44,34.038,87.281,89.767,9.452,1,30.794,15.424,82.799,52.24,15.052,-2.11,13.893,16.0,14.717,10060
2021,59680162B2017456399117,Obowo,Imo,South East,5.555,7.362,66837,1,60.317,93.62,0.699,39.741,84.151,86.291,3.386,1,38.58,0.0,73.582,22.125,14.717,1.04,15.291,14.247,6.062,9836
2022,59680162B2017456399117,Obowo,Imo,South East,5.555,7.362,66837,1,58.587,98.976,1.26,31.27,99.0,72.47,0.5,1,17.573,0.0,84.11,40.414,6.062,-1.39,5.296,6.689,8.134,4052
2023,59680162B2017456399117,Obowo,Imo,South East,5.555,7.362,66837,1,59.454,84.552,0.2,43.186,82.958,87.699,10.766,0,28.484,0.0,90.359,31.806,8.134,-0.31,7.962,8.275,12.207,5437
2024,59680162B2017456399117,Obowo,Imo,South East,5.555,7.362,66837,1,56.783,86.085,0.483,33.293,75.144,76.764,0.5,1,39.924,8.876,87.386,19.133,12.207,-0.47,11.951,12.416,7.088,8159
2025,59680162B2017456399117,Obowo,Imo,South East,5.555,7.362,66837,1,68.23,90.447,0.2,39.666,82.426,98.093,6.699,1,32.876,0.0,99.0,37.969,7.088,-0.39,6.876,7.262,,4737
2020,59680162B20254719160886,Sabuwa,Katsina,North West,11.343,7.075,9541,1,88.488,35.057,2.961,68.148,41.547,57.428,22.494,3,43.136,44.227,59.157,13.267,46.825,3.47,48.735,45.262,47.756,4468
2021,59680162B20254719160886,Sabuwa,Katsina,North West,11.343,7.075,9541,1,76.464,54.646,4.609,62.149,36.052,71.868,17.159,4,70.357,39.39,53.696,16.336,47.756,0.89,48.244,47.357,45.036,4556
2022,59680162B20254719160886,Sabuwa,Katsina,North West,11.343,7.075,9541,1,83.079,32.918,6.241,43.03,49.897,39.849,21.084,3,59.261,30.848,54.474,13.617,45.036,3.1,46.738,43.643,43.207,4297
2023,59680162B20254719160886,Sabuwa,Katsina,North West,11.343,7.075,9541,1,87.107,51.068,3.914,67.841,49.767,62.802,13.848,1,81.732,39.327,70.798,21.434,43.207,0.49,43.475,42.988,44.893,4122
2024,59680162B20254719160886,Sabuwa,Katsina,North West,11.343,7.075,9541,1,69.71,45.988,3.999,58.617,31.977,47.907,23.707,2,59.149,19.951,63.567,11.806,44.893,3.82,46.995,43.174,54.708,4283
2025,59680162B20254719160886,Sabuwa,Katsina,North West,11.343,7.075,9541,1,75.105,42.485,2.534,71.566,33.179,37.279,28.028,0,66.935,26.234,76.7,22.666,54.708,0.76,55.125,54.366,,5220
2020,59680162B20372712773645,Oturkpo,Benue,North Central,7.292,8.128,49294,0,73.744,67.884,1.465,45.677,51.25,63.826,23.824,1,41.409,5.869,67.036,15.544,26.846,-0.24,26.715,26.952,29.973,13233
2021,59680162B20372712773645,Oturkpo,Benue,North Central,7.292,8.128,49294,0,73.062,63.906,3.457,42.873,42.996,61.548,18.032,3,64.399,14.999,64.781,22.147,29.973,-1.69,29.045,30.733,28.31,14775
2022,59680162B20372712773645,Oturkpo,Benue,North Central,7.292,8.128,49294,0,70.577,51.5,2.226,40.436,50.835,35.111,27.253,0,54.574,1.21,49.798,14.967,28.31,-0.03,28.296,28.321,25.292,13955
2023,59680162B20372712773645,Oturkpo,Benue,North Central,7.292,8.128,49294,0,63.33,53.988,2.508,27.881,60.404,45.059,22.082,1,37.467,2.921,60.784,12.148,25.292,1.25,25.98,24.729,30.041,12468
2024,59680162B20372712773645,Oturkpo,Benue,North Central,7.292,8.128,49294,0,69.949,70.799,2.949,38.13,51.775,66.236,19.996,2,43.535,10.727,74.692,44.349,30.041,1.89,31.08,29.191,26.548,14808
2025,59680162B20372712773645,Oturkpo,Benue,North Central,7.292,8.128,49294,0,71.793,47.135,2.931,42.039,61.245,56.713,16.708,2,44.962,4.294,84.271,14.497,26.548,-1.31,25.829,27.135,,13086
2020,59680162B20429116941940,Atakunmosa West,Osun,South West,7.601,4.617,89955,0,77.243,79.607,3.346,47.32,57.269,99.0,12.029,1,38.041,0.0,78.018,23.504,16.721,0.31,16.889,16.584,8.038,15041
2021,59680162B20429116941940,Atakunmosa West,Osun,South West,7.601,4.617,89955,0,71.052,95.584,2.232,50.539,75.698,84.505,11.497,1,42.063,4.578,73.671,37.22,8.038,-0.38,7.83,8.208,15.85,7230
2022,59680162B20429116941940,Atakunmosa West,Osun,South West,7.601,4.617,89955,0,62.641,90.28,2.282,29.753,63.623,73.494,20.881,0,56.581,0.0,93.004,39.698,15.85,-1.17,15.204,16.378,6.971,14258
2023,59680162B20429116941940,Atakunmosa West,Osun,South West,7.601,4.617,89955,0,67.785,80.698,1.478,40.831,72.219,88.482,4.047,0,32.517,3.704,99.0,41.484,6.971,-2.09,5.824,7.91,3.578,6271
2024,59680162B20429116941940,Atakunmosa West,Osun,South West,7.601,4.617,89955,0,67.348,91.348,2.297,23.388,68.851,91.498,9.767,0,12.973,0.0,85.273,25.534,3.578,-0.32,3.403,3.722,18.487,3219
2025,59680162B20429116941940,Atakunmosa West,Osun,South West,7.601,4.617,89955,0,60.247,88.493,2.906,36.828,54.288,66.368,7.947,1,34.772,1.89,71.768,25.411,18.487,-1.7,17.552,19.252,,16630
2020,59680162B20432910054227,Goronyo,Sokoto,North West,13.346,5.757,10658,0,98.538,47.509,3.831,55.382,29.401,38.072,40.574,2,57.442,52.306,56.661,12.885,55.141,1.68,56.065,54.384,51.281,5877
2021,59680162B20432910054227,Goronyo,Sokoto,North West,13.346,5.757,10658,0,97.988,28.934,5.374,64.765,23.51,44.836,33.476,1,71.505,26.146,34.236,13.167,51.281,2.5,52.654,50.159,57.399,5466
2022,59680162B20432910054227,Goronyo,Sokoto,North West,13.346,5.757,10658,0,91.1,24.648,4.544,72.236,25.092,52.866,32.091,3,63.896,41.041,64.743,9.793,57.399,3.21,59.162,55.956,47.45,6118
2023,59680162B20432910054227,Goronyo,Sokoto,North West,13.346,5.757,10658,0,96.888,22.922,2.802,49.25,36.482,28.423,24.717,2,62.083,40.335,53.745,28.468,47.45,-1.23,46.772,48.005,44.748,5057
2024,59680162B20432910054227,Goronyo,Sokoto,North West,13.346,5.757,10658,0,87.582,33.548,4.486,72.059,36.888,67.286,25.754,0,58.179,34.862,15.576,14.592,44.748,2.82,46.301,43.478,44.504,4769
2025,59680162B20432910054227,Goronyo,Sokoto,North West,13.346,5.757,10658,0,80.489,27.575,3.021,32.874,31.873,47.614,38.364,1,72.181,35.603,30.569,21.49,44.504,-0.23,44.375,44.609,,4743
2020,59680162B20780696540875,Maiduguri,Borno,North East,11.832,13.135,54616,0,93.981,48.631,5.068,62.83,44.81,41.948,32.919,6,55.789,19.317,29.705,15.095,48.885,1.81,49.882,48.069,53.298,26699
2021,59680162B20780696540875,Maiduguri,Borno,North East,11.832,13.135,54616,0,90.112,45.462,4.373,53.238,34.57,29.071,39.893,6,63.091,48.754,39.02,13.285,53.298,2.65,54.753,52.107,42.887,29109
2022,59680162B20780696540875,Maiduguri,Borno,North East,11.832,13.135,54616,0,82.305,57.894,3.046,51.138,46.846,48.893,18.34,7,68.091,33.793,37.437,21.492,42.887,0.26,43.027,42.772,46.828,23423
2023,59680162B20780696540875,Maiduguri,Borno,North East,11.832,13.135,54616,0,84.902,56.853,4.608,57.389,10.599,23.646,34.043,4,82.819,17.303,75.829,15.774,46.828,-0.14,46.75,46.892,48.559,25575
2024,59680162B20780696540875,Maiduguri,Borno,North East,11.832,13.135,54616,0,91.618,51.669,3.223,41.507,26.346,33.002,17.83,5,52.174,28.308,58.107,14.51,48.559,-0.35,48.366,48.716,43.246,26521
2025,59680162B20780696540875,Maiduguri,Borno,North East,11.832,13.135,54616,0,90.915,46.288,4.338,75.177,47.934,68.778,22.024,6,78.75,27.475,46.599,18.319,43.246,1.38,44.003,42.626,,23619
2020,59680162B21010588258079,Tambuwal,Sokoto,North West,12.394,4.944,48208,0,86.088,39.607,4.492,59.488,27.905,51.137,35.608,0,38.845,30.672,26.508,13.289,51.809,0.23,51.936,51.705,53.876,24976
2021,59680162B21010588258079,Tambuwal,Sokoto,North West,12.394,4.944,48208,0,94.865,47.945,3.201,61.053,40.058,29.5,37.753,1,72.075,39.234,33.663,12.861,53.876,2.09,55.025,52.935,46.417,25972
2022,59680162B21010588258079,Tambuwal,Sokoto,North West,12.394,4.944,48208,0,85.574,42.452,3.775,53.772,52.765,47.534,28.231,2,75.057,31.227,33.103,14.226,46.417,-2.38,45.109,47.488,47.292,22377
2023,59680162B21010588258079,Tambuwal,Sokoto,North West,12.394,4.944,48208,0,78.846,20.01,5.506,56.956,41.702,32.054,27.588,1,60.362,41.02,45.974,14.065,47.292,5.28,50.198,44.914,47.302,22798
2024,59680162B21010588258079,Tambuwal,Sokoto,North West,12.394,4.944,48208,0,92.067,23.044,3.893,57.948,37.657,51.796,35.21,1,40.662,35.987,36.687,23.818,47.302,2.75,48.815,46.064,59.759,22803
2025,59680162B21010588258079,Tambuwal,Sokoto,North West,12.394,4.944,48208,0,85.115,45.404,6.203,75.529,39.758,28.046,31.281,3,74.328,45.21,49.864,32.413,59.759,0.17,59.854,59.682,,28809
2020,59680162B21053239387442,Warri South,Delta,South South,5.622,5.58,39987,1,50.246,99.0,0.2,49.891,80.64,92.095,18.391,2,60.342,13.639,79.989,32.006,13.4,0.74,13.808,13.067,12.444,5358
2021,59680162B21053239387442,Warri South,Delta,South South,5.622,5.58,39987,1,65.411,88.871,0.695,37.129,78.869,89.73,18.809,1,58.983,0.0,74.849,31.522,12.444,-1.8,11.452,13.256,11.454,4976
2022,59680162B21053239387442,Warri South,Delta,South South,5.622,5.58,39987,1,73.935,80.212,0.359,34.955,84.113,71.287,14.699,1,53.819,5.08,95.653,58.814,11.454,-1.01,10.897,11.91,25.174,4580
2023,59680162B21053239387442,Warri South,Delta,South South,5.622,5.58,39987,1,55.404,83.062,2.814,45.399,44.159,72.696,16.772,1,54.637,0.0,48.22,13.333,25.174,0.65,25.53,24.882,5.467,10066
2024,59680162B21053239387442,Warri South,Delta,South South,5.622,5.58,39987,1,49.908,98.263,0.2,38.648,72.502,71.672,13.403,1,30.241,0.0,93.388,31.839,5.467,-0.93,4.955,5.886,11.715,2186
2025,59680162B21053239387442,Warri South,Delta,South South,5.622,5.58,39987,1,60.568,99.0,1.251,38.172,64.644,91.052,18.727,0,68.825,0.0,74.022,37.406,11.715,-3.0,10.065,13.065,,4684
2020,59680162B21067903036313,Patani,Delta,South South,5.174,6.094,45191,1,64.992,85.021,2.501,47.79,81.332,80.199,11.363,0,59.381,0.0,77.866,19.192,18.565,-3.0,16.915,19.915,5.491,8390
2021,59680162B21067903036313,Patani,Delta,South South,5.174,6.094,45191,1,59.434,75.794,0.2,30.159,79.81,99.0,8.211,0,37.353,0.0,85.509,21.407,5.491,-0.87,5.011,5.883,20.892,2481
2022,59680162B21067903036313,Patani,Delta,South South,5.174,6.094,45191,1,62.627,81.162,1.06,42.245,73.872,80.772,11.333,4,56.72,0.0,66.381,13.281,20.892,1.62,21.785,20.161,21.224,9441
2023,59680162B21067903036313,Patani,Delta,South South,5.174,6.094,45191,1,54.622,84.456,1.388,59.097,52.417,75.169,0.5,2,67.446,0.0,80.434,24.804,21.224,-0.27,21.074,21.346,10.893,9591
2024,59680162B21067903036313,Patani,Delta,South South,5.174,6.094,45191,1,46.506,98.797,1.001,33.219,71.606,79.368,5.097,0,59.366,0.305,58.956,55.456,10.893,-1.78,9.913,11.695,11.289,4923
2025,59680162B21067903036313,Patani,Delta,South South,5.174,6.094,45191,1,65.468,99.0,1.681,35.065,64.0,77.353,8.959,2,79.26,0.0,76.835,34.247,11.289,-2.68,9.813,12.496,,5101
2020,59680162B21074533395167,Ikono,Akwa Ibom,South South,5.17,7.806,36586,0,77.977,75.851,2.795,31.579,65.828,67.664,24.721,0,79.076,0.0,69.535,46.84,23.885,0.76,24.304,23.542,19.336,8739
2021,59680162B21074533395167,Ikono,Akwa Ibom,South South,5.17,7.806,36586,0,74.541,85.12,0.517,51.886,53.579,81.568,17.792,2,46.98,7.737,78.077,14.597,19.336,0.63,19.681,19.054,24.947,7074
2022,59680162B21074533395167,Ikono,Akwa Ibom,South South,5.17,7.806,36586,0,68.883,84.765,3.06,49.013,33.56,77.669,18.74,0,45.295,0.0,72.291,27.79,24.947,-0.87,24.468,25.339,24.61,9127
2023,59680162B21074533395167,Ikono,Akwa Ibom,South South,5.17,7.806,36586,0,83.179,82.542,0.234,54.976,65.493,66.65,0.5,1,44.914,8.336,81.774,53.048,24.61,-0.64,24.257,24.898,22.012,9004
2024,59680162B21074533395167,Ikono,Akwa Ibom,South South,5.17,7.806,36586,0,63.96,69.491,3.532,46.081,54.157,34.937,17.855,1,39.495,8.648,83.754,22.662,22.012,-0.6,21.68,22.283,18.932,8053
2025,59680162B21074533395167,Ikono,Akwa Ibom,South South,5.17,7.806,36586,0,69.108,84.18,0.612,27.706,63.888,68.027,13.806,0,67.147,7.25,76.362,30.54,18.932,-2.21,17.716,19.927,,6926
2020,59680162B21108805782195,Akure South,Ondo,South West,7.184,5.214,30304,0,61.515,79.364,2.154,44.586,63.408,71.062,20.771,0,37.859,5.653,84.188,38.559,19.129,0.45,19.375,18.928,12.059,5797
2021,59680162B21108805782195,Akure South,Ondo,South West,7.184,5.214,30304,0,59.627,73.255,0.853,43.993,76.352,81.035,11.646,1,17.781,11.399,88.348,38.367,12.059,0.91,12.558,11.65,11.057,3654
2022,59680162B21108805782195,Akure South,Ondo,South West,7.184,5.214,30304,0,60.511,86.642,0.374,47.341,66.263,74.271,3.962,0,40.283,1.045,65.67,17.885,11.057,-0.8,10.618,11.417,12.995,3351
2023,59680162B21108805782195,Akure South,Ondo,South West,7.184,5.214,30304,0,66.488,90.316,0.21,45.251,62.966,79.863,8.547,0,48.098,11.761,77.972,39.447,12.995,-1.68,12.07,13.752,12.477,3938
2024,59680162B21108805782195,Akure South,Ondo,South West,7.184,5.214,30304,0,68.53,87.387,1.258,17.141,79.64,68.739,11.82,0,44.899,0.0,96.675,27.596,12.477,-3.0,10.827,13.827,15.179,3781
2025,59680162B21108805782195,Akure South,Ondo,South West,7.184,5.214,30304,0,58.889,81.702,3.097,42.281,83.687,99.0,16.218,0,30.949,5.636,99.0,32.083,15.179,-1.99,14.082,16.077,,4600
2020,59680162B21216344152794,Yewa North,Ogun,South West,7.09,2.944,19816,1,46.174,72.105,1.343,55.259,90.327,72.407,8.303,0,42.147,0.898,99.0,16.814,22.665,0.36,22.862,22.504,21.647,4491
2021,59680162B21216344152794,Yewa North,Ogun,South West,7.09,2.944,19816,1,42.71,83.13,0.793,40.949,57.518,99.0,7.189,0,44.895,0.0,97.656,17.112,21.647,0.13,21.719,21.588,26.223,4290
2022,59680162B21216344152794,Yewa North,Ogun,South West,7.09,2.944,19816,1,65.255,99.0,1.783,55.427,61.756,89.106,9.491,1,27.921,0.0,99.0,39.426,26.223,0.14,26.303,26.158,5.407,5196
2023,59680162B21216344152794,Yewa North,Ogun,South West,7.09,2.944,19816,1,60.315,99.0,1.602,38.483,94.556,88.807,5.985,0,12.629,9.177,90.446,38.048,5.407,-1.77,4.434,6.203,12.577,1071
2024,59680162B21216344152794,Yewa North,Ogun,South West,7.09,2.944,19816,1,47.477,88.312,0.822,40.132,68.187,99.0,7.516,1,17.261,0.0,99.0,18.605,12.577,-0.1,12.524,12.62,10.038,2492
2025,59680162B21216344152794,Yewa North,Ogun,South West,7.09,2.944,19816,1,51.616,99.0,2.52,37.974,99.0,96.686,4.661,3,51.096,12.095,99.0,43.608,10.038,-2.9,8.444,11.342,,1989
2020,59680162B21365932465956,Ukwuani,Delta,South South,5.852,6.254,15862,1,57.203,70.921,1.712,35.264,61.498,88.877,0.5,2,40.547,0.0,72.638,21.522,9.084,-0.7,8.698,9.399,12.955,1441
2021,59680162B21365932465956,Ukwuani,Delta,South South,5.852,6.254,15862,1,59.756,86.323,3.282,45.991,63.388,77.612,0.5,0,58.524,0.0,73.317,24.285,12.955,-2.61,11.517,14.132,4.996,2055
2022,59680162B21365932465956,Ukwuani,Delta,South South,5.852,6.254,15862,1,61.263,95.061,0.449,37.953,74.112,80.175,1.562,1,51.151,0.0,97.73,34.539,4.996,0.22,5.119,4.895,8.437,792
2023,59680162B21365932465956,Ukwuani,Delta,South South,5.852,6.254,15862,1,64.818,90.741,0.305,50.594,65.75,76.164,4.826,1,39.254,0.0,71.961,40.06,8.437,-1.05,7.859,8.91,14.272,1338
2024,59680162B21365932465956,Ukwuani,Delta,South South,5.852,6.254,15862,1,62.201,99.0,1.594,26.856,76.988,67.348,6.485,0,40.841,0.0,85.479,25.134,14.272,0.0,14.272,14.271,12.696,2264
2025,59680162B21365932465956,Ukwuani,Delta,South South,5.852,6.254,15862,1,55.433,97.228,0.2,49.967,53.856,78.746,11.524,1,45.7,0.0,98.113,25.394,12.696,-3.0,11.046,14.046,,2014
2020,59680162B21498960785654,Orlu,Imo,South East,5.818,7.027,50678,1,62.286,99.0,0.2,29.845,63.863,90.285,12.45,0,35.659,0.0,69.598,17.655,8.04,0.31,8.209,7.903,20.19,4075
2021,59680162B21498960785654,Orlu,Imo,South East,5.818,7.027,50678,1,67.998,99.0,1.573,32.618,60.61,95.99,0.5,2,56.594,0.0,99.0,65.778,20.19,-2.21,18.975,21.184,7.355,10232
2022,59680162B21498960785654,Orlu,Imo,South East,5.818,7.027,50678,1,58.226,94.919,2.003,18.867,74.973,89.923,13.349,2,31.845,0.0,99.0,16.956,7.355,-3.0,5.705,8.705,8.653,3727
2023,59680162B21498960785654,Orlu,Imo,South East,5.818,7.027,50678,1,60.674,85.841,0.2,19.599,58.289,99.0,0.5,1,19.874,6.956,89.924,28.619,8.653,-2.9,7.056,9.96,1.912,4385
2024,59680162B21498960785654,Orlu,Imo,South East,5.818,7.027,50678,1,46.198,99.0,0.2,37.401,99.0,89.457,0.5,1,42.243,6.019,83.897,31.624,1.912,-0.69,1.535,2.221,8.921,969
2025,59680162B21498960785654,Orlu,Imo,South East,5.818,7.027,50678,1,49.225,99.0,2.272,47.508,83.994,99.0,11.932,0,35.071,0.0,99.0,23.465,8.921,-3.0,7.271,10.271,,4521
2020,59680162B21673152212894,Yola North,Adamawa,North East,9.248,12.452,30115,1,76.562,63.005,2.033,68.804,36.434,76.165,18.754,4,64.886,19.795,45.608,19.09,38.658,1.04,39.232,38.188,39.97,11642
2021,59680162B21673152212894,Yola North,Adamawa,North East,9.248,12.452,30115,1,70.215,40.642,4.603,58.783,52.656,46.335,31.552,2,78.586,13.236,58.511,19.962,39.97,1.96,41.048,39.088,45.13,12037
2022,59680162B21673152212894,Yola North,Adamawa,North East,9.248,12.452,30115,1,86.767,61.082,4.074,61.309,42.578,79.282,19.91,5,76.474,17.403,49.804,11.228,45.13,-0.75,44.718,45.468,41.636,13591
2023,59680162B21673152212894,Yola North,Adamawa,North East,9.248,12.452,30115,1,76.761,27.107,2.899,43.446,45.602,78.24,22.321,6,66.119,19.381,58.146,20.303,41.636,2.65,43.092,40.444,38.428,12539
2024,59680162B21673152212894,Yola North,Adamawa,North East,9.248,12.452,30115,1,79.514,50.656,3.08,71.057,44.859,75.235,25.73,4,60.739,32.216,44.125,21.214,38.428,0.29,38.586,38.299,33.866,11573
2025,59680162B21673152212894,Yola North,Adamawa,North East,9.248,12.452,30115,1,83.538,44.54,1.21,57.597,52.311,63.209,20.625,2,76.637,19.263,57.429,24.578,33.866,3.73,35.916,32.189,,10199
2020,59680162B21692666530817,Safana,Katsina,North West,12.521,7.231,40019,1,84.518,55.855,4.699,82.928,36.485,47.578,23.944,2,38.547,18.45,53.457,19.584,45.5,-0.2,45.389,45.591,47.356,18209
2021,59680162B21692666530817,Safana,Katsina,North West,12.521,7.231,40019,1,81.558,48.161,5.623,55.976,37.512,66.088,24.361,1,48.145,36.861,60.763,16.648,47.356,4.23,49.683,45.453,39.789,18952
2022,59680162B21692666530817,Safana,Katsina,North West,12.521,7.231,40019,1,87.402,64.264,3.601,80.448,45.278,55.588,44.183,4,66.164,21.932,47.554,16.696,39.789,1.67,40.705,39.04,39.052,15923
2023,59680162B21692666530817,Safana,Katsina,North West,12.521,7.231,40019,1,87.47,36.099,1.69,60.935,41.251,48.516,17.522,0,65.224,26.218,55.722,11.57,39.052,1.18,39.699,38.523,33.938,15628
2024,59680162B21692666530817,Safana,Katsina,North West,12.521,7.231,40019,1,81.203,31.879,2.798,60.522,31.743,55.082,19.085,1,42.889,28.268,57.488,20.126,33.938,2.35,35.231,32.88,29.917,13582
2025,59680162B21692666530817,Safana,Katsina,North West,12.521,7.231,40019,1,80.008,38.405,2.958,71.243,41.308,72.853,20.607,1,66.161,16.181,63.656,21.266,29.917,1.42,30.698,29.277,,11972
2020,59680162B21986463159939,Oyo East,Oyo,South West,7.876,4.055,128090,1,40.91,84.326,0.2,42.729,76.199,86.708,15.491,0,40.469,0.0,90.695,28.157,6.081,-2.39,4.768,7.155,6.609,7789
2021,59680162B21986463159939,Oyo East,Oyo,South West,7.876,4.055,128090,1,49.452,99.0,0.514,51.688,83.252,99.0,6.294,2,51.826,0.0,99.0,26.056,6.609,-0.24,6.477,6.716,10.089,8465
2022,59680162B21986463159939,Oyo East,Oyo,South West,7.876,4.055,128090,1,51.369,77.671,1.362,40.988,80.445,95.828,5.539,0,53.631,0.0,98.18,23.08,10.089,-2.24,8.857,11.097,9.667,12923
2023,59680162B21986463159939,Oyo East,Oyo,South West,7.876,4.055,128090,1,46.725,76.164,0.2,46.685,87.39,95.236,4.738,0,35.008,8.749,99.0,14.445,9.667,0.72,10.064,9.341,12.415,12382
2024,59680162B21986463159939,Oyo East,Oyo,South West,7.876,4.055,128090,1,52.757,90.813,0.693,28.371,79.902,99.0,2.385,1,39.346,13.315,99.0,52.429,12.415,-0.98,11.875,12.856,6.375,15902
2025,59680162B21986463159939,Oyo East,Oyo,South West,7.876,4.055,128090,1,45.727,81.661,1.617,29.954,64.269,92.969,11.521,1,32.649,2.842,85.953,25.102,6.375,-1.69,5.446,7.136,,8166
2020,59680162B22484757822523,Mubi North,Adamawa,North East,10.357,13.35,47532,1,81.201,47.52,4.989,56.031,16.602,44.242,20.592,3,43.085,38.439,65.248,16.369,48.639,1.26,49.334,48.07,44.909,23119
2021,59680162B22484757822523,Mubi North,Adamawa,North East,10.357,13.35,47532,1,71.668,47.856,2.494,70.577,37.937,75.34,15.789,6,71.264,26.375,62.449,10.794,44.909,-0.19,44.803,44.995,45.557,21346
2022,59680162B22484757822523,Mubi North,Adamawa,North East,10.357,13.35,47532,1,86.767,46.635,3.351,72.794,37.246,51.253,13.057,2,61.896,18.549,72.679,10.991,45.557,0.74,45.966,45.223,50.958,21654
2023,59680162B22484757822523,Mubi North,Adamawa,North East,10.357,13.35,47532,1,64.919,41.85,5.542,73.295,50.558,47.9,12.469,4,79.893,18.511,51.355,17.828,50.958,3.18,52.707,49.527,42.727,24221
2024,59680162B22484757822523,Mubi North,Adamawa,North East,10.357,13.35,47532,1,67.983,48.192,2.977,60.45,50.695,57.513,16.268,4,55.683,24.003,64.988,18.85,42.727,1.99,43.82,41.833,45.946,20309
2025,59680162B22484757822523,Mubi North,Adamawa,North East,10.357,13.35,47532,1,79.899,44.513,2.029,74.393,32.196,81.067,21.495,5,85.698,21.716,75.171,20.423,45.946,1.65,46.855,45.202,,21839
2020,59680162B22561739962750,Ibesikpo Asutan,Akwa Ibom,South South,4.896,7.967,48680,0,70.867,81.391,3.313,15.0,67.109,64.393,16.21,1,56.404,0.0,85.321,29.598,15.174,-1.22,14.502,15.724,23.627,7387
2021,59680162B22561739962750,Ibesikpo Asutan,Akwa Ibom,South South,4.896,7.967,48680,0,82.2,74.644,2.119,49.918,47.644,74.036,14.336,0,44.624,9.608,60.533,27.912,23.627,0.52,23.912,23.393,18.025,11501
2022,59680162B22561739962750,Ibesikpo Asutan,Akwa Ibom,South South,4.896,7.967,48680,0,63.324,81.979,2.656,39.33,79.243,74.732,26.49,0,62.925,8.037,71.659,24.523,18.025,-1.48,17.214,18.689,14.738,8775
2023,59680162B22561739962750,Ibesikpo Asutan,Akwa Ibom,South South,4.896,7.967,48680,0,73.708,77.016,1.1,26.258,73.773,81.82,8.976,1,47.641,0.0,67.35,28.965,14.738,-0.72,14.344,15.061,22.947,7174
2024,59680162B22561739962750,Ibesikpo Asutan,Akwa Ibom,South South,4.896,7.967,48680,0,62.239,94.684,2.886,22.651,45.146,50.323,9.673,0,64.108,11.808,47.163,28.205,22.947,1.45,23.742,22.297,25.783,11171
2025,59680162B22561739962750,Ibesikpo Asutan,Akwa Ibom,South South,4.896,7.967,48680,0,58.144,88.899,2.975,47.169,60.528,65.99,15.42,1,67.754,1.996,78.94,24.337,25.783,-0.69,25.401,26.096,,12551
2020,59680162B22633527707210,Irewole,Osun,South West,7.396,4.231,62496,1,54.207,88.794,2.064,36.688,70.607,99.0,10.293,2,33.005,0.0,99.0,28.97,12.196,3.24,13.98,10.736,8.975,7622
2021,59680162B22633527707210,Irewole,Osun,South West,7.396,4.231,62496,1,60.395,87.822,0.2,46.277,68.851,94.567,7.047,0,64.731,0.0,99.0,34.318,8.975,-2.93,7.364,10.292,8.681,5609
2022,59680162B22633527707210,Irewole,Osun,South West,7.396,4.231,62496,1,51.842,99.0,1.629,39.958,99.0,99.0,8.089,3,34.647,0.0,99.0,18.93,8.681,-2.54,7.286,9.823,18.601,5426
2023,59680162B22633527707210,Irewole,Osun,South West,7.396,4.231,62496,1,66.059,75.209,1.013,35.697,88.852,64.071,0.5,0,28.966,1.54,99.0,19.16,18.601,0.63,18.945,18.319,7.508,11625
2024,59680162B22633527707210,Irewole,Osun,South West,7.396,4.231,62496,1,51.821,99.0,1.179,27.616,97.104,99.0,14.492,1,35.478,0.136,92.321,28.994,7.508,-1.72,6.559,8.284,0.8,4692
2025,59680162B22633527707210,Irewole,Osun,South West,7.396,4.231,62496,1,41.754,97.354,0.2,39.046,88.149,99.0,2.155,1,18.981,0.0,99.0,14.282,0.8,-3.0,0.5,2.15,,500
2020,59680162B2266540401620,Ifo,Ogun,South West,6.77,3.162,16855,1,57.811,83.72,0.388,33.591,69.543,78.114,8.454,0,38.879,0.0,93.629,14.993,13.919,0.7,14.302,13.606,4.588,2346
2021,59680162B2266540401620,Ifo,Ogun,South West,6.77,3.162,16855,1,51.05,90.762,0.2,41.427,90.338,83.769,7.478,0,29.274,2.248,99.0,37.592,4.588,-2.94,2.972,5.911,4.322,773
2022,59680162B2266540401620,Ifo,Ogun,South West,6.77,3.162,16855,1,48.259,99.0,1.028,40.769,72.117,92.438,5.992,1,32.871,0.091,90.467,13.38,4.322,-0.3,4.154,4.459,6.777,728
2023,59680162B2266540401620,Ifo,Ogun,South West,6.77,3.162,16855,1,48.427,80.764,0.741,31.36,79.807,99.0,13.083,0,15.508,10.128,99.0,19.576,6.777,1.2,7.436,6.237,0.8,1142
2024,59680162B2266540401620,Ifo,Ogun,South West,6.77,3.162,16855,1,46.056,72.177,0.374,22.604,79.557,91.334,0.5,1,27.869,0.0,95.84,33.297,0.8,-1.79,0.5,1.606,8.555,135
2025,59680162B2266540401620,Ifo,Ogun,South West,6.77,3.162,16855,1,53.38,76.977,2.1,53.737,76.392,99.0,1.494,0,32.465,0.0,99.0,41.854,8.555,-0.25,8.415,8.669,,1442
2020,59680162B22876202690460,Ekeremor,Bayelsa,South South,4.949,5.712,43125,1,62.635,87.544,0.568,48.303,50.773,98.307,14.525,0,52.847,0.0,54.492,17.561,13.827,1.47,14.638,13.163,10.648,5963
2021,59680162B22876202690460,Ekeremor,Bayelsa,South South,4.949,5.712,43125,1,62.468,89.486,0.721,44.129,73.889,82.608,18.616,1,58.572,0.129,75.741,60.903,10.648,-2.04,9.527,11.565,18.6,4592
2022,59680162B22876202690460,Ekeremor,Bayelsa,South South,4.949,5.712,43125,1,66.936,67.385,3.517,43.684,74.522,93.818,3.29,0,73.144,0.0,93.851,19.428,18.6,-0.67,18.23,18.903,9.208,8021
2023,59680162B22876202690460,Ekeremor,Bayelsa,South South,4.949,5.712,43125,1,47.663,99.0,1.704,43.161,84.87,94.177,11.27,1,50.358,0.0,83.39,22.701,9.208,-1.76,8.24,10.0,12.861,3971
2024,59680162B22876202690460,Ekeremor,Bayelsa,South South,4.949,5.712,43125,1,44.183,78.885,1.287,34.112,74.922,99.0,22.432,4,32.133,0.0,71.069,34.822,12.861,0.02,12.872,12.852,16.16,5546
2025,59680162B22876202690460,Ekeremor,Bayelsa,South South,4.949,5.712,43125,1,59.166,83.752,1.344,37.901,72.422,74.5,3.058,2,65.052,0.804,81.389,14.561,16.16,-1.7,15.227,16.923,,6969
2020,59680162B2298430697284,Idanre,Ondo,South West,6.976,5.254,17218,1,56.153,97.36,1.718,37.409,63.687,99.0,0.5,1,24.874,0.0,82.419,74.975,8.763,-3.0,7.113,10.113,6.302,1509
2021,59680162B2298430697284,Idanre,Ondo,South West,6.976,5.254,17218,1,54.236,86.825,1.738,26.023,90.679,85.736,1.545,1,23.921,0.0,99.0,20.268,6.302,-2.22,5.083,7.299,2.309,1085
2022,59680162B2298430697284,Idanre,Ondo,South West,6.976,5.254,17218,1,52.419,99.0,0.57,45.566,66.599,99.0,8.074,2,53.84,2.45,99.0,22.852,2.309,-3.0,0.659,3.659,3.392,398
2023,59680162B2298430697284,Idanre,Ondo,South West,6.976,5.254,17218,1,45.503,83.825,0.2,48.795,82.698,93.785,12.841,0,23.819,9.366,95.298,31.482,3.392,0.4,3.61,3.212,7.216,584
2024,59680162B2298430697284,Idanre,Ondo,South West,6.976,5.254,17218,1,62.926,98.061,1.433,30.313,71.143,84.225,2.104,0,32.599,5.167,99.0,41.591,7.216,0.07,7.254,7.184,0.8,1242
2025,59680162B2298430697284,Idanre,Ondo,South West,6.976,5.254,17218,1,46.408,99.0,0.2,33.92,85.475,93.83,14.189,1,49.847,2.762,89.668,29.529,0.8,0.36,0.999,0.637,,138
2020,59680162B23155718085687,Mokwa,Niger,North Central,9.196,5.261,11507,1,66.452,68.632,3.621,50.012,77.892,64.279,17.956,2,46.471,6.202,76.87,8.789,23.252,0.34,23.441,23.097,29.735,2676
2021,59680162B23155718085687,Mokwa,Niger,North Central,9.196,5.261,11507,1,69.809,74.372,1.481,65.961,58.819,77.306,16.545,3,54.197,0.928,86.12,10.431,29.735,-2.76,28.215,30.979,14.114,3422
2022,59680162B23155718085687,Mokwa,Niger,North Central,9.196,5.261,11507,1,53.201,73.644,0.83,44.929,52.302,83.806,17.348,3,50.843,9.574,82.604,28.28,14.114,0.82,14.567,13.744,17.896,1624
2023,59680162B23155718085687,Mokwa,Niger,North Central,9.196,5.261,11507,1,63.231,73.025,2.274,43.249,64.933,71.722,9.895,0,34.634,23.401,68.146,23.367,17.896,0.6,18.225,17.627,19.744,2059
2024,59680162B23155718085687,Mokwa,Niger,North Central,9.196,5.261,11507,1,73.654,84.858,3.324,58.626,43.993,66.856,10.588,1,32.131,0.0,79.622,26.967,19.744,-1.91,18.695,20.603,17.771,2272
2025,59680162B23155718085687,Mokwa,Niger,North Central,9.196,5.261,11507,1,62.619,87.221,3.476,46.477,57.575,70.431,0.5,2,62.917,0.0,73.114,27.842,17.771,-2.63,16.324,18.954,,2045
2020,59680162B23369049466603,Ideato South,Imo,South East,5.792,7.16,79179,1,52.746,94.766,0.2,26.555,62.197,76.098,3.923,0,32.782,0.0,88.445,13.268,13.077,1.18,13.725,12.546,6.918,10354
2021,59680162B23369049466603,Ideato South,Imo,South East,5.792,7.16,79179,1,46.011,97.371,0.2,27.461,99.0,94.818,3.882,2,19.051,0.0,94.431,30.12,6.918,-1.16,6.278,7.441,12.535,5477
2022,59680162B23369049466603,Ideato South,Imo,South East,5.792,7.16,79179,1,51.106,96.785,0.978,32.368,50.342,99.0,6.803,0,36.139,0.0,89.129,23.177,12.535,-2.73,11.034,13.762,10.127,9925
2023,59680162B23369049466603,Ideato South,Imo,South East,5.792,7.16,79179,1,57.419,99.0,1.893,29.999,78.3,92.028,1.974,0,46.101,0.0,79.089,15.523,10.127,-3.0,8.477,11.477,5.49,8018
2024,59680162B23369049466603,Ideato South,Imo,South East,5.792,7.16,79179,1,56.068,98.443,0.2,36.352,83.057,88.496,4.075,2,37.827,0.0,98.74,39.713,5.49,-2.34,4.201,6.544,4.979,4347
2025,59680162B23369049466603,Ideato South,Imo,South East,5.792,7.16,79179,1,61.02,99.0,0.2,39.537,99.0,99.0,0.5,0,53.187,0.0,96.267,19.088,4.979,-3.0,3.329,6.329,,3942
2020,59680162B2351853936587,Ideato North,Imo,South East,5.852,7.116,197941,0,59.946,99.0,0.346,27.3,68.601,72.011,1.0,1,50.746,11.228,89.607,38.476,2.355,-1.31,1.637,2.943,9.186,4662
2021,59680162B2351853936587,Ideato North,Imo,South East,5.852,7.116,197941,0,76.292,99.0,0.27,24.674,83.029,92.126,1.032,2,18.571,0.0,74.52,17.304,9.186,-1.21,8.523,9.729,16.095,18183
2022,59680162B2351853936587,Ideato North,Imo,South East,5.852,7.116,197941,0,73.82,83.148,0.282,15.891,75.068,96.694,7.286,0,31.739,5.869,74.917,30.177,16.095,0.57,16.408,15.839,33.159,31859
2023,59680162B2351853936587,Ideato North,Imo,South East,5.852,7.116,197941,0,69.743,89.289,3.019,54.939,79.595,84.146,15.02,1,49.254,0.0,85.729,46.551,33.159,-1.07,32.569,33.642,19.022,65635
2024,59680162B2351853936587,Ideato North,Imo,South East,5.852,7.116,197941,0,76.708,84.531,1.274,18.854,72.509,85.384,9.431,2,26.571,4.543,83.788,33.338,19.022,-0.95,18.498,19.451,5.629,37652
2025,59680162B2351853936587,Ideato North,Imo,South East,5.852,7.116,197941,0,70.687,99.0,1.818,31.404,92.865,91.417,8.664,0,28.326,1.413,84.195,24.508,5.629,0.35,5.819,5.474,,11142
2020,59680162B23543460253472,Degema,Rivers,South South,4.588,6.9,26973,1,66.917,96.636,1.669,44.439,69.592,74.894,17.036,2,58.687,13.635,70.209,17.764,24.023,-0.06,23.992,24.048,25.255,6480
2021,59680162B23543460253472,Degema,Rivers,South South,4.588,6.9,26973,1,74.808,85.928,2.055,36.95,97.4,79.571,10.075,0,55.936,0.03,88.654,27.916,25.255,-3.0,23.605,26.605,12.816,6812
2022,59680162B23543460253472,Degema,Rivers,South South,4.588,6.9,26973,1,59.3,88.876,0.2,53.618,95.02,65.504,6.583,2,65.746,0.0,95.555,17.548,12.816,-0.15,12.735,12.883,21.316,3457
2023,59680162B23543460253472,Degema,Rivers,South South,4.588,6.9,26973,1,70.647,75.635,1.267,47.886,66.617,99.0,8.83,0,61.422,0.0,86.363,39.119,21.316,1.04,21.886,20.85,9.76,5750
2024,59680162B23543460253472,Degema,Rivers,South South,4.588,6.9,26973,1,56.536,88.012,0.408,41.353,68.832,81.064,6.857,1,50.884,6.939,91.19,27.054,9.76,-0.78,9.33,10.111,13.048,2632
2025,59680162B23543460253472,Degema,Rivers,South South,4.588,6.9,26973,1,66.005,99.0,1.219,28.363,66.052,99.0,6.628,0,57.854,0.0,99.0,24.445,13.048,-1.09,12.447,13.54,,3519
2020,59680162B23595872951211,Shagari,Sokoto,North West,12.543,5.072,34442,0,92.128,38.715,5.874,59.771,36.088,38.313,34.889,1,30.38,45.903,58.917,12.166,55.008,1.56,55.868,54.304,51.372,18946
2021,59680162B23595872951211,Shagari,Sokoto,North West,12.543,5.072,34442,0,93.615,25.102,5.947,61.627,17.522,36.74,39.585,1,87.965,35.89,78.452,23.993,51.372,1.96,52.45,50.49,39.815,17694
2022,59680162B23595872951211,Shagari,Sokoto,North West,12.543,5.072,34442,0,71.016,38.678,6.281,45.188,24.105,42.892,3.729,1,52.322,37.043,34.451,12.273,39.815,1.39,40.577,39.191,51.424,13713
2023,59680162B23595872951211,Shagari,Sokoto,North West,12.543,5.072,34442,0,88.766,10.475,4.472,53.531,21.106,33.998,32.286,2,70.718,29.076,42.134,13.597,51.424,3.41,53.301,49.887,50.64,17711
2024,59680162B23595872951211,Shagari,Sokoto,North West,12.543,5.072,34442,0,79.002,35.856,6.495,65.037,41.358,35.912,31.85,0,56.595,36.173,68.526,30.354,50.64,2.77,52.162,49.394,43.409,17441
2025,59680162B23595872951211,Shagari,Sokoto,North West,12.543,5.072,34442,0,87.683,41.205,2.399,51.17,26.849,23.565,25.517,4,57.184,22.723,43.403,33.178,43.409,0.37,43.61,43.245,,14951
2020,59680162B23598949397905,Esan North-East,Edo,South South,6.782,6.42,45524,0,74.732,71.429,2.271,39.822,68.018,59.908,19.616,1,67.183,3.744,83.954,16.063,21.423,-0.81,20.977,21.787,17.829,9752
2021,59680162B23598949397905,Esan North-East,Edo,South South,6.782,6.42,45524,0,71.489,86.049,0.282,38.432,58.619,82.798,13.809,0,67.968,0.399,87.674,12.536,17.829,-1.63,16.932,18.563,24.317,8116
2022,59680162B23598949397905,Esan North-East,Edo,South South,6.782,6.42,45524,0,69.18,64.922,2.368,53.236,57.945,42.784,18.018,1,52.486,10.522,41.098,41.615,24.317,0.04,24.338,24.3,27.176,11070
2023,59680162B23598949397905,Esan North-East,Edo,South South,6.782,6.42,45524,0,66.969,76.239,2.907,42.098,66.009,70.937,22.702,2,44.323,2.047,62.845,27.392,27.176,-1.29,26.467,27.757,9.014,12372
2024,59680162B23598949397905,Esan North-East,Edo,South South,6.782,6.42,45524,0,73.91,88.059,1.691,36.775,88.846,68.953,17.605,0,59.519,0.0,76.504,27.666,9.014,-0.55,8.709,9.263,14.325,4103
2025,59680162B23598949397905,Esan North-East,Edo,South South,6.782,6.42,45524,0,71.777,86.717,1.981,37.147,67.212,69.439,2.427,3,46.831,0.0,77.515,37.653,14.325,0.73,14.725,13.998,,6521
2020,59680162B23671729796425,Iwo,Osun,South West,7.677,4.13,28435,0,71.918,92.494,1.15,44.289,77.319,80.742,12.77,1,33.495,10.036,88.079,22.706,20.729,-2.25,19.492,21.742,20.893,5894
2021,59680162B23671729796425,Iwo,Osun,South West,7.677,4.13,28435,0,76.178,95.869,2.192,32.363,58.003,70.55,9.765,1,30.454,0.0,71.958,32.037,20.893,-0.14,20.814,20.957,11.086,5941
2022,59680162B23671729796425,Iwo,Osun,South West,7.677,4.13,28435,0,73.562,86.54,0.75,48.61,52.691,66.302,0.934,0,29.738,0.0,99.0,23.175,11.086,-1.63,10.19,11.819,16.46,3152
2023,59680162B23671729796425,Iwo,Osun,South West,7.677,4.13,28435,0,57.055,87.241,3.286,45.421,74.276,79.65,2.887,1,20.218,13.855,69.669,31.228,16.46,-0.68,16.085,16.767,15.913,4680
2024,59680162B23671729796425,Iwo,Osun,South West,7.677,4.13,28435,0,62.849,71.568,0.2,35.788,84.448,86.217,10.864,0,33.693,0.0,74.377,28.002,15.913,-1.44,15.122,16.56,14.459,4525
2025,59680162B23671729796425,Iwo,Osun,South West,7.677,4.13,28435,0,65.138,87.066,4.203,30.936,72.987,83.534,8.655,0,42.281,13.545,99.0,35.596,14.459,0.5,14.734,14.235,,4112
2020,59680162B23843497952419,Ido,Oyo,South West,7.476,3.716,40763,1,51.413,87.839,0.285,40.94,67.024,69.728,0.5,1,33.705,12.0,99.0,21.027,17.677,-2.52,16.292,18.81,4.881,7206
2021,59680162B23843497952419,Ido,Oyo,South West,7.476,3.716,40763,1,49.85,90.551,0.2,38.628,85.968,99.0,8.782,0,40.494,3.528,68.041,18.201,4.881,-0.03,4.862,4.896,0.8,1990
2022,59680162B23843497952419,Ido,Oyo,South West,7.476,3.716,40763,1,46.762,84.998,1.057,42.844,80.072,76.756,4.295,0,32.283,0.0,88.145,14.986,0.8,-0.54,0.503,1.043,12.38,326
2023,59680162B23843497952419,Ido,Oyo,South West,7.476,3.716,40763,1,52.381,88.147,1.385,53.646,81.877,99.0,0.5,1,37.151,0.0,99.0,35.035,12.38,-2.9,10.784,13.686,16.154,5047
2024,59680162B23843497952419,Ido,Oyo,South West,7.476,3.716,40763,1,43.853,93.162,1.051,17.6,62.583,78.732,24.171,1,43.521,0.0,99.0,34.464,16.154,2.58,17.572,14.995,6.41,6585
2025,59680162B23843497952419,Ido,Oyo,South West,7.476,3.716,40763,1,51.177,91.017,0.634,45.81,91.31,99.0,0.5,0,25.045,0.0,80.549,24.003,6.41,1.47,7.217,5.751,,2613
2020,59680162B23949108035203,Ajaokuta,Kogi,North Central,7.504,6.503,30323,0,72.298,49.929,2.967,42.618,31.84,39.467,17.679,1,51.619,20.203,35.774,5.08,29.807,3.89,31.945,28.057,34.105,9038
2021,59680162B23949108035203,Ajaokuta,Kogi,North Central,7.504,6.503,30323,0,78.665,59.893,3.42,47.169,52.421,67.086,15.577,3,49.702,6.624,57.392,26.059,34.105,1.36,34.853,33.492,34.231,10342
2022,59680162B23949108035203,Ajaokuta,Kogi,North Central,7.504,6.503,30323,0,66.468,65.54,2.948,40.966,41.24,61.363,24.956,3,46.101,15.382,65.582,25.884,34.231,0.73,34.632,33.902,26.174,10380
2023,59680162B23949108035203,Ajaokuta,Kogi,North Central,7.504,6.503,30323,0,61.57,46.607,3.01,45.096,18.559,71.288,12.86,2,56.262,1.729,55.79,9.972,26.174,3.0,27.825,24.822,39.175,7937
2024,59680162B23949108035203,Ajaokuta,Kogi,North Central,7.504,6.503,30323,0,80.42,64.438,3.418,63.685,45.917,71.606,25.504,4,43.278,0.0,59.528,28.158,39.175,2.93,40.788,37.855,29.82,11879
2025,59680162B23949108035203,Ajaokuta,Kogi,North Central,7.504,6.503,30323,0,70.157,67.979,3.815,40.201,41.867,70.906,19.022,3,74.028,15.404,55.214,25.628,29.82,-1.28,29.117,30.395,,9042
2020,59680162B23952502219543,Biu,Borno,North East,10.829,12.061,46745,1,83.027,52.83,2.467,56.6,58.025,66.492,24.122,6,67.677,20.213,54.071,13.594,37.512,0.93,38.022,37.095,38.121,17535
2021,59680162B23952502219543,Biu,Borno,North East,10.829,12.061,46745,1,90.781,65.93,2.744,60.554,41.911,54.152,27.712,3,58.526,35.578,68.132,7.723,38.121,0.61,38.455,37.848,37.375,17820
2022,59680162B23952502219543,Biu,Borno,North East,10.829,12.061,46745,1,76.172,68.134,3.04,66.563,62.975,33.099,25.918,8,61.641,25.622,60.387,17.516,37.375,0.05,37.402,37.353,40.042,17471
2023,59680162B23952502219543,Biu,Borno,North East,10.829,12.061,46745,1,82.036,48.153,3.891,66.902,31.746,73.634,15.767,1,53.474,21.082,55.376,11.85,40.042,2.9,41.635,38.738,46.665,18717
2024,59680162B23952502219543,Biu,Borno,North East,10.829,12.061,46745,1,89.131,47.827,4.817,44.346,32.706,63.321,15.883,6,58.149,23.724,66.497,12.703,46.665,0.44,46.907,46.467,38.534,21814
2025,59680162B23952502219543,Biu,Borno,North East,10.829,12.061,46745,1,82.393,47.057,3.956,53.07,49.645,84.914,17.403,11,65.614,33.901,49.687,26.331,38.534,2.08,39.678,37.599,,18013
2020,59680162B23965546094498,Dandume,Katsina,North West,11.42,7.222,41806,0,93.171,40.807,5.721,48.061,26.854,56.453,29.299,1,56.347,30.427,31.602,18.616,44.645,2.03,45.762,43.73,54.28,18664
2021,59680162B23965546094498,Dandume,Katsina,North West,11.42,7.222,41806,0,86.694,38.849,2.34,71.344,28.752,46.121,29.415,1,71.748,43.564,44.984,10.18,54.28,4.26,56.622,52.364,44.712,22692
2022,59680162B23965546094498,Dandume,Katsina,North West,11.42,7.222,41806,0,93.425,25.437,3.968,74.197,43.545,57.223,17.378,2,62.627,18.179,43.302,13.552,44.712,2.06,45.845,43.786,37.231,18693
2023,59680162B23965546094498,Dandume,Katsina,North West,11.42,7.222,41806,0,83.781,39.115,4.651,53.469,40.569,45.457,24.365,2,64.621,30.573,27.236,15.879,37.231,1.69,38.158,36.472,57.994,15565
2024,59680162B23965546094498,Dandume,Katsina,North West,11.42,7.222,41806,0,93.319,32.624,4.975,83.229,36.347,51.876,32.809,1,70.599,23.697,43.798,23.722,57.994,3.5,59.922,56.417,44.341,24245
2025,59680162B23965546094498,Dandume,Katsina,North West,11.42,7.222,41806,0,82.343,39.922,4.21,65.678,24.139,19.065,37.538,2,93.143,25.491,32.915,17.716,44.341,1.18,44.99,43.81,,18537
2020,59680162B23991224305955,Okene,Kogi,North Central,7.524,6.231,53912,0,69.288,56.445,3.553,44.972,47.755,53.94,25.465,3,51.961,13.025,81.339,25.834,33.551,-0.38,33.341,33.722,25.718,18088
2021,59680162B23991224305955,Okene,Kogi,North Central,7.524,6.231,53912,0,81.199,70.662,1.227,36.911,51.862,32.888,5.67,1,38.561,22.856,65.93,27.198,25.718,-1.03,25.151,26.182,31.899,13865
2022,59680162B23991224305955,Okene,Kogi,North Central,7.524,6.231,53912,0,67.853,53.119,2.926,45.516,36.215,50.168,18.383,3,53.72,12.53,99.0,29.481,31.899,2.01,33.005,30.994,23.209,17197
2023,59680162B23991224305955,Okene,Kogi,North Central,7.524,6.231,53912,0,85.048,78.534,3.105,43.956,61.391,56.575,25.287,2,42.58,17.192,62.866,23.909,23.209,-0.66,22.843,23.508,26.844,12512
2024,59680162B23991224305955,Okene,Kogi,North Central,7.524,6.231,53912,0,72.452,70.736,2.502,47.066,50.294,70.412,24.344,1,48.006,2.12,61.975,15.43,26.844,0.86,27.318,26.455,35.847,14472
2025,59680162B23991224305955,Okene,Kogi,North Central,7.524,6.231,53912,0,77.197,80.854,6.335,52.394,39.596,65.292,14.188,1,47.071,15.78,90.387,23.626,35.847,1.5,36.674,35.17,,19326
2020,59680162B24000905354670,Ohaukwu,Ebonyi,South East,6.539,7.986,46573,0,63.674,89.729,1.216,36.678,54.407,72.568,8.534,0,28.746,0.0,76.938,25.221,8.305,-0.95,7.785,8.731,11.24,3868
2021,59680162B24000905354670,Ohaukwu,Ebonyi,South East,6.539,7.986,46573,0,72.59,87.508,0.27,19.183,66.036,77.758,1.879,0,42.287,14.499,93.254,15.824,11.24,1.36,11.987,10.63,12.151,5235
2022,59680162B24000905354670,Ohaukwu,Ebonyi,South East,6.539,7.986,46573,0,66.106,84.324,1.026,51.504,83.622,84.744,0.828,0,49.914,6.169,77.169,50.744,12.151,0.43,12.387,11.958,5.215,5659
2023,59680162B24000905354670,Ohaukwu,Ebonyi,South East,6.539,7.986,46573,0,63.307,85.462,1.488,23.94,82.359,81.144,2.597,0,30.85,2.931,77.72,34.733,5.215,-2.49,3.844,6.337,6.007,2429
2024,59680162B24000905354670,Ohaukwu,Ebonyi,South East,6.539,7.986,46573,0,68.389,96.735,2.065,24.159,97.853,93.806,11.564,0,38.466,0.0,77.118,17.723,6.007,-2.11,4.849,6.954,14.85,2798
2025,59680162B24000905354670,Ohaukwu,Ebonyi,South East,6.539,7.986,46573,0,63.894,89.358,3.526,15.094,69.5,95.606,4.323,0,20.388,0.0,73.827,30.772,14.85,0.46,15.104,14.642,,6916
2020,59680162B24147659958725,Yola South,Adamawa,North East,9.242,12.359,89331,0,72.012,38.167,4.966,57.108,25.261,57.32,29.614,4,56.435,35.105,32.126,11.863,45.32,2.39,46.634,44.245,59.567,40485
2021,59680162B24147659958725,Yola South,Adamawa,North East,9.242,12.359,89331,0,75.618,18.815,5.109,60.008,35.444,51.094,34.854,6,63.993,42.862,58.469,20.608,59.567,3.71,61.608,57.897,42.698,53211
2022,59680162B24147659958725,Yola South,Adamawa,North East,9.242,12.359,89331,0,82.133,36.9,3.891,62.041,30.98,30.825,27.848,2,85.829,23.619,43.407,34.673,42.698,1.4,43.467,42.068,44.438,38142
2023,59680162B24147659958725,Yola South,Adamawa,North East,9.242,12.359,89331,0,71.128,35.262,3.338,62.916,21.418,44.57,25.95,3,60.652,24.282,49.738,27.216,44.438,2.27,45.688,43.415,58.829,39697
2024,59680162B24147659958725,Yola South,Adamawa,North East,9.242,12.359,89331,0,91.447,31.987,4.366,60.484,27.284,38.888,32.206,4,56.411,20.817,47.979,16.552,58.829,2.74,60.336,57.596,51.766,52552
2025,59680162B24147659958725,Yola South,Adamawa,North East,9.242,12.359,89331,0,79.162,33.12,3.466,54.523,44.735,25.236,24.009,3,75.806,40.02,53.753,33.628,51.766,1.44,52.558,51.118,,46243
2020,59680162B24167581171767,Bauchi,Bauchi,North East,10.252,9.951,36062,0,99.0,51.929,5.223,65.202,34.466,35.144,39.46,2,44.042,25.613,36.83,13.347,64.464,0.26,64.609,64.346,54.055,23247
2021,59680162B24167581171767,Bauchi,Bauchi,North East,10.252,9.951,36062,0,99.0,47.966,4.635,62.666,35.28,63.911,31.686,2,59.668,34.976,59.592,16.853,54.055,0.04,54.075,54.039,58.26,19493
2022,59680162B24167581171767,Bauchi,Bauchi,North East,10.252,9.951,36062,0,96.203,37.25,4.646,50.404,27.333,39.115,16.101,5,67.289,29.72,50.768,24.663,58.26,0.77,58.683,57.914,45.722,21010
2023,59680162B24167581171767,Bauchi,Bauchi,North East,10.252,9.951,36062,0,93.095,48.704,4.524,57.409,50.439,57.045,22.104,5,57.979,29.013,53.884,15.39,45.722,0.68,46.095,45.417,63.084,16488
2024,59680162B24167581171767,Bauchi,Bauchi,North East,10.252,9.951,36062,0,89.957,45.141,7.023,59.852,23.513,52.015,23.748,4,69.668,21.754,51.486,21.2,63.084,1.68,64.007,62.33,52.723,22749
2025,59680162B24167581171767,Bauchi,Bauchi,North East,10.252,9.951,36062,0,96.959,33.95,3.122,60.8,43.365,44.591,31.579,8,55.74,27.541,77.813,19.787,52.723,2.03,53.837,51.811,,19013
2020,59680162B24203265637376,Gwale,Kano,North West,11.976,8.476,9138,0,85.412,37.065,3.916,62.665,40.876,36.512,32.115,3,49.131,32.358,30.695,18.69,51.0,3.22,52.772,49.551,57.267,4660
2021,59680162B24203265637376,Gwale,Kano,North West,11.976,8.476,9138,0,88.384,46.181,6.957,59.742,25.449,35.484,28.876,0,81.885,32.778,45.562,27.729,57.267,2.28,58.522,56.239,54.095,5233
2022,59680162B24203265637376,Gwale,Kano,North West,11.976,8.476,9138,0,99.0,43.495,4.654,63.961,10.999,42.344,27.565,1,54.905,29.276,77.457,21.072,54.095,0.72,54.493,53.769,51.345,4943
2023,59680162B24203265637376,Gwale,Kano,North West,11.976,8.476,9138,0,95.855,50.821,2.474,69.987,26.241,58.894,43.476,1,44.131,45.106,47.533,21.623,51.345,2.57,52.757,50.189,47.337,4692
2024,59680162B24203265637376,Gwale,Kano,North West,11.976,8.476,9138,0,94.541,27.244,4.467,57.127,29.226,62.072,34.106,1,71.278,28.157,56.11,15.64,47.337,-0.1,47.283,47.381,51.661,4326
2025,59680162B24203265637376,Gwale,Kano,North West,11.976,8.476,9138,0,95.777,38.641,4.133,52.591,42.174,13.254,30.528,2,67.938,23.415,65.446,29.712,51.661,2.62,53.1,50.483,,4721
2020,59680162B24316958669382,Fagge,Kano,North West,12.033,8.517,20396,0,99.0,45.506,5.762,42.219,24.062,32.104,35.75,2,53.966,44.299,40.298,19.471,56.465,3.56,58.425,54.861,51.088,11517
2021,59680162B24316958669382,Fagge,Kano,North West,12.033,8.517,20396,0,87.048,46.081,4.875,72.918,31.884,16.741,23.776,0,61.536,33.142,50.093,15.019,51.088,1.29,51.797,50.508,50.538,10420
2022,59680162B24316958669382,Fagge,Kano,North West,12.033,8.517,20396,0,80.442,40.18,2.959,57.3,28.46,40.002,31.336,2,48.804,31.758,67.443,18.177,50.538,-1.61,49.65,51.264,52.078,10308
2023,59680162B24316958669382,Fagge,Kano,North West,12.033,8.517,20396,0,99.0,35.85,3.593,69.473,52.945,39.265,41.187,1,52.337,24.164,41.219,11.482,52.078,0.34,52.267,51.924,60.494,10622
2024,59680162B24316958669382,Fagge,Kano,North West,12.033,8.517,20396,0,80.65,38.519,4.134,53.613,15.329,19.108,37.371,0,47.498,32.469,33.986,37.264,60.494,0.54,60.789,60.253,57.205,12338
2025,59680162B24316958669382,Fagge,Kano,North West,12.033,8.517,20396,0,97.153,50.627,5.62,42.403,26.057,85.28,36.241,2,63.949,34.086,58.959,19.802,57.205,0.57,57.521,56.947,,11668
2020,59680162B24409102010221,Maiha,Adamawa,North East,9.863,13.15,19327,1,84.099,56.674,4.523,55.026,45.634,40.776,25.635,8,52.868,20.937,51.555,21.767,45.425,1.09,46.023,44.935,40.795,8779
2021,59680162B24409102010221,Maiha,Adamawa,North East,9.863,13.15,19327,1,70.102,33.013,1.911,75.079,39.234,62.103,25.84,6,84.933,27.508,52.911,23.684,40.795,2.47,42.155,39.681,57.377,7884
2022,59680162B24409102010221,Maiha,Adamawa,North East,9.863,13.15,19327,1,72.421,31.203,4.117,54.002,33.073,37.864,31.62,7,90.632,26.339,48.222,23.599,57.377,2.38,58.685,56.308,39.624,11089
2023,59680162B24409102010221,Maiha,Adamawa,North East,9.863,13.15,19327,1,76.519,49.304,2.514,61.739,51.537,57.039,31.53,7,61.184,13.889,83.318,21.689,39.624,1.89,40.663,38.774,44.45,7658
2024,59680162B24409102010221,Maiha,Adamawa,North East,9.863,13.15,19327,1,78.987,48.4,3.269,59.583,36.584,70.635,29.801,5,58.326,18.478,41.365,22.06,44.45,1.84,45.464,43.62,44.369,8591
2025,59680162B24409102010221,Maiha,Adamawa,North East,9.863,13.15,19327,1,74.054,46.757,4.062,48.967,24.129,56.757,29.41,5,92.752,13.791,71.592,24.123,44.369,1.6,45.249,43.648,,8575
2020,59680162B24430291126178,Dawakin Kudu,Kano,North West,11.792,8.704,28621,1,85.571,46.733,4.398,83.949,42.669,52.439,31.004,3,52.814,14.471,61.988,9.311,44.696,-1.08,44.104,45.18,45.828,12792
2021,59680162B24430291126178,Dawakin Kudu,Kano,North West,11.792,8.704,28621,1,86.908,46.33,6.102,67.574,16.732,55.761,11.184,1,53.553,38.136,69.855,33.485,45.828,2.33,47.111,44.778,34.224,13116
2022,59680162B24430291126178,Dawakin Kudu,Kano,North West,11.792,8.704,28621,1,73.669,39.333,2.433,48.495,30.978,63.362,16.724,1,68.408,35.024,82.991,31.151,34.224,2.75,35.735,32.988,40.765,9795
2023,59680162B24430291126178,Dawakin Kudu,Kano,North West,11.792,8.704,28621,1,80.529,42.443,2.487,64.155,48.974,55.264,25.286,2,49.117,35.021,53.676,13.435,40.765,3.69,42.795,39.105,41.764,11667
2024,59680162B24430291126178,Dawakin Kudu,Kano,North West,11.792,8.704,28621,1,81.255,56.788,5.431,76.834,40.333,90.03,21.817,2,41.081,31.825,63.686,22.83,41.764,3.7,43.797,40.101,38.376,11953
2025,59680162B24430291126178,Dawakin Kudu,Kano,North West,11.792,8.704,28621,1,77.208,61.694,6.055,66.558,40.799,25.258,18.454,1,69.668,25.974,82.253,16.608,38.376,2.22,39.598,37.377,,10984
2020,59680162B24434385919413,Ukanafun,Akwa Ibom,South South,4.902,7.589,18671,0,64.461,80.103,3.354,32.829,39.619,69.375,12.423,1,46.638,2.589,69.021,11.583,21.169,0.01,21.176,21.163,25.838,3952
2021,59680162B24434385919413,Ukanafun,Akwa Ibom,South South,4.902,7.589,18671,0,61.891,90.94,2.582,49.718,51.662,74.015,15.406,1,73.993,7.363,69.899,23.398,25.838,2.1,26.994,24.891,30.816,4824
2022,59680162B24434385919413,Ukanafun,Akwa Ibom,South South,4.902,7.589,18671,0,71.169,78.392,3.576,50.29,40.373,64.561,7.549,3,49.448,0.0,83.606,13.402,30.816,-0.55,30.513,31.064,10.678,5754
2023,59680162B24434385919413,Ukanafun,Akwa Ibom,South South,4.902,7.589,18671,0,73.823,78.117,2.607,32.16,87.978,51.779,11.662,2,45.167,0.0,83.344,38.117,10.678,-2.16,9.49,11.649,27.469,1994
2024,59680162B24434385919413,Ukanafun,Akwa Ibom,South South,4.902,7.589,18671,0,71.632,86.388,1.96,46.845,62.434,78.299,10.576,0,37.049,1.061,75.279,24.263,27.469,-0.56,27.159,27.722,23.115,5129
2025,59680162B24434385919413,Ukanafun,Akwa Ibom,South South,4.902,7.589,18671,0,73.041,83.689,0.755,39.718,58.433,55.691,19.17,0,69.42,0.0,71.557,21.05,23.115,1.62,24.009,22.385,,4316
2020,59680162B24502748844916,Bakura,Zamfara,North West,12.568,5.866,18717,0,96.603,19.928,2.802,60.214,37.745,39.345,38.084,1,55.352,24.821,46.264,5.428,53.405,1.45,54.202,52.753,52.406,9996
2021,59680162B24502748844916,Bakura,Zamfara,North West,12.568,5.866,18717,0,84.612,31.884,2.919,63.035,32.322,39.396,37.334,3,58.802,41.208,55.601,17.053,52.406,5.43,55.39,49.965,49.559,9809
2022,59680162B24502748844916,Bakura,Zamfara,North West,12.568,5.866,18717,0,84.077,28.191,3.14,60.934,33.0,49.564,46.283,1,69.455,32.584,40.162,24.9,49.559,2.48,50.925,48.442,42.642,9276
2023,59680162B24502748844916,Bakura,Zamfara,North West,12.568,5.866,18717,0,85.937,30.625,5.794,62.077,32.008,47.834,28.43,2,54.279,41.484,34.354,15.819,42.642,2.25,43.877,41.63,51.591,7981
2024,59680162B24502748844916,Bakura,Zamfara,North West,12.568,5.866,18717,0,73.274,23.316,5.173,56.682,29.875,32.964,37.492,4,60.158,34.244,47.037,15.131,51.591,2.19,52.793,50.607,51.273,9656
2025,59680162B24502748844916,Bakura,Zamfara,North West,12.568,5.866,18717,0,87.119,26.625,4.334,56.525,28.654,39.006,38.149,0,71.076,36.307,43.351,22.514,51.273,1.98,52.36,50.383,,9597
2020,59680162B24550873512487,Chikun,Kaduna,North West,10.425,7.314,25045,0,87.196,24.288,5.005,56.874,36.6,20.006,41.552,3,55.535,28.522,47.826,7.222,54.065,5.34,57.001,51.662,50.131,13541
2021,59680162B24550873512487,Chikun,Kaduna,North West,10.425,7.314,25045,0,85.138,27.448,3.549,44.272,36.62,29.898,32.06,0,74.295,36.333,62.501,19.172,50.131,1.27,50.831,49.557,57.197,12555
2022,59680162B24550873512487,Chikun,Kaduna,North West,10.425,7.314,25045,0,96.829,52.207,4.203,55.916,27.387,28.267,34.48,2,49.388,46.057,63.574,15.22,57.197,-0.82,56.745,57.566,45.805,14325
2023,59680162B24550873512487,Chikun,Kaduna,North West,10.425,7.314,25045,0,81.318,42.022,4.165,61.66,40.473,48.84,24.442,0,48.249,44.014,42.779,23.148,45.805,2.05,46.934,44.882,50.13,11472
2024,59680162B24550873512487,Chikun,Kaduna,North West,10.425,7.314,25045,0,88.083,44.016,5.467,61.107,15.035,55.554,35.431,2,58.705,34.31,32.997,11.501,50.13,0.08,50.172,50.095,47.843,12555
2025,59680162B24550873512487,Chikun,Kaduna,North West,10.425,7.314,25045,0,91.971,35.734,4.263,56.88,40.765,42.932,30.441,1,63.881,23.342,62.58,16.491,47.843,0.31,48.013,47.703,,11982
2020,59680162B24636018787341,Igalamela-Odolu,Kogi,North Central,7.036,7.096,85875,0,76.66,48.294,1.076,47.245,14.712,69.365,19.586,0,62.977,12.553,51.591,20.814,36.345,2.86,37.917,35.058,31.815,31211
2021,59680162B24636018787341,Igalamela-Odolu,Kogi,North Central,7.036,7.096,85875,0,71.89,65.961,4.193,49.458,69.398,81.37,14.392,3,32.616,9.142,64.965,19.718,31.815,0.97,32.349,31.379,35.689,27322
2022,59680162B24636018787341,Igalamela-Odolu,Kogi,North Central,7.036,7.096,85875,0,71.824,79.51,2.074,33.304,57.718,81.746,33.042,5,34.033,15.997,75.03,21.429,35.689,-0.68,35.314,35.996,34.076,30648
2023,59680162B24636018787341,Igalamela-Odolu,Kogi,North Central,7.036,7.096,85875,0,72.501,66.129,2.014,37.252,41.887,90.385,26.278,5,41.626,9.845,70.833,14.896,34.076,0.16,34.163,34.005,28.876,29263
2024,59680162B24636018787341,Igalamela-Odolu,Kogi,North Central,7.036,7.096,85875,0,73.127,48.463,3.32,46.443,43.367,40.984,18.192,0,41.668,21.446,57.483,25.0,28.876,2.36,30.172,27.816,32.07,24798
2025,59680162B24636018787341,Igalamela-Odolu,Kogi,North Central,7.036,7.096,85875,0,64.325,63.331,3.627,41.075,44.82,53.207,25.161,1,31.728,1.751,68.416,25.4,32.07,0.61,32.403,31.798,,27540
2020,59680162B24840578600877,Tarauni,Kano,North West,11.96,8.565,21641,0,95.405,33.355,3.719,73.786,38.196,42.312,35.506,1,51.493,33.268,42.36,16.053,55.244,2.01,56.352,54.337,55.552,11955
2021,59680162B24840578600877,Tarauni,Kano,North West,11.96,8.565,21641,0,92.686,37.782,4.534,78.551,40.702,12.097,35.42,3,59.768,31.769,48.578,24.159,55.552,2.16,56.739,54.582,52.045,12022
2022,59680162B24840578600877,Tarauni,Kano,North West,11.96,8.565,21641,0,93.015,46.553,3.919,57.409,49.672,13.542,32.465,1,59.808,31.46,65.835,8.525,52.045,0.69,52.427,51.733,59.425,11263
2023,59680162B24840578600877,Tarauni,Kano,North West,11.96,8.565,21641,0,92.903,26.109,4.936,64.82,18.838,33.234,25.988,1,50.409,43.874,55.692,28.953,59.425,5.53,62.469,56.934,43.477,12860
2024,59680162B24840578600877,Tarauni,Kano,North West,11.96,8.565,21641,0,84.164,32.757,2.181,69.505,26.416,33.034,36.181,0,75.481,16.892,45.78,21.616,43.477,1.86,44.5,42.64,49.81,9409
2025,59680162B24840578600877,Tarauni,Kano,North West,11.96,8.565,21641,0,93.675,49.716,3.672,74.474,22.112,49.417,31.219,2,76.189,37.829,53.966,30.482,49.81,3.22,51.581,48.361,,10779
2020,59680162B24857715869577,Logo,Benue,North Central,7.724,9.232,46547,0,83.224,61.255,4.879,58.238,54.345,26.873,9.361,1,45.757,13.778,81.525,8.242,34.28,1.07,34.867,33.799,42.146,15956
2021,59680162B24857715869577,Logo,Benue,North Central,7.724,9.232,46547,0,62.207,44.916,1.811,47.379,19.579,61.516,27.971,3,76.264,22.608,57.452,13.546,42.146,1.91,43.197,41.286,32.796,19618
2022,59680162B24857715869577,Logo,Benue,North Central,7.724,9.232,46547,0,77.602,58.787,1.894,48.593,54.976,87.924,27.098,2,39.235,20.244,53.302,18.559,32.796,-0.48,32.531,33.013,20.939,15266
2023,59680162B24857715869577,Logo,Benue,North Central,7.724,9.232,46547,0,65.423,74.862,3.056,50.67,56.332,46.44,10.087,2,24.519,13.781,75.604,20.746,20.939,0.87,21.419,20.547,35.232,9747
2024,59680162B24857715869577,Logo,Benue,North Central,7.724,9.232,46547,0,71.197,56.744,2.081,53.03,77.414,80.238,27.657,2,53.131,15.012,62.746,20.962,35.232,-0.33,35.049,35.382,22.045,16400
2025,59680162B24857715869577,Logo,Benue,North Central,7.724,9.232,46547,0,69.257,63.918,0.512,36.813,57.2,57.181,12.403,2,63.892,11.261,79.641,30.981,22.045,-0.52,21.758,22.28,,10261
2020,59680162B25032665557199,Essien Udim,Akwa Ibom,South South,5.098,7.663,23779,0,60.305,78.602,2.656,31.336,61.198,48.916,13.827,0,53.409,10.453,73.367,14.881,17.339,-2.92,15.733,18.653,23.781,4123
2021,59680162B25032665557199,Essien Udim,Akwa Ibom,South South,5.098,7.663,23779,0,61.991,82.253,3.603,47.932,69.989,60.212,12.083,2,63.217,1.416,95.609,51.75,23.781,-1.66,22.87,24.527,25.924,5655
2022,59680162B25032665557199,Essien Udim,Akwa Ibom,South South,5.098,7.663,23779,0,87.122,77.484,2.939,25.503,46.702,71.616,18.144,3,51.742,5.756,54.191,35.003,25.924,-1.05,25.349,26.394,21.931,6164
2023,59680162B25032665557199,Essien Udim,Akwa Ibom,South South,5.098,7.663,23779,0,64.317,71.445,2.267,26.335,63.036,60.681,13.433,0,61.383,0.0,90.382,23.435,21.931,0.88,22.413,21.537,26.139,5215
2024,59680162B25032665557199,Essien Udim,Akwa Ibom,South South,5.098,7.663,23779,0,65.676,72.137,2.275,51.868,74.544,88.144,20.17,0,31.129,0.0,60.508,31.494,26.139,-3.0,24.489,27.489,25.756,6216
2025,59680162B25032665557199,Essien Udim,Akwa Ibom,South South,5.098,7.663,23779,0,77.581,77.93,2.149,26.174,65.382,39.818,12.932,0,34.884,0.0,44.901,32.387,25.756,1.4,26.526,25.127,,6125
2020,59680162B2505789698133,Kwande,Benue,North Central,6.742,9.414,9847,0,79.358,62.832,1.577,57.866,56.749,79.555,25.131,3,69.057,0.0,66.212,13.185,33.17,-0.26,33.028,33.286,38.756,3266
2021,59680162B2505789698133,Kwande,Benue,North Central,6.742,9.414,9847,0,81.797,50.327,3.175,38.23,36.99,64.32,13.479,3,51.649,3.376,77.188,23.441,38.756,2.14,39.932,37.794,19.964,3816
2022,59680162B2505789698133,Kwande,Benue,North Central,6.742,9.414,9847,0,60.876,44.438,4.164,54.764,70.252,66.212,27.351,1,45.481,4.585,88.52,13.83,19.964,0.23,20.09,19.862,29.474,1966
2023,59680162B2505789698133,Kwande,Benue,North Central,6.742,9.414,9847,0,65.425,66.034,1.979,40.447,55.434,53.509,23.757,1,41.774,3.43,59.285,18.023,29.474,0.99,30.019,29.029,36.672,2902
2024,59680162B2505789698133,Kwande,Benue,North Central,6.742,9.414,9847,0,82.242,49.685,2.179,52.202,52.515,61.34,16.623,5,55.605,0.0,61.296,23.046,36.672,-2.78,35.143,37.924,31.117,3611
2025,59680162B2505789698133,Kwande,Benue,North Central,6.742,9.414,9847,0,86.823,48.32,2.868,44.015,50.288,68.689,26.308,3,55.618,15.793,75.127,31.562,31.117,1.33,31.846,30.52,,3064
2020,59680162B2512996274201,Akoko South East,Ondo,South West,7.427,5.905,44335,1,53.265,92.81,1.319,51.59,82.757,93.579,6.297,0,39.178,0.0,80.627,15.73,6.055,-1.79,5.072,6.858,0.8,2684
2021,59680162B2512996274201,Akoko South East,Ondo,South West,7.427,5.905,44335,1,50.897,99.0,0.2,38.989,99.0,89.054,12.435,0,40.012,2.332,99.0,19.598,0.8,0.04,0.824,0.78,3.218,355
2022,59680162B2512996274201,Akoko South East,Ondo,South West,7.427,5.905,44335,1,50.455,98.07,0.891,51.58,89.994,97.717,12.279,0,42.089,0.0,99.0,28.382,3.218,-1.3,2.505,3.802,2.191,1427
2023,59680162B2512996274201,Akoko South East,Ondo,South West,7.427,5.905,44335,1,59.844,96.577,1.221,45.204,72.783,99.0,0.5,0,33.59,0.0,99.0,31.696,2.191,-3.0,0.541,3.541,7.58,971
2024,59680162B2512996274201,Akoko South East,Ondo,South West,7.427,5.905,44335,1,57.686,98.185,1.22,43.113,62.019,77.352,9.761,0,37.645,0.0,86.356,44.399,7.58,-1.75,6.618,8.367,0.8,3361
2025,59680162B2512996274201,Akoko South East,Ondo,South West,7.427,5.905,44335,1,56.555,99.0,1.105,36.44,76.936,96.424,8.19,0,37.625,0.0,86.164,18.733,0.8,-0.27,0.652,0.921,,355
2020,59680162B25131261753844,Etung,Cross River,South South,5.857,8.795,21521,1,70.034,99.0,0.968,46.22,77.728,99.0,0.5,1,43.028,2.621,68.218,21.007,14.602,-1.13,13.981,15.111,11.639,3143
2021,59680162B25131261753844,Etung,Cross River,South South,5.857,8.795,21521,1,59.976,92.709,0.946,51.823,73.095,68.865,11.005,2,48.211,0.0,72.948,19.286,11.639,-1.17,10.993,12.167,7.782,2505
2022,59680162B25131261753844,Etung,Cross River,South South,5.857,8.795,21521,1,44.154,94.447,0.362,46.515,71.105,68.927,11.158,0,61.652,0.0,77.17,21.452,7.782,-2.16,6.596,8.752,17.578,1675
2023,59680162B25131261753844,Etung,Cross River,South South,5.857,8.795,21521,1,65.612,89.939,1.653,47.622,55.293,89.887,15.405,0,56.933,0.0,93.813,35.176,17.578,-2.26,16.334,18.595,12.028,3783
2024,59680162B25131261753844,Etung,Cross River,South South,5.857,8.795,21521,1,60.537,81.024,0.335,32.637,79.758,73.404,0.5,1,38.155,0.0,77.357,59.034,12.028,0.98,12.569,11.586,16.82,2589
2025,59680162B25131261753844,Etung,Cross River,South South,5.857,8.795,21521,1,60.576,87.748,1.212,42.53,85.567,99.0,19.291,2,67.321,7.191,80.003,35.125,16.82,1.14,17.449,16.306,,3620
2020,59680162B25214275797379,Ado-Ekiti,Ekiti,South West,7.616,5.235,127675,0,78.051,91.222,2.707,36.02,98.0,75.239,13.262,0,32.823,17.414,83.974,21.035,22.702,-2.46,21.348,23.811,7.885,28985
2021,59680162B25214275797379,Ado-Ekiti,Ekiti,South West,7.616,5.235,127675,0,51.428,79.334,0.27,32.001,83.153,89.845,19.147,0,45.15,13.511,99.0,23.126,7.885,-1.77,6.909,8.682,10.327,10067
2022,59680162B25214275797379,Ado-Ekiti,Ekiti,South West,7.616,5.235,127675,0,67.241,85.449,1.117,25.422,64.986,93.937,2.737,1,30.042,0.0,88.901,15.032,10.327,-1.3,9.61,10.914,12.872,13185
2023,59680162B25214275797379,Ado-Ekiti,Ekiti,South West,7.616,5.235,127675,0,68.582,73.339,0.886,24.927,89.872,85.976,13.586,0,47.164,8.771,82.52,13.237,12.872,0.95,13.397,12.442,10.065,16434
2024,59680162B25214275797379,Ado-Ekiti,Ekiti,South West,7.616,5.235,127675,0,62.901,80.602,1.48,32.298,72.75,99.0,2.582,2,38.367,0.0,99.0,45.119,10.065,-2.47,8.707,11.176,22.831,12850
2025,59680162B25214275797379,Ado-Ekiti,Ekiti,South West,7.616,5.235,127675,0,67.382,94.543,0.2,24.005,37.108,73.133,15.623,0,36.262,0.0,75.914,20.465,22.831,-2.06,21.699,23.758,,29150
2020,59680162B25309364748934,Maru,Zamfara,North West,11.68,6.338,68504,0,92.33,34.913,3.572,63.627,28.308,36.537,35.412,0,52.717,37.185,69.267,27.926,49.299,0.38,49.509,49.127,44.495,33772
2021,59680162B25309364748934,Maru,Zamfara,North West,11.68,6.338,68504,0,84.037,37.157,5.253,66.004,35.242,26.663,32.157,3,50.694,25.805,41.42,15.922,44.495,0.55,44.795,44.249,49.066,30481
2022,59680162B25309364748934,Maru,Zamfara,North West,11.68,6.338,68504,0,88.036,33.038,4.336,66.745,11.266,35.019,28.4,1,70.159,34.767,61.95,10.24,49.066,0.57,49.382,48.807,44.282,33612
2023,59680162B25309364748934,Maru,Zamfara,North West,11.68,6.338,68504,0,81.608,35.564,3.92,43.126,19.154,41.988,28.299,1,35.568,25.383,23.559,13.983,44.282,2.6,45.714,43.11,56.294,30335
2024,59680162B25309364748934,Maru,Zamfara,North West,11.68,6.338,68504,0,81.237,24.724,5.533,48.674,8.112,23.749,25.545,4,58.768,32.663,43.941,9.337,56.294,4.58,58.813,54.234,42.893,38564
2025,59680162B25309364748934,Maru,Zamfara,North West,11.68,6.338,68504,0,84.615,51.701,4.39,55.498,28.987,57.539,25.921,3,48.492,36.206,63.607,17.368,42.893,3.98,45.082,41.102,,29383
2020,59680162B25446485561557,Gwer West,Benue,North Central,7.588,8.208,20725,1,63.773,72.264,2.016,40.475,59.245,70.654,12.588,3,50.491,15.713,81.626,13.561,30.338,-1.2,29.678,30.877,11.252,6287
2021,59680162B25446485561557,Gwer West,Benue,North Central,7.588,8.208,20725,1,65.094,90.23,0.992,43.088,68.555,76.801,19.513,3,66.758,0.0,93.306,16.299,11.252,0.95,11.773,10.826,19.219,2332
2022,59680162B25446485561557,Gwer West,Benue,North Central,7.588,8.208,20725,1,73.501,79.701,1.337,44.828,86.606,65.518,22.869,3,49.237,6.321,97.768,22.912,19.219,-0.06,19.184,19.249,24.497,3983
2023,59680162B25446485561557,Gwer West,Benue,North Central,7.588,8.208,20725,1,62.928,64.047,2.373,54.906,47.826,63.247,14.371,2,28.449,20.416,85.518,21.226,24.497,-0.23,24.369,24.602,29.708,5077
2024,59680162B25446485561557,Gwer West,Benue,North Central,7.588,8.208,20725,1,66.526,51.675,0.293,50.192,56.117,67.956,28.616,4,43.031,0.0,55.283,15.264,29.708,0.51,29.987,29.48,31.349,6157
2025,59680162B25446485561557,Gwer West,Benue,North Central,7.588,8.208,20725,1,67.039,64.845,3.515,51.643,58.079,95.142,2.048,1,51.551,21.924,69.339,22.327,31.349,0.03,31.363,31.337,,6497
2020,59680162B25728635468586,Tureta,Sokoto,North West,12.519,5.495,19803,0,94.133,17.102,4.396,75.962,25.741,46.119,30.629,0,81.554,25.995,56.443,18.503,53.459,5.98,56.748,50.768,47.639,10587
2021,59680162B25728635468586,Tureta,Sokoto,North West,12.519,5.495,19803,0,88.65,47.986,4.659,65.161,34.094,47.507,39.161,0,67.065,31.948,49.796,9.696,47.639,1.93,48.699,46.771,37.552,9434
2022,59680162B25728635468586,Tureta,Sokoto,North West,12.519,5.495,19803,0,79.599,31.842,4.081,45.22,26.569,13.787,32.535,0,75.712,21.886,49.774,16.196,37.552,2.34,38.841,36.498,46.395,7436
2023,59680162B25728635468586,Tureta,Sokoto,North West,12.519,5.495,19803,0,84.823,30.657,3.629,65.57,61.454,47.28,38.75,2,57.808,31.67,48.487,20.346,46.395,1.11,47.003,45.898,51.092,9188
2024,59680162B25728635468586,Tureta,Sokoto,North West,12.519,5.495,19803,0,93.286,36.457,5.375,54.761,26.719,27.223,32.688,3,54.197,29.569,52.058,16.827,51.092,0.57,51.403,50.837,35.862,10118
2025,59680162B25728635468586,Tureta,Sokoto,North West,12.519,5.495,19803,0,91.493,20.23,4.619,71.877,30.284,56.262,23.756,0,50.239,19.038,61.756,28.561,35.862,2.2,37.071,34.873,,7102
2020,59680162B25890229119009,Bagudu,Kebbi,North West,11.317,3.831,39274,1,89.875,49.253,2.77,61.76,28.168,66.935,25.538,0,63.805,47.512,60.204,18.332,36.903,3.26,38.695,35.437,47.204,14493
2021,59680162B25890229119009,Bagudu,Kebbi,North West,11.317,3.831,39274,1,75.411,65.602,4.42,77.052,28.799,46.035,31.938,2,74.01,28.322,62.571,22.858,47.204,-1.21,46.536,47.751,39.981,18539
2022,59680162B25890229119009,Bagudu,Kebbi,North West,11.317,3.831,39274,1,78.059,32.195,2.967,69.389,52.991,68.298,24.088,2,68.641,48.39,48.023,27.449,39.981,2.13,41.154,39.021,36.965,15702
2023,59680162B25890229119009,Bagudu,Kebbi,North West,11.317,3.831,39274,1,81.124,61.059,3.456,60.684,54.354,31.558,24.909,2,30.465,28.13,51.272,23.235,36.965,0.11,37.026,36.915,31.85,14518
2024,59680162B25890229119009,Bagudu,Kebbi,North West,11.317,3.831,39274,1,73.55,40.985,2.855,68.583,48.456,51.006,35.685,1,69.163,31.984,57.628,24.41,31.85,1.99,32.943,30.956,31.679,12509
2025,59680162B25890229119009,Bagudu,Kebbi,North West,11.317,3.831,39274,1,84.955,51.142,3.396,73.123,56.272,58.411,23.282,1,60.667,27.862,73.957,15.166,31.679,0.47,31.935,31.469,,12442
2020,59680162B26282391091652,Zaki,Bauchi,North East,12.196,10.238,67423,0,90.916,23.522,4.167,63.784,47.449,33.73,22.84,6,46.003,38.63,45.917,15.612,52.85,2.35,54.142,51.793,59.289,35633
2021,59680162B26282391091652,Zaki,Bauchi,North East,12.196,10.238,67423,0,99.0,48.611,5.071,79.412,24.502,38.123,25.415,2,51.73,38.59,46.078,8.082,59.289,1.11,59.901,58.789,45.846,39975
2022,59680162B26282391091652,Zaki,Bauchi,North East,12.196,10.238,67423,0,91.75,36.101,5.461,55.482,43.166,36.587,17.709,5,57.001,13.927,55.982,18.225,45.846,3.36,47.693,44.334,51.938,30911
2023,59680162B26282391091652,Zaki,Bauchi,North East,12.196,10.238,67423,0,86.439,49.914,4.579,55.787,46.688,20.646,30.134,3,65.804,27.945,57.019,21.199,51.938,-1.09,51.338,52.428,52.114,35018
2024,59680162B26282391091652,Zaki,Bauchi,North East,12.196,10.238,67423,0,99.0,44.936,2.121,71.285,28.855,42.075,31.795,7,60.72,20.411,60.18,33.999,52.114,0.63,52.461,51.831,41.479,35137
2025,59680162B26282391091652,Zaki,Bauchi,North East,12.196,10.238,67423,0,90.223,52.181,3.825,53.621,66.875,59.296,22.784,4,79.005,30.331,62.225,35.364,41.479,-0.4,41.26,41.658,,27967
2020,59680162B26521045145337,Numan,Adamawa,North East,9.467,11.846,5991,1,78.124,43.977,3.984,56.256,45.884,53.545,20.502,3,54.15,20.598,65.798,9.262,41.079,-0.12,41.014,41.131,42.407,2461
2021,59680162B26521045145337,Numan,Adamawa,North East,9.467,11.846,5991,1,72.355,37.797,1.796,71.33,47.369,74.455,25.007,8,52.558,21.776,57.475,15.522,42.407,1.81,43.404,41.592,39.002,2541
2022,59680162B26521045145337,Numan,Adamawa,North East,9.467,11.846,5991,1,64.638,37.783,1.778,61.947,42.493,63.147,21.128,5,76.153,31.201,56.899,20.892,39.002,5.0,41.754,36.75,31.106,2337
2023,59680162B26521045145337,Numan,Adamawa,North East,9.467,11.846,5991,1,80.017,37.371,1.128,69.074,49.64,77.132,26.425,5,55.292,26.748,61.219,17.63,31.106,-1.61,30.221,31.829,29.349,1864
2024,59680162B26521045145337,Numan,Adamawa,North East,9.467,11.846,5991,1,71.916,60.703,2.892,72.248,61.523,65.112,19.203,3,51.017,26.668,62.47,13.994,29.349,-0.64,28.996,29.638,42.511,1758
2025,59680162B26521045145337,Numan,Adamawa,North East,9.467,11.846,5991,1,81.38,66.621,3.872,67.462,30.373,58.107,21.455,6,55.137,21.188,57.763,19.143,42.511,0.76,42.931,42.167,,2547
2020,59680162B26576505992161,Kazaure,Jigawa,North West,12.67,8.435,37062,0,89.022,42.083,4.987,54.117,30.343,66.987,34.991,2,53.083,35.353,29.462,11.398,51.53,2.29,52.791,50.498,53.165,19098
2021,59680162B26576505992161,Kazaure,Jigawa,North West,12.67,8.435,37062,0,91.407,20.373,7.217,82.178,21.397,51.893,25.469,1,68.173,33.265,61.723,25.609,53.165,3.87,55.291,51.425,51.795,19704
2022,59680162B26576505992161,Kazaure,Jigawa,North West,12.67,8.435,37062,0,86.279,42.172,3.037,42.472,29.968,45.714,33.989,2,85.32,34.139,42.337,10.645,51.795,0.31,51.968,51.654,60.248,19196
2023,59680162B26576505992161,Kazaure,Jigawa,North West,12.67,8.435,37062,0,95.053,42.488,5.986,56.238,65.744,28.911,43.733,4,76.1,14.916,60.92,21.269,60.248,1.83,61.255,59.424,47.126,22329
2024,59680162B26576505992161,Kazaure,Jigawa,North West,12.67,8.435,37062,0,95.098,36.197,3.297,65.379,28.767,41.364,23.649,2,33.904,45.416,59.483,13.137,47.126,2.64,48.576,45.94,49.822,17466
2025,59680162B26576505992161,Kazaure,Jigawa,North West,12.67,8.435,37062,0,88.653,42.688,5.058,73.035,32.388,41.581,27.449,1,64.752,35.634,47.726,21.97,49.822,-0.13,49.748,49.883,,18465
2020,59680162B26648923761656,Ogbadibo,Benue,North Central,7.022,7.686,23525,1,61.812,71.492,3.629,34.497,67.204,86.132,10.646,5,43.779,0.0,77.515,41.716,19.575,0.66,19.94,19.276,17.624,4605
2021,59680162B26648923761656,Ogbadibo,Benue,North Central,7.022,7.686,23525,1,72.044,66.805,1.15,38.552,66.429,80.708,19.919,3,48.922,0.0,80.621,25.498,17.624,-0.81,17.18,17.988,22.396,4146
2022,59680162B26648923761656,Ogbadibo,Benue,North Central,7.022,7.686,23525,1,61.322,57.819,2.482,48.697,55.19,67.696,7.846,4,50.786,9.138,91.715,15.785,22.396,0.15,22.478,22.329,22.102,5269
2023,59680162B26648923761656,Ogbadibo,Benue,North Central,7.022,7.686,23525,1,69.108,74.144,1.836,36.377,63.297,83.848,19.908,3,27.705,0.819,74.664,25.825,22.102,-2.68,20.628,23.308,22.945,5199
2024,59680162B26648923761656,Ogbadibo,Benue,North Central,7.022,7.686,23525,1,60.712,58.438,1.103,43.771,53.457,93.641,28.645,2,51.645,0.0,99.0,25.5,22.945,-0.44,22.704,23.142,27.075,5398
2025,59680162B26648923761656,Ogbadibo,Benue,North Central,7.022,7.686,23525,1,57.787,62.013,3.416,51.36,55.811,76.778,15.768,1,75.994,20.099,86.91,18.197,27.075,-0.31,26.903,27.217,,6370
2020,59680162B26854390786792,Ibadan South East,Oyo,South West,7.355,3.904,37446,1,42.715,88.085,0.2,25.679,76.244,99.0,0.5,1,42.145,3.146,78.913,8.305,7.189,-2.6,5.759,8.36,18.335,2692
2021,59680162B26854390786792,Ibadan South East,Oyo,South West,7.355,3.904,37446,1,53.861,78.757,3.12,55.004,92.517,97.981,21.706,1,48.625,1.396,99.0,19.483,18.335,2.05,19.461,17.414,12.587,6866
2022,59680162B26854390786792,Ibadan South East,Oyo,South West,7.355,3.904,37446,1,52.624,91.11,2.323,49.521,84.242,97.262,0.5,0,18.489,3.273,88.208,39.702,12.587,-1.6,11.707,13.308,7.603,4713
2023,59680162B26854390786792,Ibadan South East,Oyo,South West,7.355,3.904,37446,1,45.719,87.241,0.2,36.999,72.851,99.0,0.5,0,20.481,0.0,99.0,30.617,7.603,-2.29,6.342,8.635,13.77,2847
2024,59680162B26854390786792,Ibadan South East,Oyo,South West,7.355,3.904,37446,1,43.493,84.977,0.717,41.638,79.648,99.0,7.357,1,36.822,2.588,96.211,23.222,13.77,-3.0,12.12,15.12,4.2,5156
2025,59680162B26854390786792,Ibadan South East,Oyo,South West,7.355,3.904,37446,1,43.256,82.903,1.221,32.061,93.208,92.058,1.611,0,33.246,0.0,96.645,32.844,4.2,0.77,4.623,3.853,,1573
2020,59680162B26925253941931,Yagba West,Kogi,North Central,8.276,5.556,38454,1,73.098,73.324,0.829,41.243,68.899,57.78,13.849,1,59.354,14.775,85.487,13.499,26.539,-0.34,26.354,26.691,22.83,10205
2021,59680162B26925253941931,Yagba West,Kogi,North Central,8.276,5.556,38454,1,64.15,84.307,1.036,65.903,70.334,90.262,12.575,3,41.573,1.16,58.939,15.91,22.83,-0.06,22.794,22.859,31.9,8779
2022,59680162B26925253941931,Yagba West,Kogi,North Central,8.276,5.556,38454,1,68.545,55.085,4.191,46.278,35.74,71.445,12.963,5,41.39,0.0,78.608,17.925,31.9,-0.02,31.89,31.908,20.621,12267
2023,59680162B26925253941931,Yagba West,Kogi,North Central,8.276,5.556,38454,1,69.125,80.636,2.331,47.699,45.623,76.668,13.778,2,39.824,0.0,62.66,33.985,20.621,0.68,20.995,20.314,21.326,7929
2024,59680162B26925253941931,Yagba West,Kogi,North Central,8.276,5.556,38454,1,66.19,62.707,1.482,49.316,59.585,58.742,9.176,0,45.979,1.527,89.097,15.795,21.326,-0.93,20.816,21.743,14.105,8201
2025,59680162B26925253941931,Yagba West,Kogi,North Central,8.276,5.556,38454,1,63.235,96.798,0.935,56.696,46.78,66.681,12.274,1,52.141,3.534,87.182,41.314,14.105,-1.47,13.295,14.768,,5424
2020,59680162B26946733152657,Kukawa,Borno,North East,13.102,13.73,54551,0,79.628,40.315,4.019,66.248,36.672,40.87,30.086,5,53.683,25.102,52.12,32.38,43.845,2.65,45.304,42.65,52.352,23918
2021,59680162B26946733152657,Kukawa,Borno,North East,13.102,13.73,54551,0,91.785,40.04,4.778,52.289,25.004,25.756,29.688,7,74.985,34.151,39.203,18.972,52.352,2.0,53.455,51.45,42.938,28559
2022,59680162B26946733152657,Kukawa,Borno,North East,13.102,13.73,54551,0,99.0,52.621,5.253,62.44,42.365,59.424,19.189,2,59.035,34.656,40.242,20.543,42.938,-0.36,42.741,43.1,41.378,23423
2023,59680162B26946733152657,Kukawa,Borno,North East,13.102,13.73,54551,0,87.116,43.286,3.505,67.792,25.503,46.847,32.254,6,52.402,23.862,76.077,20.902,41.378,3.97,43.564,39.59,46.899,22572
2024,59680162B26946733152657,Kukawa,Borno,North East,13.102,13.73,54551,0,86.761,36.256,3.341,67.346,30.915,33.253,30.509,6,75.322,26.589,38.279,22.98,46.899,0.53,47.189,46.663,43.352,25584
2025,59680162B26946733152657,Kukawa,Borno,North East,13.102,13.73,54551,0,87.732,40.171,4.227,59.76,54.058,56.371,21.911,1,81.048,38.408,52.288,25.852,43.352,3.15,45.083,41.937,,23649
2020,59680162B27261417712833,Ingawa,Katsina,North West,12.614,8.111,122274,1,89.12,43.136,5.32,66.296,32.306,61.342,20.081,3,73.097,33.311,72.118,10.364,55.475,1.04,56.046,55.007,49.287,67831
2021,59680162B27261417712833,Ingawa,Katsina,North West,12.614,8.111,122274,1,88.57,63.445,4.33,63.473,22.804,66.218,26.216,3,80.784,46.909,73.179,16.754,49.287,0.78,49.715,48.937,43.421,60265
2022,59680162B27261417712833,Ingawa,Katsina,North West,12.614,8.111,122274,1,80.559,47.206,3.614,56.185,50.412,52.959,36.729,1,59.075,39.841,71.965,12.574,43.421,4.44,45.862,41.424,51.67,53093
2023,59680162B27261417712833,Ingawa,Katsina,North West,12.614,8.111,122274,1,84.597,35.911,3.9,81.204,43.791,69.516,23.097,4,64.136,38.086,74.272,19.16,51.67,0.66,52.034,51.372,41.632,63179
2024,59680162B27261417712833,Ingawa,Katsina,North West,12.614,8.111,122274,1,80.783,57.635,4.471,55.038,19.896,58.234,8.872,2,72.429,36.745,51.696,28.654,41.632,1.62,42.524,40.902,41.68,50905
2025,59680162B27261417712833,Ingawa,Katsina,North West,12.614,8.111,122274,1,74.338,56.556,2.665,68.034,30.172,66.277,19.413,0,68.399,36.672,30.521,14.63,41.68,1.54,42.529,40.985,,50963
2020,59680162B27389948970996,Illela,Sokoto,North West,13.671,5.31,22480,0,85.134,42.032,4.796,64.397,43.655,37.799,34.803,3,51.008,30.234,45.91,9.979,41.252,-0.53,40.96,41.491,45.028,9273
2021,59680162B27389948970996,Illela,Sokoto,North West,13.671,5.31,22480,0,97.482,33.005,1.949,37.999,28.035,43.081,30.493,1,58.438,39.285,41.332,10.127,45.028,2.7,46.512,43.814,47.845,10122
2022,59680162B27389948970996,Illela,Sokoto,North West,13.671,5.31,22480,0,88.6,36.761,3.259,62.064,36.644,37.042,24.307,1,58.2,37.304,49.693,14.091,47.845,2.8,49.388,46.583,61.251,10756
2023,59680162B27389948970996,Illela,Sokoto,North West,13.671,5.31,22480,0,86.682,21.888,7.19,67.403,10.83,47.099,27.711,2,62.593,40.387,62.353,26.571,61.251,0.04,61.274,61.232,48.527,13769
2024,59680162B27389948970996,Illela,Sokoto,North West,13.671,5.31,22480,0,81.555,43.778,5.056,44.573,36.202,47.64,33.54,2,66.747,38.902,47.643,34.215,48.527,-1.94,47.459,49.4,37.871,10909
2025,59680162B27389948970996,Illela,Sokoto,North West,13.671,5.31,22480,0,66.094,49.868,4.028,60.341,47.673,35.753,36.935,1,57.977,29.151,50.78,13.221,37.871,-1.69,36.943,38.63,,8513
2020,59680162B27422550871896,Damboa,Borno,North East,11.048,12.725,44669,0,93.461,33.269,4.425,68.842,29.508,49.089,30.264,7,54.225,29.764,32.841,14.106,57.7,3.36,59.55,56.187,53.222,25774
2021,59680162B27422550871896,Damboa,Borno,North East,11.048,12.725,44669,0,99.0,44.541,1.815,69.76,27.529,44.253,32.357,7,61.989,33.445,39.375,12.967,53.222,0.31,53.394,53.081,50.877,23774
2022,59680162B27422550871896,Damboa,Borno,North East,11.048,12.725,44669,0,99.0,41.309,3.712,65.508,43.582,52.63,32.607,6,58.898,41.298,58.37,22.679,50.877,-0.4,50.658,51.056,52.981,22726
2023,59680162B27422550871896,Damboa,Borno,North East,11.048,12.725,44669,0,92.404,42.39,4.563,62.914,48.037,38.131,30.797,5,65.397,36.234,42.658,8.143,52.981,3.69,55.013,51.319,44.654,23666
2024,59680162B27422550871896,Damboa,Borno,North East,11.048,12.725,44669,0,91.618,54.507,4.443,49.711,37.739,57.644,20.888,5,52.413,41.062,50.352,11.835,44.654,2.07,45.793,43.722,51.578,19946
2025,59680162B27422550871896,Damboa,Borno,North East,11.048,12.725,44669,0,88.081,58.639,2.804,56.063,41.587,42.63,40.939,5,73.439,27.431,32.546,13.211,51.578,0.67,51.944,51.278,,23039
2020,59680162B27639129809368,Ajingi,Kano,North West,11.959,9.034,28216,0,99.0,34.31,6.556,50.313,35.684,13.668,34.669,2,54.26,37.148,33.378,11.084,54.406,1.35,55.148,53.798,48.347,15351
2021,59680162B27639129809368,Ajingi,Kano,North West,11.959,9.034,28216,0,85.549,43.612,4.662,64.975,19.774,46.599,40.968,2,52.883,43.092,41.383,21.895,48.347,0.94,48.863,47.926,48.437,13642
2022,59680162B27639129809368,Ajingi,Kano,North West,11.959,9.034,28216,0,93.24,44.908,7.719,44.038,42.569,63.953,30.393,2,75.37,40.624,39.078,19.828,48.437,-0.47,48.18,48.647,48.911,13667
2023,59680162B27639129809368,Ajingi,Kano,North West,11.959,9.034,28216,0,94.386,57.689,4.176,55.796,31.845,48.086,31.461,3,69.27,36.803,27.882,22.922,48.911,0.77,49.334,48.564,48.202,13801
2024,59680162B27639129809368,Ajingi,Kano,North West,11.959,9.034,28216,0,89.463,41.252,5.282,55.924,48.046,56.172,42.395,1,59.252,43.685,29.094,24.5,48.202,1.59,49.078,47.485,53.963,13601
2025,59680162B27639129809368,Ajingi,Kano,North West,11.959,9.034,28216,0,92.263,41.456,6.033,61.415,41.12,27.339,21.303,2,68.169,26.571,45.317,27.358,53.963,2.33,55.243,52.915,,15226
2020,59680162B27814311157346,Ife North,Osun,South West,7.39,4.46,15076,0,71.025,84.432,0.3,27.388,72.229,76.366,25.119,0,18.433,7.457,95.249,15.319,14.57,-0.11,14.507,14.622,7.801,2197
2021,59680162B27814311157346,Ife North,Osun,South West,7.39,4.46,15076,0,63.394,93.177,0.743,33.446,73.807,76.656,12.104,0,42.168,2.234,99.0,12.163,7.801,-2.47,6.445,8.91,13.857,1176
2022,59680162B27814311157346,Ife North,Osun,South West,7.39,4.46,15076,0,67.701,72.92,1.714,40.478,72.235,58.472,21.029,0,42.325,0.0,99.0,29.834,13.857,0.22,13.979,13.758,14.407,2089
2023,59680162B27814311157346,Ife North,Osun,South West,7.39,4.46,15076,0,58.766,81.091,2.718,31.983,74.9,72.798,16.411,1,23.105,10.584,69.228,23.078,14.407,2.21,15.622,13.413,14.585,2172
2024,59680162B27814311157346,Ife North,Osun,South West,7.39,4.46,15076,0,67.718,79.825,1.675,48.038,70.493,99.0,7.131,0,22.121,15.946,99.0,26.951,14.585,1.58,15.455,13.873,15.42,2199
2025,59680162B27814311157346,Ife North,Osun,South West,7.39,4.46,15076,0,60.851,90.99,1.882,47.879,82.352,73.339,23.575,0,35.526,0.0,84.558,21.925,15.42,-2.46,14.065,16.528,,2325
2020,59680162B27876975276040,Kala Balge,Borno,North East,11.905,14.454,52675,0,79.846,45.097,4.268,43.869,48.279,55.195,36.056,6,72.642,38.605,80.877,26.757,47.526,0.73,47.927,47.198,50.129,25034
2021,59680162B27876975276040,Kala Balge,Borno,North East,11.905,14.454,52675,0,99.0,34.696,3.757,53.618,49.592,59.141,33.058,5,68.922,27.264,44.141,22.888,50.129,1.61,51.015,49.403,47.02,26405
2022,59680162B27876975276040,Kala Balge,Borno,North East,11.905,14.454,52675,0,93.491,35.267,3.705,55.028,47.661,41.832,35.093,5,86.899,22.147,51.915,16.08,47.02,2.87,48.596,45.73,48.997,24768
2023,59680162B27876975276040,Kala Balge,Borno,North East,11.905,14.454,52675,0,83.769,34.083,6.052,50.006,43.968,34.028,27.996,3,63.634,28.314,53.443,25.963,48.997,1.13,49.616,48.491,39.75,25809
2024,59680162B27876975276040,Kala Balge,Borno,North East,11.905,14.454,52675,0,91.803,52.527,3.909,82.536,25.002,61.833,21.425,1,59.279,0.0,57.55,17.071,39.75,-0.02,39.741,39.757,49.042,20938
2025,59680162B27876975276040,Kala Balge,Borno,North East,11.905,14.454,52675,0,97.581,40.778,4.421,56.577,21.113,49.381,32.873,5,80.711,27.906,45.682,30.378,49.042,5.42,52.024,46.602,,25833
2020,59680162B27901935497545,Port-Harcourt,Rivers,South South,4.782,7.018,7817,1,76.571,86.464,0.531,33.019,60.327,62.733,11.453,4,63.408,3.637,88.911,29.941,19.862,-1.51,19.032,20.54,12.499,1553
2021,59680162B27901935497545,Port-Harcourt,Rivers,South South,4.782,7.018,7817,1,56.188,99.0,1.534,46.469,64.159,95.969,2.393,1,68.546,0.0,99.0,40.445,12.499,-1.26,11.805,13.067,14.958,977
2022,59680162B27901935497545,Port-Harcourt,Rivers,South South,4.782,7.018,7817,1,54.676,87.583,2.595,51.149,82.416,73.127,7.122,0,61.43,3.188,76.632,20.448,14.958,-2.02,13.845,15.868,11.482,1169
2023,59680162B27901935497545,Port-Harcourt,Rivers,South South,4.782,7.018,7817,1,59.573,95.62,1.417,26.165,71.576,86.173,0.5,0,46.468,0.0,78.983,27.631,11.482,-2.73,9.981,12.71,11.574,898
2024,59680162B27901935497545,Port-Harcourt,Rivers,South South,4.782,7.018,7817,1,46.58,87.716,2.772,29.394,68.02,93.4,7.644,1,42.971,0.0,71.518,21.16,11.574,-1.04,11.002,12.042,10.731,905
2025,59680162B27901935497545,Port-Harcourt,Rivers,South South,4.782,7.018,7817,1,74.241,85.628,0.2,28.887,77.198,73.892,3.167,1,77.779,10.949,69.415,20.345,10.731,-0.11,10.669,10.782,,839
2020,59680162B27926848768432,Takum,Taraba,North East,7.055,9.807,46942,0,96.429,45.279,2.907,59.702,35.286,57.442,28.122,2,75.45,24.08,48.31,29.91,47.244,1.92,48.297,46.382,55.496,22177
2021,59680162B27926848768432,Takum,Taraba,North East,7.055,9.807,46942,0,95.802,21.792,3.154,61.944,22.502,44.852,20.237,8,74.292,40.458,60.755,14.521,55.496,3.48,57.409,53.93,54.185,26051
2022,59680162B27926848768432,Takum,Taraba,North East,7.055,9.807,46942,0,86.149,39.101,3.968,48.266,39.282,39.612,25.37,3,77.635,35.485,49.983,13.475,54.185,4.97,56.92,51.947,50.885,25435
2023,59680162B27926848768432,Takum,Taraba,North East,7.055,9.807,46942,0,92.267,55.174,5.124,52.927,44.935,38.632,22.77,10,65.808,26.643,49.407,15.826,50.885,3.32,52.712,49.39,47.158,23886
2024,59680162B27926848768432,Takum,Taraba,North East,7.055,9.807,46942,0,94.008,37.614,4.48,48.387,41.423,15.91,11.711,6,67.757,21.497,53.388,23.527,47.158,2.32,48.437,46.112,46.026,22137
2025,59680162B27926848768432,Takum,Taraba,North East,7.055,9.807,46942,0,77.251,38.694,5.418,54.23,63.008,28.843,28.227,5,81.541,24.804,43.374,13.108,46.026,0.82,46.475,45.659,,21606
2020,59680162B28016750993437,Rabah,Sokoto,North West,12.994,5.796,35894,1,79.11,42.65,3.363,83.239,41.265,42.048,21.882,3,54.407,21.84,57.296,9.464,42.088,-0.72,41.693,42.411,43.859,15107
2021,59680162B28016750993437,Rabah,Sokoto,North West,12.994,5.796,35894,1,79.133,49.769,3.342,74.669,44.816,47.316,35.38,1,92.564,24.419,81.273,14.634,43.859,-0.32,43.681,44.005,47.855,15743
2022,59680162B28016750993437,Rabah,Sokoto,North West,12.994,5.796,35894,1,88.438,40.494,2.874,74.122,41.082,45.437,19.869,1,77.234,41.944,64.447,18.939,47.855,1.29,48.565,47.274,42.271,17177
2023,59680162B28016750993437,Rabah,Sokoto,North West,12.994,5.796,35894,1,86.452,52.453,3.982,55.108,58.776,43.522,40.71,2,59.094,12.85,52.794,20.939,42.271,-2.24,41.038,43.281,36.535,15173
2024,59680162B28016750993437,Rabah,Sokoto,North West,12.994,5.796,35894,1,77.588,47.72,2.94,56.272,34.573,53.627,15.565,2,50.344,29.098,62.433,51.206,36.535,1.62,37.425,35.806,46.019,13114
2025,59680162B28016750993437,Rabah,Sokoto,North West,12.994,5.796,35894,1,78.066,56.476,6.665,56.923,47.359,68.293,21.954,4,58.341,24.541,58.408,19.387,46.019,-0.97,45.483,46.458,,16518
2020,59680162B28106531466158,Fika,Yobe,North East,11.346,11.252,32888,1,76.594,41.13,3.339,48.332,43.861,70.985,26.106,6,53.177,25.237,48.151,16.967,38.982,0.76,39.4,38.64,45.439,12820
2021,59680162B28106531466158,Fika,Yobe,North East,11.346,11.252,32888,1,78.283,38.999,4.079,57.538,28.111,27.329,15.526,5,62.353,32.925,50.535,16.467,45.439,1.24,46.119,44.882,48.475,14944
2022,59680162B28106531466158,Fika,Yobe,North East,11.346,11.252,32888,1,76.106,39.449,2.705,70.698,44.926,53.971,27.483,2,76.857,24.0,61.635,16.748,48.475,-1.56,47.616,49.178,38.37,15942
2023,59680162B28106531466158,Fika,Yobe,North East,11.346,11.252,32888,1,86.202,49.631,3.369,48.891,50.87,62.978,12.987,5,75.665,16.892,64.504,21.566,38.37,1.48,39.185,37.703,38.383,12619
2024,59680162B28106531466158,Fika,Yobe,North East,11.346,11.252,32888,1,82.923,53.846,3.228,53.112,41.973,57.895,35.212,6,57.228,10.449,53.47,13.654,38.383,-0.48,38.116,38.601,40.204,12623
2025,59680162B28106531466158,Fika,Yobe,North East,11.346,11.252,32888,1,85.102,66.28,1.461,72.968,37.637,57.899,18.569,7,77.623,17.724,60.209,17.858,40.204,0.35,40.398,40.046,,13222
2020,59680162B28193395760126,Olorunda,Osun,South West,7.866,4.576,28065,1,58.973,88.536,0.641,32.967,63.993,89.739,5.342,0,36.278,0.0,99.0,19.992,6.276,-2.12,5.108,7.232,6.035,1761
2021,59680162B28193395760126,Olorunda,Osun,South West,7.866,4.576,28065,1,50.848,94.251,1.601,38.676,75.813,99.0,9.622,0,21.643,8.688,84.728,20.533,6.035,0.23,6.162,5.931,6.617,1694
2022,59680162B28193395760126,Olorunda,Osun,South West,7.866,4.576,28065,1,46.305,91.043,0.899,49.247,80.924,99.0,19.266,1,28.526,0.0,98.705,27.616,6.617,-2.4,5.297,7.697,5.481,1857
2023,59680162B28193395760126,Olorunda,Osun,South West,7.866,4.576,28065,1,56.933,99.0,0.597,28.557,94.55,99.0,3.312,0,52.142,0.0,92.409,22.36,5.481,-0.62,5.139,5.76,1.851,1538
2024,59680162B28193395760126,Olorunda,Osun,South West,7.866,4.576,28065,1,43.221,98.054,0.287,37.213,85.502,99.0,18.593,1,21.143,14.186,90.314,34.365,1.851,-2.25,0.611,2.866,7.1,520
2025,59680162B28193395760126,Olorunda,Osun,South West,7.866,4.576,28065,1,47.932,99.0,0.637,17.25,89.85,99.0,10.724,0,53.863,0.0,99.0,32.624,7.1,-3.0,5.45,8.45,,1993
2020,59680162B28239494939120,Zuru,Kebbi,North West,11.44,5.27,70466,1,85.132,43.921,5.812,66.347,52.375,42.119,30.202,2,44.96,43.856,80.208,15.056,44.641,2.33,45.922,43.594,34.011,31457
2021,59680162B28239494939120,Zuru,Kebbi,North West,11.44,5.27,70466,1,78.689,50.239,3.061,57.625,43.826,78.183,26.224,0,79.172,46.524,44.157,12.586,34.011,1.3,34.727,33.425,47.519,23966
2022,59680162B28239494939120,Zuru,Kebbi,North West,11.44,5.27,70466,1,73.811,37.432,5.158,73.473,50.223,56.336,21.681,1,56.104,28.616,50.42,25.359,47.519,2.06,48.655,46.591,31.12,33485
2023,59680162B28239494939120,Zuru,Kebbi,North West,11.44,5.27,70466,1,66.997,48.614,1.426,52.509,49.51,66.264,29.03,3,68.098,28.211,43.206,19.225,31.12,-0.52,30.832,31.356,47.617,21929
2024,59680162B28239494939120,Zuru,Kebbi,North West,11.44,5.27,70466,1,85.718,47.867,5.347,76.425,43.415,39.195,34.123,2,75.551,33.102,71.964,15.174,47.617,0.85,48.082,47.236,36.141,33554
2025,59680162B28239494939120,Zuru,Kebbi,North West,11.44,5.27,70466,1,80.269,49.603,3.917,52.451,57.772,50.822,33.112,3,61.504,18.406,72.838,18.167,36.141,0.96,36.668,35.71,,25467
2020,59680162B2835516393243,Ohimini,Benue,North Central,7.258,7.947,51854,1,66.152,72.225,4.331,55.914,54.9,65.138,25.213,3,18.1,5.916,67.449,10.113,32.819,3.07,34.509,31.437,17.635,17018
2021,59680162B2835516393243,Ohimini,Benue,North Central,7.258,7.947,51854,1,55.821,80.038,2.705,42.066,80.925,59.94,13.358,4,48.486,0.0,71.225,8.309,17.635,-2.17,16.441,18.612,8.976,9144
2022,59680162B2835516393243,Ohimini,Benue,North Central,7.258,7.947,51854,1,50.427,93.109,3.487,55.018,67.074,77.949,23.972,0,42.562,3.587,93.348,19.365,8.976,1.59,9.852,8.26,21.521,4655
2023,59680162B2835516393243,Ohimini,Benue,North Central,7.258,7.947,51854,1,55.038,64.049,1.835,50.051,54.047,82.804,5.031,0,25.633,26.379,56.784,34.014,21.521,0.32,21.695,21.379,12.738,11159
2024,59680162B2835516393243,Ohimini,Benue,North Central,7.258,7.947,51854,1,72.615,51.155,0.2,47.836,78.985,79.752,10.417,0,50.486,19.698,71.781,20.587,12.738,0.15,12.823,12.669,13.844,6605
2025,59680162B2835516393243,Ohimini,Benue,North Central,7.258,7.947,51854,1,58.819,74.083,2.475,45.999,97.548,74.68,9.655,1,57.381,0.0,66.971,30.853,13.844,-3.0,12.194,15.194,,7178
2020,59680162B28367664307560,Kano Municipal,Kano,North West,11.984,8.527,31981,1,73.354,48.413,4.91,82.449,49.154,50.199,27.664,0,66.441,27.491,75.449,13.553,45.206,0.79,45.64,44.851,34.055,14457
2021,59680162B28367664307560,Kano Municipal,Kano,North West,11.984,8.527,31981,1,84.104,48.313,1.981,58.958,24.415,59.049,23.095,1,54.523,28.157,50.361,21.451,34.055,3.03,35.723,32.69,38.028,10891
2022,59680162B28367664307560,Kano Municipal,Kano,North West,11.984,8.527,31981,1,80.576,65.135,3.013,60.928,44.016,48.451,27.338,1,69.174,36.361,73.635,9.609,38.028,1.01,38.585,37.573,47.348,12162
2023,59680162B28367664307560,Kano Municipal,Kano,North West,11.984,8.527,31981,1,90.546,71.616,4.533,75.492,24.535,65.834,28.439,0,40.994,42.515,52.884,10.605,47.348,-0.19,47.245,47.431,43.92,15142
2024,59680162B28367664307560,Kano Municipal,Kano,North West,11.984,8.527,31981,1,89.996,50.459,4.804,73.904,40.912,59.939,24.871,1,47.632,32.368,33.48,15.054,43.92,1.12,44.537,43.415,38.432,14046
2025,59680162B28367664307560,Kano Municipal,Kano,North West,11.984,8.527,31981,1,89.446,40.529,2.286,70.345,43.317,55.992,34.634,2,63.475,23.198,67.2,22.175,38.432,3.33,40.262,36.936,,12291
2020,59680162B2846194934808,Gwoza,Borno,North East,11.151,13.534,54040,0,99.0,49.945,4.087,50.29,32.217,29.368,34.528,2,73.04,40.389,33.491,22.691,53.428,1.31,54.15,52.837,47.626,28872
2021,59680162B2846194934808,Gwoza,Borno,North East,11.151,13.534,54040,0,97.569,43.583,3.766,64.246,7.96,45.709,26.829,4,58.612,38.128,55.269,10.805,47.626,1.5,48.451,46.95,47.159,25737
2022,59680162B2846194934808,Gwoza,Borno,North East,11.151,13.534,54040,0,97.314,40.125,3.491,56.89,38.03,42.724,29.737,4,76.094,37.247,47.238,14.486,47.159,-0.17,47.063,47.238,36.296,25485
2023,59680162B2846194934808,Gwoza,Borno,North East,11.151,13.534,54040,0,86.531,40.994,3.377,53.884,39.835,46.905,22.367,4,56.126,8.887,82.256,22.142,36.296,2.5,37.669,35.173,54.93,19615
2024,59680162B2846194934808,Gwoza,Borno,North East,11.151,13.534,54040,0,94.724,47.451,5.195,43.389,22.975,55.708,26.183,5,57.489,25.916,44.262,26.532,54.93,1.76,55.9,54.136,48.311,29684
2025,59680162B2846194934808,Gwoza,Borno,North East,11.151,13.534,54040,0,87.178,56.458,4.707,53.259,29.731,53.014,30.853,2,55.975,26.731,37.279,26.431,48.311,1.68,49.237,47.553,,26107
2020,59680162B28595276838631,Afikpo South,Ebonyi,South East,5.835,7.785,73864,0,66.352,78.545,0.3,36.775,74.481,41.394,8.267,0,32.674,12.116,75.14,24.154,7.572,-1.2,6.91,8.113,0.8,5593
2021,59680162B28595276838631,Afikpo South,Ebonyi,South East,5.835,7.785,73864,0,63.325,98.981,0.437,30.677,74.584,61.499,10.026,1,23.034,4.109,92.915,24.251,0.8,-1.03,0.5,1.266,10.658,591
2022,59680162B28595276838631,Afikpo South,Ebonyi,South East,5.835,7.785,73864,0,54.376,70.839,1.725,18.588,43.83,65.465,6.144,0,33.744,19.39,72.989,16.075,10.658,0.51,10.938,10.429,23.864,7872
2023,59680162B28595276838631,Afikpo South,Ebonyi,South East,5.835,7.785,73864,0,78.445,74.552,2.871,38.982,71.647,75.338,7.69,3,36.868,11.092,95.275,38.303,23.864,0.03,23.882,23.85,11.318,17627
2024,59680162B28595276838631,Afikpo South,Ebonyi,South East,5.835,7.785,73864,0,64.647,91.237,1.066,30.519,69.533,67.658,6.609,0,16.299,2.153,61.345,26.246,11.318,-0.78,10.889,11.669,6.803,8360
2025,59680162B28595276838631,Afikpo South,Ebonyi,South East,5.835,7.785,73864,0,49.631,81.914,0.378,48.108,84.743,82.264,7.063,1,46.184,4.994,79.938,15.595,6.803,-0.85,6.336,7.185,,5025
2020,59680162B28606864431003,Ndokwa West,Delta,South South,5.826,6.416,46967,1,51.96,88.532,0.245,33.549,63.558,75.924,6.476,3,48.943,4.747,83.291,29.864,18.638,-2.03,17.521,19.552,26.453,8754
2021,59680162B28606864431003,Ndokwa West,Delta,South South,5.826,6.416,46967,1,55.53,76.246,3.83,43.073,46.648,67.762,6.933,3,52.643,0.0,59.562,14.003,26.453,0.79,26.889,26.097,11.106,12424
2022,59680162B28606864431003,Ndokwa West,Delta,South South,5.826,6.416,46967,1,51.718,87.967,0.2,29.653,61.183,96.608,6.015,2,41.951,0.0,77.086,12.751,11.106,-1.32,10.38,11.7,23.689,5216
2023,59680162B28606864431003,Ndokwa West,Delta,South South,5.826,6.416,46967,1,57.935,88.37,1.293,47.548,68.254,76.448,8.141,0,60.77,0.0,81.564,17.228,23.689,-3.0,22.039,25.039,18.388,11126
2024,59680162B28606864431003,Ndokwa West,Delta,South South,5.826,6.416,46967,1,52.878,88.159,1.981,43.053,71.138,71.745,20.712,0,70.033,0.0,60.712,30.247,18.388,-3.0,16.738,19.738,6.354,8636
2025,59680162B28606864431003,Ndokwa West,Delta,South South,5.826,6.416,46967,1,60.509,99.0,0.686,24.273,75.547,99.0,7.514,0,40.167,0.0,95.818,23.655,6.354,0.26,6.499,6.236,,2984
2020,59680162B28710912427622,Ife Central,Osun,South West,7.54,4.539,13627,1,70.47,97.488,1.044,59.426,59.939,93.589,8.058,0,30.349,2.959,82.111,17.112,11.142,0.06,11.174,11.115,0.8,1518
2021,59680162B28710912427622,Ife Central,Osun,South West,7.54,4.539,13627,1,54.76,91.359,0.2,28.447,73.875,98.113,4.381,0,49.429,0.0,86.875,17.321,0.8,1.5,1.627,0.3,8.867,109
2022,59680162B28710912427622,Ife Central,Osun,South West,7.54,4.539,13627,1,73.754,99.0,1.43,41.315,70.409,99.0,9.002,0,46.186,0.0,98.299,31.164,8.867,-3.0,7.217,10.217,3.102,1208
2023,59680162B28710912427622,Ife Central,Osun,South West,7.54,4.539,13627,1,48.264,99.0,2.461,27.016,87.173,99.0,3.861,0,37.558,1.888,84.82,19.345,3.102,-0.42,2.87,3.292,11.289,423
2024,59680162B28710912427622,Ife Central,Osun,South West,7.54,4.539,13627,1,65.083,97.297,1.945,60.243,78.755,92.771,0.5,0,30.633,0.0,99.0,53.068,11.289,-0.95,10.769,11.714,0.8,1538
2025,59680162B28710912427622,Ife Central,Osun,South West,7.54,4.539,13627,1,45.139,99.0,1.484,41.034,84.443,98.977,8.695,0,47.642,0.0,99.0,52.651,0.8,-2.72,0.5,2.024,,109
2020,59680162B28887917480980,Ogba/Egbema/Ndoni,Rivers,South South,5.434,6.635,33171,1,62.903,90.1,0.534,40.491,62.361,73.309,4.118,1,56.681,6.811,79.068,12.456,16.182,-1.1,15.58,16.675,12.663,5368
2021,59680162B28887917480980,Ogba/Egbema/Ndoni,Rivers,South South,5.434,6.635,33171,1,62.881,99.0,2.29,46.029,74.659,99.0,16.144,0,59.532,6.36,99.0,22.979,12.663,-1.86,11.642,13.498,22.869,4200
2022,59680162B28887917480980,Ogba/Egbema/Ndoni,Rivers,South South,5.434,6.635,33171,1,72.234,98.022,2.961,34.761,78.061,86.954,12.955,0,55.577,0.0,83.498,32.801,22.869,-1.48,22.056,23.534,22.203,7586
2023,59680162B28887917480980,Ogba/Egbema/Ndoni,Rivers,South South,5.434,6.635,33171,1,71.687,97.888,0.923,38.231,71.305,84.324,15.485,0,61.253,3.742,78.038,24.741,22.203,-3.0,20.553,23.553,10.582,7365
2024,59680162B28887917480980,Ogba/Egbema/Ndoni,Rivers,South South,5.434,6.635,33171,1,56.136,99.0,2.425,20.312,58.06,58.734,9.943,0,64.694,0.0,85.291,23.392,10.582,-0.73,10.183,10.909,11.678,3510
2025,59680162B28887917480980,Ogba/Egbema/Ndoni,Rivers,South South,5.434,6.635,33171,1,52.659,99.0,0.2,32.824,80.114,66.523,0.5,1,68.744,0.0,73.741,38.748,11.678,-2.8,10.138,12.938,,3874
2020,59680162B28903777440270,Kokona,Nasarawa,North Central,8.805,8.059,53955,1,66.731,55.277,0.327,64.355,41.541,87.477,13.45,4,65.877,3.382,66.765,35.848,23.115,-0.98,22.575,23.558,31.195,12472
2021,59680162B28903777440270,Kokona,Nasarawa,North Central,8.805,8.059,53955,1,60.214,55.991,3.013,46.675,62.743,93.95,31.704,3,33.24,14.887,83.72,13.435,31.195,0.17,31.288,31.118,23.613,16831
2022,59680162B28903777440270,Kokona,Nasarawa,North Central,8.805,8.059,53955,1,56.44,81.2,3.601,59.887,32.768,88.669,8.426,0,45.224,4.715,72.661,15.665,23.613,3.91,25.764,21.854,18.866,12741
2023,59680162B28903777440270,Kokona,Nasarawa,North Central,8.805,8.059,53955,1,59.974,64.703,3.128,48.778,49.586,80.873,7.498,3,55.039,14.341,83.806,23.633,18.866,1.45,19.662,18.214,17.88,10179
2024,59680162B28903777440270,Kokona,Nasarawa,North Central,8.805,8.059,53955,1,65.653,92.041,2.97,42.026,47.642,91.812,10.856,3,30.08,2.152,87.232,31.679,17.88,-2.29,16.621,18.91,14.43,9647
2025,59680162B28903777440270,Kokona,Nasarawa,North Central,8.805,8.059,53955,1,60.007,85.016,1.858,44.494,61.637,80.952,5.954,1,77.205,9.358,67.955,23.751,14.43,-0.97,13.898,14.865,,7786
2020,59680162B2904770846082,Etsako East,Edo,South South,7.188,6.516,58664,1,68.853,96.256,1.378,47.156,85.914,80.771,9.311,2,41.843,0.0,74.556,11.186,23.81,-0.89,23.318,24.212,14.917,13968
2021,59680162B2904770846082,Etsako East,Edo,South South,7.188,6.516,58664,1,56.387,89.382,2.458,55.143,75.227,76.528,6.384,0,47.455,13.925,62.88,17.965,14.917,-2.96,13.292,16.247,13.48,8751
2022,59680162B2904770846082,Etsako East,Edo,South South,7.188,6.516,58664,1,59.263,89.803,2.735,39.385,74.634,68.69,6.594,0,37.233,2.232,87.994,20.325,13.48,2.23,14.707,12.475,14.81,7908
2023,59680162B2904770846082,Etsako East,Edo,South South,7.188,6.516,58664,1,51.454,71.014,1.341,46.257,84.977,72.122,8.362,1,56.535,0.0,99.0,28.697,14.81,-1.4,14.041,15.438,24.125,8688
2024,59680162B2904770846082,Etsako East,Edo,South South,7.188,6.516,58664,1,70.899,90.375,1.38,35.911,61.225,89.011,8.209,2,53.547,0.0,93.769,20.622,24.125,1.14,24.754,23.61,11.663,14153
2025,59680162B2904770846082,Etsako East,Edo,South South,7.188,6.516,58664,1,55.515,99.0,1.673,60.04,62.119,83.435,0.5,0,58.779,3.503,97.36,15.289,11.663,1.62,12.553,10.934,,6842
2020,59680162B29085579275088,Ethiope East,Delta,South South,5.694,5.96,67750,0,74.793,77.667,5.341,23.621,69.038,53.201,10.3,1,48.459,0.0,71.608,20.091,31.001,-1.99,29.904,31.899,32.374,21003
2021,59680162B29085579275088,Ethiope East,Delta,South South,5.694,5.96,67750,0,76.591,77.883,3.499,57.839,60.84,81.161,20.428,1,75.22,14.692,68.667,19.434,32.374,2.51,33.757,31.243,28.321,21934
2022,59680162B29085579275088,Ethiope East,Delta,South South,5.694,5.96,67750,0,72.062,86.424,3.009,27.747,62.864,51.962,11.485,2,64.137,15.684,49.604,24.79,28.321,0.29,28.48,28.192,28.589,19188
2023,59680162B29085579275088,Ethiope East,Delta,South South,5.694,5.96,67750,0,57.735,84.226,3.367,56.689,59.073,73.38,8.625,1,60.419,8.8,61.106,42.775,28.589,-0.37,28.384,28.757,13.529,19369
2024,59680162B29085579275088,Ethiope East,Delta,South South,5.694,5.96,67750,0,73.658,72.205,0.2,34.994,60.804,56.079,9.572,0,62.542,0.0,78.294,56.218,13.529,-0.99,12.987,13.973,13.54,9166
2025,59680162B29085579275088,Ethiope East,Delta,South South,5.694,5.96,67750,0,66.009,81.954,0.847,41.211,75.107,72.283,8.031,1,60.963,7.798,99.0,25.404,13.54,0.44,13.784,13.341,,9174
2020,59680162B29257457515537,Machina,Yobe,North East,13.044,10.044,42400,0,91.857,36.769,3.056,55.429,26.112,41.965,33.067,7,58.971,20.685,55.749,31.524,49.332,1.39,50.097,48.706,41.265,20917
2021,59680162B29257457515537,Machina,Yobe,North East,13.044,10.044,42400,0,82.996,37.781,5.564,57.857,56.767,45.131,28.239,2,71.615,16.215,66.059,32.347,41.265,2.56,42.671,40.115,40.836,17496
2022,59680162B29257457515537,Machina,Yobe,North East,13.044,10.044,42400,0,73.422,38.534,2.744,64.082,18.36,62.446,20.785,7,82.346,38.08,49.328,12.835,40.836,2.62,42.278,39.656,43.155,17314
2023,59680162B29257457515537,Machina,Yobe,North East,13.044,10.044,42400,0,78.172,43.03,2.244,39.616,45.843,45.538,32.482,8,66.353,22.901,34.869,18.545,43.155,3.86,45.281,41.416,50.665,18298
2024,59680162B29257457515537,Machina,Yobe,North East,13.044,10.044,42400,0,77.691,44.735,6.183,67.546,36.611,53.423,21.666,5,76.315,17.861,33.123,13.487,50.665,2.7,52.151,49.449,49.27,21482
2025,59680162B29257457515537,Machina,Yobe,North East,13.044,10.044,42400,0,85.613,29.064,5.062,52.763,64.27,30.194,34.096,4,80.539,26.816,50.462,17.261,49.27,2.35,50.56,48.215,,20891
2020,59680162B29308605862653,Ikwo,Ebonyi,South East,6.099,8.196,127201,1,61.32,99.0,1.471,37.051,99.0,87.92,6.605,1,31.668,0.0,99.0,20.228,8.118,-1.85,7.1,8.95,10.349,10326
2021,59680162B29308605862653,Ikwo,Ebonyi,South East,6.099,8.196,127201,1,55.326,92.205,0.872,37.778,97.022,99.0,7.212,1,51.802,0.0,81.391,29.288,10.349,-0.71,9.96,10.668,10.926,13165
2022,59680162B29308605862653,Ikwo,Ebonyi,South East,6.099,8.196,127201,1,46.409,89.946,0.2,33.43,86.734,99.0,10.842,1,49.664,0.0,99.0,19.876,10.926,-0.96,10.396,11.359,4.733,13898
2023,59680162B29308605862653,Ikwo,Ebonyi,South East,6.099,8.196,127201,1,57.618,91.971,0.215,43.148,85.796,99.0,3.929,0,46.122,0.0,95.574,24.799,4.733,-0.11,4.672,4.783,0.8,6021
2024,59680162B29308605862653,Ikwo,Ebonyi,South East,6.099,8.196,127201,1,45.025,89.439,0.2,17.6,85.807,73.723,0.5,0,24.171,0.0,99.0,49.022,0.8,0.13,0.874,0.74,9.462,1018
2025,59680162B29308605862653,Ikwo,Ebonyi,South East,6.099,8.196,127201,1,42.233,99.0,0.653,33.445,75.645,99.0,21.58,1,42.196,0.0,72.44,17.146,9.462,-1.23,8.784,10.017,,12036
2020,59680162B29331014496737,Obokun,Osun,South West,7.779,4.761,32205,1,63.268,99.0,1.914,44.454,75.157,79.878,5.997,3,12.161,0.0,94.114,26.154,9.67,-2.01,8.566,10.573,8.63,3114
2021,59680162B29331014496737,Obokun,Osun,South West,7.779,4.761,32205,1,60.332,90.121,1.219,44.157,99.0,99.0,0.5,0,39.715,0.0,99.0,17.941,8.63,-0.65,8.27,8.925,17.716,2779
2022,59680162B29331014496737,Obokun,Osun,South West,7.779,4.761,32205,1,62.618,98.852,1.798,38.323,90.687,90.46,9.764,0,58.437,9.59,99.0,14.256,17.716,-3.0,16.066,19.066,9.522,5705
2023,59680162B29331014496737,Obokun,Osun,South West,7.779,4.761,32205,1,60.268,99.0,0.2,39.721,79.503,99.0,0.949,0,22.566,7.882,84.895,28.7,9.522,-2.47,8.162,10.634,10.204,3066
2024,59680162B29331014496737,Obokun,Osun,South West,7.779,4.761,32205,1,50.213,99.0,0.2,57.297,76.903,92.591,4.983,1,48.251,0.0,99.0,16.777,10.204,-1.97,9.121,11.091,2.494,3286
2025,59680162B29331014496737,Obokun,Osun,South West,7.779,4.761,32205,1,56.964,99.0,1.495,36.306,91.031,95.565,1.971,0,50.944,0.0,85.442,25.631,2.494,-3.0,0.844,3.844,,803
2020,59680162B2944873791560,Kwami,Gombe,North East,10.493,11.163,11555,1,87.378,46.6,3.548,69.459,50.256,54.399,23.335,8,58.405,18.13,71.802,8.259,42.08,2.98,43.717,40.74,30.719,4862
2021,59680162B2944873791560,Kwami,Gombe,North East,10.493,11.163,11555,1,69.596,66.705,3.578,55.341,51.323,55.637,17.447,6,73.429,34.841,68.086,13.185,30.719,1.37,31.474,30.102,37.334,3550
2022,59680162B2944873791560,Kwami,Gombe,North East,10.493,11.163,11555,1,79.529,63.898,3.333,55.999,32.612,63.03,25.499,1,74.819,28.313,36.704,20.246,37.334,0.22,37.455,37.236,37.219,4314
2023,59680162B2944873791560,Kwami,Gombe,North East,10.493,11.163,11555,1,87.069,61.05,3.987,61.96,40.305,65.012,21.866,5,60.49,27.406,41.767,13.822,37.219,3.8,39.312,35.508,34.819,4301
2024,59680162B2944873791560,Kwami,Gombe,North East,10.493,11.163,11555,1,52.125,59.758,2.862,60.498,36.812,46.939,25.887,5,78.826,21.767,64.695,30.118,34.819,2.83,36.378,33.544,28.862,4023
2025,59680162B2944873791560,Kwami,Gombe,North East,10.493,11.163,11555,1,73.454,48.701,1.561,54.861,38.126,52.973,32.354,1,76.645,20.539,68.133,28.689,28.862,0.73,29.264,28.533,,3335
2020,59680162B29524904273451,Abaji,FCT,North Central,8.855,6.828,53267,1,53.471,87.782,1.337,49.773,56.625,66.829,8.812,1,36.291,7.452,88.244,20.715,18.137,-2.91,16.537,19.446,21.498,9661
2021,59680162B29524904273451,Abaji,FCT,North Central,8.855,6.828,53267,1,61.717,55.126,1.811,48.902,53.2,99.0,18.592,0,34.231,22.334,68.531,16.367,21.498,2.13,22.672,20.537,23.526,11451
2022,59680162B29524904273451,Abaji,FCT,North Central,8.855,6.828,53267,1,65.252,66.392,2.295,48.545,49.567,85.476,1.014,3,45.176,12.177,89.277,20.669,23.526,0.69,23.906,23.216,16.94,12532
2023,59680162B29524904273451,Abaji,FCT,North Central,8.855,6.828,53267,1,66.165,80.533,1.541,62.895,45.205,63.027,20.22,2,48.693,5.131,78.833,14.961,16.94,-2.08,15.797,17.874,36.245,9023
2024,59680162B29524904273451,Abaji,FCT,North Central,8.855,6.828,53267,1,69.253,78.859,3.324,48.057,50.604,92.591,22.211,2,71.575,7.308,86.001,26.244,36.245,-1.72,35.3,37.018,15.035,19307
2025,59680162B29524904273451,Abaji,FCT,North Central,8.855,6.828,53267,1,56.247,80.984,2.063,49.16,65.348,64.648,17.635,1,39.93,2.211,84.773,25.88,15.035,-1.01,14.478,15.491,,8009
2020,59680162B29589714384573,Aniocha South,Delta,South South,6.142,6.477,34544,1,53.002,71.044,0.2,43.047,70.41,99.0,20.519,0,35.873,0.0,81.925,34.991,11.977,1.67,12.894,11.226,22.295,4137
2021,59680162B29589714384573,Aniocha South,Delta,South South,6.142,6.477,34544,1,68.832,82.85,0.96,42.6,72.113,76.491,21.657,2,65.702,0.0,83.954,11.981,22.295,0.62,22.634,22.017,13.265,7701
2022,59680162B29589714384573,Aniocha South,Delta,South South,6.142,6.477,34544,1,65.768,81.054,0.2,40.106,76.076,92.095,0.5,1,43.796,2.948,95.789,21.693,13.265,-0.11,13.206,13.313,16.076,4582
2023,59680162B29589714384573,Aniocha South,Delta,South South,6.142,6.477,34544,1,55.756,98.076,1.64,36.836,81.671,79.659,16.698,0,52.436,0.0,59.631,52.743,16.076,-0.71,15.685,16.395,16.874,5553
2024,59680162B29589714384573,Aniocha South,Delta,South South,6.142,6.477,34544,1,59.74,88.982,1.465,41.71,88.06,78.106,11.664,3,45.888,0.0,72.388,24.169,16.874,-1.08,16.281,17.358,17.312,5829
2025,59680162B29589714384573,Aniocha South,Delta,South South,6.142,6.477,34544,1,52.165,86.715,0.2,46.764,84.713,82.978,12.306,0,70.229,0.0,99.0,24.346,17.312,-1.61,16.428,18.035,,5980
2020,59680162B2967434957315,Giwa,Kaduna,North West,11.052,7.329,59590,0,97.082,37.916,4.507,69.631,37.945,28.654,27.156,0,62.513,34.728,57.026,13.138,55.423,-0.31,55.252,55.563,41.714,33027
2021,59680162B2967434957315,Giwa,Kaduna,North West,11.052,7.329,59590,0,91.757,38.201,4.23,54.824,43.902,37.893,35.694,0,54.7,24.459,58.773,8.733,41.714,3.8,43.803,40.005,51.772,24857
2022,59680162B2967434957315,Giwa,Kaduna,North West,11.052,7.329,59590,0,84.456,22.041,5.218,63.808,30.969,17.931,39.662,2,73.712,32.233,52.068,15.408,51.772,2.88,53.355,50.477,48.638,30851
2023,59680162B2967434957315,Giwa,Kaduna,North West,11.052,7.329,59590,0,90.973,31.42,4.717,62.441,28.954,17.381,30.714,2,44.153,29.709,38.934,21.094,48.638,2.96,50.263,47.308,48.064,28983
2024,59680162B2967434957315,Giwa,Kaduna,North West,11.052,7.329,59590,0,82.84,47.254,4.249,51.352,21.319,53.451,29.375,0,58.791,43.509,63.743,14.769,48.064,2.16,49.254,47.091,49.821,28642
2025,59680162B2967434957315,Giwa,Kaduna,North West,11.052,7.329,59590,0,83.506,46.878,4.665,60.652,40.427,35.98,27.31,1,67.777,24.285,25.924,14.353,49.821,0.65,50.176,49.53,,29688
2020,59680162B29680565367836,Ikpoba-Okha,Edo,South South,6.185,5.658,37200,0,76.085,79.586,3.537,41.229,76.725,60.642,19.374,1,56.782,7.722,63.097,13.397,34.899,-3.0,33.249,36.249,23.581,12983
2021,59680162B29680565367836,Ikpoba-Okha,Edo,South South,6.185,5.658,37200,0,73.396,86.08,1.835,19.017,66.463,64.406,17.224,3,47.224,0.0,82.046,26.398,23.581,-0.6,23.253,23.849,14.801,8772
2022,59680162B29680565367836,Ikpoba-Okha,Edo,South South,6.185,5.658,37200,0,54.844,66.83,4.485,24.507,75.823,70.628,17.409,1,42.296,6.034,98.014,24.679,14.801,0.75,15.216,14.462,25.119,5506
2023,59680162B29680565367836,Ikpoba-Okha,Edo,South South,6.185,5.658,37200,0,58.93,69.31,2.074,37.235,43.648,78.691,15.535,0,41.23,7.258,68.841,22.636,25.119,0.11,25.181,25.069,12.272,9344
2024,59680162B29680565367836,Ikpoba-Okha,Edo,South South,6.185,5.658,37200,0,70.241,74.729,1.854,54.315,71.981,81.952,26.591,0,66.142,12.973,74.155,16.85,12.272,-2.33,10.993,13.318,16.998,4565
2025,59680162B29680565367836,Ikpoba-Okha,Edo,South South,6.185,5.658,37200,0,69.688,78.594,1.594,39.102,55.992,70.766,17.694,1,90.326,0.0,82.705,23.583,16.998,1.44,17.791,16.349,,6323
2020,59680162B29721937623471,Abeokuta North,Ogun,South West,7.245,3.199,37689,1,52.181,86.236,0.2,35.346,64.266,97.135,11.988,1,22.659,3.514,91.448,19.941,8.82,-0.09,8.768,8.862,6.206,3324
2021,59680162B29721937623471,Abeokuta North,Ogun,South West,7.245,3.199,37689,1,56.286,99.0,0.2,43.222,94.524,91.133,0.5,2,60.337,6.99,99.0,21.593,6.206,1.34,6.946,5.601,3.806,2339
2022,59680162B29721937623471,Abeokuta North,Ogun,South West,7.245,3.199,37689,1,48.822,82.635,2.05,33.62,99.0,99.0,4.804,1,34.339,0.0,98.818,27.193,3.806,-2.21,2.592,4.799,0.8,1434
2023,59680162B29721937623471,Abeokuta North,Ogun,South West,7.245,3.199,37689,1,51.608,99.0,0.741,38.87,97.685,99.0,3.191,0,29.525,0.0,99.0,26.889,0.8,-0.52,0.516,1.032,1.374,302
2024,59680162B29721937623471,Abeokuta North,Ogun,South West,7.245,3.199,37689,1,53.718,79.733,0.2,45.22,95.575,99.0,7.886,0,44.285,4.041,99.0,43.296,1.374,0.34,1.564,1.219,6.091,518
2025,59680162B29721937623471,Abeokuta North,Ogun,South West,7.245,3.199,37689,1,41.086,81.329,0.863,30.522,85.018,99.0,19.067,0,52.853,7.113,99.0,24.341,6.091,-3.0,4.441,7.441,,2296
2020,59680162B29829764060990,Pategi,Kwara,North Central,8.65,5.794,38500,0,74.373,73.788,3.792,30.768,53.228,56.194,14.2,0,60.104,0.0,49.871,21.245,18.331,1.17,18.976,17.803,28.489,7057
2021,59680162B29829764060990,Pategi,Kwara,North Central,8.65,5.794,38500,0,79.071,63.444,2.932,36.181,54.588,60.679,23.834,3,56.322,18.737,63.076,16.27,28.489,0.31,28.661,28.349,30.707,10968
2022,59680162B29829764060990,Pategi,Kwara,North Central,8.65,5.794,38500,0,77.256,62.354,1.989,51.032,54.845,66.935,11.855,3,59.036,15.205,47.188,19.098,30.707,2.05,31.835,29.784,17.044,11822
2023,59680162B29829764060990,Pategi,Kwara,North Central,8.65,5.794,38500,0,62.567,79.588,1.302,36.808,44.208,54.735,22.989,2,43.881,0.0,44.622,22.925,17.044,0.38,17.252,16.873,29.986,6562
2024,59680162B29829764060990,Pategi,Kwara,North Central,8.65,5.794,38500,0,75.335,58.634,3.224,49.839,80.983,63.854,17.588,1,48.041,0.0,71.501,33.914,29.986,-1.88,28.951,30.832,37.712,11544
2025,59680162B29829764060990,Pategi,Kwara,North Central,8.65,5.794,38500,0,90.657,44.439,3.927,45.522,75.2,52.036,28.495,1,52.589,0.0,67.009,16.389,37.712,0.81,38.155,37.35,,14519
2020,59680162B29995960925404,Kurmi,Taraba,North East,7.258,10.7,69828,1,79.399,37.227,3.99,64.869,33.786,52.929,40.211,9,77.214,26.844,59.658,19.038,59.489,0.04,59.509,59.473,45.321,41540
2021,59680162B29995960925404,Kurmi,Taraba,North East,7.258,10.7,69828,1,82.567,48.512,3.599,77.842,54.421,62.358,15.138,4,67.16,16.471,59.461,19.257,45.321,-2.13,44.148,46.28,45.012,31646
2022,59680162B29995960925404,Kurmi,Taraba,North East,7.258,10.7,69828,1,82.263,55.399,2.698,63.191,36.734,57.108,21.932,4,59.506,26.119,85.334,28.278,45.012,2.0,46.114,44.109,35.733,31431
2023,59680162B29995960925404,Kurmi,Taraba,North East,7.258,10.7,69828,1,71.981,35.362,3.688,61.362,56.09,82.95,27.658,6,35.579,8.444,68.905,15.978,35.733,1.06,36.318,35.254,40.016,24952
2024,59680162B29995960925404,Kurmi,Taraba,North East,7.258,10.7,69828,1,83.003,63.773,3.125,50.522,35.444,39.294,24.068,4,48.974,15.469,56.957,22.172,40.016,-0.16,39.928,40.088,52.225,27942
2025,59680162B29995960925404,Kurmi,Taraba,North East,7.258,10.7,69828,1,80.569,51.918,3.864,50.016,56.485,64.455,38.738,7,54.57,24.671,56.545,14.783,52.225,0.26,52.366,52.109,,36468
2020,59680162B30032590265448,Ikot Abasi,Akwa Ibom,South South,4.611,7.622,28512,0,73.883,88.854,1.692,45.33,66.354,86.855,16.327,2,53.446,7.536,65.723,20.615,16.941,-1.89,15.902,17.792,16.455,4830
2021,59680162B30032590265448,Ikot Abasi,Akwa Ibom,South South,4.611,7.622,28512,0,79.292,88.784,0.27,43.712,65.959,56.725,14.079,2,63.066,5.606,66.435,63.04,16.455,0.27,16.604,16.332,14.795,4692
2022,59680162B30032590265448,Ikot Abasi,Akwa Ibom,South South,4.611,7.622,28512,0,71.089,78.229,0.585,23.984,42.497,63.829,0.5,0,62.974,0.0,72.615,20.415,14.795,2.77,16.319,13.547,26.184,4218
2023,59680162B30032590265448,Ikot Abasi,Akwa Ibom,South South,4.611,7.622,28512,0,71.676,71.452,3.731,39.878,67.179,64.157,12.193,1,55.262,9.484,66.141,23.896,26.184,1.23,26.862,25.628,14.064,7465
2024,59680162B30032590265448,Ikot Abasi,Akwa Ibom,South South,4.611,7.622,28512,0,66.181,79.916,1.082,40.072,47.593,57.252,15.26,1,60.688,0.0,74.811,19.311,14.064,0.59,14.386,13.8,15.157,4010
2025,59680162B30032590265448,Ikot Abasi,Akwa Ibom,South South,4.611,7.622,28512,0,63.243,83.414,0.328,31.371,59.628,90.691,13.032,1,61.932,9.208,98.112,30.855,15.157,-0.14,15.079,15.221,,4322
2020,59680162B30227281044650,Marte,Borno,North East,12.448,13.868,31055,1,91.331,59.288,2.712,70.02,78.158,67.284,28.369,6,61.259,12.974,35.999,18.764,33.722,-0.92,33.219,34.134,49.66,10472
2021,59680162B30227281044650,Marte,Borno,North East,12.448,13.868,31055,1,86.257,45.652,4.071,42.917,27.322,67.807,31.859,7,85.624,27.119,63.451,19.954,49.66,2.56,51.071,48.506,43.132,15422
2022,59680162B30227281044650,Marte,Borno,North East,12.448,13.868,31055,1,88.231,32.187,2.241,42.231,34.191,75.374,12.146,5,51.332,27.064,57.646,19.845,43.132,2.06,44.267,42.202,35.322,13394
2023,59680162B30227281044650,Marte,Borno,North East,12.448,13.868,31055,1,76.808,32.714,1.139,52.966,35.013,87.14,27.434,3,54.051,31.097,71.179,12.859,35.322,1.88,36.355,34.476,37.209,10969
2024,59680162B30227281044650,Marte,Borno,North East,12.448,13.868,31055,1,89.131,61.686,2.342,50.902,41.445,50.192,28.727,3,69.666,28.351,73.929,27.782,37.209,-1.18,36.557,37.742,46.475,11555
2025,59680162B30227281044650,Marte,Borno,North East,12.448,13.868,31055,1,70.665,59.456,4.876,68.383,37.858,61.56,24.4,3,85.379,11.417,71.647,17.142,46.475,3.4,48.347,44.944,,14433
2020,59680162B30447030328077,Gagarawa,Jigawa,North West,12.484,9.519,26028,0,82.589,51.192,5.337,77.907,17.055,15.376,40.684,1,60.935,27.839,51.774,12.46,54.571,0.17,54.666,54.493,54.888,14204
2021,59680162B30447030328077,Gagarawa,Jigawa,North West,12.484,9.519,26028,0,93.49,41.56,4.691,57.13,28.038,60.276,29.81,1,64.912,38.126,26.496,21.727,54.888,4.75,57.503,52.75,49.209,14286
2022,59680162B30447030328077,Gagarawa,Jigawa,North West,12.484,9.519,26028,0,82.305,41.946,4.507,72.017,29.142,24.831,30.606,0,63.884,21.889,35.858,12.869,49.209,2.57,50.621,48.054,41.71,12808
2023,59680162B30447030328077,Gagarawa,Jigawa,North West,12.484,9.519,26028,0,89.009,42.876,4.226,55.092,44.016,45.103,25.499,1,70.803,25.511,75.183,18.763,41.71,0.01,41.714,41.707,46.032,10856
2024,59680162B30447030328077,Gagarawa,Jigawa,North West,12.484,9.519,26028,0,86.732,28.081,4.196,58.783,18.192,39.744,26.578,1,72.769,46.192,37.92,14.535,46.032,1.01,46.59,45.575,45.217,11981
2025,59680162B30447030328077,Gagarawa,Jigawa,North West,12.484,9.519,26028,0,91.4,37.202,4.078,58.898,53.919,50.366,21.445,2,57.153,21.815,68.756,14.912,45.217,-0.58,44.898,45.479,,11769
2020,59680162B30593466404451,Kolokuma/Opokuma,Bayelsa,South South,5.064,6.245,17660,1,60.956,95.22,1.548,35.621,58.08,74.172,8.722,3,49.774,0.0,71.618,22.097,10.438,-0.19,10.336,10.522,24.946,1843
2021,59680162B30593466404451,Kolokuma/Opokuma,Bayelsa,South South,5.064,6.245,17660,1,64.643,84.142,1.744,39.587,52.872,60.65,10.518,0,64.593,5.799,95.752,21.812,24.946,1.29,25.655,24.365,13.627,4405
2022,59680162B30593466404451,Kolokuma/Opokuma,Bayelsa,South South,5.064,6.245,17660,1,54.466,86.47,2.525,38.968,72.603,64.461,1.917,0,59.046,0.0,98.861,19.274,13.627,0.57,13.941,13.371,12.433,2407
2023,59680162B30593466404451,Kolokuma/Opokuma,Bayelsa,South South,5.064,6.245,17660,1,54.349,88.392,1.281,23.732,85.289,75.584,9.462,1,62.663,0.0,82.392,18.561,12.433,-0.47,12.177,12.643,5.393,2196
2024,59680162B30593466404451,Kolokuma/Opokuma,Bayelsa,South South,5.064,6.245,17660,1,56.419,99.0,0.2,49.185,79.214,99.0,0.5,1,54.242,0.0,92.164,23.641,5.393,-3.0,3.743,6.743,10.661,952
2025,59680162B30593466404451,Kolokuma/Opokuma,Bayelsa,South South,5.064,6.245,17660,1,57.203,87.6,0.802,17.25,68.764,93.385,12.549,0,79.925,3.815,77.393,38.844,10.661,-0.42,10.432,10.848,,1883
2020,59680162B30655337934726,Yala,Cross River,South South,6.665,8.535,30280,1,58.658,99.0,4.091,50.492,82.311,88.677,6.801,1,57.122,0.0,85.537,11.857,13.553,-0.81,13.106,13.918,13.539,4104
2021,59680162B30655337934726,Yala,Cross River,South South,6.665,8.535,30280,1,68.379,94.876,0.2,40.803,53.024,79.324,0.5,3,66.986,0.099,99.0,40.124,13.539,-2.38,12.231,14.609,7.795,4100
2022,59680162B30655337934726,Yala,Cross River,South South,6.665,8.535,30280,1,64.781,99.0,0.2,47.517,91.663,81.017,13.782,1,49.469,3.819,85.195,16.226,7.795,-2.26,6.553,8.811,7.762,2360
2023,59680162B30655337934726,Yala,Cross River,South South,6.665,8.535,30280,1,67.782,95.98,1.72,63.438,91.839,99.0,9.293,2,58.443,0.0,99.0,16.055,7.762,-0.47,7.505,7.973,5.303,2350
2024,59680162B30655337934726,Yala,Cross River,South South,6.665,8.535,30280,1,63.204,87.414,0.52,45.267,77.007,82.327,0.5,0,40.76,0.0,89.987,23.396,5.303,-3.0,3.653,6.653,4.458,1606
2025,59680162B30655337934726,Yala,Cross River,South South,6.665,8.535,30280,1,59.176,94.837,0.419,24.698,86.54,72.507,7.7,0,61.51,5.391,80.142,26.945,4.458,-1.73,3.504,5.238,,1350
2020,59680162B30693560799830,Akoko North East,Ondo,South West,7.562,5.906,71967,1,57.428,91.205,3.09,50.887,88.86,96.468,0.5,0,43.704,0.0,74.72,36.199,16.002,-0.83,15.547,16.374,11.151,11516
2021,59680162B30693560799830,Akoko North East,Ondo,South West,7.562,5.906,71967,1,57.24,86.501,0.2,35.757,85.047,85.357,13.542,1,55.91,0.0,87.829,18.165,11.151,2.11,12.309,10.203,13.277,8025
2022,59680162B30693560799830,Akoko North East,Ondo,South West,7.562,5.906,71967,1,50.887,87.243,0.2,53.683,82.133,92.407,0.5,0,46.501,0.0,97.258,27.306,13.277,-2.01,12.172,14.181,5.116,9555
2023,59680162B30693560799830,Akoko North East,Ondo,South West,7.562,5.906,71967,1,57.36,92.344,0.965,48.35,66.952,99.0,9.434,1,33.126,7.619,87.281,24.869,5.116,1.07,5.704,4.635,8.364,3682
2024,59680162B30693560799830,Akoko North East,Ondo,South West,7.562,5.906,71967,1,45.819,94.066,0.2,52.209,71.78,87.984,2.339,0,22.679,10.5,99.0,30.689,8.364,1.2,9.023,7.826,1.371,6020
2025,59680162B30693560799830,Akoko North East,Ondo,South West,7.562,5.906,71967,1,50.129,99.0,0.2,17.25,99.0,90.163,0.5,0,21.366,0.0,99.0,22.502,1.371,-1.41,0.593,2.007,,987
2020,59680162B30773772502776,Tai,Rivers,South South,4.756,7.26,20055,0,67.689,89.417,3.704,15.0,70.405,62.97,1.01,0,43.101,3.352,76.032,20.04,12.549,-1.48,11.737,13.213,16.26,2517
2021,59680162B30773772502776,Tai,Rivers,South South,4.756,7.26,20055,0,65.71,70.883,0.498,34.719,66.492,68.047,4.829,2,63.03,9.273,55.986,24.341,16.26,0.99,16.805,15.814,11.636,3261
2022,59680162B30773772502776,Tai,Rivers,South South,4.756,7.26,20055,0,80.98,89.235,2.407,44.656,77.938,64.657,4.751,1,39.034,1.946,72.695,10.577,11.636,-2.6,10.204,12.807,15.274,2334
2023,59680162B30773772502776,Tai,Rivers,South South,4.756,7.26,20055,0,61.69,87.121,0.642,43.674,60.832,56.516,23.225,2,46.5,5.147,78.309,23.639,15.274,-0.52,14.986,15.51,18.636,3063
2024,59680162B30773772502776,Tai,Rivers,South South,4.756,7.26,20055,0,72.993,86.441,3.294,55.908,56.576,84.065,13.493,0,58.44,3.673,43.67,24.806,18.636,0.67,19.002,18.336,23.856,3737
2025,59680162B30773772502776,Tai,Rivers,South South,4.756,7.26,20055,0,79.689,76.637,1.009,38.873,66.696,82.961,23.144,0,53.658,4.552,73.665,24.191,23.856,-0.91,23.357,24.265,,4784
2020,59680162B30773939854921,Ughelli South,Delta,South South,5.349,5.918,34892,0,79.387,62.661,1.407,39.473,60.348,63.604,1.0,1,53.775,5.943,77.598,30.894,13.284,2.61,14.72,12.109,19.618,4635
2021,59680162B30773939854921,Ughelli South,Delta,South South,5.349,5.918,34892,0,68.293,73.486,3.04,45.313,65.638,84.336,13.417,0,57.116,0.0,86.667,24.166,19.618,-1.16,18.977,20.142,19.109,6845
2022,59680162B30773939854921,Ughelli South,Delta,South South,5.349,5.918,34892,0,70.723,77.271,2.146,35.139,64.339,55.394,8.16,2,57.194,0.0,75.393,26.1,19.109,1.49,19.926,18.44,21.998,6667
2023,59680162B30773939854921,Ughelli South,Delta,South South,5.349,5.918,34892,0,70.992,81.792,1.727,35.095,61.199,85.93,10.812,2,41.031,0.0,86.215,24.133,21.998,-1.36,21.252,22.609,20.924,7676
2024,59680162B30773939854921,Ughelli South,Delta,South South,5.349,5.918,34892,0,68.989,98.367,2.597,35.133,58.0,86.041,7.405,3,36.557,0.0,71.036,19.173,20.924,-0.04,20.902,20.942,14.341,7301
2025,59680162B30773939854921,Ughelli South,Delta,South South,5.349,5.918,34892,0,67.069,82.423,2.559,54.43,77.697,65.324,8.291,0,45.6,9.064,91.915,14.672,14.341,0.74,14.745,14.01,,5004
2020,59680162B30816727026324,Ogoja,Cross River,South South,6.522,8.693,77120,0,73.171,92.007,3.661,32.673,66.121,61.223,1.0,1,34.726,0.0,62.221,44.258,20.678,0.39,20.893,20.502,19.682,15947
2021,59680162B30816727026324,Ogoja,Cross River,South South,6.522,8.693,77120,0,74.392,82.055,0.855,19.213,71.489,72.563,13.544,1,83.627,18.721,76.249,36.266,19.682,-3.0,18.032,21.032,18.494,15179
2022,59680162B30816727026324,Ogoja,Cross River,South South,6.522,8.693,77120,0,77.654,75.828,2.647,31.716,68.753,44.716,19.278,0,53.064,0.0,78.256,38.844,18.494,0.81,18.938,18.13,26.237,14262
2023,59680162B30816727026324,Ogoja,Cross River,South South,6.522,8.693,77120,0,72.467,86.666,3.058,46.076,50.304,80.824,20.218,1,45.297,4.187,65.061,30.459,26.237,1.46,27.041,25.579,25.871,20234
2024,59680162B30816727026324,Ogoja,Cross River,South South,6.522,8.693,77120,0,73.68,72.936,3.891,42.063,76.765,80.527,8.887,3,38.817,0.0,88.001,26.841,25.871,-0.25,25.732,25.985,29.06,19952
2025,59680162B30816727026324,Ogoja,Cross River,South South,6.522,8.693,77120,0,72.529,91.008,2.782,41.535,53.654,80.722,4.295,1,63.457,0.0,63.05,21.638,29.06,-0.73,28.657,29.39,,22411
2020,59680162B30817931145163,Balanga,Gombe,North East,9.821,11.702,47595,0,81.741,50.015,5.53,71.42,32.452,30.884,34.142,6,43.877,32.67,42.8,11.214,52.2,0.86,52.67,51.814,47.413,24844
2021,59680162B30817931145163,Balanga,Gombe,North East,9.821,11.702,47595,0,88.817,31.348,5.442,61.779,24.887,48.249,20.538,1,74.372,39.954,52.272,11.428,47.413,2.15,48.597,46.445,56.122,22566
2022,59680162B30817931145163,Balanga,Gombe,North East,9.821,11.702,47595,0,96.619,42.431,5.244,68.041,34.468,38.734,43.46,3,53.206,36.249,81.918,12.371,56.122,4.17,58.414,54.246,45.822,26711
2023,59680162B30817931145163,Balanga,Gombe,North East,9.821,11.702,47595,0,90.104,36.174,4.803,61.257,40.892,39.363,33.976,3,75.239,9.552,22.768,14.357,45.822,1.34,46.56,45.219,47.996,21809
2024,59680162B30817931145163,Balanga,Gombe,North East,9.821,11.702,47595,0,88.89,52.799,5.839,54.395,27.115,59.675,23.085,3,71.699,27.024,71.536,13.091,47.996,1.86,49.021,47.158,44.241,22844
2025,59680162B30817931145163,Balanga,Gombe,North East,9.821,11.702,47595,0,82.808,28.897,3.949,49.208,42.037,45.405,32.559,8,66.4,14.079,58.061,25.756,44.241,2.17,45.433,43.266,,21057
2020,59680162B30906229675123,Misau,Bauchi,North East,11.386,10.463,15308,0,94.003,40.55,4.169,66.392,44.499,27.857,33.336,4,56.912,42.214,53.179,24.091,47.567,3.48,49.482,46.0,51.105,7282
2021,59680162B30906229675123,Misau,Bauchi,North East,11.386,10.463,15308,0,80.577,46.744,4.087,66.516,15.874,32.196,30.081,7,71.439,40.362,41.073,15.35,51.105,1.19,51.757,50.572,40.58,7823
2022,59680162B30906229675123,Misau,Bauchi,North East,11.386,10.463,15308,0,94.12,40.438,2.617,68.347,31.683,57.182,24.538,7,71.232,12.363,43.963,13.057,40.58,2.26,41.825,39.561,42.132,6212
2023,59680162B30906229675123,Misau,Bauchi,North East,11.386,10.463,15308,0,89.263,46.27,3.208,58.467,39.064,47.806,30.003,2,55.089,24.215,56.45,15.793,42.132,1.0,42.681,41.683,38.858,6450
2024,59680162B30906229675123,Misau,Bauchi,North East,11.386,10.463,15308,0,79.035,70.71,5.323,49.144,52.182,28.197,27.003,3,76.394,18.792,56.528,19.921,38.858,-0.62,38.519,39.135,54.3,5948
2025,59680162B30906229675123,Misau,Bauchi,North East,11.386,10.463,15308,0,83.704,53.658,5.012,53.849,39.205,46.361,38.813,5,68.665,27.397,44.253,18.167,54.3,1.07,54.891,53.817,,8312
2020,59680162B31003411858547,Ayamelum,Anambra,South East,6.552,6.981,60712,1,69.698,99.0,0.2,36.126,58.12,90.397,0.5,0,37.116,0.0,99.0,19.941,12.932,-1.58,12.062,13.643,13.947,7851
2021,59680162B31003411858547,Ayamelum,Anambra,South East,6.552,6.981,60712,1,67.375,99.0,0.2,33.861,85.762,81.86,8.448,0,53.422,3.561,99.0,14.358,13.947,-1.98,12.859,14.837,17.367,8467
2022,59680162B31003411858547,Ayamelum,Anambra,South East,6.552,6.981,60712,1,72.336,93.803,0.2,34.048,65.473,70.241,8.857,0,37.928,2.088,99.0,42.448,17.367,-0.68,16.995,17.672,13.258,10544
2023,59680162B31003411858547,Ayamelum,Anambra,South East,6.552,6.981,60712,1,70.035,99.0,0.2,42.352,76.805,82.69,0.5,1,45.402,0.562,79.775,35.723,13.258,-0.27,13.111,13.378,5.97,8049
2024,59680162B31003411858547,Ayamelum,Anambra,South East,6.552,6.981,60712,1,60.637,99.0,0.941,20.696,93.225,99.0,4.675,0,32.53,0.0,99.0,24.739,5.97,-2.15,4.787,6.937,12.162,3624
2025,59680162B31003411858547,Ayamelum,Anambra,South East,6.552,6.981,60712,1,68.085,99.0,0.2,49.645,81.225,99.0,5.633,0,22.071,0.926,94.947,25.647,12.162,-2.67,10.692,13.365,,7384
2020,59680162B31064170938287,Kaugama,Jigawa,North West,12.558,9.747,107014,0,77.77,50.085,5.057,59.549,58.462,5.0,41.516,1,58.082,39.485,42.913,4.24,48.552,-2.21,47.338,49.545,52.965,51957
2021,59680162B31064170938287,Kaugama,Jigawa,North West,12.558,9.747,107014,0,93.72,33.52,4.295,65.224,30.896,65.189,35.342,0,90.735,39.679,23.882,22.544,52.965,2.69,54.446,51.753,47.507,56680
2022,59680162B31064170938287,Kaugama,Jigawa,North West,12.558,9.747,107014,0,79.173,20.581,3.503,62.219,16.604,40.909,28.572,3,61.854,46.681,61.068,15.193,47.507,3.24,49.289,46.048,56.22,50839
2023,59680162B31064170938287,Kaugama,Jigawa,North West,12.558,9.747,107014,0,93.633,29.204,5.028,57.238,56.867,43.578,30.946,1,53.531,45.95,39.198,12.217,56.22,1.07,56.808,55.739,43.973,60163
2024,59680162B31064170938287,Kaugama,Jigawa,North West,12.558,9.747,107014,0,87.206,40.569,4.399,60.304,23.863,37.723,26.79,0,42.634,32.237,67.979,14.866,43.973,2.03,45.09,43.059,47.97,47058
2025,59680162B31064170938287,Kaugama,Jigawa,North West,12.558,9.747,107014,0,92.533,15.33,4.297,65.824,48.512,37.919,36.078,1,71.8,32.256,49.567,13.232,47.97,3.86,50.091,46.235,,51335
2020,59680162B31090464189446,Madagali,Adamawa,North East,10.791,13.5,45515,1,87.867,30.044,0.519,56.858,33.422,72.148,27.494,4,50.711,21.944,54.745,11.527,34.504,3.99,36.699,32.709,39.044,15705
2021,59680162B31090464189446,Madagali,Adamawa,North East,10.791,13.5,45515,1,81.903,42.031,2.721,61.551,12.1,73.289,39.057,4,46.501,27.059,85.508,9.31,39.044,2.07,40.181,38.113,41.094,17771
2022,59680162B31090464189446,Madagali,Adamawa,North East,10.791,13.5,45515,1,73.245,36.832,2.443,55.032,52.083,62.61,16.783,5,74.233,16.686,59.29,17.977,41.094,1.08,41.688,40.608,47.195,18704
2023,59680162B31090464189446,Madagali,Adamawa,North East,10.791,13.5,45515,1,74.201,52.077,4.324,56.303,46.846,37.439,36.976,5,70.819,23.397,67.134,19.472,47.195,0.94,47.713,46.771,27.851,21481
2024,59680162B31090464189446,Madagali,Adamawa,North East,10.791,13.5,45515,1,59.726,37.495,2.813,74.675,43.053,74.065,16.021,2,51.242,22.544,65.482,17.542,27.851,2.03,28.969,26.937,44.044,12677
2025,59680162B31090464189446,Madagali,Adamawa,North East,10.791,13.5,45515,1,80.887,44.198,2.339,61.197,39.627,30.384,26.508,10,80.048,18.003,62.935,15.316,44.044,0.5,44.318,43.819,,20046
2020,59680162B31217574251855,Igbo-Eze North,Enugu,South East,7.005,7.459,65052,1,63.269,97.856,2.794,33.258,77.521,85.1,2.939,1,44.119,0.0,99.0,30.154,3.159,-1.09,2.561,3.648,11.818,2055
2021,59680162B31217574251855,Igbo-Eze North,Enugu,South East,7.005,7.459,65052,1,60.329,72.703,2.164,37.229,78.147,92.13,9.902,0,24.741,0.0,99.0,48.256,11.818,-3.0,10.168,13.168,14.951,7688
2022,59680162B31217574251855,Igbo-Eze North,Enugu,South East,7.005,7.459,65052,1,59.967,99.0,0.2,34.603,78.468,78.724,10.921,0,30.008,12.753,93.713,21.591,14.951,1.19,15.608,14.413,4.101,9726
2023,59680162B31217574251855,Igbo-Eze North,Enugu,South East,7.005,7.459,65052,1,54.775,99.0,1.351,19.663,72.025,71.352,0.5,1,38.809,8.274,81.545,21.428,4.101,-0.11,4.038,4.152,2.79,2668
2024,59680162B31217574251855,Igbo-Eze North,Enugu,South East,7.005,7.459,65052,1,46.696,99.0,0.239,47.284,96.641,99.0,14.357,0,8.454,5.425,99.0,55.22,2.79,-3.0,1.14,4.14,0.8,1815
2025,59680162B31217574251855,Igbo-Eze North,Enugu,South East,7.005,7.459,65052,1,59.442,99.0,0.2,27.879,99.0,95.562,14.651,0,49.923,5.538,99.0,18.944,0.8,-1.42,0.5,1.44,,520
2020,59680162B31302026198632,Nkwerre,Imo,South East,5.768,7.101,28081,0,84.75,99.0,1.348,32.208,59.514,88.346,5.9,0,15.924,0.0,82.697,17.585,13.694,-1.45,12.9,14.345,19.86,3846
2021,59680162B31302026198632,Nkwerre,Imo,South East,5.768,7.101,28081,0,74.573,73.571,1.208,33.716,73.657,81.968,9.055,1,28.172,0.831,68.633,23.123,19.86,0.74,20.265,19.528,18.332,5577
2022,59680162B31302026198632,Nkwerre,Imo,South East,5.768,7.101,28081,0,65.775,81.237,2.18,33.8,76.846,73.127,9.966,1,51.495,0.0,80.658,29.788,18.332,-1.35,17.587,18.941,19.406,5148
2023,59680162B31302026198632,Nkwerre,Imo,South East,5.768,7.101,28081,0,66.794,95.981,1.913,30.473,84.54,99.0,9.993,0,33.526,15.873,78.759,16.784,19.406,1.0,19.954,18.957,11.001,5449
2024,59680162B31302026198632,Nkwerre,Imo,South East,5.768,7.101,28081,0,67.731,86.746,1.217,27.107,68.341,62.597,15.995,1,23.616,3.14,81.615,38.805,11.001,-1.8,10.01,11.812,4.35,3089
2025,59680162B31302026198632,Nkwerre,Imo,South East,5.768,7.101,28081,0,59.545,99.0,0.461,24.972,94.903,78.226,2.052,0,27.349,14.858,80.379,18.981,4.35,-1.79,3.363,5.157,,1221
2020,59680162B31350853830247,Nnewi South,Anambra,South East,5.966,6.963,17988,1,66.957,99.0,1.431,31.071,77.071,84.627,11.247,3,16.065,0.374,90.649,30.175,11.191,-3.0,9.541,12.541,8.44,2013
2021,59680162B31350853830247,Nnewi South,Anambra,South East,5.966,6.963,17988,1,61.4,94.467,0.28,35.35,87.386,81.617,1.762,1,39.977,0.0,86.459,23.253,8.44,-0.48,8.177,8.656,14.878,1518
2022,59680162B31350853830247,Nnewi South,Anambra,South East,5.966,6.963,17988,1,75.665,99.0,1.419,33.889,80.096,83.818,4.206,1,50.236,0.0,80.868,28.373,14.878,-3.0,13.228,16.228,3.841,2676
2023,59680162B31350853830247,Nnewi South,Anambra,South East,5.966,6.963,17988,1,52.927,99.0,0.2,38.339,70.848,99.0,4.643,0,35.813,0.0,99.0,22.397,3.841,1.6,4.719,3.122,16.553,691
2024,59680162B31350853830247,Nnewi South,Anambra,South East,5.966,6.963,17988,1,69.556,99.0,2.782,44.739,76.815,99.0,5.461,0,59.766,0.0,95.548,32.848,16.553,-2.14,15.377,17.516,8.753,2978
2025,59680162B31350853830247,Nnewi South,Anambra,South East,5.966,6.963,17988,1,61.912,99.0,0.761,28.213,70.343,99.0,18.543,0,41.199,0.0,99.0,38.324,8.753,-0.94,8.237,9.175,,1575
2020,59680162B31389051207927,Kafin Hausa,Jigawa,North West,12.157,9.982,31318,0,85.035,29.256,5.149,61.375,29.59,33.863,33.149,1,56.17,50.932,55.642,22.955,57.961,2.95,59.585,56.633,51.22,18152
2021,59680162B31389051207927,Kafin Hausa,Jigawa,North West,12.157,9.982,31318,0,87.179,46.594,5.333,61.348,52.902,28.843,24.91,4,48.869,37.754,34.518,13.636,51.22,0.69,51.6,50.909,50.72,16041
2022,59680162B31389051207927,Kafin Hausa,Jigawa,North West,12.157,9.982,31318,0,82.401,30.329,3.111,60.389,23.326,51.013,37.396,3,56.497,51.164,34.548,19.228,50.72,2.36,52.019,49.658,50.773,15885
2023,59680162B31389051207927,Kafin Hausa,Jigawa,North West,12.157,9.982,31318,0,83.074,35.52,5.448,65.1,17.266,43.647,25.1,0,63.418,23.65,35.554,14.322,50.773,1.05,51.351,50.3,46.196,15901
2024,59680162B31389051207927,Kafin Hausa,Jigawa,North West,12.157,9.982,31318,0,94.662,45.358,4.799,55.238,37.066,38.261,28.747,2,55.388,23.3,51.179,18.293,46.196,5.01,48.949,43.943,54.406,14468
2025,59680162B31389051207927,Kafin Hausa,Jigawa,North West,12.157,9.982,31318,0,85.25,34.962,4.818,68.202,37.212,31.015,44.735,3,69.593,46.379,64.185,17.979,54.406,1.31,55.129,53.814,,17039
2020,59680162B31457176745984,Ahoada West,Rivers,South South,5.021,6.496,27027,0,60.962,88.817,2.702,26.158,42.821,63.532,10.457,0,46.465,0.0,93.233,10.418,20.932,0.46,21.183,20.726,25.367,5657
2021,59680162B31457176745984,Ahoada West,Rivers,South South,5.021,6.496,27027,0,70.792,85.979,1.376,61.267,49.451,66.177,14.71,0,54.868,0.0,64.044,21.99,25.367,-2.17,24.176,26.341,13.919,6856
2022,59680162B31457176745984,Ahoada West,Rivers,South South,5.021,6.496,27027,0,75.794,99.0,2.402,16.13,77.22,78.32,20.844,0,54.811,0.0,68.662,10.746,13.919,-2.07,12.782,14.849,20.331,3762
2023,59680162B31457176745984,Ahoada West,Rivers,South South,5.021,6.496,27027,0,79.176,85.173,1.796,28.434,71.071,57.245,6.743,2,41.816,0.0,90.838,29.597,20.331,-0.57,20.016,20.589,32.03,5495
2024,59680162B31457176745984,Ahoada West,Rivers,South South,5.021,6.496,27027,0,66.648,88.807,2.559,38.986,59.712,66.359,29.365,3,57.461,0.0,70.023,35.419,32.03,-2.83,30.474,33.302,15.673,8657
2025,59680162B31457176745984,Ahoada West,Rivers,South South,5.021,6.496,27027,0,68.145,86.951,1.619,35.615,60.585,46.996,12.464,0,73.999,0.0,76.758,29.79,15.673,1.71,16.614,14.903,,4236
2020,59680162B31759462460359,Saki East,Oyo,South West,8.69,3.611,52020,0,73.621,76.836,0.3,51.242,87.371,76.497,21.607,0,13.918,0.0,94.249,13.288,14.739,-1.94,13.674,15.611,24.833,7667
2021,59680162B31759462460359,Saki East,Oyo,South West,8.69,3.611,52020,0,60.949,70.078,3.211,46.69,59.978,87.513,30.044,1,36.154,0.0,86.671,14.471,24.833,1.29,25.54,24.254,11.629,12918
2022,59680162B31759462460359,Saki East,Oyo,South West,8.69,3.611,52020,0,53.613,56.115,3.375,34.946,57.421,94.137,0.698,1,20.792,14.052,75.206,13.89,11.629,-1.1,11.023,12.125,17.271,6049
2023,59680162B31759462460359,Saki East,Oyo,South West,8.69,3.611,52020,0,56.703,88.243,4.746,52.049,72.463,90.522,17.052,1,31.861,0.0,95.859,36.135,17.271,-2.4,15.953,18.349,8.992,8984
2024,59680162B31759462460359,Saki East,Oyo,South West,8.69,3.611,52020,0,59.588,77.926,2.675,34.616,73.745,95.074,4.803,0,45.898,0.0,99.0,29.298,8.992,-0.78,8.561,9.344,5.446,4677
2025,59680162B31759462460359,Saki East,Oyo,South West,8.69,3.611,52020,0,50.71,87.277,0.2,36.29,77.728,99.0,10.927,0,50.979,0.0,86.379,31.559,5.446,0.72,5.841,5.123,,2833
2020,59680162B31817043180897,Shani,Borno,North East,10.199,11.912,83303,0,94.855,45.507,3.614,41.261,2.0,28.554,38.009,7,49.654,30.725,31.171,8.109,60.433,0.26,60.577,60.316,59.86,50343
2021,59680162B31817043180897,Shani,Borno,North East,10.199,11.912,83303,0,97.47,44.494,4.47,60.467,19.378,53.553,28.853,9,68.07,24.02,46.565,19.359,59.86,3.57,61.821,58.256,43.783,49866
2022,59680162B31817043180897,Shani,Borno,North East,10.199,11.912,83303,0,95.308,66.388,3.535,74.91,36.66,41.787,22.423,4,65.283,18.985,67.082,20.263,43.783,0.47,44.039,43.573,48.006,36473
2023,59680162B31817043180897,Shani,Borno,North East,10.199,11.912,83303,0,88.997,41.804,3.026,60.844,31.918,33.441,29.237,4,61.853,20.814,38.267,14.903,48.006,-0.33,47.826,48.154,40.6,39991
2024,59680162B31817043180897,Shani,Borno,North East,10.199,11.912,83303,0,89.377,57.963,4.642,56.871,44.142,27.61,29.73,3,72.701,24.875,46.68,31.003,40.6,2.26,41.842,39.585,47.77,33821
2025,59680162B31817043180897,Shani,Borno,North East,10.199,11.912,83303,0,97.261,56.47,3.737,52.333,38.698,41.957,28.73,4,77.503,29.688,41.798,18.241,47.77,0.59,48.092,47.506,,39794
2020,59680162B31936578466171,Monguno,Borno,North East,12.578,13.628,27309,0,98.42,38.046,4.164,75.868,31.789,34.195,50.41,3,54.26,24.268,54.669,13.19,57.22,0.87,57.7,56.827,49.966,15626
2021,59680162B31936578466171,Monguno,Borno,North East,12.578,13.628,27309,0,97.844,49.517,3.376,67.182,35.08,48.629,35.834,4,61.35,23.226,39.638,15.072,49.966,2.1,51.119,49.022,51.655,13645
2022,59680162B31936578466171,Monguno,Borno,North East,12.578,13.628,27309,0,99.0,39.653,3.374,49.414,18.128,60.857,29.239,3,83.947,27.102,46.795,14.783,51.655,1.0,52.207,51.203,60.022,14106
2023,59680162B31936578466171,Monguno,Borno,North East,12.578,13.628,27309,0,97.099,27.16,6.37,75.98,36.281,32.447,27.666,4,64.909,32.923,50.557,15.001,60.022,0.28,60.175,59.897,44.322,16392
2024,59680162B31936578466171,Monguno,Borno,North East,12.578,13.628,27309,0,84.052,40.835,5.201,38.621,40.866,47.193,22.343,4,78.794,24.314,54.015,27.607,44.322,1.17,44.964,43.797,42.347,12104
2025,59680162B31936578466171,Monguno,Borno,North East,12.578,13.628,27309,0,83.797,50.974,3.285,43.015,19.033,35.335,18.915,5,60.118,24.02,56.214,26.531,42.347,0.2,42.457,42.256,,11564
2020,59680162B3222658090770,Abakaliki,Ebonyi,South East,6.264,8.249,16702,1,75.089,99.0,0.2,47.068,84.452,99.0,4.726,0,38.964,0.069,95.169,37.496,2.484,-0.85,2.018,2.865,4.449,415
2021,59680162B3222658090770,Abakaliki,Ebonyi,South East,6.264,8.249,16702,1,59.834,85.757,0.2,47.056,84.424,81.954,7.952,0,39.943,0.0,95.991,29.18,4.449,-0.83,3.992,4.824,10.265,743
2022,59680162B3222658090770,Abakaliki,Ebonyi,South East,6.264,8.249,16702,1,58.673,90.04,0.742,26.16,99.0,84.216,2.961,0,11.669,0.0,99.0,19.115,10.265,2.04,11.389,9.346,0.8,1715
2023,59680162B3222658090770,Abakaliki,Ebonyi,South East,6.264,8.249,16702,1,48.552,98.543,0.2,33.182,99.0,99.0,0.5,0,36.106,0.0,74.942,24.901,0.8,-2.63,0.5,1.984,11.215,134
2024,59680162B3222658090770,Abakaliki,Ebonyi,South East,6.264,8.249,16702,1,61.367,89.772,1.991,36.986,82.564,92.758,0.5,3,10.993,1.529,91.889,47.238,11.215,0.91,11.717,10.804,5.934,1873
2025,59680162B3222658090770,Abakaliki,Ebonyi,South East,6.264,8.249,16702,1,65.046,99.0,0.2,23.416,98.728,86.437,5.974,1,55.341,1.645,99.0,18.049,5.934,-3.0,4.284,7.284,,991
2020,59680162B32427656470349,Esan South-East,Edo,South South,6.578,6.488,39287,0,68.77,68.233,2.706,66.146,47.145,45.19,20.692,0,41.334,7.793,74.561,22.719,33.053,0.65,33.411,32.761,11.29,12986
2021,59680162B32427656470349,Esan South-East,Edo,South South,6.578,6.488,39287,0,65.104,90.583,2.54,36.419,54.566,56.828,4.66,0,44.147,0.0,63.389,35.365,11.29,0.08,11.336,11.253,6.329,4436
2022,59680162B32427656470349,Esan South-East,Edo,South South,6.578,6.488,39287,0,56.463,93.354,0.376,27.049,86.737,78.128,14.843,0,62.695,9.193,94.437,21.392,6.329,-2.44,4.987,7.428,11.287,2487
2023,59680162B32427656470349,Esan South-East,Edo,South South,6.578,6.488,39287,0,49.778,85.156,3.07,34.82,53.937,81.371,13.27,0,46.126,7.18,81.591,21.877,11.287,-1.53,10.447,11.975,24.698,4434
2024,59680162B32427656470349,Esan South-East,Edo,South South,6.578,6.488,39287,0,72.749,72.722,3.189,33.441,77.064,47.48,9.553,1,47.634,1.07,80.317,13.933,24.698,-2.59,23.272,25.865,12.608,9703
2025,59680162B32427656470349,Esan South-East,Edo,South South,6.578,6.488,39287,0,63.932,90.552,0.2,38.279,48.682,67.51,5.545,2,41.275,3.077,67.519,36.626,12.608,0.9,13.104,12.202,,4953
2020,59680162B326996000256,Lokoja,Kogi,North Central,8.248,6.547,23513,1,61.061,76.092,0.2,64.642,65.766,36.818,23.012,4,38.697,17.717,99.0,12.006,26.806,0.55,27.108,26.559,32.991,6303
2021,59680162B326996000256,Lokoja,Kogi,North Central,8.248,6.547,23513,1,55.731,84.123,3.687,59.409,67.636,80.358,21.156,2,66.806,0.0,74.709,20.903,32.991,0.68,33.365,32.685,23.942,7757
2022,59680162B326996000256,Lokoja,Kogi,North Central,8.248,6.547,23513,1,64.033,78.466,3.792,48.84,61.272,86.568,16.528,2,57.969,10.477,85.311,35.991,23.942,0.26,24.085,23.825,18.562,5629
2023,59680162B326996000256,Lokoja,Kogi,North Central,8.248,6.547,23513,1,68.263,79.99,1.153,61.878,59.316,78.514,7.202,1,44.205,0.0,96.598,29.633,18.562,0.21,18.679,18.467,20.093,4365
2024,59680162B326996000256,Lokoja,Kogi,North Central,8.248,6.547,23513,1,56.671,52.112,0.602,35.793,79.395,94.246,10.705,3,60.604,1.818,79.047,29.101,20.093,0.88,20.578,19.696,20.611,4724
2025,59680162B326996000256,Lokoja,Kogi,North Central,8.248,6.547,23513,1,64.42,82.169,2.644,49.551,82.771,89.95,14.633,0,64.861,17.292,94.484,17.963,20.611,-2.11,19.453,21.558,,4846
2020,59680162B32850327292174,Kachia,Kaduna,North West,9.857,7.689,47649,1,75.898,34.137,5.681,66.113,66.871,29.136,30.648,1,39.41,43.165,69.773,19.535,47.56,2.03,48.674,46.648,35.793,22662
2021,59680162B32850327292174,Kachia,Kaduna,North West,9.857,7.689,47649,1,79.248,47.451,4.346,62.755,34.207,46.254,22.228,0,66.81,43.847,55.474,14.582,35.793,1.59,36.665,35.079,46.659,17055
2022,59680162B32850327292174,Kachia,Kaduna,North West,9.857,7.689,47649,1,85.003,39.738,1.789,59.65,37.229,43.232,24.197,2,51.201,37.701,50.799,31.004,46.659,2.88,48.243,45.364,35.174,22233
2023,59680162B32850327292174,Kachia,Kaduna,North West,9.857,7.689,47649,1,87.279,37.458,3.617,57.36,22.773,60.979,22.472,1,52.714,34.423,67.976,14.948,35.174,3.02,36.834,33.816,42.781,16760
2024,59680162B32850327292174,Kachia,Kaduna,North West,9.857,7.689,47649,1,86.087,61.161,1.777,62.824,41.991,56.002,21.915,2,40.319,55.385,60.216,20.092,42.781,0.96,43.307,42.35,33.211,20385
2025,59680162B32850327292174,Kachia,Kaduna,North West,9.857,7.689,47649,1,75.952,41.915,2.704,66.628,27.684,58.68,30.146,3,73.531,8.936,60.566,37.897,33.211,2.46,34.562,32.106,,15825
2020,59680162B32856652540007,Chibok,Borno,North East,10.837,12.851,39987,0,99.0,37.468,3.549,51.613,34.844,61.942,34.909,3,67.547,21.227,61.336,16.231,47.735,1.56,48.594,47.033,53.631,19088
2021,59680162B32856652540007,Chibok,Borno,North East,10.837,12.851,39987,0,87.736,36.0,3.852,72.976,16.043,70.413,40.275,2,70.489,31.779,38.366,20.065,53.631,2.6,55.061,52.462,58.893,21446
2022,59680162B32856652540007,Chibok,Borno,North East,10.837,12.851,39987,0,90.781,29.709,4.363,76.919,33.119,54.12,19.413,5,72.964,26.287,45.799,20.59,58.893,3.04,60.565,57.525,35.043,23550
2023,59680162B32856652540007,Chibok,Borno,North East,10.837,12.851,39987,0,95.952,46.815,1.457,51.718,37.981,53.141,20.284,8,52.796,21.259,45.655,27.023,35.043,1.3,35.756,34.459,55.442,14012
2024,59680162B32856652540007,Chibok,Borno,North East,10.837,12.851,39987,0,81.37,52.385,7.296,68.675,33.922,36.247,32.264,4,53.031,40.49,53.37,17.808,55.442,3.06,57.125,54.065,42.249,22170
2025,59680162B32856652540007,Chibok,Borno,North East,10.837,12.851,39987,0,94.501,39.147,3.073,53.731,20.848,54.15,18.539,4,69.429,20.625,52.723,34.218,42.249,1.69,43.176,41.49,,16894
2020,59680162B32871052171758,Onuimo,Imo,South East,5.775,7.244,19438,1,64.43,95.06,0.539,21.314,73.355,80.622,2.011,0,19.8,0.0,99.0,23.48,9.306,-2.46,7.952,10.414,0.8,1809
2021,59680162B32871052171758,Onuimo,Imo,South East,5.775,7.244,19438,1,70.311,99.0,0.2,24.294,90.646,83.826,2.804,1,36.873,0.333,88.957,17.133,0.8,-1.51,0.5,1.481,11.594,156
2022,59680162B32871052171758,Onuimo,Imo,South East,5.775,7.244,19438,1,57.703,99.0,0.2,39.46,72.097,72.62,6.99,1,30.112,0.0,90.531,31.291,11.594,-1.13,10.971,12.103,6.673,2254
2023,59680162B32871052171758,Onuimo,Imo,South East,5.775,7.244,19438,1,51.505,94.352,0.887,38.236,73.709,99.0,13.912,1,14.992,3.35,99.0,21.054,6.673,-1.84,5.658,7.503,6.753,1297
2024,59680162B32871052171758,Onuimo,Imo,South East,5.775,7.244,19438,1,59.01,99.0,0.2,51.17,44.706,99.0,2.427,1,31.204,0.0,95.204,19.801,6.753,-1.33,6.023,7.35,12.317,1313
2025,59680162B32871052171758,Onuimo,Imo,South East,5.775,7.244,19438,1,67.128,86.739,0.93,43.093,71.043,83.844,22.389,0,21.811,0.0,99.0,38.708,12.317,-0.08,12.276,12.351,,2394
2020,59680162B32979491305099,Oshimili South,Delta,South South,6.128,6.73,12951,0,63.638,69.595,3.173,50.169,38.835,79.594,5.925,0,69.017,0.0,70.106,22.009,22.035,-0.59,21.713,22.298,25.726,2854
2021,59680162B32979491305099,Oshimili South,Delta,South South,6.128,6.73,12951,0,58.155,69.514,1.956,44.068,52.369,48.353,17.476,1,51.674,20.799,81.68,23.278,25.726,0.94,26.243,25.303,28.91,3332
2022,59680162B32979491305099,Oshimili South,Delta,South South,6.128,6.73,12951,0,70.185,73.581,3.784,42.506,66.764,68.31,15.982,0,54.185,0.497,58.784,30.055,28.91,-3.0,27.26,30.26,18.057,3744
2023,59680162B32979491305099,Oshimili South,Delta,South South,6.128,6.73,12951,0,52.054,78.324,0.444,46.505,81.559,75.602,22.672,0,54.892,0.0,94.324,34.111,18.057,-2.92,16.449,19.373,15.934,2339
2024,59680162B32979491305099,Oshimili South,Delta,South South,6.128,6.73,12951,0,76.425,65.579,0.883,34.62,69.671,89.457,11.921,1,52.187,0.0,85.636,26.98,15.934,-0.78,15.506,16.285,14.325,2064
2025,59680162B32979491305099,Oshimili South,Delta,South South,6.128,6.73,12951,0,65.466,94.394,1.243,41.931,74.1,76.17,19.993,0,55.369,0.0,81.834,21.932,14.325,0.24,14.457,14.217,,1855
2020,59680162B3302114520233,Izzi,Ebonyi,South East,6.538,8.278,20709,1,58.107,99.0,2.715,20.251,76.239,99.0,0.5,2,34.195,0.0,96.824,20.047,7.964,0.66,8.328,7.666,14.119,1649
2021,59680162B3302114520233,Izzi,Ebonyi,South East,6.538,8.278,20709,1,57.773,99.0,0.2,38.884,54.926,99.0,6.759,1,39.813,0.208,94.907,19.84,14.119,-3.0,12.469,15.469,11.129,2924
2022,59680162B3302114520233,Izzi,Ebonyi,South East,6.538,8.278,20709,1,57.441,99.0,0.2,39.04,96.189,90.162,26.998,0,12.308,0.0,97.017,27.444,11.129,-1.64,10.227,11.867,10.04,2305
2023,59680162B3302114520233,Izzi,Ebonyi,South East,6.538,8.278,20709,1,56.475,98.801,1.062,29.401,96.49,99.0,12.42,2,36.598,10.697,89.11,28.607,10.04,-1.45,9.243,10.692,14.481,2079
2024,59680162B3302114520233,Izzi,Ebonyi,South East,6.538,8.278,20709,1,69.821,93.482,0.703,40.806,69.923,73.706,9.646,0,26.109,3.28,89.909,35.398,14.481,-1.7,13.547,15.245,20.547,2999
2025,59680162B3302114520233,Izzi,Ebonyi,South East,6.538,8.278,20709,1,52.179,67.287,0.2,50.487,66.679,98.072,14.606,1,45.838,0.0,99.0,22.631,20.547,0.44,20.789,20.349,,4255
2020,59680162B33112577829488,Osisioma Ngwa,Abia,South East,5.171,7.33,44162,0,75.209,87.617,2.634,26.005,80.16,53.092,12.69,0,45.7,0.0,93.584,23.158,15.273,-1.43,14.484,15.918,16.27,6745
2021,59680162B33112577829488,Osisioma Ngwa,Abia,South East,5.171,7.33,44162,0,74.775,87.682,2.698,38.259,71.668,73.76,20.511,0,39.011,0.0,76.841,18.192,16.27,-2.42,14.937,17.36,23.257,7185
2022,59680162B33112577829488,Osisioma Ngwa,Abia,South East,5.171,7.33,44162,0,75.486,79.493,3.01,43.32,91.853,83.774,13.151,4,40.757,5.857,92.848,23.05,23.257,0.93,23.766,22.84,4.053,10271
2023,59680162B33112577829488,Osisioma Ngwa,Abia,South East,5.171,7.33,44162,0,60.462,97.28,2.981,22.584,99.0,96.857,3.915,0,26.95,8.191,87.146,19.528,4.053,-1.32,3.325,4.648,10.768,1790
2024,59680162B33112577829488,Osisioma Ngwa,Abia,South East,5.171,7.33,44162,0,64.829,77.972,2.039,22.347,85.469,82.821,8.967,0,44.369,0.0,75.894,24.473,10.768,0.52,11.052,10.536,5.587,4755
2025,59680162B33112577829488,Osisioma Ngwa,Abia,South East,5.171,7.33,44162,0,56.95,87.787,0.751,43.117,72.84,94.406,0.5,1,52.669,0.0,67.928,61.945,5.587,0.67,5.954,5.286,,2467
2020,59680162B33139344805421,Badagry,Lagos,South West,6.447,2.967,45680,1,55.918,80.557,1.819,44.595,79.504,99.0,0.805,0,35.644,0.0,87.001,42.048,12.106,0.21,12.219,12.013,12.027,5530
2021,59680162B33139344805421,Badagry,Lagos,South West,6.447,2.967,45680,1,56.313,81.925,1.54,40.644,63.445,85.467,6.425,1,55.178,0.791,97.179,19.256,12.027,0.39,12.242,11.851,15.735,5494
2022,59680162B33139344805421,Badagry,Lagos,South West,6.447,2.967,45680,1,68.255,76.907,0.74,42.125,79.225,99.0,9.487,0,38.545,11.585,89.562,43.097,15.735,-1.19,15.079,16.272,12.258,7188
2023,59680162B33139344805421,Badagry,Lagos,South West,6.447,2.967,45680,1,64.747,91.252,2.917,40.163,96.894,86.439,8.245,0,18.263,8.372,99.0,19.636,12.258,0.21,12.373,12.163,1.428,5599
2024,59680162B33139344805421,Badagry,Lagos,South West,6.447,2.967,45680,1,52.732,75.265,0.2,28.132,90.94,99.0,0.5,0,26.669,6.954,95.864,22.848,1.428,-2.83,0.5,2.7,8.834,652
2025,59680162B33139344805421,Badagry,Lagos,South West,6.447,2.967,45680,1,51.657,99.0,0.2,38.075,89.557,98.211,13.296,0,44.677,0.0,99.0,18.713,8.834,-2.71,7.343,10.054,,4035
2020,59680162B33139882700556,Kware,Sokoto,North West,13.156,5.294,85853,0,97.011,30.313,6.244,61.321,34.726,36.419,40.055,2,55.989,34.711,52.832,26.575,59.398,1.33,60.127,58.802,57.513,50995
2021,59680162B33139882700556,Kware,Sokoto,North West,13.156,5.294,85853,0,97.988,25.461,4.654,58.922,47.445,60.277,35.92,2,62.255,41.16,61.588,16.221,57.513,1.95,58.586,56.635,55.065,49376
2022,59680162B33139882700556,Kware,Sokoto,North West,13.156,5.294,85853,0,94.121,32.874,3.716,73.626,30.636,35.092,42.062,3,68.002,61.012,46.37,19.891,55.065,1.63,55.96,54.333,48.303,47275
2023,59680162B33139882700556,Kware,Sokoto,North West,13.156,5.294,85853,0,83.265,27.656,3.199,64.857,32.836,58.831,20.933,1,53.263,47.268,42.856,27.154,48.303,2.55,49.703,47.158,39.1,41470
2024,59680162B33139882700556,Kware,Sokoto,North West,13.156,5.294,85853,0,78.621,41.436,3.165,66.971,67.797,52.504,18.994,1,72.514,29.125,55.849,15.65,39.1,1.21,39.764,38.557,50.614,33568
2025,59680162B33139882700556,Kware,Sokoto,North West,13.156,5.294,85853,0,93.159,36.21,5.335,63.163,14.25,53.693,31.234,0,57.667,25.388,32.852,24.817,50.614,1.46,51.418,49.957,,43454
2020,59680162B33186191897384,Edu,Kwara,North Central,8.935,5.206,67999,1,71.335,63.714,2.491,46.748,59.05,73.335,7.492,4,62.821,9.964,89.599,16.759,34.86,-1.58,33.992,35.57,30.077,23704
2021,59680162B33186191897384,Edu,Kwara,North Central,8.935,5.206,67999,1,76.553,63.775,1.765,54.453,55.195,74.843,15.488,2,60.629,10.813,68.378,9.496,30.077,-0.23,29.95,30.182,24.298,20452
2022,59680162B33186191897384,Edu,Kwara,North Central,8.935,5.206,67999,1,64.446,81.769,0.606,39.108,61.32,91.713,15.473,5,48.368,5.998,65.293,19.973,24.298,1.29,25.008,23.718,27.478,16523
2023,59680162B33186191897384,Edu,Kwara,North Central,8.935,5.206,67999,1,56.032,85.911,4.483,46.436,45.372,97.748,11.035,2,32.56,23.024,95.579,18.884,27.478,-1.1,26.871,27.975,13.83,18685
2024,59680162B33186191897384,Edu,Kwara,North Central,8.935,5.206,67999,1,70.0,78.439,2.829,51.471,48.58,64.354,17.224,2,27.551,0.0,65.434,19.799,13.83,-0.54,13.535,14.072,30.738,9404
2025,59680162B33186191897384,Edu,Kwara,North Central,8.935,5.206,67999,1,56.834,84.436,2.337,36.461,67.131,66.007,28.612,2,73.908,0.0,69.532,18.04,30.738,0.94,31.256,30.315,,20902
2020,59680162B3334363185534,Ogo Oluwa,Oyo,South West,7.976,4.222,22405,1,55.928,88.725,0.2,40.292,87.148,93.463,0.5,0,19.891,0.0,90.457,18.199,5.924,-3.0,4.274,7.274,11.003,1327
2021,59680162B3334363185534,Ogo Oluwa,Oyo,South West,7.976,4.222,22405,1,62.816,82.442,2.193,37.748,86.682,88.916,10.332,2,39.465,7.971,99.0,42.194,11.003,-1.27,10.306,11.574,5.728,2465
2022,59680162B3334363185534,Ogo Oluwa,Oyo,South West,7.976,4.222,22405,1,47.165,88.91,1.923,38.209,77.109,90.413,12.272,0,50.829,0.958,92.471,37.936,5.728,0.35,5.919,5.571,5.866,1283
2023,59680162B3334363185534,Ogo Oluwa,Oyo,South West,7.976,4.222,22405,1,54.208,86.605,0.438,64.286,93.638,99.0,0.5,1,13.305,0.471,92.084,17.941,5.866,0.12,5.934,5.81,2.32,1314
2024,59680162B3334363185534,Ogo Oluwa,Oyo,South West,7.976,4.222,22405,1,51.269,84.152,0.2,32.875,89.582,99.0,0.5,0,32.906,16.419,98.753,15.43,2.32,1.1,2.926,1.824,9.985,520
2025,59680162B3334363185534,Ogo Oluwa,Oyo,South West,7.976,4.222,22405,1,46.756,76.814,0.2,46.203,69.691,93.358,0.5,0,36.679,0.903,99.0,41.797,9.985,1.52,10.821,9.301,,2237
2020,59680162B33448314455063,Lere,Kaduna,North West,10.368,8.577,42035,0,94.883,20.854,3.86,62.24,41.498,46.339,21.302,1,62.598,24.496,53.106,8.04,39.646,3.26,41.438,38.179,54.304,16665
2021,59680162B33448314455063,Lere,Kaduna,North West,10.368,8.577,42035,0,89.716,42.001,3.971,79.192,36.343,37.474,32.359,4,58.427,42.029,67.439,38.108,54.304,1.2,54.965,53.762,56.562,22826
2022,59680162B33448314455063,Lere,Kaduna,North West,10.368,8.577,42035,0,92.806,59.031,5.998,58.071,20.597,25.151,23.291,2,50.446,27.114,45.313,28.919,56.562,-0.21,56.447,56.657,53.398,23776
2023,59680162B33448314455063,Lere,Kaduna,North West,10.368,8.577,42035,0,84.731,37.429,3.98,50.476,18.813,51.342,34.467,0,61.363,37.904,44.346,31.769,53.398,1.11,54.011,52.898,55.561,22446
2024,59680162B33448314455063,Lere,Kaduna,North West,10.368,8.577,42035,0,80.154,55.908,6.235,40.4,6.926,26.229,25.465,1,64.361,33.035,45.521,10.352,55.561,4.7,58.146,53.446,44.367,23355
2025,59680162B33448314455063,Lere,Kaduna,North West,10.368,8.577,42035,0,93.536,45.618,3.403,62.384,37.64,50.994,36.587,1,69.962,20.434,45.284,18.018,44.367,4.1,46.62,42.524,,18650
2020,59680162B33769534671223,Nsit Atai,Akwa Ibom,South South,4.827,8.028,66964,1,49.348,77.636,1.56,30.926,91.229,76.845,22.824,0,60.946,0.0,97.985,30.319,7.4,-2.37,6.098,8.466,12.893,4956
2021,59680162B33769534671223,Nsit Atai,Akwa Ibom,South South,4.827,8.028,66964,1,56.282,82.954,1.064,40.256,85.025,81.204,7.909,3,56.57,3.364,88.966,11.443,12.893,0.39,13.106,12.718,1.848,8633
2022,59680162B33769534671223,Nsit Atai,Akwa Ibom,South South,4.827,8.028,66964,1,60.745,98.227,0.2,31.477,67.994,81.996,11.545,1,58.472,0.0,90.229,17.942,1.848,0.98,2.387,1.406,0.985,1237
2023,59680162B33769534671223,Nsit Atai,Akwa Ibom,South South,4.827,8.028,66964,1,66.613,99.0,0.512,21.522,72.142,74.212,9.726,2,48.841,0.0,73.821,31.02,0.985,-0.07,0.947,1.016,10.506,660
2024,59680162B33769534671223,Nsit Atai,Akwa Ibom,South South,4.827,8.028,66964,1,62.124,91.553,1.235,20.621,69.357,89.921,9.931,2,51.402,0.0,97.326,30.18,10.506,0.47,10.767,10.292,8.146,7035
2025,59680162B33769534671223,Nsit Atai,Akwa Ibom,South South,4.827,8.028,66964,1,64.977,99.0,1.23,35.22,79.838,98.776,14.931,0,78.524,0.0,96.271,35.304,8.146,-2.83,6.587,9.421,,5455
2020,59680162B33775428128459,Shira,Bauchi,North East,11.46,10.054,74290,1,88.374,55.444,3.759,55.698,35.967,47.58,32.119,3,60.874,38.558,77.159,19.446,33.335,0.4,33.557,33.153,39.787,24764
2021,59680162B33775428128459,Shira,Bauchi,North East,11.46,10.054,74290,1,79.63,52.008,4.4,70.278,51.916,51.942,28.293,4,70.322,23.57,60.761,20.672,39.787,-1.67,38.868,40.539,40.896,29558
2022,59680162B33775428128459,Shira,Bauchi,North East,11.46,10.054,74290,1,75.817,45.151,1.621,51.51,59.15,55.237,32.658,6,70.846,24.482,78.759,18.195,40.896,0.81,41.341,40.532,41.3,30382
2023,59680162B33775428128459,Shira,Bauchi,North East,11.46,10.054,74290,1,85.527,58.421,4.926,63.842,54.364,55.254,40.281,1,70.093,24.662,35.325,37.098,41.3,-2.02,40.188,42.21,36.275,30682
2024,59680162B33775428128459,Shira,Bauchi,North East,11.46,10.054,74290,1,81.105,66.021,2.114,59.579,43.835,72.94,25.79,6,73.362,20.396,58.287,15.837,36.275,0.19,36.381,36.188,48.862,26949
2025,59680162B33775428128459,Shira,Bauchi,North East,11.46,10.054,74290,1,86.459,54.572,3.452,53.35,52.998,64.642,24.409,6,61.155,42.276,74.426,15.478,48.862,0.82,49.31,48.495,,36300
2020,59680162B33788323646847,Umuahia South,Abia,South East,5.498,7.428,46192,0,55.46,80.705,0.3,27.477,77.892,86.651,12.281,1,48.851,0.0,60.457,19.174,5.472,-1.63,4.577,6.203,7.688,2527
2021,59680162B33788323646847,Umuahia South,Abia,South East,5.498,7.428,46192,0,67.276,80.339,1.93,37.932,82.087,57.993,11.79,1,54.117,5.214,95.489,24.267,7.688,-1.71,6.75,8.457,3.471,3551
2022,59680162B33788323646847,Umuahia South,Abia,South East,5.498,7.428,46192,0,57.931,96.652,0.772,38.103,67.477,60.37,6.757,0,48.325,8.34,82.244,19.649,3.471,-1.28,2.766,4.047,3.27,1603
2023,59680162B33788323646847,Umuahia South,Abia,South East,5.498,7.428,46192,0,60.053,81.195,0.21,42.304,76.822,81.808,6.671,0,36.402,2.566,88.423,15.075,3.27,-0.17,3.176,3.347,5.254,1510
2024,59680162B33788323646847,Umuahia South,Abia,South East,5.498,7.428,46192,0,53.214,75.086,2.4,26.696,73.008,83.141,17.372,0,39.591,0.0,82.414,18.595,5.254,-1.84,4.24,6.083,5.243,2427
2025,59680162B33788323646847,Umuahia South,Abia,South East,5.498,7.428,46192,0,52.487,79.963,0.2,40.201,92.962,85.423,13.365,0,33.571,6.126,88.805,21.778,5.243,-0.53,4.95,5.483,,2422
2020,59680162B33993495702938,Jalingo,Taraba,North East,8.932,11.34,97067,0,95.086,41.238,3.451,60.784,36.834,34.101,26.444,10,64.727,16.627,32.317,12.26,57.812,0.9,58.307,57.408,50.337,56117
2021,59680162B33993495702938,Jalingo,Taraba,North East,8.932,11.34,97067,0,85.721,50.696,4.235,67.67,34.422,31.855,30.354,10,64.688,41.748,53.492,20.355,50.337,2.89,51.927,49.036,50.962,48861
2022,59680162B33993495702938,Jalingo,Taraba,North East,8.932,11.34,97067,0,91.848,42.144,4.689,53.153,57.796,53.966,24.772,6,48.436,36.554,44.504,9.62,50.962,-0.02,50.953,50.97,46.38,49467
2023,59680162B33993495702938,Jalingo,Taraba,North East,8.932,11.34,97067,0,89.135,25.711,4.609,56.906,40.788,61.925,28.872,5,45.047,23.581,58.993,20.626,46.38,3.86,48.503,44.644,56.223,45020
2024,59680162B33993495702938,Jalingo,Taraba,North East,8.932,11.34,97067,0,86.385,46.487,4.514,58.954,32.563,32.746,20.521,5,99.416,17.409,51.604,24.143,56.223,1.05,56.803,55.748,49.405,54574
2025,59680162B33993495702938,Jalingo,Taraba,North East,8.932,11.34,97067,0,85.136,42.961,1.808,46.702,23.307,44.323,29.529,6,72.409,34.821,59.407,25.587,49.405,0.82,49.854,49.038,,47956
2020,59680162B34366982763718,Ado,Benue,North Central,6.764,8.021,36362,1,54.438,65.034,2.136,48.427,44.06,83.936,17.498,2,29.124,12.356,81.402,39.723,25.182,-2.95,23.562,26.508,25.561,9157
2021,59680162B34366982763718,Ado,Benue,North Central,6.764,8.021,36362,1,64.691,56.479,2.142,36.539,62.674,78.666,17.398,4,57.065,6.656,66.903,21.816,25.561,0.32,25.74,25.415,26.397,9295
2022,59680162B34366982763718,Ado,Benue,North Central,6.764,8.021,36362,1,67.647,53.21,1.683,34.636,57.627,74.395,27.129,1,51.386,17.62,83.493,29.798,26.397,-0.46,26.145,26.603,22.088,9599
2023,59680162B34366982763718,Ado,Benue,North Central,6.764,8.021,36362,1,65.198,64.855,1.623,42.34,47.351,71.391,19.109,0,34.863,21.5,76.193,12.458,22.088,1.9,23.132,21.233,29.795,8032
2024,59680162B34366982763718,Ado,Benue,North Central,6.764,8.021,36362,1,75.33,71.971,2.953,48.747,58.595,82.924,17.327,3,52.441,0.0,82.398,19.93,29.795,-0.7,29.409,30.111,31.392,10834
2025,59680162B34366982763718,Ado,Benue,North Central,6.764,8.021,36362,1,67.358,74.842,1.291,69.189,63.413,75.582,12.259,3,32.357,18.482,83.272,14.882,31.392,-0.87,30.913,31.784,,11415
2020,59680162B34682847069002,Gwagwalada,FCT,North Central,9.076,7.045,55579,1,66.628,57.253,0.516,62.045,51.065,63.648,16.05,0,64.476,4.387,68.977,12.907,33.658,0.69,34.035,33.349,25.588,18707
2021,59680162B34682847069002,Gwagwalada,FCT,North Central,9.076,7.045,55579,1,69.237,68.668,1.051,33.477,62.917,72.763,33.671,1,46.028,0.0,79.067,26.435,25.588,1.05,26.164,25.116,17.362,14221
2022,59680162B34682847069002,Gwagwalada,FCT,North Central,9.076,7.045,55579,1,64.361,73.029,1.333,34.289,56.585,76.902,12.204,2,50.115,15.437,99.0,14.123,17.362,-0.97,16.827,17.801,25.444,9650
2023,59680162B34682847069002,Gwagwalada,FCT,North Central,9.076,7.045,55579,1,59.903,71.095,2.405,37.128,58.932,88.853,15.279,4,47.506,0.782,81.002,18.986,25.444,-0.41,25.22,25.627,23.936,14141
2024,59680162B34682847069002,Gwagwalada,FCT,North Central,9.076,7.045,55579,1,61.016,61.266,0.454,52.471,57.034,85.872,12.115,2,58.077,3.368,98.882,19.509,23.936,0.39,24.149,23.762,23.448,13303
2025,59680162B34682847069002,Gwagwalada,FCT,North Central,9.076,7.045,55579,1,73.046,58.51,1.687,41.157,59.534,74.069,7.83,1,56.904,17.301,89.482,41.304,23.448,-0.08,23.401,23.486,,13032
2020,59680162B34726688570577,Oruk Anam,Akwa Ibom,South South,4.824,7.695,8067,0,73.981,65.159,2.455,27.69,55.69,79.211,7.005,2,60.231,0.0,87.552,30.754,10.803,-0.79,10.368,11.158,28.634,871
2021,59680162B34726688570577,Oruk Anam,Akwa Ibom,South South,4.824,7.695,8067,0,75.723,69.29,4.67,54.768,73.99,46.109,27.97,2,54.951,0.0,80.696,40.45,28.634,-2.93,27.024,29.952,19.442,2310
2022,59680162B34726688570577,Oruk Anam,Akwa Ibom,South South,4.824,7.695,8067,0,75.377,99.0,3.894,40.89,63.459,53.695,0.5,0,71.428,0.0,92.325,18.471,19.442,-3.0,17.792,20.792,17.315,1568
2023,59680162B34726688570577,Oruk Anam,Akwa Ibom,South South,4.824,7.695,8067,0,70.776,96.499,1.339,45.995,62.5,61.785,20.176,2,35.226,11.692,90.254,38.297,17.315,0.03,17.33,17.303,25.46,1397
2024,59680162B34726688570577,Oruk Anam,Akwa Ibom,South South,4.824,7.695,8067,0,66.262,85.123,1.711,23.436,55.023,61.099,13.327,0,43.499,15.975,56.668,20.06,25.46,-0.52,25.173,25.694,28.298,2054
2025,59680162B34726688570577,Oruk Anam,Akwa Ibom,South South,4.824,7.695,8067,0,63.072,93.402,2.497,47.972,71.307,57.748,30.455,1,58.739,11.918,80.639,19.044,28.298,0.03,28.316,28.283,,2283
2020,59680162B34961354684930,Maiyama,Kebbi,North West,12.009,4.297,20933,0,86.956,34.614,3.069,58.335,30.001,33.56,42.883,1,69.376,36.4,52.237,13.734,49.104,0.91,49.607,48.692,65.523,10279
2021,59680162B34961354684930,Maiyama,Kebbi,North West,12.009,4.297,20933,0,83.335,31.584,5.239,53.68,23.184,25.196,40.06,1,77.076,40.276,38.349,21.621,65.523,4.04,67.748,63.703,54.398,13716
2022,59680162B34961354684930,Maiyama,Kebbi,North West,12.009,4.297,20933,0,96.463,24.248,4.247,64.702,31.054,54.075,20.174,1,50.183,21.664,42.487,20.152,54.398,1.45,55.193,53.747,52.089,11387
2023,59680162B34961354684930,Maiyama,Kebbi,North West,12.009,4.297,20933,0,82.608,30.604,4.418,58.242,25.948,28.144,26.896,0,66.272,45.366,46.975,16.686,52.089,2.52,53.474,50.955,59.01,10904
2024,59680162B34961354684930,Maiyama,Kebbi,North West,12.009,4.297,20933,0,96.675,42.094,2.686,71.628,34.37,23.354,33.324,0,42.343,30.96,40.341,25.359,59.01,2.84,60.57,57.734,52.519,12353
2025,59680162B34961354684930,Maiyama,Kebbi,North West,12.009,4.297,20933,0,86.716,24.854,5.322,89.781,52.889,25.147,25.636,1,57.504,33.572,23.488,32.573,52.519,1.84,53.53,51.692,,10994
2020,59680162B35305934518280,Keffi,Nasarawa,North Central,8.836,7.833,155912,0,68.234,64.525,5.163,46.279,36.251,51.545,19.769,1,29.137,22.496,90.318,29.559,37.088,0.85,37.554,36.707,28.438,57825
2021,59680162B35305934518280,Keffi,Nasarawa,North Central,8.836,7.833,155912,0,70.095,61.652,3.905,41.346,53.759,74.015,16.631,1,58.734,27.897,67.392,9.487,28.438,1.35,29.183,27.829,23.367,44339
2022,59680162B35305934518280,Keffi,Nasarawa,North Central,8.836,7.833,155912,0,79.34,62.248,1.619,45.566,47.979,74.657,26.592,1,55.181,7.464,75.337,15.162,23.367,1.39,24.132,22.741,30.063,36432
2023,59680162B35305934518280,Keffi,Nasarawa,North Central,8.836,7.833,155912,0,78.691,52.09,3.117,35.88,42.922,61.058,16.786,3,51.549,0.0,51.825,17.669,30.063,-3.0,28.413,31.413,28.036,46872
2024,59680162B35305934518280,Keffi,Nasarawa,North Central,8.836,7.833,155912,0,68.074,79.361,3.528,42.644,58.47,64.767,24.341,1,57.208,0.0,54.548,26.983,28.036,0.7,28.42,27.721,24.856,43711
2025,59680162B35305934518280,Keffi,Nasarawa,North Central,8.836,7.833,155912,0,67.331,45.184,2.275,41.915,60.967,76.235,21.013,1,57.366,10.781,58.892,17.092,24.856,-0.06,24.826,24.882,,38754
2020,59680162B35426409409773,Isiala Mbano,Imo,South East,5.667,7.114,84020,0,68.808,86.873,1.967,30.385,70.36,90.07,13.062,0,38.884,0.0,80.453,36.573,13.411,-3.0,11.761,14.761,3.842,11268
2021,59680162B35426409409773,Isiala Mbano,Imo,South East,5.667,7.114,84020,0,63.427,72.206,1.225,34.748,78.633,93.886,4.923,0,49.776,4.888,84.4,24.267,3.842,-3.0,2.192,5.192,15.687,3228
2022,59680162B35426409409773,Isiala Mbano,Imo,South East,5.667,7.114,84020,0,68.682,84.777,2.096,43.365,65.226,68.912,14.232,0,29.617,0.0,84.556,36.979,15.687,0.17,15.782,15.609,13.136,13180
2023,59680162B35426409409773,Isiala Mbano,Imo,South East,5.667,7.114,84020,0,67.291,79.378,0.21,27.095,73.803,66.302,19.302,0,25.664,0.0,73.204,21.561,13.136,-0.95,12.616,13.561,3.245,11037
2024,59680162B35426409409773,Isiala Mbano,Imo,South East,5.667,7.114,84020,0,71.74,88.878,0.861,37.686,79.764,75.27,0.5,0,14.813,0.0,78.543,29.969,3.245,0.15,3.325,3.179,9.081,2726
2025,59680162B35426409409773,Isiala Mbano,Imo,South East,5.667,7.114,84020,0,65.517,86.404,0.2,37.318,96.377,81.907,4.069,1,31.836,0.0,93.62,32.649,9.081,-2.9,7.484,10.388,,7630
2020,59680162B35628626888177,Dandi,Kebbi,North West,11.851,3.798,31761,0,78.539,38.203,4.966,35.981,9.987,47.786,33.757,1,49.571,29.411,45.728,13.308,40.986,2.14,42.163,40.023,45.74,13018
2021,59680162B35628626888177,Dandi,Kebbi,North West,11.851,3.798,31761,0,84.337,31.674,5.002,64.991,26.356,39.932,35.856,0,62.159,37.888,41.211,13.366,45.74,2.3,47.007,44.703,47.159,14528
2022,59680162B35628626888177,Dandi,Kebbi,North West,11.851,3.798,31761,0,90.135,42.745,3.833,80.286,37.599,59.796,32.906,2,73.361,39.46,61.966,17.976,47.159,-0.51,46.878,47.388,52.944,14978
2023,59680162B35628626888177,Dandi,Kebbi,North West,11.851,3.798,31761,0,82.582,44.199,5.651,56.77,27.302,12.835,32.37,3,48.581,37.433,36.915,30.383,52.944,2.78,54.471,51.694,51.279,16816
2024,59680162B35628626888177,Dandi,Kebbi,North West,11.851,3.798,31761,0,80.149,35.133,5.759,66.924,38.945,35.746,25.143,0,78.624,26.804,54.466,23.047,51.279,1.8,52.267,50.47,39.11,16287
2025,59680162B35628626888177,Dandi,Kebbi,North West,11.851,3.798,31761,0,87.601,49.771,3.542,67.867,36.513,56.117,18.376,2,60.17,24.886,49.56,39.758,39.11,3.32,40.937,37.616,,12422
2020,59680162B35636298384814,Lau,Taraba,North East,9.204,11.464,29935,1,76.414,41.76,4.322,62.076,35.362,49.562,31.896,7,82.73,24.766,45.806,15.229,51.465,-0.94,50.951,51.886,45.668,15406
2021,59680162B35636298384814,Lau,Taraba,North East,9.204,11.464,29935,1,79.952,28.664,4.11,72.209,54.698,23.24,27.573,7,60.787,18.615,65.634,20.97,45.668,1.18,46.314,45.139,43.989,13671
2022,59680162B35636298384814,Lau,Taraba,North East,9.204,11.464,29935,1,81.42,49.85,2.677,55.365,42.518,67.849,16.623,3,79.468,31.164,59.501,13.396,43.989,2.57,45.402,42.834,40.247,13168
2023,59680162B35636298384814,Lau,Taraba,North East,9.204,11.464,29935,1,84.807,40.795,3.386,59.435,47.127,65.879,21.141,1,56.486,21.097,68.933,13.949,40.247,0.26,40.391,40.13,42.397,12048
2024,59680162B35636298384814,Lau,Taraba,North East,9.204,11.464,29935,1,79.099,74.252,1.698,48.549,23.52,42.232,19.392,5,55.242,7.652,61.692,18.248,42.397,0.04,42.419,42.378,29.144,12691
2025,59680162B35636298384814,Lau,Taraba,North East,9.204,11.464,29935,1,82.721,41.759,2.742,56.79,60.901,56.628,18.016,4,78.054,22.108,74.781,20.139,29.144,0.97,29.678,28.708,,8724
2020,59680162B35701990596564,Ivo,Ebonyi,South East,5.918,7.615,20337,1,63.175,99.0,0.552,42.897,99.0,95.678,12.287,0,17.302,0.0,80.757,32.409,8.573,-0.88,8.087,8.97,4.706,1743
2021,59680162B35701990596564,Ivo,Ebonyi,South East,5.918,7.615,20337,1,54.868,93.473,0.2,42.643,94.32,47.998,5.904,1,41.021,0.0,99.0,40.713,4.706,0.28,4.858,4.581,7.134,957
2022,59680162B35701990596564,Ivo,Ebonyi,South East,5.918,7.615,20337,1,60.272,95.595,1.245,45.667,71.487,94.012,5.283,0,57.688,0.0,72.395,25.084,7.134,-0.99,6.588,7.581,6.305,1451
2023,59680162B35701990596564,Ivo,Ebonyi,South East,5.918,7.615,20337,1,65.812,99.0,0.266,25.829,80.189,70.759,0.5,1,34.991,0.0,99.0,18.446,6.305,-1.74,5.347,7.088,9.658,1282
2024,59680162B35701990596564,Ivo,Ebonyi,South East,5.918,7.615,20337,1,54.618,92.187,2.437,21.176,76.834,99.0,5.972,0,41.504,0.0,99.0,33.591,9.658,-0.33,9.476,9.806,5.881,1964
2025,59680162B35701990596564,Ivo,Ebonyi,South East,5.918,7.615,20337,1,58.075,94.05,0.2,17.25,86.156,99.0,8.273,1,32.738,1.785,90.542,20.537,5.881,-2.25,4.645,6.893,,1196
2020,59680162B35912483761792,Etsako West,Edo,South South,7.005,6.288,37666,1,62.946,95.377,1.732,25.046,74.542,87.904,13.974,1,50.874,2.424,93.709,26.884,7.691,-2.56,6.282,8.844,14.284,2897
2021,59680162B35912483761792,Etsako West,Edo,South South,7.005,6.288,37666,1,71.646,77.955,2.545,18.971,75.343,65.989,10.464,1,58.995,0.0,86.822,23.948,14.284,-0.45,14.038,14.485,15.831,5380
2022,59680162B35912483761792,Etsako West,Edo,South South,7.005,6.288,37666,1,65.797,92.65,1.247,41.226,92.35,72.459,14.802,1,35.245,0.0,84.091,28.631,15.831,-1.69,14.9,16.592,9.052,5963
2023,59680162B35912483761792,Etsako West,Edo,South South,7.005,6.288,37666,1,56.606,98.295,1.064,42.929,83.654,78.641,9.725,1,41.717,0.0,99.0,18.781,9.052,-2.57,7.637,10.209,10.416,3409
2024,59680162B35912483761792,Etsako West,Edo,South South,7.005,6.288,37666,1,58.263,94.622,0.873,50.259,79.967,92.708,5.089,0,43.845,0.0,84.734,19.59,10.416,1.13,11.038,9.907,3.544,3923
2025,59680162B35912483761792,Etsako West,Edo,South South,7.005,6.288,37666,1,60.212,94.858,1.909,40.121,97.194,85.088,4.93,0,45.77,0.0,90.361,25.471,3.544,-1.76,2.575,4.336,,1335
2020,59680162B35933805912396,Mopa-Muro,Kogi,North Central,8.145,5.911,30271,0,63.193,48.959,2.734,41.69,43.925,70.199,24.704,3,54.89,18.923,71.784,23.792,26.461,1.15,27.095,25.943,29.421,8010
2021,59680162B35933805912396,Mopa-Muro,Kogi,North Central,8.145,5.911,30271,0,76.816,69.968,1.242,31.25,50.725,52.025,29.964,4,36.385,24.292,61.541,23.386,29.421,-1.07,28.832,29.903,35.444,8906
2022,59680162B35933805912396,Mopa-Muro,Kogi,North Central,8.145,5.911,30271,0,74.74,60.417,3.004,44.868,65.03,41.096,24.293,4,63.048,18.124,54.072,13.126,35.444,0.66,35.807,35.147,36.583,10729
2023,59680162B35933805912396,Mopa-Muro,Kogi,North Central,8.145,5.911,30271,0,67.66,65.568,4.705,40.665,27.627,64.183,27.441,1,54.48,10.674,84.454,17.395,36.583,0.03,36.599,36.57,23.035,11074
2024,59680162B35933805912396,Mopa-Muro,Kogi,North Central,8.145,5.911,30271,0,75.775,52.666,4.838,36.415,60.632,70.637,12.217,1,44.079,0.0,54.223,23.491,23.035,-1.51,22.206,23.713,32.609,6973
2025,59680162B35933805912396,Mopa-Muro,Kogi,North Central,8.145,5.911,30271,0,73.619,56.426,4.461,25.551,64.279,53.944,18.187,2,71.818,1.512,67.348,21.456,32.609,-0.73,32.207,32.938,,9871
2020,59680162B36028411577107,Guzamala,Borno,North East,12.858,13.181,19836,0,92.736,28.633,4.482,42.662,33.753,50.46,30.378,7,62.22,24.007,38.951,20.639,59.172,2.52,60.559,58.037,45.053,11737
2021,59680162B36028411577107,Guzamala,Borno,North East,12.858,13.181,19836,0,95.905,32.455,2.776,75.959,24.112,57.09,28.95,2,62.062,21.133,56.242,21.332,45.053,-1.0,44.503,45.503,56.085,8937
2022,59680162B36028411577107,Guzamala,Borno,North East,12.858,13.181,19836,0,90.742,46.134,2.562,66.342,19.616,50.055,47.786,7,77.784,28.104,50.782,12.059,56.085,1.44,56.877,55.437,45.471,11125
2023,59680162B36028411577107,Guzamala,Borno,North East,12.858,13.181,19836,0,93.078,41.962,3.088,47.052,20.786,53.921,22.939,4,66.977,33.504,33.072,16.657,45.471,0.59,45.798,45.204,43.937,9020
2024,59680162B36028411577107,Guzamala,Borno,North East,12.858,13.181,19836,0,90.076,43.536,2.734,60.864,42.088,49.734,20.518,2,55.339,20.663,46.42,16.859,43.937,2.03,45.056,43.022,47.77,8715
2025,59680162B36028411577107,Guzamala,Borno,North East,12.858,13.181,19836,0,89.355,40.015,4.775,48.29,47.885,49.617,32.782,7,76.814,19.22,60.582,17.973,47.77,2.76,49.287,46.528,,9476
2020,59680162B36139632039116,Ijebu North East,Ogun,South West,6.879,4.01,116769,1,40.427,83.905,1.68,48.901,95.316,99.0,5.881,0,14.104,0.0,87.504,45.555,1.671,1.37,2.427,1.052,13.259,1951
2021,59680162B36139632039116,Ijebu North East,Ogun,South West,6.879,4.01,116769,1,46.27,94.56,1.835,54.812,87.214,82.098,15.7,0,29.958,0.0,99.0,16.692,13.259,-2.1,12.103,14.206,5.619,15483
2022,59680162B36139632039116,Ijebu North East,Ogun,South West,6.879,4.01,116769,1,50.312,96.38,2.155,39.085,82.343,74.685,8.074,0,41.971,7.106,99.0,30.918,5.619,-1.59,4.742,6.337,11.567,6562
2023,59680162B36139632039116,Ijebu North East,Ogun,South West,6.879,4.01,116769,1,59.595,85.043,0.2,36.573,55.109,83.815,7.716,2,34.225,0.0,87.699,20.812,11.567,-0.03,11.553,11.578,0.8,13506
2024,59680162B36139632039116,Ijebu North East,Ogun,South West,6.879,4.01,116769,1,48.72,93.364,0.2,20.866,91.331,92.662,0.5,2,39.702,0.0,79.375,25.931,0.8,-1.9,0.5,1.657,8.936,934
2025,59680162B36139632039116,Ijebu North East,Ogun,South West,6.879,4.01,116769,1,54.194,98.953,0.457,43.355,94.153,99.0,3.778,0,56.449,0.0,83.888,29.649,8.936,1.24,9.62,8.376,,10434
2020,59680162B36149280961759,Nsukka,Enugu,South East,6.832,7.375,55734,1,58.753,99.0,0.542,38.471,73.465,99.0,12.476,0,37.259,1.985,99.0,22.668,2.873,-2.12,1.705,3.829,15.006,1601
2021,59680162B36149280961759,Nsukka,Enugu,South East,6.832,7.375,55734,1,61.805,79.308,0.2,20.616,79.705,80.813,0.5,1,29.092,0.0,93.892,16.135,15.006,-0.72,14.612,15.329,13.078,8364
2022,59680162B36149280961759,Nsukka,Enugu,South East,6.832,7.375,55734,1,62.181,99.0,1.809,35.417,71.406,88.804,4.742,0,59.102,0.0,99.0,41.724,13.078,-1.74,12.121,13.862,8.477,7289
2023,59680162B36149280961759,Nsukka,Enugu,South East,6.832,7.375,55734,1,52.876,99.0,0.566,28.875,77.529,89.832,0.5,1,26.345,5.258,85.951,26.226,8.477,-3.0,6.827,9.827,7.096,4725
2024,59680162B36149280961759,Nsukka,Enugu,South East,6.832,7.375,55734,1,58.866,99.0,0.2,21.352,99.0,99.0,2.714,1,25.689,0.0,86.701,23.291,7.096,-1.46,6.291,7.755,2.881,3955
2025,59680162B36149280961759,Nsukka,Enugu,South East,6.832,7.375,55734,1,56.015,93.177,0.667,29.737,88.663,99.0,8.81,0,29.764,5.873,99.0,40.743,2.881,-0.99,2.338,3.325,,1606
2020,59680162B36304665045822,Emuoha,Rivers,South South,4.924,6.781,37759,1,69.555,88.541,2.192,29.42,72.604,69.672,0.5,0,50.37,0.0,91.472,15.9,11.896,-2.55,10.493,13.044,2.734,4492
2021,59680162B36304665045822,Emuoha,Rivers,South South,4.924,6.781,37759,1,55.179,99.0,0.2,43.124,84.611,91.8,8.727,2,56.989,0.0,83.122,30.991,2.734,-2.57,1.322,3.889,11.147,1032
2022,59680162B36304665045822,Emuoha,Rivers,South South,4.924,6.781,37759,1,61.61,84.982,0.994,37.495,97.367,67.341,11.946,0,63.458,0.0,65.016,25.825,11.147,2.22,12.367,10.15,16.824,4209
2023,59680162B36304665045822,Emuoha,Rivers,South South,4.924,6.781,37759,1,52.834,87.549,1.53,44.625,70.732,73.034,2.743,3,54.93,0.294,68.561,22.574,16.824,-1.52,15.991,17.506,11.896,6353
2024,59680162B36304665045822,Emuoha,Rivers,South South,4.924,6.781,37759,1,64.076,90.143,0.423,51.748,82.569,72.528,9.232,0,58.8,0.0,73.138,25.338,11.896,0.96,12.425,11.464,24.965,4492
2025,59680162B36304665045822,Emuoha,Rivers,South South,4.924,6.781,37759,1,66.233,99.0,0.815,43.73,46.858,69.738,7.824,1,67.928,8.002,79.525,23.814,24.965,0.45,25.214,24.762,,9427
2020,59680162B36423706884187,Odukpani,Cross River,South South,5.246,8.098,37798,0,62.29,85.431,1.421,54.465,60.471,62.229,23.934,1,63.332,0.0,74.662,21.036,21.274,-0.57,20.96,21.531,25.409,8041
2021,59680162B36423706884187,Odukpani,Cross River,South South,5.246,8.098,37798,0,63.309,72.137,4.176,35.019,52.571,42.951,17.498,1,51.222,0.0,69.953,28.796,25.409,-0.66,25.044,25.707,27.791,9604
2022,59680162B36423706884187,Odukpani,Cross River,South South,5.246,8.098,37798,0,93.017,76.905,1.063,29.667,60.601,60.289,4.55,0,50.125,0.0,87.279,6.94,27.791,0.03,27.807,27.779,12.046,10505
2023,59680162B36423706884187,Odukpani,Cross River,South South,5.246,8.098,37798,0,65.105,80.224,1.546,43.86,75.115,87.294,0.5,0,58.506,0.383,63.546,39.697,12.046,-1.18,11.396,12.577,26.33,4553
2024,59680162B36423706884187,Odukpani,Cross River,South South,5.246,8.098,37798,0,71.28,87.499,3.348,35.899,69.925,69.394,16.717,3,52.517,0.0,83.649,41.251,26.33,-1.22,25.658,26.881,23.35,9952
2025,59680162B36423706884187,Odukpani,Cross River,South South,5.246,8.098,37798,0,65.846,72.285,1.49,37.864,64.954,70.465,7.069,1,58.185,0.0,64.629,22.009,23.35,-1.04,22.776,23.82,,8826
2020,59680162B36558878931890,Nsit Ubium,Akwa Ibom,South South,4.758,7.944,43817,1,50.973,82.182,1.432,37.457,58.17,74.814,13.618,0,53.99,0.0,72.499,24.871,13.969,-1.0,13.417,14.421,18.111,6121
2021,59680162B36558878931890,Nsit Ubium,Akwa Ibom,South South,4.758,7.944,43817,1,58.479,85.834,2.702,42.002,72.835,77.726,11.158,0,55.164,0.0,85.897,23.793,18.111,-1.34,17.373,18.715,12.708,7936
2022,59680162B36558878931890,Nsit Ubium,Akwa Ibom,South South,4.758,7.944,43817,1,53.466,89.934,1.626,34.581,71.056,99.0,9.586,2,80.15,0.0,99.0,31.153,12.708,-1.34,11.969,13.313,7.942,5568
2023,59680162B36558878931890,Nsit Ubium,Akwa Ibom,South South,4.758,7.944,43817,1,49.902,98.356,1.182,46.293,70.892,74.875,4.025,2,39.305,0.0,88.256,20.112,7.942,-2.57,6.53,9.097,17.622,3480
2024,59680162B36558878931890,Nsit Ubium,Akwa Ibom,South South,4.758,7.944,43817,1,59.759,69.673,0.625,41.527,79.311,97.518,16.019,2,43.204,2.88,84.616,18.994,17.622,-1.82,16.618,18.442,12.295,7721
2025,59680162B36558878931890,Nsit Ubium,Akwa Ibom,South South,4.758,7.944,43817,1,59.507,84.63,0.2,49.425,84.839,90.276,13.832,3,42.182,5.452,79.231,19.25,12.295,0.63,12.641,12.012,,5388
2020,59680162B36658267128816,Ethiope West,Delta,South South,5.909,5.778,25868,1,51.674,92.805,2.641,45.975,75.925,81.141,9.107,2,61.121,2.192,78.241,25.062,16.626,-1.23,15.95,17.179,13.498,4301
2021,59680162B36658267128816,Ethiope West,Delta,South South,5.909,5.778,25868,1,64.627,81.994,1.369,54.937,97.197,74.252,0.5,1,48.321,6.591,76.214,16.045,13.498,-0.24,13.368,13.604,15.184,3492
2022,59680162B36658267128816,Ethiope West,Delta,South South,5.909,5.778,25868,1,45.169,89.411,1.746,38.434,66.461,77.453,9.678,0,65.396,0.0,79.576,24.39,15.184,-2.21,13.97,16.178,16.63,3928
2023,59680162B36658267128816,Ethiope West,Delta,South South,5.909,5.778,25868,1,53.624,80.4,1.205,36.806,88.498,89.06,3.137,3,39.238,0.0,90.603,24.526,16.63,-0.82,16.182,16.997,12.742,4302
2024,59680162B36658267128816,Ethiope West,Delta,South South,5.909,5.778,25868,1,65.753,66.326,1.471,28.071,63.99,70.078,0.861,0,45.984,0.0,82.319,28.145,12.742,1.58,13.61,12.033,24.586,3296
2025,59680162B36658267128816,Ethiope West,Delta,South South,5.909,5.778,25868,1,58.02,79.21,0.2,36.615,61.904,70.745,15.807,2,45.472,0.0,99.0,21.017,24.586,1.03,25.155,24.12,,6360
2020,59680162B36804655757784,Ikot Ekpene,Akwa Ibom,South South,5.201,7.71,37584,1,66.351,93.13,3.003,34.613,61.553,85.203,2.115,2,54.586,2.657,86.443,17.058,21.018,-0.01,21.012,21.023,13.533,7899
2021,59680162B36804655757784,Ikot Ekpene,Akwa Ibom,South South,5.201,7.71,37584,1,60.159,88.18,0.948,53.409,49.372,92.446,11.105,1,54.92,0.869,70.29,14.778,13.533,-0.12,13.469,13.586,13.185,5086
2022,59680162B36804655757784,Ikot Ekpene,Akwa Ibom,South South,5.201,7.71,37584,1,59.052,95.804,1.702,48.873,99.0,99.0,6.966,4,59.624,3.938,65.783,25.511,13.185,-1.32,12.459,13.779,19.472,4956
2023,59680162B36804655757784,Ikot Ekpene,Akwa Ibom,South South,5.201,7.71,37584,1,67.141,86.739,3.42,29.089,57.81,99.0,11.311,2,52.648,0.0,69.041,13.641,19.472,-0.1,19.416,19.517,11.29,7318
2024,59680162B36804655757784,Ikot Ekpene,Akwa Ibom,South South,5.201,7.71,37584,1,45.191,99.0,2.267,44.235,81.366,90.369,13.816,1,64.242,0.0,81.608,31.556,11.29,-0.83,10.833,11.664,13.955,4243
2025,59680162B36804655757784,Ikot Ekpene,Akwa Ibom,South South,5.201,7.71,37584,1,62.379,93.271,2.014,39.938,75.599,75.018,9.919,0,48.038,0.0,95.814,12.11,13.955,-2.69,12.475,15.167,,5245
2020,59680162B36976404849364,Ungogo,Kano,North West,12.042,8.443,33567,1,92.196,39.651,2.522,61.045,34.104,43.001,24.268,0,57.414,28.249,54.973,8.812,50.376,-0.57,50.06,50.634,41.093,16910
2021,59680162B36976404849364,Ungogo,Kano,North West,12.042,8.443,33567,1,75.91,46.85,2.908,72.478,28.119,56.853,17.827,1,48.567,38.908,55.792,27.563,41.093,-0.81,40.645,41.46,46.298,13794
2022,59680162B36976404849364,Ungogo,Kano,North West,12.042,8.443,33567,1,90.581,36.683,3.868,65.738,34.025,37.559,22.516,5,62.091,27.631,41.736,9.886,46.298,-0.86,45.824,46.686,50.886,15541
2023,59680162B36976404849364,Ungogo,Kano,North West,12.042,8.443,33567,1,80.676,69.599,2.972,60.223,51.581,35.284,33.443,2,65.158,39.197,52.105,24.391,50.886,4.15,53.171,49.016,43.585,17081
2024,59680162B36976404849364,Ungogo,Kano,North West,12.042,8.443,33567,1,78.257,54.057,2.775,64.409,56.999,69.291,24.652,4,48.971,28.637,69.486,18.355,43.585,-1.83,42.579,44.407,46.112,14630
2025,59680162B36976404849364,Ungogo,Kano,North West,12.042,8.443,33567,1,72.46,60.958,4.092,78.406,38.654,68.215,24.953,1,51.104,32.288,78.268,17.907,46.112,0.32,46.291,45.966,,15478
2020,59680162B37059166930142,Jema'A,Kaduna,North West,9.409,8.25,75563,0,84.55,32.936,5.63,68.793,15.939,31.461,31.707,2,57.305,40.458,50.683,9.761,59.198,3.42,61.077,57.661,52.781,44732
2021,59680162B37059166930142,Jema'A,Kaduna,North West,9.409,8.25,75563,0,97.379,34.462,3.597,73.616,34.943,50.7,38.804,3,84.993,35.758,47.881,17.257,52.781,2.36,54.08,51.719,50.355,39883
2022,59680162B37059166930142,Jema'A,Kaduna,North West,9.409,8.25,75563,0,96.829,28.363,5.631,61.086,51.495,57.722,34.691,2,56.876,40.692,52.378,12.092,50.355,2.47,51.713,49.243,55.478,38049
2023,59680162B37059166930142,Jema'A,Kaduna,North West,9.409,8.25,75563,0,92.652,39.485,4.728,72.361,30.306,54.88,29.417,1,53.601,46.248,38.33,16.554,55.478,0.45,55.726,55.275,48.773,41921
2024,59680162B37059166930142,Jema'A,Kaduna,North West,9.409,8.25,75563,0,91.46,49.483,3.598,60.157,33.752,44.143,36.228,0,60.171,18.333,55.242,11.082,48.773,-1.64,47.868,49.513,38.969,36854
2025,59680162B37059166930142,Jema'A,Kaduna,North West,9.409,8.25,75563,0,94.669,41.719,4.171,70.605,42.805,67.888,24.076,1,57.425,31.886,52.183,16.98,38.969,2.42,40.298,37.882,,29447
2020,59680162B37281482686762,Wamba,Nasarawa,North Central,9.001,8.716,78842,0,70.194,43.503,3.086,53.064,35.589,38.09,15.749,2,39.429,8.427,76.798,15.545,37.875,2.12,39.039,36.922,39.956,29861
2021,59680162B37281482686762,Wamba,Nasarawa,North Central,9.001,8.716,78842,0,65.866,42.433,3.358,53.396,41.376,47.711,18.456,2,53.755,33.373,82.949,20.874,39.956,1.95,41.029,39.078,30.854,31502
2022,59680162B37281482686762,Wamba,Nasarawa,North Central,9.001,8.716,78842,0,65.792,53.693,3.235,48.492,56.605,50.52,18.237,4,48.202,5.831,71.429,25.794,30.854,-0.15,30.772,30.922,35.931,24326
2023,59680162B37281482686762,Wamba,Nasarawa,North Central,9.001,8.716,78842,0,80.144,66.782,4.064,43.419,55.707,35.962,29.186,3,21.634,0.0,59.621,22.031,35.931,4.43,38.369,33.936,29.251,28328
2024,59680162B37281482686762,Wamba,Nasarawa,North Central,9.001,8.716,78842,0,81.61,73.818,0.2,46.732,19.66,60.104,18.478,1,49.91,11.403,67.753,21.112,29.251,0.63,29.598,28.967,35.481,23062
2025,59680162B37281482686762,Wamba,Nasarawa,North Central,9.001,8.716,78842,0,84.027,47.853,2.549,36.297,26.29,69.864,17.605,2,32.636,5.812,60.379,28.624,35.481,3.09,37.18,34.091,,27974
2020,59680162B37327775180775,Agege,Lagos,South West,6.624,3.317,14020,1,56.547,94.299,0.2,45.784,76.282,91.198,15.783,0,42.142,3.977,93.141,19.454,8.337,-2.43,7.0,9.43,6.545,1169
2021,59680162B37327775180775,Agege,Lagos,South West,6.624,3.317,14020,1,47.535,98.917,1.518,42.292,75.684,99.0,0.5,0,46.275,0.0,99.0,27.635,6.545,-2.53,5.155,7.683,18.687,918
2022,59680162B37327775180775,Agege,Lagos,South West,6.624,3.317,14020,1,61.792,89.989,0.2,53.833,75.753,66.081,7.281,1,42.202,0.0,99.0,37.949,18.687,-3.0,17.037,20.037,7.624,2620
2023,59680162B37327775180775,Agege,Lagos,South West,6.624,3.317,14020,1,56.306,90.077,0.972,59.469,87.653,99.0,13.553,0,31.708,0.0,96.818,28.013,7.624,-0.77,7.201,7.97,10.739,1069
2024,59680162B37327775180775,Agege,Lagos,South West,6.624,3.317,14020,1,55.96,96.497,0.2,39.365,86.522,87.34,6.076,1,33.259,0.0,99.0,20.003,10.739,-2.7,9.254,11.954,11.517,1506
2025,59680162B37327775180775,Agege,Lagos,South West,6.624,3.317,14020,1,62.761,99.0,0.2,36.874,81.889,99.0,10.101,0,46.675,0.0,77.038,17.155,11.517,-3.0,9.867,12.867,,1615
2020,59680162B37340403082689,Batagarawa,Katsina,North West,12.867,7.531,17072,0,92.131,35.707,6.19,54.634,16.076,33.12,24.703,2,57.088,27.992,55.239,33.602,56.021,3.53,57.962,54.433,46.118,9564
2021,59680162B37340403082689,Batagarawa,Katsina,North West,12.867,7.531,17072,0,96.72,20.442,4.914,72.349,30.182,44.786,19.16,2,68.395,31.211,21.845,13.667,46.118,2.95,47.74,44.791,52.807,7873
2022,59680162B37340403082689,Batagarawa,Katsina,North West,12.867,7.531,17072,0,90.735,29.511,5.125,41.253,29.494,22.646,23.743,0,84.122,40.511,25.311,32.568,52.807,-0.25,52.67,52.919,48.854,9015
2023,59680162B37340403082689,Batagarawa,Katsina,North West,12.867,7.531,17072,0,80.794,35.108,6.762,61.967,63.788,36.491,34.459,1,53.306,29.021,55.197,15.122,48.854,0.05,48.883,48.83,43.676,8340
2024,59680162B37340403082689,Batagarawa,Katsina,North West,12.867,7.531,17072,0,80.004,28.913,3.628,44.979,28.648,51.481,36.401,4,50.398,28.249,58.022,19.879,43.676,1.17,44.321,43.149,44.895,7456
2025,59680162B37340403082689,Batagarawa,Katsina,North West,12.867,7.531,17072,0,77.543,54.503,5.253,62.904,53.223,34.355,22.812,2,60.564,24.007,63.635,21.203,44.895,-0.53,44.603,45.134,,7664
2020,59680162B37513478805829,Gummi,Zamfara,North West,12.033,5.117,79772,0,89.259,40.867,4.87,69.156,36.141,23.112,31.444,0,55.18,33.449,44.702,31.728,47.732,-0.78,47.306,48.081,42.681,38077
2021,59680162B37513478805829,Gummi,Zamfara,North West,12.033,5.117,79772,0,94.655,43.728,5.05,64.74,53.115,40.961,21.67,4,59.044,33.187,84.93,10.527,42.681,-0.42,42.45,42.87,44.275,34047
2022,59680162B37513478805829,Gummi,Zamfara,North West,12.033,5.117,79772,0,80.017,22.421,4.549,64.706,15.154,58.525,35.591,0,63.073,27.489,43.633,26.17,44.275,1.8,45.266,43.465,49.045,35319
2023,59680162B37513478805829,Gummi,Zamfara,North West,12.033,5.117,79772,0,75.632,26.553,4.171,46.853,44.683,45.98,36.723,3,55.912,45.782,52.718,15.811,49.045,1.64,49.945,48.308,52.189,39124
2024,59680162B37513478805829,Gummi,Zamfara,North West,12.033,5.117,79772,0,87.107,44.99,2.862,64.806,15.528,29.172,30.143,2,35.551,34.23,42.468,25.957,52.189,3.7,54.225,50.523,48.285,41632
2025,59680162B37513478805829,Gummi,Zamfara,North West,12.033,5.117,79772,0,80.206,36.887,4.415,66.393,40.484,31.53,33.218,1,77.669,47.89,61.68,36.256,48.285,0.5,48.559,48.061,,38518
2020,59680162B37931278966472,Boki,Cross River,South South,6.242,9.025,49101,1,69.004,90.203,1.748,57.044,62.275,92.657,8.748,0,46.908,0.0,90.922,17.962,20.027,-1.58,19.156,20.74,17.554,9834
2021,59680162B37931278966472,Boki,Cross River,South South,6.242,9.025,49101,1,65.598,84.396,0.875,39.755,74.353,78.587,4.137,1,55.798,0.0,64.151,12.803,17.554,-0.98,17.017,17.993,28.67,8619
2022,59680162B37931278966472,Boki,Cross River,South South,6.242,9.025,49101,1,57.663,99.0,2.844,40.095,54.639,84.386,10.327,2,64.847,0.0,98.257,19.989,28.67,1.44,29.462,28.023,15.233,14077
2023,59680162B37931278966472,Boki,Cross River,South South,6.242,9.025,49101,1,53.125,93.84,0.31,27.302,71.814,87.497,12.248,1,42.277,0.0,97.459,32.948,15.233,-2.18,14.032,16.216,14.872,7480
2024,59680162B37931278966472,Boki,Cross River,South South,6.242,9.025,49101,1,55.194,78.238,0.854,21.903,71.387,99.0,17.271,1,50.378,16.603,80.866,27.846,14.872,-0.45,14.622,15.077,13.481,7303
2025,59680162B37931278966472,Boki,Cross River,South South,6.242,9.025,49101,1,47.792,99.0,0.503,42.065,80.931,73.899,10.494,1,74.457,0.0,99.0,33.848,13.481,-1.79,12.498,14.285,,6619
2020,59680162B38183120701356,Municipal Area Council,FCT,North Central,8.888,7.502,18512,1,53.824,68.248,1.489,48.005,55.9,64.896,26.264,2,56.824,0.0,90.713,21.23,24.794,-0.31,24.625,24.933,30.073,4590
2021,59680162B38183120701356,Municipal Area Council,FCT,North Central,8.888,7.502,18512,1,71.886,71.075,0.343,54.01,40.748,51.117,30.417,1,49.196,0.0,78.152,20.638,30.073,-1.49,29.252,30.744,21.154,5567
2022,59680162B38183120701356,Municipal Area Council,FCT,North Central,8.888,7.502,18512,1,63.318,76.188,1.691,53.272,67.145,47.769,25.489,1,59.233,0.0,95.592,20.474,21.154,0.97,21.686,20.718,19.685,3916
2023,59680162B38183120701356,Municipal Area Council,FCT,North Central,8.888,7.502,18512,1,71.619,68.419,0.633,26.683,70.804,72.65,15.621,1,69.222,0.0,69.948,23.968,19.685,-0.81,19.24,20.049,26.244,3644
2024,59680162B38183120701356,Municipal Area Council,FCT,North Central,8.888,7.502,18512,1,70.437,53.851,1.303,52.869,53.745,74.876,22.618,1,42.838,0.0,63.895,19.127,26.244,2.53,27.637,25.105,27.503,4858
2025,59680162B38183120701356,Municipal Area Council,FCT,North Central,8.888,7.502,18512,1,55.852,78.318,4.411,53.192,39.79,67.493,16.188,0,65.817,0.259,61.179,19.412,27.503,0.54,27.799,27.26,,5091
2020,59680162B38204256572023,Eti Osa,Lagos,South West,6.457,3.582,18107,1,53.519,96.895,0.528,39.619,83.65,99.0,5.525,0,36.158,0.021,87.102,31.454,2.424,-2.64,0.971,3.614,3.359,439
2021,59680162B38204256572023,Eti Osa,Lagos,South West,6.457,3.582,18107,1,44.995,96.367,2.417,48.596,84.993,99.0,5.978,0,34.555,0.0,95.519,26.486,3.359,-3.0,1.709,4.709,12.996,608
2022,59680162B38204256572023,Eti Osa,Lagos,South West,6.457,3.582,18107,1,60.256,77.51,0.2,37.434,83.653,92.596,6.155,0,38.254,0.0,99.0,18.444,12.996,-1.89,11.954,13.849,10.624,2353
2023,59680162B38204256572023,Eti Osa,Lagos,South West,6.457,3.582,18107,1,58.916,86.727,0.2,27.506,95.586,90.384,10.281,1,36.423,13.888,94.417,11.228,10.624,-2.42,9.292,11.713,9.72,1924
2024,59680162B38204256572023,Eti Osa,Lagos,South West,6.457,3.582,18107,1,57.447,99.0,2.952,38.952,72.263,99.0,9.389,0,46.998,0.0,99.0,33.982,9.72,-0.09,9.673,9.758,8.121,1760
2025,59680162B38204256572023,Eti Osa,Lagos,South West,6.457,3.582,18107,1,53.657,96.552,0.2,37.686,74.948,99.0,12.684,0,11.119,0.848,99.0,25.949,8.121,-1.5,7.296,8.795,,1470
2020,59680162B38335311272259,Onicha,Ebonyi,South East,6.107,7.817,44662,1,52.67,99.0,0.2,23.485,86.564,89.817,0.5,0,45.737,6.946,78.419,9.671,10.159,-2.71,8.668,11.38,3.353,4537
2021,59680162B38335311272259,Onicha,Ebonyi,South East,6.107,7.817,44662,1,62.43,99.0,0.2,32.808,70.908,68.692,0.5,1,37.97,0.0,91.115,15.654,3.353,-2.04,2.233,4.27,14.923,1498
2022,59680162B38335311272259,Onicha,Ebonyi,South East,6.107,7.817,44662,1,54.372,91.457,0.965,40.581,66.599,91.887,12.011,1,35.882,10.925,99.0,22.039,14.923,-0.77,14.5,15.27,3.953,6665
2023,59680162B38335311272259,Onicha,Ebonyi,South East,6.107,7.817,44662,1,55.562,99.0,2.073,33.501,99.0,80.866,0.5,1,46.516,0.0,95.528,30.12,3.953,-2.55,2.551,5.101,7.937,1766
2024,59680162B38335311272259,Onicha,Ebonyi,South East,6.107,7.817,44662,1,49.103,99.0,0.974,47.173,83.381,99.0,3.531,1,10.504,0.0,99.0,40.283,7.937,-2.01,6.833,8.84,10.842,3545
2025,59680162B38335311272259,Onicha,Ebonyi,South East,6.107,7.817,44662,1,56.743,87.291,2.183,50.832,89.276,99.0,9.66,0,30.689,0.0,85.464,33.537,10.842,0.22,10.961,10.745,,4842
2020,59680162B38390932765307,Atakunmosa East,Osun,South West,7.44,4.744,21714,1,66.317,99.0,0.957,33.778,88.893,92.643,9.962,0,38.676,0.0,97.872,16.668,5.474,-1.62,4.582,6.204,17.702,1189
2021,59680162B38390932765307,Atakunmosa East,Osun,South West,7.44,4.744,21714,1,68.198,76.222,1.486,46.834,79.031,99.0,5.1,1,44.331,0.0,77.993,15.442,17.702,-1.39,16.937,18.328,8.696,3844
2022,59680162B38390932765307,Atakunmosa East,Osun,South West,7.44,4.744,21714,1,46.128,99.0,0.2,26.616,92.888,81.327,20.682,2,36.216,9.643,95.071,15.159,8.696,-0.59,8.37,8.963,7.029,1888
2023,59680162B38390932765307,Atakunmosa East,Osun,South West,7.44,4.744,21714,1,62.49,99.0,1.0,48.423,86.031,96.304,12.521,1,21.333,0.0,94.974,50.15,7.029,-3.0,5.379,8.379,14.495,1526
2024,59680162B38390932765307,Atakunmosa East,Osun,South West,7.44,4.744,21714,1,55.666,93.401,3.658,52.693,78.558,86.361,8.312,0,24.147,0.0,99.0,38.641,14.495,-1.27,13.797,15.066,1.133,3147
2025,59680162B38390932765307,Atakunmosa East,Osun,South West,7.44,4.744,21714,1,45.608,99.0,0.2,43.974,68.163,99.0,0.5,0,38.703,0.0,99.0,24.151,1.133,-0.16,1.048,1.203,,246
2020,59680162B38485988708032,Nguru,Yobe,North East,12.982,10.361,44099,0,85.02,34.134,4.452,60.398,19.15,33.73,14.934,4,67.75,27.083,45.811,13.099,48.701,4.09,50.949,46.861,49.446,21477
2021,59680162B38485988708032,Nguru,Yobe,North East,12.982,10.361,44099,0,85.488,47.576,5.652,57.727,40.107,8.992,25.7,2,68.979,24.339,50.96,29.349,49.446,1.72,50.391,48.672,55.357,21805
2022,59680162B38485988708032,Nguru,Yobe,North East,12.982,10.361,44099,0,95.752,32.078,4.589,47.178,30.018,37.598,31.329,4,86.108,27.36,27.304,15.834,55.357,0.17,55.452,55.279,51.633,24412
2023,59680162B38485988708032,Nguru,Yobe,North East,12.982,10.361,44099,0,81.364,42.296,5.088,62.153,59.425,33.772,28.382,3,58.601,34.949,48.696,14.255,51.633,1.32,52.359,51.039,39.388,22770
2024,59680162B38485988708032,Nguru,Yobe,North East,12.982,10.361,44099,0,82.16,30.49,3.38,42.62,52.495,73.554,24.074,8,55.797,26.699,53.664,11.924,39.388,1.49,40.206,38.719,53.504,17370
2025,59680162B38485988708032,Nguru,Yobe,North East,12.982,10.361,44099,0,84.927,40.479,4.914,65.985,25.059,55.459,27.686,6,69.558,38.265,57.691,20.533,53.504,2.53,54.894,52.367,,23595
2020,59680162B38736391522213,Idemili South,Anambra,South East,6.058,6.829,10576,1,53.339,99.0,0.442,32.395,80.699,87.773,5.781,1,32.603,0.0,93.124,11.534,1.184,-2.22,0.5,2.182,5.124,125
2021,59680162B38736391522213,Idemili South,Anambra,South East,6.058,6.829,10576,1,65.894,99.0,1.192,32.459,70.092,86.409,13.467,1,34.095,0.0,97.14,19.875,5.124,1.71,6.067,4.353,8.679,542
2022,59680162B38736391522213,Idemili South,Anambra,South East,6.058,6.829,10576,1,58.514,96.083,0.628,35.35,56.015,94.131,5.239,0,47.689,7.277,99.0,38.757,8.679,-0.73,8.275,9.009,2.402,918
2023,59680162B38736391522213,Idemili South,Anambra,South East,6.058,6.829,10576,1,70.856,99.0,1.382,17.95,99.0,94.423,11.876,0,34.04,0.0,99.0,24.611,2.402,1.08,2.997,1.915,8.708,254
2024,59680162B38736391522213,Idemili South,Anambra,South East,6.058,6.829,10576,1,62.648,99.0,1.657,17.6,87.423,99.0,6.466,0,23.152,0.0,96.445,24.515,8.708,-1.01,8.155,9.161,10.465,921
2025,59680162B38736391522213,Idemili South,Anambra,South East,6.058,6.829,10576,1,63.748,99.0,0.974,43.929,83.55,99.0,0.5,0,26.655,0.0,99.0,27.676,10.465,-1.61,9.58,11.19,,1107
2020,59680162B39308677673484,Ibaji,Kogi,North Central,6.815,6.783,66344,0,60.043,48.011,1.899,43.936,41.16,45.849,19.354,2,52.19,12.274,66.694,7.46,27.891,3.48,29.807,26.323,36.232,18504
2021,59680162B39308677673484,Ibaji,Kogi,North Central,6.815,6.783,66344,0,76.215,57.914,4.955,43.269,35.073,69.61,8.176,4,47.33,18.468,50.897,14.704,36.232,-0.42,36.002,36.42,31.672,24038
2022,59680162B39308677673484,Ibaji,Kogi,North Central,6.815,6.783,66344,0,88.71,65.381,4.519,41.86,71.701,67.501,14.137,3,46.58,28.328,61.556,13.535,31.672,-2.49,30.301,32.795,39.733,21013
2023,59680162B39308677673484,Ibaji,Kogi,North Central,6.815,6.783,66344,0,72.133,56.383,4.417,53.75,39.357,53.694,20.658,1,42.763,0.0,57.361,19.516,39.733,0.58,40.05,39.473,27.216,26360
2024,59680162B39308677673484,Ibaji,Kogi,North Central,6.815,6.783,66344,0,79.465,64.425,3.504,43.537,63.622,68.924,22.481,1,32.446,23.134,77.95,15.17,27.216,-3.0,25.566,28.566,19.559,18056
2025,59680162B39308677673484,Ibaji,Kogi,North Central,6.815,6.783,66344,0,81.637,67.013,2.47,45.255,74.074,60.734,19.105,1,35.617,7.881,59.886,32.992,19.559,-1.43,18.773,20.202,,12976
2020,59680162B3936014826761,Bindawa,Katsina,North West,12.708,7.879,31693,0,87.523,51.608,4.462,57.302,20.852,22.771,26.435,1,56.203,26.805,29.643,16.783,51.588,-0.8,51.147,51.949,48.751,16350
2021,59680162B3936014826761,Bindawa,Katsina,North West,12.708,7.879,31693,0,94.148,34.998,2.842,47.991,21.165,33.037,32.24,2,82.24,38.967,52.662,14.971,48.751,2.94,50.37,47.427,44.803,15451
2022,59680162B3936014826761,Bindawa,Katsina,North West,12.708,7.879,31693,0,93.979,30.887,3.774,70.41,45.836,40.342,29.104,2,49.866,43.805,34.809,24.034,44.803,1.93,45.867,43.932,50.059,14199
2023,59680162B3936014826761,Bindawa,Katsina,North West,12.708,7.879,31693,0,79.366,37.807,4.969,55.477,12.848,40.138,15.858,0,85.915,23.337,37.971,16.835,50.059,3.75,52.123,48.371,61.259,15865
2024,59680162B3936014826761,Bindawa,Katsina,North West,12.708,7.879,31693,0,95.139,40.095,5.36,62.95,45.035,45.238,32.993,5,44.591,33.817,43.624,17.866,61.259,0.92,61.763,60.847,62.527,19415
2025,59680162B3936014826761,Bindawa,Katsina,North West,12.708,7.879,31693,0,87.473,50.144,6.056,56.134,7.5,20.863,28.786,1,62.595,50.247,67.815,11.338,62.527,1.64,63.429,61.79,,19817
2020,59680162B39513276000218,Owerri North,Imo,South East,5.437,7.104,67164,0,88.427,98.183,1.345,35.175,85.9,58.192,4.793,1,45.407,0.0,88.79,22.275,18.241,-1.52,17.403,18.927,16.286,12252
2021,59680162B39513276000218,Owerri North,Imo,South East,5.437,7.104,67164,0,67.519,91.074,1.289,32.806,70.712,74.662,12.495,1,27.032,8.314,72.679,38.575,16.286,-2.52,14.899,17.422,31.54,10939
2022,59680162B39513276000218,Owerri North,Imo,South East,5.437,7.104,67164,0,71.951,79.646,2.777,50.164,43.431,78.49,4.821,1,47.107,0.0,68.478,25.366,31.54,0.12,31.607,31.485,10.723,21184
2023,59680162B39513276000218,Owerri North,Imo,South East,5.437,7.104,67164,0,70.242,82.073,0.21,37.907,89.209,97.484,13.12,1,49.11,3.227,84.711,31.683,10.723,-2.19,9.52,11.707,5.546,7202
2024,59680162B39513276000218,Owerri North,Imo,South East,5.437,7.104,67164,0,67.021,93.409,1.502,21.831,99.0,86.163,1.879,2,32.849,0.0,89.135,18.408,5.546,-3.0,3.896,6.896,8.669,3725
2025,59680162B39513276000218,Owerri North,Imo,South East,5.437,7.104,67164,0,62.801,97.526,0.2,31.833,91.951,84.557,4.202,0,44.442,5.779,80.61,14.906,8.669,-1.31,7.949,9.258,,5822
2020,59680162B39799007570945,Hadejia,Jigawa,North West,12.465,10.064,33680,0,85.031,23.379,3.639,50.498,25.349,21.857,35.691,1,60.73,25.269,49.897,16.6,44.456,2.08,45.598,43.521,57.018,14973
2021,59680162B39799007570945,Hadejia,Jigawa,North West,12.465,10.064,33680,0,85.558,29.988,5.638,58.058,26.288,20.197,35.635,3,67.031,31.655,34.573,17.451,57.018,1.85,58.036,56.186,39.71,19204
2022,59680162B39799007570945,Hadejia,Jigawa,North West,12.465,10.064,33680,0,83.081,17.45,2.998,53.049,17.718,52.63,23.244,1,50.347,30.81,40.795,16.381,39.71,0.36,39.911,39.546,54.308,13374
2023,59680162B39799007570945,Hadejia,Jigawa,North West,12.465,10.064,33680,0,92.307,31.909,4.833,58.917,19.225,38.148,42.955,1,69.506,32.981,59.401,21.94,54.308,1.55,55.158,53.613,48.114,18291
2024,59680162B39799007570945,Hadejia,Jigawa,North West,12.465,10.064,33680,0,80.196,43.674,3.274,56.696,27.912,33.353,34.558,4,72.99,23.979,53.011,38.848,48.114,3.63,50.112,46.48,39.829,16205
2025,59680162B39799007570945,Hadejia,Jigawa,North West,12.465,10.064,33680,0,85.562,25.069,4.663,54.326,29.648,44.843,32.896,0,84.908,15.397,54.343,27.744,39.829,1.78,40.811,39.026,,13414
2020,59680162B40051654285197,Yorro,Taraba,North East,8.88,11.53,23116,0,89.212,46.462,4.572,56.85,35.461,34.7,38.606,5,51.255,23.858,28.411,16.2,50.98,0.77,51.404,50.632,38.206,11784
2021,59680162B40051654285197,Yorro,Taraba,North East,8.88,11.53,23116,0,78.974,27.2,4.036,60.423,26.692,29.984,26.411,3,46.951,32.575,53.819,18.837,38.206,0.5,38.478,37.983,43.814,8832
2022,59680162B40051654285197,Yorro,Taraba,North East,8.88,11.53,23116,0,91.901,48.51,3.852,67.005,49.722,35.298,37.69,2,73.941,21.253,43.062,9.463,43.814,1.85,44.831,42.981,41.557,10128
2023,59680162B40051654285197,Yorro,Taraba,North East,8.88,11.53,23116,0,76.697,31.927,3.278,61.433,40.761,29.53,30.793,7,76.397,27.49,58.94,35.757,41.557,4.05,43.783,39.736,45.855,9606
2024,59680162B40051654285197,Yorro,Taraba,North East,8.88,11.53,23116,0,89.164,48.129,6.495,74.766,34.388,38.315,25.866,5,66.825,19.056,57.65,24.477,45.855,-0.15,45.775,45.921,47.65,10600
2025,59680162B40051654285197,Yorro,Taraba,North East,8.88,11.53,23116,0,91.23,21.651,4.092,70.415,46.511,56.176,27.146,5,72.695,31.594,49.787,32.431,47.65,4.52,50.137,45.616,,11015
2020,59680162B40329870656537,Jakusko,Yobe,North East,12.433,10.982,11998,1,85.865,33.129,2.469,65.946,52.109,46.802,19.033,6,49.516,21.67,53.847,13.133,40.718,0.77,41.14,40.372,31.484,4885
2021,59680162B40329870656537,Jakusko,Yobe,North East,12.433,10.982,11998,1,71.618,51.864,2.162,57.697,39.389,60.428,23.947,9,75.649,15.167,94.743,13.321,31.484,2.08,32.627,30.549,38.039,3777
2022,59680162B40329870656537,Jakusko,Yobe,North East,12.433,10.982,11998,1,82.681,41.672,2.907,64.459,59.849,60.856,32.736,4,57.635,18.463,69.881,10.255,38.039,1.88,39.072,37.193,35.343,4564
2023,59680162B40329870656537,Jakusko,Yobe,North East,12.433,10.982,11998,1,77.693,60.921,3.916,56.17,42.195,52.993,27.892,2,53.453,22.45,51.572,16.862,35.343,2.89,36.931,34.043,50.282,4240
2024,59680162B40329870656537,Jakusko,Yobe,North East,12.433,10.982,11998,1,82.044,46.375,2.947,56.478,40.727,60.702,23.895,9,69.669,26.624,54.175,15.238,50.282,1.08,50.878,49.795,35.331,6033
2025,59680162B40329870656537,Jakusko,Yobe,North East,12.433,10.982,11998,1,72.724,45.394,3.658,67.598,55.99,68.521,11.861,3,76.694,20.296,74.208,27.708,35.331,1.8,36.321,34.522,,4239
2020,59680162B40491222708573,Magama,Niger,North Central,10.298,5.061,32331,0,69.248,57.879,4.076,47.771,44.362,65.906,22.586,2,52.45,0.0,56.931,24.571,35.838,2.94,37.456,34.514,42.927,11587
2021,59680162B40491222708573,Magama,Niger,North Central,10.298,5.061,32331,0,75.591,58.548,4.594,42.763,55.139,48.276,23.963,3,48.238,10.442,54.893,7.551,42.927,2.18,44.124,41.948,28.801,13879
2022,59680162B40491222708573,Magama,Niger,North Central,10.298,5.061,32331,0,68.173,69.742,2.997,43.839,48.473,65.272,15.414,1,47.371,6.565,60.976,18.319,28.801,-0.21,28.688,28.894,26.682,9312
2023,59680162B40491222708573,Magama,Niger,North Central,10.298,5.061,32331,0,64.111,53.641,1.539,40.72,53.403,88.444,28.87,0,32.028,8.588,55.7,31.393,26.682,1.05,27.263,26.208,25.611,8627
2024,59680162B40491222708573,Magama,Niger,North Central,10.298,5.061,32331,0,82.465,65.381,2.818,30.686,55.941,67.025,9.333,2,28.956,8.504,60.11,19.42,25.611,2.67,27.082,24.407,29.067,8280
2025,59680162B40491222708573,Magama,Niger,North Central,10.298,5.061,32331,0,72.661,50.336,3.429,71.306,62.707,49.186,24.742,0,50.846,12.526,67.246,20.095,29.067,0.78,29.495,28.717,,9398
2020,59680162B4050907661224,Wasagu-Danko,Kebbi,North West,11.398,5.74,92712,1,83.768,55.404,4.026,64.308,43.249,58.388,25.744,3,87.653,38.241,58.986,7.976,49.763,1.03,50.329,49.3,53.05,46136
2021,59680162B4050907661224,Wasagu-Danko,Kebbi,North West,11.398,5.74,92712,1,89.325,58.288,4.089,75.857,43.955,56.105,32.572,3,94.182,36.179,55.283,16.614,53.05,0.84,53.514,52.67,37.177,49183
2022,59680162B4050907661224,Wasagu-Danko,Kebbi,North West,11.398,5.74,92712,1,88.51,59.133,3.616,74.463,48.521,59.984,11.862,0,71.3,33.907,68.695,7.443,37.177,2.46,38.53,36.07,48.33,34467
2023,59680162B4050907661224,Wasagu-Danko,Kebbi,North West,11.398,5.74,92712,1,88.225,33.332,3.298,64.26,25.7,67.901,8.846,0,49.266,33.795,32.867,15.377,48.33,2.76,49.848,47.087,37.404,44807
2024,59680162B4050907661224,Wasagu-Danko,Kebbi,North West,11.398,5.74,92712,1,85.97,32.153,3.605,56.673,42.939,46.476,24.079,0,44.438,17.77,45.681,16.543,37.404,0.29,37.563,37.273,39.201,34678
2025,59680162B4050907661224,Wasagu-Danko,Kebbi,North West,11.398,5.74,92712,1,85.231,53.48,3.509,57.01,39.112,66.398,31.404,2,56.374,31.002,62.837,24.016,39.201,2.84,40.764,37.922,,36344
2020,59680162B40988548898234,Offa,Kwara,North Central,8.171,4.692,59889,1,57.308,59.924,0.2,46.902,54.744,67.345,14.225,0,41.064,9.919,64.192,22.852,11.881,-0.67,11.511,12.184,25.589,7115
2021,59680162B40988548898234,Offa,Kwara,North Central,8.171,4.692,59889,1,63.664,64.43,2.365,42.144,49.83,64.116,2.077,2,50.026,8.133,82.443,11.521,25.589,-0.33,25.409,25.737,19.562,15325
2022,59680162B40988548898234,Offa,Kwara,North Central,8.171,4.692,59889,1,68.253,80.461,1.701,39.723,37.369,99.0,3.338,0,56.248,0.0,77.577,28.828,19.562,-1.02,19.001,20.02,11.979,11715
2023,59680162B40988548898234,Offa,Kwara,North Central,8.171,4.692,59889,1,52.845,78.836,3.384,35.818,82.162,96.159,15.976,0,34.513,1.809,88.071,20.968,11.979,0.63,12.325,11.697,17.263,7174
2024,59680162B40988548898234,Offa,Kwara,North Central,8.171,4.692,59889,1,62.903,78.248,0.37,58.776,61.939,80.603,0.5,1,53.635,3.766,68.34,32.264,17.263,-1.37,16.51,17.88,24.941,10339
2025,59680162B40988548898234,Offa,Kwara,North Central,8.171,4.692,59889,1,67.446,76.602,2.974,58.229,35.578,48.112,12.577,0,28.666,0.0,99.0,28.032,24.941,2.49,26.308,23.822,,14937
2020,59680162B41031546236215,Itu,Akwa Ibom,South South,5.138,7.998,40456,1,51.309,92.794,1.628,26.574,91.735,80.013,21.945,2,51.282,1.159,75.02,14.742,16.719,-0.6,16.391,16.988,17.438,6764
2021,59680162B41031546236215,Itu,Akwa Ibom,South South,5.138,7.998,40456,1,55.187,93.325,2.361,38.606,76.863,43.571,8.998,0,68.971,0.0,71.137,16.249,17.438,-0.08,17.392,17.475,11.895,7055
2022,59680162B41031546236215,Itu,Akwa Ibom,South South,5.138,7.998,40456,1,61.7,99.0,0.382,51.084,92.656,74.767,15.514,0,60.095,3.048,89.406,49.195,11.895,-2.23,10.669,12.897,11.221,4812
2023,59680162B41031546236215,Itu,Akwa Ibom,South South,5.138,7.998,40456,1,55.149,84.266,1.025,34.196,83.521,87.726,11.196,0,65.452,2.691,92.212,19.936,11.221,-2.03,10.103,12.136,13.738,4540
2024,59680162B41031546236215,Itu,Akwa Ibom,South South,5.138,7.998,40456,1,55.67,96.004,1.937,23.799,87.557,68.529,6.872,0,51.173,0.0,79.967,16.142,13.738,-1.77,12.766,14.533,12.958,5558
2025,59680162B41031546236215,Itu,Akwa Ibom,South South,5.138,7.998,40456,1,53.679,99.0,0.406,53.899,87.333,96.69,3.053,0,46.448,2.32,78.188,28.471,12.958,-2.47,11.597,14.071,,5242
2020,59680162B41078826165134,Kiri Kasama,Jigawa,North West,12.6,10.251,28912,0,97.298,28.206,4.532,70.958,22.531,69.166,18.698,1,71.794,43.499,28.691,7.642,49.948,1.23,50.626,49.392,58.683,14441
2021,59680162B41078826165134,Kiri Kasama,Jigawa,North West,12.6,10.251,28912,0,86.509,26.95,5.256,44.508,17.209,39.355,36.65,1,65.184,36.67,41.692,15.861,58.683,0.73,59.082,58.357,44.242,16966
2022,59680162B41078826165134,Kiri Kasama,Jigawa,North West,12.6,10.251,28912,0,87.175,30.742,5.054,80.034,46.359,33.233,37.258,2,78.256,9.862,47.275,17.25,44.242,2.0,45.34,43.344,47.292,12791
2023,59680162B41078826165134,Kiri Kasama,Jigawa,North West,12.6,10.251,28912,0,89.792,53.104,3.975,66.562,43.172,30.702,22.376,2,52.863,25.866,77.061,13.305,47.292,0.39,47.507,47.115,47.219,13673
2024,59680162B41078826165134,Kiri Kasama,Jigawa,North West,12.6,10.251,28912,0,82.75,37.774,5.971,56.861,67.333,26.437,31.925,1,61.618,34.591,47.724,12.802,47.219,3.26,49.012,45.752,50.863,13652
2025,59680162B41078826165134,Kiri Kasama,Jigawa,North West,12.6,10.251,28912,0,94.548,34.371,5.204,52.914,24.258,55.009,29.839,1,64.479,29.294,53.007,23.762,50.863,2.66,52.325,49.666,,14705
2020,59680162B4108100426512,Igbo-Etiti,Enugu,South East,6.684,7.426,167887,1,73.976,86.186,0.951,26.661,96.453,99.0,12.608,0,10.709,0.0,78.746,13.942,10.752,-1.6,9.874,11.47,8.965,18051
2021,59680162B4108100426512,Igbo-Etiti,Enugu,South East,6.684,7.426,167887,1,62.749,94.006,0.2,38.403,76.291,62.81,8.879,0,43.342,0.0,84.759,10.78,8.965,-2.83,7.41,10.238,11.276,15051
2022,59680162B4108100426512,Igbo-Etiti,Enugu,South East,6.684,7.426,167887,1,68.875,99.0,2.177,28.198,64.727,88.842,3.953,1,26.733,0.0,99.0,23.278,11.276,-3.0,9.626,12.626,0.8,18931
2023,59680162B4108100426512,Igbo-Etiti,Enugu,South East,6.684,7.426,167887,1,50.706,96.409,0.2,25.119,75.072,98.456,0.5,0,27.387,1.931,99.0,26.046,0.8,-1.37,0.5,1.418,11.248,1343
2024,59680162B4108100426512,Igbo-Etiti,Enugu,South East,6.684,7.426,167887,1,56.585,99.0,1.163,47.572,77.695,75.668,0.5,0,31.95,0.0,99.0,19.615,11.248,-1.69,10.318,12.008,8.168,18883
2025,59680162B4108100426512,Igbo-Etiti,Enugu,South East,6.684,7.426,167887,1,54.621,99.0,0.2,40.224,85.343,99.0,3.615,0,41.794,0.0,86.273,26.069,8.168,-1.59,7.292,8.886,,13714
2020,59680162B41297071563530,Bayo,Borno,North East,10.469,11.69,23457,0,95.434,42.107,2.226,63.655,2.8,32.571,30.64,4,81.716,30.008,38.953,15.972,55.855,2.79,57.392,54.598,62.275,13102
2021,59680162B41297071563530,Bayo,Borno,North East,10.469,11.69,23457,0,93.517,51.121,5.345,59.286,21.716,56.892,31.555,10,76.765,32.488,44.786,14.317,62.275,0.04,62.298,62.256,48.306,14608
2022,59680162B41297071563530,Bayo,Borno,North East,10.469,11.69,23457,0,88.111,51.022,6.615,67.807,62.56,21.769,25.612,6,71.486,19.427,52.13,20.464,48.306,-2.09,47.156,49.247,58.21,11331
2023,59680162B41297071563530,Bayo,Borno,North East,10.469,11.69,23457,0,83.992,33.956,4.164,50.053,5.3,65.442,23.25,9,77.852,34.1,24.21,23.196,58.21,2.65,59.67,57.016,46.391,13654
2024,59680162B41297071563530,Bayo,Borno,North East,10.469,11.69,23457,0,91.62,50.28,4.305,61.704,42.892,47.842,28.828,3,79.076,27.722,79.003,26.75,46.391,-0.02,46.382,46.398,57.841,10882
2025,59680162B41297071563530,Bayo,Borno,North East,10.469,11.69,23457,0,86.556,36.32,4.632,46.134,43.183,68.486,15.191,6,58.922,37.517,43.826,29.643,57.841,1.01,58.398,57.386,,13568
2020,59680162B41357004175190,Bama,Borno,North East,11.51,14.027,47572,0,85.983,41.985,3.762,57.512,26.779,24.935,27.117,6,63.316,43.835,40.243,13.086,56.276,2.41,57.605,55.19,52.793,26772
2021,59680162B41357004175190,Bama,Borno,North East,11.51,14.027,47572,0,86.418,46.657,6.063,71.583,36.204,32.569,20.99,8,67.173,36.168,28.331,20.896,52.793,2.19,53.996,51.809,56.56,25115
2022,59680162B41357004175190,Bama,Borno,North East,11.51,14.027,47572,0,92.443,40.489,5.09,60.699,38.579,33.717,27.769,0,72.053,40.284,42.732,25.626,56.56,5.08,59.352,54.276,45.03,26907
2023,59680162B41357004175190,Bama,Borno,North East,11.51,14.027,47572,0,89.41,69.804,3.691,63.427,41.153,46.048,28.565,7,66.804,9.441,53.718,14.366,45.03,0.2,45.142,44.939,39.488,21422
2024,59680162B41357004175190,Bama,Borno,North East,11.51,14.027,47572,0,86.996,48.471,1.959,59.405,26.828,68.776,20.085,5,56.175,19.707,59.881,29.078,39.488,1.2,40.147,38.948,51.408,18785
2025,59680162B41357004175190,Bama,Borno,North East,11.51,14.027,47572,0,93.604,36.686,3.67,66.748,14.325,25.863,25.195,1,71.941,22.846,61.115,49.384,51.408,2.62,52.846,50.231,,24456
2020,59680162B41420170912929,Ganye,Adamawa,North East,8.432,11.988,59308,1,77.73,37.934,3.39,48.074,16.049,53.644,28.024,7,78.801,45.375,46.47,15.827,48.745,0.16,48.834,48.671,38.806,28909
2021,59680162B41420170912929,Ganye,Adamawa,North East,8.432,11.988,59308,1,83.931,52.492,2.757,52.789,41.431,52.228,18.62,6,78.351,30.787,64.474,24.471,38.806,0.02,38.816,38.798,43.734,23015
2022,59680162B41420170912929,Ganye,Adamawa,North East,8.432,11.988,59308,1,83.403,60.099,3.28,63.44,32.73,69.192,26.888,2,51.205,15.874,65.226,11.445,43.734,1.49,44.555,43.063,41.592,25938
2023,59680162B41420170912929,Ganye,Adamawa,North East,8.432,11.988,59308,1,79.737,48.34,0.912,59.752,42.584,73.049,12.106,4,67.587,28.225,60.974,14.552,41.592,3.26,43.385,40.125,46.408,24667
2024,59680162B41420170912929,Ganye,Adamawa,North East,8.432,11.988,59308,1,76.733,43.854,4.561,57.56,31.946,56.246,27.802,5,62.424,25.585,60.901,26.579,46.408,2.25,47.644,45.396,44.417,27524
2025,59680162B41420170912929,Ganye,Adamawa,North East,8.432,11.988,59308,1,83.212,37.856,4.307,68.041,52.466,53.276,25.795,2,59.643,20.831,72.593,10.934,44.417,2.8,45.955,43.158,,26343
2020,59680162B41504820717654,Roni,Jigawa,North West,12.556,8.369,36624,0,78.023,41.648,3.138,41.793,33.262,48.222,29.136,1,55.041,35.021,77.951,35.628,31.149,1.58,32.018,30.438,44.943,11408
2021,59680162B41504820717654,Roni,Jigawa,North West,12.556,8.369,36624,0,94.939,50.813,4.725,48.581,32.595,54.094,36.888,0,80.736,25.537,63.108,16.847,44.943,1.13,45.567,44.432,55.814,16460
2022,59680162B41504820717654,Roni,Jigawa,North West,12.556,8.369,36624,0,93.11,37.541,5.559,70.24,12.829,26.49,37.789,1,47.521,43.664,51.651,14.013,55.814,2.3,57.081,54.778,57.933,20441
2023,59680162B41504820717654,Roni,Jigawa,North West,12.556,8.369,36624,0,94.643,28.928,6.895,66.101,24.137,45.748,24.57,2,55.28,41.316,25.262,18.463,57.933,4.21,60.249,56.037,46.168,21217
2024,59680162B41504820717654,Roni,Jigawa,North West,12.556,8.369,36624,0,78.289,29.561,5.974,50.995,50.118,27.099,19.751,0,44.126,55.199,39.613,12.724,46.168,4.74,48.776,44.035,30.862,16909
2025,59680162B41504820717654,Roni,Jigawa,North West,12.556,8.369,36624,0,87.516,50.164,3.816,54.424,40.736,65.513,20.609,0,68.907,31.057,38.134,27.487,30.862,1.26,31.557,30.294,,11303
2020,59680162B41605859942250,Oke Ero,Kwara,North Central,8.176,5.272,27940,1,74.122,54.864,2.797,48.212,75.088,78.692,23.079,5,43.012,2.716,88.288,14.618,34.981,-2.29,33.72,36.013,20.208,9774
2021,59680162B41605859942250,Oke Ero,Kwara,North Central,8.176,5.272,27940,1,62.761,92.803,0.597,55.55,74.04,89.115,7.672,3,47.464,31.941,74.363,33.346,20.208,2.4,21.528,19.129,21.53,5646
2022,59680162B41605859942250,Oke Ero,Kwara,North Central,8.176,5.272,27940,1,63.404,73.301,2.921,47.615,75.14,74.394,30.646,3,44.627,4.0,73.99,14.015,21.53,1.05,22.11,21.055,14.525,6015
2023,59680162B41605859942250,Oke Ero,Kwara,North Central,8.176,5.272,27940,1,62.628,74.354,0.2,49.843,58.615,62.113,5.67,2,32.688,16.971,96.55,28.987,14.525,1.03,15.094,14.06,19.249,4058
2024,59680162B41605859942250,Oke Ero,Kwara,North Central,8.176,5.272,27940,1,63.525,83.255,0.339,52.644,70.83,62.205,22.662,3,38.961,3.715,80.747,25.84,19.249,-0.33,19.069,19.396,26.67,5378
2025,59680162B41605859942250,Oke Ero,Kwara,North Central,8.176,5.272,27940,1,60.386,73.186,1.492,62.275,72.513,71.774,0.5,3,59.67,25.646,84.175,15.676,26.67,-0.11,26.612,26.718,,7452
2020,59680162B42022523568798,Njikoka,Anambra,South East,6.186,7.013,29168,1,57.746,99.0,1.088,45.794,68.406,99.0,2.383,1,49.868,0.0,90.385,22.386,5.516,-3.0,3.866,6.866,5.167,1609
2021,59680162B42022523568798,Njikoka,Anambra,South East,6.186,7.013,29168,1,65.333,99.0,0.2,23.914,83.828,97.102,3.71,0,57.365,0.0,99.0,25.324,5.167,-2.28,3.912,6.193,8.443,1507
2022,59680162B42022523568798,Njikoka,Anambra,South East,6.186,7.013,29168,1,66.713,89.065,1.638,24.937,82.073,88.15,16.844,1,59.725,1.76,99.0,25.454,8.443,0.29,8.6,8.315,1.753,2463
2023,59680162B42022523568798,Njikoka,Anambra,South East,6.186,7.013,29168,1,59.708,99.0,1.95,29.814,75.728,96.836,0.5,1,19.885,0.0,99.0,23.592,1.753,-1.03,1.185,2.218,2.024,511
2024,59680162B42022523568798,Njikoka,Anambra,South East,6.186,7.013,29168,1,62.142,99.0,0.2,39.81,87.902,98.888,0.5,1,34.344,0.0,93.353,29.806,2.024,-1.85,1.004,2.858,4.228,590
2025,59680162B42022523568798,Njikoka,Anambra,South East,6.186,7.013,29168,1,51.201,99.0,0.547,39.075,86.706,99.0,18.281,0,58.454,0.0,98.768,16.459,4.228,-1.27,3.532,4.798,,1233
2020,59680162B42065071303183,Ondo East,Ondo,South West,7.055,4.959,45859,0,67.063,67.002,3.298,46.704,81.405,90.952,13.065,1,23.152,15.754,65.497,43.077,22.804,-3.0,21.154,24.154,21.929,10458
2021,59680162B42065071303183,Ondo East,Ondo,South West,7.055,4.959,45859,0,79.677,76.008,2.338,32.385,93.377,82.346,20.453,0,68.728,0.0,86.603,32.031,21.929,0.4,22.15,21.748,19.267,10056
2022,59680162B42065071303183,Ondo East,Ondo,South West,7.055,4.959,45859,0,50.227,70.666,3.719,42.86,64.682,73.875,24.868,0,30.401,0.933,99.0,24.572,19.267,0.96,19.794,18.836,19.496,8836
2023,59680162B42065071303183,Ondo East,Ondo,South West,7.055,4.959,45859,0,68.508,79.462,2.526,39.707,66.456,80.848,10.827,0,38.273,12.151,75.162,27.226,19.496,0.15,19.577,19.43,9.602,8941
2024,59680162B42065071303183,Ondo East,Ondo,South West,7.055,4.959,45859,0,56.298,99.0,0.2,19.938,84.34,80.407,4.753,0,43.274,13.033,90.987,37.376,9.602,-3.0,7.952,10.952,23.347,4404
2025,59680162B42065071303183,Ondo East,Ondo,South West,7.055,4.959,45859,0,63.293,80.075,1.597,33.453,69.419,64.819,18.409,0,28.511,12.021,80.767,24.859,23.347,0.64,23.701,23.057,,10707
2020,59680162B42162352171568,Birnin Magaji-Kiyaw,Zamfara,North West,12.471,6.868,18967,0,96.266,22.959,5.032,73.362,24.657,15.393,37.892,2,86.8,37.335,34.435,19.421,64.602,2.18,65.803,63.619,50.675,12253
2021,59680162B42162352171568,Birnin Magaji-Kiyaw,Zamfara,North West,12.471,6.868,18967,0,91.131,33.047,3.705,58.62,43.668,35.591,26.049,1,51.718,36.138,46.116,11.357,50.675,2.74,52.182,49.442,52.238,9612
2022,59680162B42162352171568,Birnin Magaji-Kiyaw,Zamfara,North West,12.471,6.868,18967,0,93.347,44.779,5.529,54.18,40.445,32.971,26.638,0,61.732,19.709,56.618,9.487,52.238,0.46,52.49,52.033,43.497,9908
2023,59680162B42162352171568,Birnin Magaji-Kiyaw,Zamfara,North West,12.471,6.868,18967,0,89.421,50.988,3.562,47.805,41.774,36.276,19.761,0,52.353,28.525,38.821,25.673,43.497,5.66,46.61,40.95,47.305,8250
2024,59680162B42162352171568,Birnin Magaji-Kiyaw,Zamfara,North West,12.471,6.868,18967,0,77.993,37.534,5.534,47.977,55.441,32.326,25.973,0,50.987,39.83,64.088,22.523,47.305,2.57,48.717,46.15,57.049,8972
2025,59680162B42162352171568,Birnin Magaji-Kiyaw,Zamfara,North West,12.471,6.868,18967,0,91.629,33.445,2.652,73.06,38.24,20.386,33.211,0,49.259,37.837,51.45,22.941,57.049,3.24,58.829,55.593,,10820
2020,59680162B42207826884677,Gbako,Niger,North Central,9.328,6.009,16606,0,73.307,57.804,2.308,64.215,42.105,41.24,20.089,1,53.033,0.43,79.687,9.648,30.694,-0.34,30.506,30.849,37.169,5097
2021,59680162B42207826884677,Gbako,Niger,North Central,9.328,6.009,16606,0,74.218,58.253,4.492,34.585,40.868,31.653,19.315,1,67.881,8.836,68.293,23.306,37.169,-0.2,37.061,37.258,31.69,6172
2022,59680162B42207826884677,Gbako,Niger,North Central,9.328,6.009,16606,0,80.603,76.371,1.861,41.232,35.418,81.132,25.187,1,44.18,12.415,76.673,24.378,31.69,1.11,32.3,31.191,30.583,5262
2023,59680162B42207826884677,Gbako,Niger,North Central,9.328,6.009,16606,0,72.098,54.489,1.722,41.624,29.208,48.796,30.254,1,44.023,0.468,64.592,35.648,30.583,-0.03,30.568,30.595,43.415,5079
2024,59680162B42207826884677,Gbako,Niger,North Central,9.328,6.009,16606,0,80.102,62.859,4.0,51.36,59.091,54.738,18.168,2,46.63,9.39,63.847,39.791,43.415,1.51,44.245,42.736,22.446,7210
2025,59680162B42207826884677,Gbako,Niger,North Central,9.328,6.009,16606,0,75.442,71.558,2.746,47.255,82.069,60.122,25.06,1,50.164,10.728,89.836,25.207,22.446,0.39,22.658,22.273,,3727
2020,59680162B42338651294858,Awka South,Anambra,South East,6.191,7.09,15218,1,50.525,99.0,2.648,42.002,73.281,79.614,0.5,0,16.765,12.04,95.067,49.678,4.969,-2.67,3.501,6.171,15.537,756
2021,59680162B42338651294858,Awka South,Anambra,South East,6.191,7.09,15218,1,72.98,99.0,2.156,53.333,76.922,90.502,3.369,1,66.66,0.0,99.0,17.879,15.537,-1.84,14.527,16.364,7.281,2364
2022,59680162B42338651294858,Awka South,Anambra,South East,6.191,7.09,15218,1,63.911,99.0,0.2,18.35,73.514,60.912,15.307,0,25.007,0.0,82.95,18.157,7.281,-1.9,6.235,8.136,5.333,1108
2023,59680162B42338651294858,Awka South,Anambra,South East,6.191,7.09,15218,1,58.085,99.0,2.602,34.581,99.0,99.0,4.764,0,10.726,0.0,99.0,25.897,5.333,-2.63,3.887,6.516,8.042,812
2024,59680162B42338651294858,Awka South,Anambra,South East,6.191,7.09,15218,1,59.042,99.0,0.2,31.715,76.89,99.0,8.558,0,31.191,3.677,99.0,31.688,8.042,-1.89,7.0,8.894,13.199,1224
2025,59680162B42338651294858,Awka South,Anambra,South East,6.191,7.09,15218,1,73.166,99.0,1.283,29.017,84.308,99.0,3.388,1,48.968,0.0,96.466,25.566,13.199,-1.73,12.249,13.976,,2009
2020,59680162B42687104490462,Danja,Katsina,North West,11.408,7.479,56109,0,83.855,37.55,4.499,57.766,24.353,37.894,31.574,0,46.89,35.075,56.888,30.21,53.645,2.77,55.168,52.399,60.99,30100
2021,59680162B42687104490462,Danja,Katsina,North West,11.408,7.479,56109,0,91.8,22.823,3.361,69.89,7.244,58.077,37.858,3,61.48,41.017,58.168,15.313,60.99,2.93,62.604,59.67,62.275,34221
2022,59680162B42687104490462,Danja,Katsina,North West,11.408,7.479,56109,0,92.627,20.618,7.506,65.702,21.584,40.026,34.021,1,55.892,34.39,20.973,45.809,62.275,2.47,63.631,61.166,42.979,34942
2023,59680162B42687104490462,Danja,Katsina,North West,11.408,7.479,56109,0,79.762,35.556,2.56,68.342,17.796,37.273,23.315,1,49.687,36.632,34.482,14.911,42.979,5.9,46.226,40.323,48.487,24115
2024,59680162B42687104490462,Danja,Katsina,North West,11.408,7.479,56109,0,92.484,50.032,2.347,62.135,41.156,42.231,26.868,2,76.339,37.001,24.103,15.933,48.487,0.94,49.006,48.062,47.846,27206
2025,59680162B42687104490462,Danja,Katsina,North West,11.408,7.479,56109,0,79.49,46.29,3.203,67.119,37.193,54.738,39.433,0,60.737,34.249,21.193,17.406,47.846,1.08,48.438,47.361,,26846
2020,59680162B43108992465432,Ugwunagbo,Abia,South East,5.016,7.35,35008,1,52.169,99.0,0.966,50.887,68.44,90.224,10.409,1,31.768,13.164,82.78,17.683,6.459,0.41,6.684,6.275,1.02,2261
2021,59680162B43108992465432,Ugwunagbo,Abia,South East,5.016,7.35,35008,1,62.447,91.344,0.994,43.097,88.033,78.994,9.103,0,37.011,0.0,95.568,22.907,1.02,-2.96,0.5,2.35,5.415,357
2022,59680162B43108992465432,Ugwunagbo,Abia,South East,5.016,7.35,35008,1,67.045,82.389,0.2,39.409,90.467,99.0,20.719,0,60.255,1.851,79.086,47.236,5.415,-1.03,4.85,5.876,11.532,1896
2023,59680162B43108992465432,Ugwunagbo,Abia,South East,5.016,7.35,35008,1,63.467,99.0,0.375,45.074,77.172,83.996,13.369,0,11.362,3.804,94.06,35.194,11.532,0.09,11.583,11.491,7.554,4037
2024,59680162B43108992465432,Ugwunagbo,Abia,South East,5.016,7.35,35008,1,49.475,94.973,0.2,30.269,69.592,99.0,4.42,0,27.431,4.306,96.213,27.03,7.554,0.17,7.646,7.479,4.0,2644
2025,59680162B43108992465432,Ugwunagbo,Abia,South East,5.016,7.35,35008,1,49.959,98.778,0.615,36.763,99.0,85.891,14.172,2,14.873,0.0,91.843,38.003,4.0,0.83,4.458,3.625,,1400
2020,59680162B43215766185997,Kaltungo,Gombe,North East,9.852,11.431,68341,0,82.102,39.43,5.116,53.527,26.188,56.237,35.014,4,85.227,23.242,44.838,7.91,51.148,1.55,51.999,50.452,54.43,34955
2021,59680162B43215766185997,Kaltungo,Gombe,North East,9.852,11.431,68341,0,93.68,44.426,2.545,59.971,18.611,59.46,36.373,3,59.22,24.869,45.88,11.854,54.43,0.84,54.893,54.05,48.001,37198
2022,59680162B43215766185997,Kaltungo,Gombe,North East,9.852,11.431,68341,0,88.16,29.165,3.764,65.463,44.689,31.416,30.82,3,60.312,13.936,39.37,17.956,48.001,-2.13,46.831,48.959,53.295,32805
2023,59680162B43215766185997,Kaltungo,Gombe,North East,9.852,11.431,68341,0,96.069,31.07,4.155,49.713,48.747,46.082,23.089,9,61.622,36.654,32.945,9.587,53.295,1.07,53.883,52.814,40.153,36422
2024,59680162B43215766185997,Kaltungo,Gombe,North East,9.852,11.431,68341,0,86.418,40.034,3.829,58.694,39.203,39.268,38.579,2,64.161,14.844,47.399,16.366,40.153,3.29,41.964,38.672,39.176,27441
2025,59680162B43215766185997,Kaltungo,Gombe,North East,9.852,11.431,68341,0,91.421,39.67,2.183,58.636,34.461,39.789,26.614,4,37.498,27.76,57.964,30.557,39.176,1.71,40.116,38.407,,26773
2020,59680162B43339423021624,Irepo,Oyo,South West,9.025,3.884,11111,1,48.038,99.0,1.018,49.429,74.548,91.01,5.544,0,45.011,0.0,99.0,14.357,9.087,-0.71,8.699,9.404,16.569,1010
2021,59680162B43339423021624,Irepo,Oyo,South West,9.025,3.884,11111,1,49.2,81.603,1.076,61.282,66.354,90.293,16.373,1,28.093,4.102,99.0,18.842,16.569,-2.99,14.927,17.913,7.959,1841
2022,59680162B43339423021624,Irepo,Oyo,South West,9.025,3.884,11111,1,53.033,69.849,0.664,45.785,59.477,99.0,13.756,0,31.978,4.856,99.0,58.783,7.959,-2.84,6.395,9.238,1.612,884
2023,59680162B43339423021624,Irepo,Oyo,South West,9.025,3.884,11111,1,36.036,98.127,1.833,33.187,99.0,99.0,31.239,0,29.01,0.0,99.0,15.329,1.612,-0.35,1.421,1.769,13.179,179
2024,59680162B43339423021624,Irepo,Oyo,South West,9.025,3.884,11111,1,45.46,84.692,0.526,36.185,88.167,99.0,0.5,0,37.665,0.0,84.567,55.52,13.179,-0.14,13.104,13.241,0.8,1464
2025,59680162B43339423021624,Irepo,Oyo,South West,9.025,3.884,11111,1,39.741,86.412,1.559,21.584,85.703,76.229,0.5,0,34.214,0.137,95.369,28.189,0.8,-0.71,0.5,1.117,,89
2020,59680162B43366957039329,Gwaram,Jigawa,North West,11.204,10.069,78855,0,89.332,47.657,4.691,81.618,11.975,47.856,30.354,3,55.737,42.19,44.425,7.267,56.867,1.57,57.733,56.159,54.49,44842
2021,59680162B43366957039329,Gwaram,Jigawa,North West,11.204,10.069,78855,0,79.071,32.383,4.968,49.066,36.114,37.796,35.965,0,57.932,38.993,33.888,29.99,54.49,2.74,55.995,53.258,51.897,42968
2022,59680162B43366957039329,Gwaram,Jigawa,North West,11.204,10.069,78855,0,77.114,34.211,3.744,66.569,53.655,37.997,32.138,2,65.528,39.262,42.786,24.043,51.897,0.23,52.025,51.793,60.325,40923
2023,59680162B43366957039329,Gwaram,Jigawa,North West,11.204,10.069,78855,0,71.004,33.835,5.948,57.749,23.123,25.88,43.249,2,45.358,33.047,64.335,28.07,60.325,0.51,60.608,60.093,33.632,47569
2024,59680162B43366957039329,Gwaram,Jigawa,North West,11.204,10.069,78855,0,84.992,36.525,3.725,60.399,26.245,51.686,20.312,2,53.007,27.071,65.324,19.341,33.632,0.91,34.135,33.221,48.181,26521
2025,59680162B43366957039329,Gwaram,Jigawa,North West,11.204,10.069,78855,0,94.548,45.41,3.341,49.831,48.741,51.899,41.548,0,92.141,32.131,31.786,13.161,48.181,0.89,48.67,47.781,,37993
2020,59680162B43497988326934,Kwaya Kusar,Borno,North East,10.486,11.854,39460,0,85.915,45.234,3.039,61.391,49.392,57.755,31.476,5,49.41,29.62,46.462,10.111,46.01,1.28,46.716,45.433,58.323,18156
2021,59680162B43497988326934,Kwaya Kusar,Borno,North East,10.486,11.854,39460,0,97.012,41.373,3.695,67.987,47.6,48.143,31.084,9,87.762,27.307,42.986,13.768,58.323,3.31,60.141,56.836,61.998,23014
2022,59680162B43497988326934,Kwaya Kusar,Borno,North East,10.486,11.854,39460,0,98.008,52.957,4.458,59.453,18.961,16.579,29.03,6,70.85,34.301,75.996,9.049,61.998,3.16,63.737,60.576,52.156,24464
2023,59680162B43497988326934,Kwaya Kusar,Borno,North East,10.486,11.854,39460,0,86.873,50.656,3.964,56.493,35.019,57.42,25.959,6,69.266,24.314,45.759,15.065,52.156,1.34,52.891,51.555,53.463,20581
2024,59680162B43497988326934,Kwaya Kusar,Borno,North East,10.486,11.854,39460,0,80.094,41.859,1.82,54.912,23.69,26.376,37.983,8,64.186,40.074,42.184,18.069,53.463,3.28,55.267,51.988,54.85,21097
2025,59680162B43497988326934,Kwaya Kusar,Borno,North East,10.486,11.854,39460,0,83.819,42.778,4.334,51.153,40.892,32.295,23.551,6,65.161,24.075,41.25,44.968,54.85,2.09,56.0,53.908,,21644
2020,59680162B43531883815254,Toto,Nasarawa,North Central,8.235,7.202,13990,0,80.936,49.335,1.148,73.464,55.366,55.693,16.278,0,40.524,23.081,67.966,41.244,29.822,4.71,32.415,27.701,33.086,4172
2021,59680162B43531883815254,Toto,Nasarawa,North Central,8.235,7.202,13990,0,77.307,61.808,3.382,48.194,36.561,41.167,16.111,0,63.139,10.167,62.034,13.947,33.086,-0.48,32.821,33.302,41.008,4629
2022,59680162B43531883815254,Toto,Nasarawa,North Central,8.235,7.202,13990,0,75.052,51.838,3.373,49.367,29.722,47.932,35.751,3,68.51,9.696,71.695,18.152,41.008,1.92,42.064,40.144,29.082,5737
2023,59680162B43531883815254,Toto,Nasarawa,North Central,8.235,7.202,13990,0,79.658,77.291,1.992,44.041,42.081,76.031,21.421,1,48.739,10.359,65.537,54.409,29.082,1.25,29.767,28.521,26.496,4069
2024,59680162B43531883815254,Toto,Nasarawa,North Central,8.235,7.202,13990,0,74.336,73.634,3.193,23.742,36.434,71.392,22.633,0,51.469,5.683,66.778,21.73,26.496,-0.34,26.31,26.648,37.436,3707
2025,59680162B43531883815254,Toto,Nasarawa,North Central,8.235,7.202,13990,0,80.845,68.77,3.917,28.324,49.924,68.334,24.155,1,39.207,0.0,64.134,30.179,37.436,0.05,37.465,37.413,,5237
2020,59680162B43558777101724,Bukkuyum,Zamfara,North West,11.988,5.597,38079,0,91.132,25.579,3.705,70.901,32.721,37.363,25.422,2,54.071,23.839,49.833,15.737,45.688,1.12,46.305,45.184,50.859,17398
2021,59680162B43558777101724,Bukkuyum,Zamfara,North West,11.988,5.597,38079,0,81.011,17.701,3.374,39.26,10.243,18.11,31.271,2,86.272,23.591,53.651,16.7,50.859,2.29,52.121,49.826,53.331,19367
2022,59680162B43558777101724,Bukkuyum,Zamfara,North West,11.988,5.597,38079,0,84.763,21.685,4.373,66.363,32.339,49.188,29.57,4,56.876,28.658,37.576,11.531,53.331,2.48,54.693,52.217,48.127,20308
2023,59680162B43558777101724,Bukkuyum,Zamfara,North West,11.988,5.597,38079,0,88.543,20.907,3.877,52.301,11.21,39.161,23.223,2,53.367,33.77,40.209,12.48,48.127,2.95,49.747,46.801,51.09,18326
2024,59680162B43558777101724,Bukkuyum,Zamfara,North West,11.988,5.597,38079,0,65.862,30.594,6.732,65.415,32.781,28.45,25.285,1,73.343,30.562,37.216,17.762,51.09,1.95,52.163,50.213,43.059,19455
2025,59680162B43558777101724,Bukkuyum,Zamfara,North West,11.988,5.597,38079,0,89.601,37.618,2.371,55.449,25.66,53.019,40.995,1,68.011,20.333,57.378,23.307,43.059,0.33,43.242,42.91,,16397
2020,59680162B43637132059207,Gamawa,Bauchi,North East,12.02,10.614,21177,0,92.927,43.855,5.591,43.177,26.831,37.954,29.123,5,44.017,44.624,60.168,15.847,54.335,0.37,54.537,54.169,56.358,11507
2021,59680162B43637132059207,Gamawa,Bauchi,North East,12.02,10.614,21177,0,94.009,51.891,4.315,62.723,30.018,49.952,34.033,4,67.628,27.867,57.874,20.417,56.358,2.77,57.883,55.111,50.303,11935
2022,59680162B43637132059207,Gamawa,Bauchi,North East,12.02,10.614,21177,0,99.0,40.445,3.954,83.479,52.55,28.996,26.7,2,71.613,32.116,39.484,11.525,50.303,0.56,50.612,50.051,49.715,10653
2023,59680162B43637132059207,Gamawa,Bauchi,North East,12.02,10.614,21177,0,91.953,49.349,2.595,48.268,31.614,56.229,28.861,5,53.671,30.42,52.589,13.969,49.715,1.29,50.427,49.132,40.695,10528
2024,59680162B43637132059207,Gamawa,Bauchi,North East,12.02,10.614,21177,0,83.964,56.504,4.698,47.979,40.829,54.514,33.98,4,70.659,22.424,73.279,20.298,40.695,0.93,41.205,40.278,55.296,8618
2025,59680162B43637132059207,Gamawa,Bauchi,North East,12.02,10.614,21177,0,99.0,54.793,4.482,74.849,21.97,55.25,32.761,3,62.575,23.846,64.213,24.122,55.296,1.3,56.01,54.711,,11710
2020,59680162B43671986122418,Gudu,Sokoto,North West,13.46,4.443,77595,0,84.81,37.431,4.826,71.253,22.306,27.381,35.357,1,71.734,26.207,32.157,15.606,55.544,3.6,57.524,53.924,57.185,43099
2021,59680162B43671986122418,Gudu,Sokoto,North West,13.46,4.443,77595,0,97.828,22.423,3.503,55.62,26.815,42.445,33.717,4,49.465,33.019,49.47,32.635,57.185,2.97,58.818,55.848,57.172,44373
2022,59680162B43671986122418,Gudu,Sokoto,North West,13.46,4.443,77595,0,97.3,31.184,4.868,62.065,30.599,27.007,31.442,1,77.561,40.21,47.668,16.731,57.172,2.01,58.277,56.269,52.664,44363
2023,59680162B43671986122418,Gudu,Sokoto,North West,13.46,4.443,77595,0,87.38,28.62,5.624,43.724,20.924,31.79,26.108,1,69.976,40.101,29.132,17.218,52.664,5.39,55.631,50.236,52.709,40865
2024,59680162B43671986122418,Gudu,Sokoto,North West,13.46,4.443,77595,0,89.917,17.979,3.846,61.484,21.056,24.546,31.592,4,62.493,29.812,71.036,19.526,52.709,2.76,54.23,51.465,55.431,40900
2025,59680162B43671986122418,Gudu,Sokoto,North West,13.46,4.443,77595,0,84.306,40.464,4.422,67.039,19.088,23.278,28.491,2,62.009,40.082,37.336,11.633,55.431,3.35,57.275,53.923,,43012
2020,59680162B43697273286299,Langtang North,Plateau,North Central,9.052,9.82,36352,1,66.489,70.311,0.2,51.814,37.58,53.018,12.063,1,40.891,0.0,79.835,14.381,28.758,-2.72,27.261,29.983,19.893,10454
2021,59680162B43697273286299,Langtang North,Plateau,North Central,9.052,9.82,36352,1,62.605,48.436,2.145,49.413,80.51,86.61,17.702,2,60.088,7.646,78.599,19.379,19.893,-2.08,18.747,20.83,21.894,7231
2022,59680162B43697273286299,Langtang North,Plateau,North Central,9.052,9.82,36352,1,65.233,64.934,2.488,39.867,58.186,72.417,23.875,1,68.579,9.704,72.032,32.014,21.894,-2.28,20.64,22.921,30.715,7959
2023,59680162B43697273286299,Langtang North,Plateau,North Central,9.052,9.82,36352,1,70.484,85.639,1.922,43.529,72.634,66.371,18.593,3,49.285,0.0,74.02,27.407,30.715,-0.99,30.173,31.159,28.411,11166
2024,59680162B43697273286299,Langtang North,Plateau,North Central,9.052,9.82,36352,1,59.693,65.442,1.126,47.604,55.733,55.159,39.237,0,58.611,10.928,73.236,15.011,28.411,1.11,29.023,27.91,28.577,10328
2025,59680162B43697273286299,Langtang North,Plateau,North Central,9.052,9.82,36352,1,57.145,59.564,2.506,40.836,42.589,76.944,23.156,1,50.921,0.0,74.503,24.538,28.577,1.55,29.43,27.878,,10388
2020,59680162B43824241108050,Oye,Ekiti,South West,7.907,5.346,47758,1,58.13,84.91,0.251,29.321,87.601,97.708,4.359,0,17.599,0.0,99.0,36.384,1.917,-2.18,0.715,2.9,5.94,915
2021,59680162B43824241108050,Oye,Ekiti,South West,7.907,5.346,47758,1,50.48,89.625,0.2,41.455,85.735,99.0,0.5,0,41.533,0.0,99.0,31.575,5.94,-3.0,4.29,7.29,4.688,2837
2022,59680162B43824241108050,Oye,Ekiti,South West,7.907,5.346,47758,1,48.158,99.0,1.4,30.538,93.55,99.0,0.5,0,21.336,0.0,87.732,25.793,4.688,-2.24,3.458,5.695,6.177,2239
2023,59680162B43824241108050,Oye,Ekiti,South West,7.907,5.346,47758,1,62.219,99.0,0.262,25.787,77.56,85.759,6.608,0,34.826,12.041,99.0,21.766,6.177,-2.43,4.843,7.269,1.878,2950
2024,59680162B43824241108050,Oye,Ekiti,South West,7.907,5.346,47758,1,63.762,89.695,0.2,40.399,75.336,99.0,4.957,0,41.447,0.633,99.0,50.713,1.878,-0.47,1.618,2.091,0.8,897
2025,59680162B43824241108050,Oye,Ekiti,South West,7.907,5.346,47758,1,57.75,89.063,0.2,37.155,71.669,99.0,4.493,2,39.468,0.0,99.0,30.363,0.8,-3.0,0.5,2.15,,382
2020,59680162B43870676483034,Bomadi,Delta,South South,5.228,5.815,32485,0,73.267,68.538,2.432,43.754,40.193,75.75,10.594,1,60.741,11.311,72.479,14.515,20.643,3.44,22.532,19.097,27.249,6706
2021,59680162B43870676483034,Bomadi,Delta,South South,5.228,5.815,32485,0,70.249,71.993,2.738,47.065,55.387,48.101,18.456,1,62.565,10.65,77.774,50.208,27.249,2.49,28.617,26.129,12.979,8852
2022,59680162B43870676483034,Bomadi,Delta,South South,5.228,5.815,32485,0,59.559,82.628,2.285,14.3,82.972,76.609,14.105,1,70.444,7.654,65.775,27.348,12.979,-0.47,12.719,13.192,21.705,4216
2023,59680162B43870676483034,Bomadi,Delta,South South,5.228,5.815,32485,0,78.508,71.972,1.049,34.21,64.099,82.549,16.329,5,59.124,7.762,60.604,14.233,21.705,0.98,22.243,21.264,18.588,7051
2024,59680162B43870676483034,Bomadi,Delta,South South,5.228,5.815,32485,0,70.538,89.177,3.07,31.385,72.562,74.182,15.706,0,72.646,1.088,40.055,44.201,18.588,-0.32,18.413,18.732,17.19,6038
2025,59680162B43870676483034,Bomadi,Delta,South South,5.228,5.815,32485,0,56.551,95.315,2.738,55.665,63.431,54.795,11.911,0,50.257,1.537,61.891,13.221,17.19,-0.73,16.789,17.519,,5584
2020,59680162B44112457363104,Bungudu,Zamfara,North West,12.011,6.516,112148,1,87.066,70.441,3.245,85.353,41.828,67.089,37.036,1,38.738,33.61,54.9,10.008,50.659,-1.09,50.061,51.149,43.66,56814
2021,59680162B44112457363104,Bungudu,Zamfara,North West,12.011,6.516,112148,1,63.065,40.2,3.431,47.256,55.487,40.716,35.733,2,69.375,36.571,41.095,12.559,43.66,-0.22,43.542,43.757,43.201,48964
2022,59680162B44112457363104,Bungudu,Zamfara,North West,12.011,6.516,112148,1,77.729,38.75,4.459,76.599,22.874,54.37,28.926,3,64.566,24.925,66.283,32.984,43.201,-0.02,43.189,43.211,42.056,48449
2023,59680162B44112457363104,Bungudu,Zamfara,North West,12.011,6.516,112148,1,80.385,29.305,3.237,62.687,32.958,79.524,29.782,0,42.504,23.236,65.213,24.721,42.056,4.64,44.61,39.966,41.752,47165
2024,59680162B44112457363104,Bungudu,Zamfara,North West,12.011,6.516,112148,1,85.403,46.648,2.614,49.978,29.985,45.686,12.349,1,56.057,28.624,70.758,17.662,41.752,1.48,42.565,41.087,39.425,46824
2025,59680162B44112457363104,Bungudu,Zamfara,North West,12.011,6.516,112148,1,82.841,54.625,2.751,58.313,51.398,62.138,31.298,2,79.169,15.399,76.052,11.519,39.425,-0.49,39.157,39.644,,44214
2020,59680162B44120553871969,Sule Tankarkar,Jigawa,North West,12.625,9.175,110558,1,77.551,41.06,4.337,69.705,65.935,34.148,22.252,0,76.05,29.85,54.929,22.772,43.352,-1.18,42.702,43.885,36.973,47930
2021,59680162B44120553871969,Sule Tankarkar,Jigawa,North West,12.625,9.175,110558,1,84.979,46.516,2.836,60.042,27.866,52.247,17.42,2,79.373,30.548,70.448,9.231,36.973,1.28,37.677,36.396,45.1,40876
2022,59680162B44120553871969,Sule Tankarkar,Jigawa,North West,12.625,9.175,110558,1,87.198,40.407,4.327,61.458,23.315,52.646,18.795,0,59.723,32.299,51.795,13.967,45.1,4.96,47.829,42.867,46.074,49862
2023,59680162B44120553871969,Sule Tankarkar,Jigawa,North West,12.625,9.175,110558,1,75.579,35.425,2.731,55.299,28.827,62.639,28.315,0,62.152,38.173,65.213,19.835,46.074,3.17,47.815,44.649,54.446,50938
2024,59680162B44120553871969,Sule Tankarkar,Jigawa,North West,12.625,9.175,110558,1,86.098,41.114,4.792,76.74,30.395,37.34,34.677,1,52.958,23.66,64.261,20.971,54.446,2.14,55.621,53.486,31.501,60195
2025,59680162B44120553871969,Sule Tankarkar,Jigawa,North West,12.625,9.175,110558,1,75.802,41.238,1.019,37.477,47.405,83.756,21.674,2,72.909,31.928,73.48,16.024,31.501,1.42,32.283,30.862,,34827
2020,59680162B44141715713069,Akwanga,Nasarawa,North Central,8.997,8.345,49025,1,72.292,63.525,1.258,41.015,44.886,87.064,23.967,1,42.634,4.26,68.348,40.305,20.786,-1.13,20.165,21.295,28.744,10191
2021,59680162B44141715713069,Akwanga,Nasarawa,North Central,8.997,8.345,49025,1,76.13,76.087,3.263,58.007,57.914,66.981,28.447,2,58.27,4.096,66.495,12.573,28.744,-1.36,27.996,29.356,28.872,14092
2022,59680162B44141715713069,Akwanga,Nasarawa,North Central,8.997,8.345,49025,1,70.761,76.636,3.052,63.231,44.051,77.085,11.878,3,57.515,0.0,74.315,25.529,28.872,0.1,28.927,28.828,25.177,14155
2023,59680162B44141715713069,Akwanga,Nasarawa,North Central,8.997,8.345,49025,1,68.966,68.05,2.492,41.314,61.526,46.615,15.232,0,53.121,0.632,70.341,16.721,25.177,1.97,26.258,24.292,22.493,12343
2024,59680162B44141715713069,Akwanga,Nasarawa,North Central,8.997,8.345,49025,1,70.433,77.698,0.2,52.029,63.402,94.396,6.255,4,43.941,0.0,71.549,18.608,22.493,-0.25,22.355,22.606,20.139,11027
2025,59680162B44141715713069,Akwanga,Nasarawa,North Central,8.997,8.345,49025,1,69.467,53.512,2.289,47.928,69.257,75.207,16.937,2,47.025,9.379,52.368,24.504,20.139,-0.61,19.806,20.411,,9873
2020,59680162B44242102017414,Ihiala,Anambra,South East,5.842,6.858,21736,0,56.0,97.187,2.748,15.464,69.1,89.769,2.962,0,27.427,6.726,69.293,17.804,9.019,-1.64,8.119,9.755,15.547,1960
2021,59680162B44242102017414,Ihiala,Anambra,South East,5.842,6.858,21736,0,64.643,90.049,3.298,32.0,57.769,76.781,7.572,0,34.418,6.23,73.368,21.323,15.547,-1.65,14.641,16.288,14.036,3379
2022,59680162B44242102017414,Ihiala,Anambra,South East,5.842,6.858,21736,0,62.409,81.541,0.24,29.752,91.896,73.553,26.05,1,33.402,3.356,91.891,25.706,14.036,-1.09,13.434,14.528,15.009,3051
2023,59680162B44242102017414,Ihiala,Anambra,South East,5.842,6.858,21736,0,63.627,90.74,3.278,15.474,73.304,90.307,14.676,0,25.241,6.594,83.708,32.693,15.009,-3.0,13.359,16.359,6.037,3262
2024,59680162B44242102017414,Ihiala,Anambra,South East,5.842,6.858,21736,0,69.154,85.132,0.2,29.763,89.924,56.212,0.5,1,53.306,2.388,95.39,25.594,6.037,-3.0,4.387,7.387,9.724,1312
2025,59680162B44242102017414,Ihiala,Anambra,South East,5.842,6.858,21736,0,65.188,99.0,2.139,27.705,98.136,58.49,2.26,0,55.987,2.858,99.0,36.571,9.724,-1.96,8.647,10.606,,2114
2020,59680162B44253410475450,Ilaje,Ondo,South West,6.186,4.77,34274,1,65.94,99.0,0.2,25.746,75.067,90.91,5.858,0,19.425,0.0,89.489,18.484,9.84,-2.48,8.478,10.954,3.523,3373
2021,59680162B44253410475450,Ilaje,Ondo,South West,6.186,4.77,34274,1,56.421,99.0,0.81,40.067,78.048,99.0,0.5,0,34.88,5.91,91.188,39.278,3.523,0.96,4.052,3.091,10.607,1208
2022,59680162B44253410475450,Ilaje,Ondo,South West,6.186,4.77,34274,1,53.273,99.0,1.193,36.512,83.696,99.0,15.289,1,40.567,0.0,99.0,25.87,10.607,-0.62,10.265,10.887,6.42,3635
2023,59680162B44253410475450,Ilaje,Ondo,South West,6.186,4.77,34274,1,57.385,92.984,0.2,36.717,88.163,99.0,16.255,1,17.709,0.0,99.0,22.905,6.42,-2.67,4.95,7.622,10.871,2200
2024,59680162B44253410475450,Ilaje,Ondo,South West,6.186,4.77,34274,1,61.161,99.0,1.667,41.485,81.177,99.0,5.485,1,46.452,0.0,91.628,29.951,10.871,-3.0,9.221,12.221,3.833,3726
2025,59680162B44253410475450,Ilaje,Ondo,South West,6.186,4.77,34274,1,47.98,98.835,0.2,37.525,90.232,99.0,7.624,1,45.185,0.0,99.0,16.943,3.833,-0.74,3.428,4.164,,1314
2020,59680162B44584437839531,Etim Ekpo,Akwa Ibom,South South,4.958,7.564,14158,1,60.753,85.617,0.442,46.368,79.567,53.355,13.066,0,52.432,0.0,74.168,52.621,12.767,-1.51,11.936,13.446,14.903,1807
2021,59680162B44584437839531,Etim Ekpo,Akwa Ibom,South South,4.958,7.564,14158,1,51.338,82.297,1.208,37.955,53.083,90.73,14.489,0,64.48,0.0,69.378,38.132,14.903,1.45,15.7,14.251,15.157,2110
2022,59680162B44584437839531,Etim Ekpo,Akwa Ibom,South South,4.958,7.564,14158,1,56.95,95.095,2.903,56.03,93.605,98.936,1.645,3,65.419,10.914,99.0,18.846,15.157,-2.09,14.007,16.099,19.512,2146
2023,59680162B44584437839531,Etim Ekpo,Akwa Ibom,South South,4.958,7.564,14158,1,50.725,86.415,0.758,64.409,64.91,82.984,9.056,0,43.884,0.0,99.0,29.542,19.512,-0.99,18.966,19.959,13.79,2763
2024,59680162B44584437839531,Etim Ekpo,Akwa Ibom,South South,4.958,7.564,14158,1,65.063,90.144,1.062,42.553,67.536,85.914,10.14,0,57.575,0.0,86.934,26.471,13.79,0.27,13.939,13.667,15.913,1952
2025,59680162B44584437839531,Etim Ekpo,Akwa Ibom,South South,4.958,7.564,14158,1,48.625,99.0,0.554,29.513,80.911,77.494,8.662,0,64.469,0.0,80.784,30.161,15.913,-2.61,14.478,17.087,,2253
2020,59680162B44599338364171,Karaye,Kano,North West,11.759,7.979,29432,1,78.593,54.028,4.276,76.389,41.704,36.848,27.34,0,56.694,31.256,48.975,8.838,48.034,2.56,49.444,46.881,39.776,14137
2021,59680162B44599338364171,Karaye,Kano,North West,11.759,7.979,29432,1,79.676,57.944,2.804,75.283,31.658,61.982,28.208,1,79.389,17.088,56.779,20.671,39.776,-0.04,39.756,39.792,27.217,11707
2022,59680162B44599338364171,Karaye,Kano,North West,11.759,7.979,29432,1,82.114,45.173,1.048,78.474,56.8,54.82,6.819,2,62.406,20.738,49.532,18.434,27.217,-1.97,26.135,28.102,44.649,8010
2023,59680162B44599338364171,Karaye,Kano,North West,11.759,7.979,29432,1,69.755,43.84,1.117,71.354,20.681,68.8,23.991,1,57.676,28.069,65.548,13.047,44.649,1.2,45.311,44.107,40.298,13141
2024,59680162B44599338364171,Karaye,Kano,North West,11.759,7.979,29432,1,73.765,48.201,4.35,60.775,40.525,63.034,23.796,1,59.634,32.431,46.209,22.605,40.298,0.46,40.551,40.09,47.102,11860
2025,59680162B44599338364171,Karaye,Kano,North West,11.759,7.979,29432,1,75.773,46.56,4.462,61.811,38.616,59.736,39.469,1,63.126,24.758,50.063,46.693,47.102,2.77,48.625,45.855,,13863
2020,59680162B44643250914735,Udenu,Enugu,South East,6.881,7.56,29458,0,76.245,91.715,2.88,37.051,80.69,61.513,10.51,1,38.092,0.0,99.0,26.011,22.203,-1.42,21.424,22.841,6.239,6541
2021,59680162B44643250914735,Udenu,Enugu,South East,6.881,7.56,29458,0,79.97,99.0,0.27,31.765,94.265,74.907,6.216,0,32.726,7.987,97.406,24.448,6.239,-0.05,6.21,6.263,12.898,1838
2022,59680162B44643250914735,Udenu,Enugu,South East,6.881,7.56,29458,0,75.092,93.021,1.29,23.148,91.001,79.593,9.934,1,30.656,0.0,68.641,17.076,12.898,-0.99,12.354,13.342,5.641,3799
2023,59680162B44643250914735,Udenu,Enugu,South East,6.881,7.56,29458,0,67.817,70.623,0.21,38.203,81.109,81.833,7.526,0,40.484,0.0,89.469,48.684,5.641,-0.91,5.143,6.049,15.804,1662
2024,59680162B44643250914735,Udenu,Enugu,South East,6.881,7.56,29458,0,66.565,99.0,0.659,34.006,76.222,79.576,9.96,0,32.54,8.973,78.892,34.707,15.804,-1.61,14.918,16.528,17.066,4655
2025,59680162B44643250914735,Udenu,Enugu,South East,6.881,7.56,29458,0,69.786,81.047,0.2,20.828,62.496,78.515,22.892,0,33.588,5.491,74.496,14.625,17.066,-1.15,16.435,17.583,,5027
2020,59680162B44675208679717,Nasarawa Egon,Nasarawa,North Central,8.724,8.422,5899,0,78.889,72.646,3.186,44.6,30.014,65.22,29.926,0,32.0,0.814,44.458,11.059,28.271,-1.66,27.36,29.016,32.956,1668
2021,59680162B44675208679717,Nasarawa Egon,Nasarawa,North Central,8.724,8.422,5899,0,84.885,73.421,3.377,49.758,38.869,58.608,25.512,1,36.203,7.528,40.736,22.453,32.956,1.24,33.636,32.4,30.712,1944
2022,59680162B44675208679717,Nasarawa Egon,Nasarawa,North Central,8.724,8.422,5899,0,72.992,63.982,3.289,42.037,61.395,71.783,29.78,2,39.137,11.409,55.417,14.396,30.712,0.55,31.017,30.464,32.282,1812
2023,59680162B44675208679717,Nasarawa Egon,Nasarawa,North Central,8.724,8.422,5899,0,73.017,61.012,3.101,43.963,44.681,41.7,17.038,2,44.168,5.02,70.162,18.191,32.282,-1.43,31.497,32.925,30.987,1904
2024,59680162B44675208679717,Nasarawa Egon,Nasarawa,North Central,8.724,8.422,5899,0,67.479,68.338,3.375,52.081,68.451,43.537,24.966,4,36.257,20.408,65.398,30.138,30.987,0.42,31.217,30.798,33.041,1828
2025,59680162B44675208679717,Nasarawa Egon,Nasarawa,North Central,8.724,8.422,5899,0,76.187,59.156,2.68,55.07,34.576,55.631,25.706,2,40.498,9.162,84.596,19.567,33.041,2.08,34.183,32.106,,1949
2020,59680162B44758551949173,Katagum,Bauchi,North East,11.655,10.349,48740,0,91.887,40.211,4.21,63.573,20.531,57.524,25.391,3,73.405,37.826,33.631,21.27,44.06,2.35,45.351,43.004,51.171,21475
2021,59680162B44758551949173,Katagum,Bauchi,North East,11.655,10.349,48740,0,92.933,48.3,3.793,63.266,43.935,23.27,30.742,8,37.766,27.125,50.914,17.582,51.171,3.59,53.147,49.553,40.675,24941
2022,59680162B44758551949173,Katagum,Bauchi,North East,11.655,10.349,48740,0,84.996,49.763,3.737,69.747,52.079,30.948,23.058,2,57.155,26.645,49.407,12.133,40.675,1.56,41.535,39.972,51.487,19825
2023,59680162B44758551949173,Katagum,Bauchi,North East,11.655,10.349,48740,0,99.0,44.559,5.103,54.854,19.693,43.068,21.381,7,56.598,23.717,42.871,21.25,51.487,0.76,51.904,51.146,46.12,25095
2024,59680162B44758551949173,Katagum,Bauchi,North East,11.655,10.349,48740,0,99.0,46.25,3.794,56.955,35.67,18.323,26.809,2,54.469,35.792,38.318,16.645,46.12,0.01,46.126,46.115,40.815,22479
2025,59680162B44758551949173,Katagum,Bauchi,North East,11.655,10.349,48740,0,87.295,62.334,3.929,51.322,33.523,62.886,26.442,7,57.433,19.052,60.143,18.014,40.815,1.84,41.827,39.987,,19893
2020,59680162B44850901768514,Orsu,Imo,South East,5.856,6.989,16549,0,63.226,84.636,0.3,27.78,69.064,87.489,12.739,1,23.619,7.46,99.0,17.368,9.292,-3.0,7.642,10.642,14.051,1538
2021,59680162B44850901768514,Orsu,Imo,South East,5.856,6.989,16549,0,77.91,75.871,0.837,23.252,63.941,77.688,2.113,0,44.481,2.022,87.825,14.764,14.051,-0.75,13.636,14.391,18.481,2325
2022,59680162B44850901768514,Orsu,Imo,South East,5.856,6.989,16549,0,72.283,84.816,0.24,46.645,74.389,90.75,4.549,0,37.647,0.0,94.082,18.122,18.481,-3.0,16.831,19.831,10.996,3058
2023,59680162B44850901768514,Orsu,Imo,South East,5.856,6.989,16549,0,64.517,99.0,2.897,14.0,71.305,50.561,9.741,0,21.237,9.965,93.468,29.453,10.996,-3.0,9.346,12.346,6.725,1820
2024,59680162B44850901768514,Orsu,Imo,South East,5.856,6.989,16549,0,66.027,90.81,0.643,14.0,67.18,69.858,12.772,1,24.108,0.0,81.019,26.381,6.725,0.48,6.99,6.508,14.898,1113
2025,59680162B44850901768514,Orsu,Imo,South East,5.856,6.989,16549,0,65.734,93.074,3.004,24.739,80.763,75.241,3.925,1,34.061,0.0,99.0,10.818,14.898,-0.01,14.895,14.901,,2466
2020,59680162B45171834970391,Olamaboro,Kogi,North Central,7.178,7.491,12020,1,66.783,62.199,3.375,45.391,50.654,89.874,22.814,1,36.695,1.704,56.529,17.738,30.452,0.99,30.998,30.006,30.709,3660
2021,59680162B45171834970391,Olamaboro,Kogi,North Central,7.178,7.491,12020,1,61.55,87.994,4.665,46.163,55.37,83.714,9.106,4,58.111,0.0,53.052,18.031,30.709,-2.27,29.461,31.73,15.966,3691
2022,59680162B45171834970391,Olamaboro,Kogi,North Central,7.178,7.491,12020,1,68.935,63.372,2.655,45.488,35.05,99.0,14.395,3,51.466,0.729,72.101,21.15,15.966,0.0,15.966,15.966,23.949,1919
2023,59680162B45171834970391,Olamaboro,Kogi,North Central,7.178,7.491,12020,1,67.091,59.714,2.298,46.313,60.584,97.925,22.4,2,49.02,0.0,57.164,34.066,23.949,-0.2,23.84,24.038,19.351,2879
2024,59680162B45171834970391,Olamaboro,Kogi,North Central,7.178,7.491,12020,1,67.25,72.934,2.199,41.959,46.692,82.735,9.014,1,32.034,0.0,67.602,27.364,19.351,-0.24,19.218,19.459,13.64,2326
2025,59680162B45171834970391,Olamaboro,Kogi,North Central,7.178,7.491,12020,1,65.698,90.619,2.961,43.065,76.732,75.659,1.492,0,55.718,5.89,66.572,23.087,13.64,-3.0,11.99,14.99,,1639
2020,59680162B45442733436767,Aleiro,Kebbi,North West,12.318,4.448,42881,0,85.862,27.664,3.292,65.521,9.9,28.017,39.354,0,50.102,20.149,39.596,16.651,46.14,1.82,47.144,45.319,47.595,19785
2021,59680162B45442733436767,Aleiro,Kebbi,North West,12.318,4.448,42881,0,89.914,42.468,3.609,67.397,37.218,54.178,42.796,0,55.321,32.382,6.0,15.359,47.595,2.06,48.73,46.666,49.048,20409
2022,59680162B45442733436767,Aleiro,Kebbi,North West,12.318,4.448,42881,0,94.473,37.224,3.972,61.326,27.684,6.8,31.288,2,69.582,25.399,57.879,23.575,49.048,1.16,49.684,48.528,44.905,21032
2023,59680162B45442733436767,Aleiro,Kebbi,North West,12.318,4.448,42881,0,93.244,53.514,5.177,64.846,46.476,51.077,31.042,0,48.052,32.259,43.657,12.565,44.905,1.8,45.897,44.094,42.01,19256
2024,59680162B45442733436767,Aleiro,Kebbi,North West,12.318,4.448,42881,0,81.914,23.915,4.132,55.757,35.003,80.083,12.842,0,59.133,38.577,63.307,16.185,42.01,3.83,44.115,40.288,44.686,18014
2025,59680162B45442733436767,Aleiro,Kebbi,North West,12.318,4.448,42881,0,90.841,42.172,2.42,67.252,30.827,41.115,16.319,2,68.127,27.354,48.362,29.729,44.686,4.77,47.311,42.538,,19162
2020,59680162B45761287530482,Demsa,Adamawa,North East,9.413,12.106,100660,0,84.388,31.091,3.514,62.383,33.44,18.615,28.659,7,73.305,25.447,42.954,26.879,43.042,3.27,44.843,41.568,53.448,43326
2021,59680162B45761287530482,Demsa,Adamawa,North East,9.413,12.106,100660,0,92.192,29.107,4.189,58.027,19.808,37.465,23.161,4,68.108,33.831,49.024,18.526,53.448,2.9,55.042,52.143,48.255,53800
2022,59680162B45761287530482,Demsa,Adamawa,North East,9.413,12.106,100660,0,91.274,42.007,5.944,53.092,39.43,36.538,34.048,4,69.797,24.754,63.571,29.095,48.255,-1.81,47.257,49.071,44.163,48573
2023,59680162B45761287530482,Demsa,Adamawa,North East,9.413,12.106,100660,0,90.764,54.719,3.215,46.207,27.515,40.182,36.275,5,63.856,11.665,75.882,16.94,44.163,4.04,46.387,42.342,35.266,44454
2024,59680162B45761287530482,Demsa,Adamawa,North East,9.413,12.106,100660,0,91.938,37.787,4.185,58.551,31.118,69.106,16.411,3,65.346,34.548,65.002,10.176,35.266,0.11,35.325,35.217,50.233,35498
2025,59680162B45761287530482,Demsa,Adamawa,North East,9.413,12.106,100660,0,75.905,30.874,4.184,52.436,22.283,40.296,21.603,5,62.638,23.04,66.299,20.407,50.233,2.28,51.485,49.209,,50565
2020,59680162B45761990386675,Mashegu,Niger,North Central,9.836,5.253,74057,1,70.839,81.61,2.732,52.79,57.095,73.576,15.572,4,48.031,4.13,74.812,11.185,19.267,-0.28,19.113,19.393,12.163,14268
2021,59680162B45761990386675,Mashegu,Niger,North Central,9.836,5.253,74057,1,65.96,60.378,0.687,46.418,41.769,92.705,13.794,1,50.976,7.308,67.951,26.953,12.163,0.25,12.3,12.05,29.342,9007
2022,59680162B45761990386675,Mashegu,Niger,North Central,9.836,5.253,74057,1,66.727,70.814,2.567,54.54,75.767,71.99,16.147,1,58.766,5.304,63.641,9.645,29.342,-2.57,27.929,30.498,4.497,21730
2023,59680162B45761990386675,Mashegu,Niger,North Central,9.836,5.253,74057,1,59.605,84.304,0.395,30.202,74.954,87.89,15.238,2,31.367,11.508,75.099,38.888,4.497,-0.86,4.022,4.886,17.303,3330
2024,59680162B45761990386675,Mashegu,Niger,North Central,9.836,5.253,74057,1,55.866,72.208,1.966,44.548,53.867,80.15,12.848,1,39.451,0.0,81.531,26.005,17.303,3.5,19.225,15.73,17.017,12814
2025,59680162B45761990386675,Mashegu,Niger,North Central,9.836,5.253,74057,1,50.138,75.839,1.392,37.577,58.792,66.779,10.787,6,38.872,11.031,89.803,30.756,17.017,1.52,17.854,16.332,,12602
2020,59680162B46130456424051,Potiskum,Yobe,North East,11.685,11.143,42336,0,83.942,29.328,4.877,47.669,28.406,35.925,40.711,7,61.881,21.778,46.815,22.304,60.946,3.85,63.065,59.213,51.916,25802
2021,59680162B46130456424051,Potiskum,Yobe,North East,11.685,11.143,42336,0,87.683,40.35,3.581,57.445,12.375,24.048,17.814,4,74.779,42.714,63.385,12.517,51.916,3.51,53.847,50.335,50.696,21979
2022,59680162B46130456424051,Potiskum,Yobe,North East,11.685,11.143,42336,0,90.199,34.336,5.412,70.529,35.464,36.857,42.178,4,82.647,24.97,66.454,15.065,50.696,2.37,51.998,49.631,50.315,21463
2023,59680162B46130456424051,Potiskum,Yobe,North East,11.685,11.143,42336,0,89.559,50.267,2.549,55.641,16.682,41.396,28.236,4,73.437,34.494,37.392,11.117,50.315,1.56,51.172,49.614,44.422,21301
2024,59680162B46130456424051,Potiskum,Yobe,North East,11.685,11.143,42336,0,84.892,39.796,4.959,56.087,31.044,52.399,29.99,6,56.961,15.754,44.07,45.008,44.422,3.56,46.382,42.819,55.211,18807
2025,59680162B46130456424051,Potiskum,Yobe,North East,11.685,11.143,42336,0,87.612,43.101,2.98,60.826,27.509,49.896,24.391,5,78.521,25.645,54.816,18.449,55.211,1.09,55.809,54.722,,23374
2020,59680162B46174350236230,Warri South-West,Delta,South South,5.507,5.348,34795,0,74.347,69.905,1.331,41.549,68.625,73.339,24.695,1,61.58,8.378,66.798,17.967,21.393,0.39,21.605,21.22,22.399,7444
2021,59680162B46174350236230,Warri South-West,Delta,South South,5.507,5.348,34795,0,62.854,64.793,1.985,47.611,48.262,70.038,10.753,1,57.654,5.702,68.559,40.19,22.399,-1.48,21.586,23.064,36.877,7794
2022,59680162B46174350236230,Warri South-West,Delta,South South,5.507,5.348,34795,0,79.532,84.287,5.418,50.276,42.384,75.206,7.768,1,66.13,9.031,86.177,13.047,36.877,1.38,37.637,36.256,10.107,12832
2023,59680162B46174350236230,Warri South-West,Delta,South South,5.507,5.348,34795,0,64.778,82.738,0.721,38.306,70.751,79.232,5.689,0,52.958,0.0,91.96,30.291,10.107,-1.79,9.12,10.914,15.175,3517
2024,59680162B46174350236230,Warri South-West,Delta,South South,5.507,5.348,34795,0,70.805,74.357,0.248,53.847,52.008,84.339,13.136,0,51.726,0.528,83.706,32.933,15.175,-0.37,14.972,15.342,16.682,5280
2025,59680162B46174350236230,Warri South-West,Delta,South South,5.507,5.348,34795,0,61.193,78.677,0.715,24.934,53.971,63.124,13.434,1,47.016,0.0,68.724,35.894,16.682,-0.21,16.567,16.777,,5805
2020,59680162B46179290363212,Umu-Nneochi,Abia,South East,5.959,7.392,49222,1,51.655,82.247,0.2,30.217,74.05,99.0,7.113,1,22.131,0.0,89.205,30.374,3.597,1.23,4.271,3.045,0.8,1770
2021,59680162B46179290363212,Umu-Nneochi,Abia,South East,5.959,7.392,49222,1,49.648,99.0,0.2,33.268,89.152,99.0,0.5,0,37.834,2.502,99.0,11.142,0.8,-2.61,0.5,1.977,6.334,394
2022,59680162B46179290363212,Umu-Nneochi,Abia,South East,5.959,7.392,49222,1,70.062,99.0,0.2,43.747,83.899,96.368,8.374,0,42.196,0.0,99.0,20.813,6.334,-2.1,5.176,7.281,0.8,3118
2023,59680162B46179290363212,Umu-Nneochi,Abia,South East,5.959,7.392,49222,1,60.474,88.745,0.2,33.116,70.427,90.017,1.64,1,22.665,0.0,97.723,51.316,0.8,-0.26,0.657,0.917,0.8,394
2024,59680162B46179290363212,Umu-Nneochi,Abia,South East,5.959,7.392,49222,1,42.525,96.649,0.551,18.028,99.0,99.0,5.086,0,34.946,2.157,99.0,28.302,0.8,-1.6,0.5,1.519,8.19,394
2025,59680162B46179290363212,Umu-Nneochi,Abia,South East,5.959,7.392,49222,1,49.898,99.0,1.175,36.765,73.199,74.784,3.328,0,52.076,0.0,99.0,33.56,8.19,-0.22,8.072,8.288,,4032
2020,59680162B46182656305392,Kanke,Plateau,North Central,9.365,9.654,59706,1,67.328,52.665,2.082,48.236,49.202,54.039,15.137,0,38.847,9.366,69.202,13.427,30.554,0.5,30.828,30.33,28.376,18243
2021,59680162B46182656305392,Kanke,Plateau,North Central,9.365,9.654,59706,1,66.937,71.204,3.581,50.94,44.198,59.793,11.82,7,39.352,3.423,77.465,20.443,28.376,-0.48,28.11,28.593,18.312,16942
2022,59680162B46182656305392,Kanke,Plateau,North Central,9.365,9.654,59706,1,62.208,79.276,1.371,49.883,67.921,66.693,12.273,2,24.95,0.0,71.064,30.129,18.312,-1.03,17.747,18.774,26.395,10933
2023,59680162B46182656305392,Kanke,Plateau,North Central,9.365,9.654,59706,1,69.566,81.936,2.182,58.907,55.256,82.078,12.23,1,25.916,18.044,76.042,16.124,26.395,-0.4,26.176,26.574,16.821,15759
2024,59680162B46182656305392,Kanke,Plateau,North Central,9.365,9.654,59706,1,58.835,56.455,1.123,22.291,44.413,93.104,16.596,1,34.87,25.808,78.8,32.651,16.821,-0.2,16.709,16.913,12.424,10043
2025,59680162B46182656305392,Kanke,Plateau,North Central,9.365,9.654,59706,1,49.246,70.01,0.2,38.064,63.775,73.038,18.01,2,53.605,5.954,74.366,29.847,12.424,1.33,13.154,11.827,,7418
2020,59680162B46226733150895,Oju,Benue,North Central,6.874,8.323,34454,0,73.905,59.2,4.075,32.309,54.453,41.281,16.754,3,56.495,11.515,41.562,16.598,31.453,-0.97,30.919,31.89,27.413,10837
2021,59680162B46226733150895,Oju,Benue,North Central,6.874,8.323,34454,0,82.223,64.593,4.87,51.604,64.881,70.45,19.078,1,41.76,2.641,64.965,22.385,27.413,-1.38,26.654,28.034,29.128,9445
2022,59680162B46226733150895,Oju,Benue,North Central,6.874,8.323,34454,0,81.008,56.882,4.292,52.513,53.77,63.182,16.566,2,42.64,0.0,54.38,13.576,29.128,2.5,30.501,28.005,16.181,10036
2023,59680162B46226733150895,Oju,Benue,North Central,6.874,8.323,34454,0,71.157,69.508,2.875,37.511,99.0,59.916,15.632,2,37.131,15.348,93.752,7.632,16.181,-1.52,15.344,16.866,36.725,5575
2024,59680162B46226733150895,Oju,Benue,North Central,6.874,8.323,34454,0,74.938,84.777,3.085,36.801,39.049,49.662,19.263,2,39.564,16.053,86.765,18.564,36.725,-1.31,36.004,37.314,23.547,12653
2025,59680162B46226733150895,Oju,Benue,North Central,6.874,8.323,34454,0,72.365,62.287,4.159,34.192,55.752,60.254,18.002,3,54.272,0.0,75.946,37.117,23.547,0.75,23.958,23.211,,8113
2020,59680162B46296414727789,Ifako/Ijaye,Lagos,South West,6.666,3.313,36572,1,64.814,93.784,0.2,49.679,67.708,86.727,5.16,0,42.14,0.0,99.0,25.642,11.699,-1.34,10.965,12.3,7.168,4279
2021,59680162B46296414727789,Ifako/Ijaye,Lagos,South West,6.666,3.313,36572,1,41.968,99.0,1.787,37.925,95.939,99.0,6.734,0,56.959,0.0,96.479,56.221,7.168,-2.51,5.79,8.296,8.646,2622
2022,59680162B46296414727789,Ifako/Ijaye,Lagos,South West,6.666,3.313,36572,1,62.005,99.0,1.319,44.407,82.605,99.0,9.827,0,35.697,4.287,96.235,12.879,8.646,0.52,8.93,8.413,6.447,3162
2023,59680162B46296414727789,Ifako/Ijaye,Lagos,South West,6.666,3.313,36572,1,56.156,99.0,2.316,53.833,83.379,99.0,4.148,0,36.216,0.45,86.174,25.075,6.447,-3.0,4.797,7.797,0.8,2358
2024,59680162B46296414727789,Ifako/Ijaye,Lagos,South West,6.666,3.313,36572,1,64.727,95.579,0.2,27.106,88.955,96.806,6.653,1,44.254,4.369,99.0,16.457,0.8,-2.9,0.5,2.107,9.665,293
2025,59680162B46296414727789,Ifako/Ijaye,Lagos,South West,6.666,3.313,36572,1,59.128,96.292,1.398,32.839,94.236,86.997,9.616,1,45.435,0.0,99.0,24.846,9.665,-1.21,9.001,10.209,,3535
2020,59680162B46313771844948,Toungo,Adamawa,North East,7.933,11.789,63247,0,94.903,44.469,1.196,54.947,25.181,27.636,26.774,5,63.498,19.407,47.801,13.585,47.091,2.55,48.493,45.944,43.457,29783
2021,59680162B46313771844948,Toungo,Adamawa,North East,7.933,11.789,63247,0,87.421,31.863,5.49,45.277,38.402,48.882,27.999,3,79.868,23.809,66.226,14.382,43.457,1.17,44.103,42.928,58.332,27485
2022,59680162B46313771844948,Toungo,Adamawa,North East,7.933,11.789,63247,0,92.215,39.949,4.838,69.231,48.549,74.004,34.784,3,64.699,23.619,33.737,15.353,58.332,-0.43,58.094,58.526,41.004,36893
2023,59680162B46313771844948,Toungo,Adamawa,North East,7.933,11.789,63247,0,90.274,43.755,4.517,48.36,25.196,42.158,19.805,3,45.694,28.901,62.858,28.612,41.004,1.42,41.785,40.366,41.103,25934
2024,59680162B46313771844948,Toungo,Adamawa,North East,7.933,11.789,63247,0,72.439,35.327,4.736,43.322,19.974,58.86,27.217,4,61.963,11.139,35.294,14.052,41.103,0.69,41.48,40.794,55.384,25996
2025,59680162B46313771844948,Toungo,Adamawa,North East,7.933,11.789,63247,0,89.121,23.023,2.041,64.171,27.383,47.382,27.799,2,66.818,14.671,63.132,18.224,55.384,0.11,55.442,55.337,,35029
2020,59680162B46396512293260,Baruten,Kwara,North Central,9.386,3.441,32147,0,85.637,48.687,2.577,53.548,46.148,40.351,21.174,3,36.394,9.88,85.107,16.512,34.037,-0.58,33.717,34.3,36.584,10942
2021,59680162B46396512293260,Baruten,Kwara,North Central,9.386,3.441,32147,0,82.911,58.175,1.857,44.673,52.322,72.595,28.402,4,51.531,19.908,58.67,21.453,36.584,1.85,37.599,35.754,35.392,11761
2022,59680162B46396512293260,Baruten,Kwara,North Central,9.386,3.441,32147,0,69.31,67.174,3.755,29.258,27.971,81.814,14.081,3,51.074,16.022,72.043,16.879,35.392,-0.3,35.228,35.526,26.339,11377
2023,59680162B46396512293260,Baruten,Kwara,North Central,9.386,3.441,32147,0,77.204,69.11,1.997,69.927,71.949,52.285,17.795,1,56.207,2.577,57.689,30.401,26.339,1.06,26.923,25.861,25.871,8467
2024,59680162B46396512293260,Baruten,Kwara,North Central,9.386,3.441,32147,0,77.449,64.725,2.528,34.057,50.108,46.621,16.846,2,42.181,6.374,68.189,36.614,25.871,1.81,26.865,25.058,37.171,8317
2025,59680162B46396512293260,Baruten,Kwara,North Central,9.386,3.441,32147,0,66.763,72.134,3.472,47.087,58.951,72.735,26.774,4,53.068,20.788,63.482,32.808,37.171,-0.17,37.079,37.247,,11949
2020,59680162B46455483877403,Bunkure,Kano,North West,11.669,8.548,23686,0,90.637,52.188,4.384,59.365,45.353,23.84,32.096,3,59.927,52.877,34.165,28.863,53.157,1.0,53.705,52.709,56.65,12591
2021,59680162B46455483877403,Bunkure,Kano,North West,11.669,8.548,23686,0,86.871,55.295,4.437,75.091,25.004,30.936,46.929,2,60.596,27.283,63.227,21.809,56.65,0.15,56.731,56.584,45.713,13418
2022,59680162B46455483877403,Bunkure,Kano,North West,11.669,8.548,23686,0,92.623,34.141,3.85,63.602,46.73,32.264,31.893,3,74.752,43.679,51.572,15.751,45.713,2.1,46.869,44.767,45.571,10828
2023,59680162B46455483877403,Bunkure,Kano,North West,11.669,8.548,23686,0,93.224,46.529,3.138,54.316,22.48,48.052,34.952,0,56.084,24.248,52.853,30.316,45.571,-0.58,45.252,45.833,50.287,10794
2024,59680162B46455483877403,Bunkure,Kano,North West,11.669,8.548,23686,0,98.996,38.685,3.7,58.944,37.438,46.977,32.469,0,71.119,37.804,41.772,39.702,50.287,2.84,51.849,49.01,45.834,11911
2025,59680162B46455483877403,Bunkure,Kano,North West,11.669,8.548,23686,0,91.459,34.784,5.142,69.091,30.744,48.729,32.975,2,48.716,26.339,41.018,21.08,45.834,1.14,46.461,45.322,,10856
2020,59680162B46550202368720,Obubra,Cross River,South South,6.002,8.383,30158,1,58.472,93.017,0.2,51.582,62.37,73.927,0.5,1,50.708,0.0,92.816,15.251,11.192,0.09,11.244,11.15,16.488,3375
2021,59680162B46550202368720,Obubra,Cross River,South South,6.002,8.383,30158,1,57.066,95.154,0.871,42.878,65.601,92.937,11.996,1,51.839,14.03,89.089,14.342,16.488,-0.41,16.263,16.672,5.92,4972
2022,59680162B46550202368720,Obubra,Cross River,South South,6.002,8.383,30158,1,58.114,76.824,0.2,45.307,90.912,64.454,0.5,0,64.801,0.0,54.492,45.913,5.92,-0.13,5.846,5.98,12.323,1785
2023,59680162B46550202368720,Obubra,Cross River,South South,6.002,8.383,30158,1,63.488,99.0,0.886,55.141,78.457,62.651,4.555,0,55.506,0.0,99.0,28.655,12.323,0.01,12.331,12.318,26.374,3717
2024,59680162B46550202368720,Obubra,Cross River,South South,6.002,8.383,30158,1,56.148,85.87,2.682,39.001,58.503,79.719,20.253,0,43.196,8.913,61.415,16.023,26.374,-0.77,25.951,26.721,8.707,7954
2025,59680162B46550202368720,Obubra,Cross River,South South,6.002,8.383,30158,1,50.081,99.0,0.2,45.302,71.525,99.0,13.192,0,61.311,0.0,98.484,28.542,8.707,-2.05,7.582,9.628,,2626
2020,59680162B46553103488347,Rimin Gado,Kano,North West,11.925,8.332,57923,0,89.673,45.842,4.65,52.73,42.39,39.009,14.002,1,53.273,41.349,44.103,10.745,47.503,1.12,48.12,46.998,51.897,27515
2021,59680162B46553103488347,Rimin Gado,Kano,North West,11.925,8.332,57923,0,86.214,28.125,2.91,54.374,6.312,31.725,19.191,3,57.408,55.73,34.596,28.975,51.897,0.53,52.189,51.659,54.734,30061
2022,59680162B46553103488347,Rimin Gado,Kano,North West,11.925,8.332,57923,0,95.556,27.817,5.304,55.725,26.593,50.278,30.704,0,57.243,30.106,59.704,20.183,54.734,2.43,56.071,53.64,49.922,31704
2023,59680162B46553103488347,Rimin Gado,Kano,North West,11.925,8.332,57923,0,91.35,45.35,3.298,67.129,45.393,28.141,37.354,1,80.232,23.935,43.219,14.412,49.922,1.93,50.984,49.053,45.664,28916
2024,59680162B46553103488347,Rimin Gado,Kano,North West,11.925,8.332,57923,0,98.996,37.819,2.17,55.397,66.773,47.119,42.504,3,55.556,37.505,21.851,20.383,45.664,-1.71,44.724,46.433,46.567,26450
2025,59680162B46553103488347,Rimin Gado,Kano,North West,11.925,8.332,57923,0,98.446,24.692,3.786,49.722,44.564,48.524,23.798,0,64.574,32.284,28.059,27.072,46.567,2.33,47.85,45.518,,26973
2020,59680162B4656907626813,Ezeagu,Enugu,South East,6.41,7.243,6703,0,66.892,79.749,2.992,26.662,96.125,78.668,8.038,0,33.438,0.0,75.318,17.569,15.499,-1.68,14.575,16.255,20.163,1039
2021,59680162B4656907626813,Ezeagu,Enugu,South East,6.41,7.243,6703,0,72.057,90.096,0.27,29.312,51.367,57.148,12.424,1,44.339,12.908,90.114,25.319,20.163,-1.59,19.291,20.877,1.108,1352
2022,59680162B4656907626813,Ezeagu,Enugu,South East,6.41,7.243,6703,0,57.378,87.326,3.384,21.599,82.799,62.659,4.714,2,40.462,2.989,93.603,26.436,1.108,-0.26,0.965,1.225,11.846,74
2023,59680162B4656907626813,Ezeagu,Enugu,South East,6.41,7.243,6703,0,58.656,73.629,1.721,30.318,89.034,99.0,0.5,1,37.158,0.0,81.461,23.302,11.846,-2.24,10.617,12.852,10.002,794
2024,59680162B4656907626813,Ezeagu,Enugu,South East,6.41,7.243,6703,0,74.864,99.0,1.779,22.167,78.543,86.896,5.633,0,28.265,4.976,66.124,33.012,10.002,0.25,10.138,9.891,5.671,670
2025,59680162B4656907626813,Ezeagu,Enugu,South East,6.41,7.243,6703,0,61.777,99.0,0.2,35.986,80.707,67.225,8.925,0,37.018,0.0,68.711,28.626,5.671,-0.65,5.314,5.963,,380
2020,59680162B46612932493253,Albasu,Kano,North West,11.646,9.04,55275,0,99.0,41.665,3.368,61.76,28.201,37.47,35.681,0,54.22,37.956,66.952,11.007,48.109,0.73,48.511,47.78,49.837,26592
2021,59680162B46612932493253,Albasu,Kano,North West,11.646,9.04,55275,0,98.869,48.815,5.562,61.811,50.049,39.404,31.288,3,63.58,40.661,35.225,10.567,49.837,1.3,50.55,49.253,58.441,27547
2022,59680162B46612932493253,Albasu,Kano,North West,11.646,9.04,55275,0,94.677,31.074,3.45,73.179,26.15,52.155,38.291,1,77.535,30.031,42.813,20.253,58.441,1.61,59.329,57.715,52.159,32303
2023,59680162B46612932493253,Albasu,Kano,North West,11.646,9.04,55275,0,94.346,30.226,4.537,66.234,22.429,31.062,27.014,2,40.666,38.446,40.653,16.657,52.159,1.48,52.976,51.492,54.933,28831
2024,59680162B46612932493253,Albasu,Kano,North West,11.646,9.04,55275,0,98.996,37.509,3.616,58.875,35.61,65.537,24.812,1,53.02,44.651,46.963,18.914,54.933,3.09,56.631,53.543,48.019,30364
2025,59680162B46612932493253,Albasu,Kano,North West,11.646,9.04,55275,0,93.255,34.463,3.833,53.935,51.757,30.345,45.05,0,52.923,25.735,67.419,18.1,48.019,-1.04,47.445,48.488,,26542
2020,59680162B46774046834533,Ekiti South-West,Ekiti,South West,7.528,5.039,17738,1,62.187,85.557,0.876,46.901,91.696,69.146,0.5,1,30.828,0.0,99.0,57.991,11.461,0.31,11.632,11.322,10.51,2033
2021,59680162B46774046834533,Ekiti South-West,Ekiti,South West,7.528,5.039,17738,1,48.817,85.65,1.93,33.85,68.952,69.761,0.5,2,46.835,2.866,89.788,16.891,10.51,0.1,10.562,10.467,8.255,1864
2022,59680162B46774046834533,Ekiti South-West,Ekiti,South West,7.528,5.039,17738,1,47.907,92.215,0.969,35.141,70.937,99.0,0.5,0,37.315,0.0,88.658,39.2,8.255,-3.0,6.605,9.605,4.607,1464
2023,59680162B46774046834533,Ekiti South-West,Ekiti,South West,7.528,5.039,17738,1,66.725,83.702,1.093,44.617,74.043,99.0,4.755,1,40.982,0.0,88.437,34.775,4.607,-1.83,3.599,5.432,10.044,817
2024,59680162B46774046834533,Ekiti South-West,Ekiti,South West,7.528,5.039,17738,1,52.647,98.123,0.2,35.447,61.99,99.0,10.663,0,37.26,3.947,88.426,20.362,10.044,-3.0,8.394,11.394,0.8,1782
2025,59680162B46774046834533,Ekiti South-West,Ekiti,South West,7.528,5.039,17738,1,58.41,98.349,0.2,30.334,88.696,95.273,0.5,0,34.069,0.0,89.31,22.57,0.8,0.68,1.174,0.494,,142
2020,59680162B46802984315739,Opobo/Nkoro,Rivers,South South,4.531,7.494,79625,0,70.485,62.425,2.642,30.411,61.509,65.4,12.092,0,46.502,0.0,53.689,33.958,20.781,0.0,20.784,20.779,23.83,16547
2021,59680162B46802984315739,Opobo/Nkoro,Rivers,South South,4.531,7.494,79625,0,66.591,80.207,2.359,36.862,74.92,74.63,10.925,2,68.995,0.0,77.856,12.0,23.83,1.37,24.585,23.212,22.582,18975
2022,59680162B46802984315739,Opobo/Nkoro,Rivers,South South,4.531,7.494,79625,0,75.928,89.084,1.152,24.057,73.357,78.366,22.202,0,58.313,5.051,86.166,24.283,22.582,-1.77,21.607,23.38,10.018,17981
2023,59680162B46802984315739,Opobo/Nkoro,Rivers,South South,4.531,7.494,79625,0,61.604,79.408,2.307,18.472,61.019,74.834,6.768,0,77.067,0.0,67.965,17.744,10.018,3.48,11.93,8.453,16.847,7977
2024,59680162B46802984315739,Opobo/Nkoro,Rivers,South South,4.531,7.494,79625,0,66.542,95.81,2.626,15.882,77.953,72.663,8.231,0,38.338,0.0,61.872,15.319,16.847,-2.47,15.491,17.957,23.427,13415
2025,59680162B46802984315739,Opobo/Nkoro,Rivers,South South,4.531,7.494,79625,0,75.674,94.291,2.981,44.387,78.818,58.513,4.811,0,60.129,2.337,74.687,35.032,23.427,0.54,23.722,23.186,,18654
2020,59680162B46902450612836,Tofa,Kano,North West,12.025,8.342,58697,1,75.734,63.908,2.598,59.058,67.34,49.026,22.282,2,54.914,40.434,38.913,13.546,35.554,0.38,35.765,35.382,51.136,20869
2021,59680162B46902450612836,Tofa,Kano,North West,12.025,8.342,58697,1,75.119,43.741,2.534,67.725,34.746,58.507,35.827,1,59.881,33.012,58.56,16.655,51.136,-0.6,50.807,51.405,45.549,30015
2022,59680162B46902450612836,Tofa,Kano,North West,12.025,8.342,58697,1,91.096,50.447,2.664,76.13,46.552,60.674,25.005,0,60.968,9.393,53.479,32.095,45.549,-1.54,44.705,46.24,46.683,26736
2023,59680162B46902450612836,Tofa,Kano,North West,12.025,8.342,58697,1,90.546,57.663,4.915,82.423,61.767,67.04,19.085,0,56.173,16.786,37.387,19.683,46.683,-0.23,46.559,46.785,45.537,27402
2024,59680162B46902450612836,Tofa,Kano,North West,12.025,8.342,58697,1,86.173,50.288,5.044,58.857,22.527,51.038,15.805,2,62.951,36.889,71.007,14.6,45.537,1.11,46.148,45.036,38.082,26729
2025,59680162B46902450612836,Tofa,Kano,North West,12.025,8.342,58697,1,80.811,56.79,2.198,72.23,32.019,42.034,23.515,0,68.654,39.154,70.599,57.558,38.082,2.69,39.56,36.874,,22353
2020,59680162B46910461063287,Ukwa West,Abia,South East,4.972,7.262,24465,1,55.267,91.802,0.2,41.702,71.695,90.987,1.269,1,41.024,0.0,92.312,34.493,11.712,-0.85,11.243,12.096,11.171,2865
2021,59680162B46910461063287,Ukwa West,Abia,South East,4.972,7.262,24465,1,58.767,84.605,2.896,37.412,91.346,94.909,0.5,1,42.393,17.49,99.0,21.145,11.171,-1.78,10.194,11.97,4.684,2733
2022,59680162B46910461063287,Ukwa West,Abia,South East,4.972,7.262,24465,1,60.764,93.326,1.242,27.737,85.272,87.335,4.091,0,31.362,0.0,81.281,21.964,4.684,-2.43,3.35,5.776,8.529,1146
2023,59680162B46910461063287,Ukwa West,Abia,South East,4.972,7.262,24465,1,53.487,83.043,0.769,40.955,99.0,99.0,6.858,1,43.396,0.0,88.437,16.078,8.529,-1.12,7.914,9.032,3.795,2087
2024,59680162B46910461063287,Ukwa West,Abia,South East,4.972,7.262,24465,1,58.243,98.024,3.963,32.888,94.236,96.706,0.5,0,17.799,0.0,90.833,17.844,3.795,-3.0,2.145,5.145,9.413,928
2025,59680162B46910461063287,Ukwa West,Abia,South East,4.972,7.262,24465,1,56.611,96.924,0.2,30.692,71.376,99.0,0.5,1,56.543,0.0,99.0,25.661,9.413,-1.07,8.824,9.895,,2303
2020,59680162B46976557303871,Bunza,Kebbi,North West,12.21,3.963,11487,0,86.945,48.414,4.246,62.3,20.406,32.34,23.359,0,59.939,36.394,35.101,14.678,46.254,1.03,46.82,45.792,52.892,5313
2021,59680162B46976557303871,Bunza,Kebbi,North West,12.21,3.963,11487,0,83.707,32.714,4.716,64.735,37.597,13.796,38.871,2,48.52,42.212,51.543,12.467,52.892,1.09,53.494,52.4,51.167,6076
2022,59680162B46976557303871,Bunza,Kebbi,North West,12.21,3.963,11487,0,88.967,41.042,4.054,50.656,31.473,26.593,31.158,1,64.917,43.701,47.646,10.975,51.167,2.79,52.701,49.913,51.682,5878
2023,59680162B46976557303871,Bunza,Kebbi,North West,12.21,3.963,11487,0,79.652,30.694,4.021,75.465,53.665,41.041,35.278,2,66.677,43.463,36.659,16.393,51.682,-0.35,51.487,51.841,50.796,5937
2024,59680162B46976557303871,Bunza,Kebbi,North West,12.21,3.963,11487,0,92.349,39.985,4.935,63.429,25.212,51.789,38.42,1,37.341,26.86,61.165,25.225,50.796,2.36,52.092,49.736,48.23,5835
2025,59680162B46976557303871,Bunza,Kebbi,North West,12.21,3.963,11487,0,79.716,39.119,2.63,64.831,7.697,58.715,33.162,2,64.427,19.16,61.77,18.18,48.23,1.06,48.813,47.753,,5540
2020,59680162B47044873054392,Guma,Benue,North Central,7.868,8.668,14681,0,72.587,62.119,3.005,28.462,24.302,71.432,27.085,4,53.74,17.975,63.03,11.28,27.953,1.48,28.768,27.286,37.468,4104
2021,59680162B47044873054392,Guma,Benue,North Central,7.868,8.668,14681,0,72.621,57.187,3.038,49.861,33.181,61.053,23.797,3,73.781,2.525,79.832,14.906,37.468,-0.0,37.466,37.469,38.219,5501
2022,59680162B47044873054392,Guma,Benue,North Central,7.868,8.668,14681,0,73.539,43.543,4.109,52.127,45.02,49.361,12.012,1,56.24,0.0,52.38,9.603,38.219,-0.39,38.006,38.392,24.592,5611
2023,59680162B47044873054392,Guma,Benue,North Central,7.868,8.668,14681,0,61.092,59.924,0.716,35.981,52.138,72.105,26.908,1,29.874,17.866,50.24,14.325,24.592,-0.98,24.056,25.031,25.631,3610
2024,59680162B47044873054392,Guma,Benue,North Central,7.868,8.668,14681,0,80.809,67.848,3.997,40.18,40.252,58.428,11.311,0,32.033,1.068,63.545,45.185,25.631,-1.42,24.85,26.27,30.097,3763
2025,59680162B47044873054392,Guma,Benue,North Central,7.868,8.668,14681,0,66.302,66.067,4.132,38.211,73.025,95.017,22.799,2,49.491,2.394,46.959,22.073,30.097,-0.4,29.876,30.277,,4419
2020,59680162B47068494760958,Yagba East,Kogi,North Central,8.136,5.723,100461,0,71.606,57.039,2.91,40.525,51.534,44.752,15.085,3,61.936,2.04,99.0,23.773,30.617,1.68,31.542,29.86,34.392,30758
2021,59680162B47068494760958,Yagba East,Kogi,North Central,8.136,5.723,100461,0,76.749,47.139,2.658,47.38,41.66,38.793,14.555,1,47.92,10.417,69.937,10.033,34.392,1.21,35.057,33.847,36.656,34550
2022,59680162B47068494760958,Yagba East,Kogi,North Central,8.136,5.723,100461,0,65.125,77.689,2.369,43.192,36.394,82.698,21.084,6,36.916,9.897,66.377,14.641,36.656,1.18,37.303,36.126,26.949,36825
2023,59680162B47068494760958,Yagba East,Kogi,North Central,8.136,5.723,100461,0,71.225,51.625,4.115,37.905,44.079,28.19,9.211,1,26.177,0.0,62.968,33.314,26.949,2.55,28.349,25.804,29.722,27073
2024,59680162B47068494760958,Yagba East,Kogi,North Central,8.136,5.723,100461,0,69.588,56.27,1.037,51.037,44.641,40.179,31.123,2,36.535,14.488,76.827,21.091,29.722,1.33,30.451,29.125,31.125,29859
2025,59680162B47068494760958,Yagba East,Kogi,North Central,8.136,5.723,100461,0,74.564,73.662,3.167,43.56,58.223,63.134,18.287,2,39.778,10.315,72.661,15.685,31.125,0.74,31.534,30.79,,31268
2020,59680162B47259322211203,Ede North,Osun,South West,7.717,4.487,17013,1,53.101,92.54,1.995,45.886,86.546,90.111,11.862,1,44.506,0.0,90.337,26.985,14.413,-1.76,13.447,15.203,5.679,2452
2021,59680162B47259322211203,Ede North,Osun,South West,7.717,4.487,17013,1,57.799,95.113,1.531,39.52,94.018,99.0,9.733,1,37.136,0.0,85.971,48.487,5.679,-1.89,4.641,6.529,6.76,966
2022,59680162B47259322211203,Ede North,Osun,South West,7.717,4.487,17013,1,48.274,80.72,0.526,59.679,66.568,78.648,1.829,1,29.899,0.0,99.0,20.491,6.76,1.94,7.827,5.887,3.411,1150
2023,59680162B47259322211203,Ede North,Osun,South West,7.717,4.487,17013,1,50.675,97.08,0.2,17.95,81.305,84.042,0.5,0,30.375,6.382,99.0,14.457,3.411,-1.45,2.612,4.065,3.79,580
2024,59680162B47259322211203,Ede North,Osun,South West,7.717,4.487,17013,1,54.14,99.0,0.362,23.235,78.609,84.082,0.5,0,31.383,0.0,99.0,45.618,3.79,-2.07,2.653,4.721,6.257,645
2025,59680162B47259322211203,Ede North,Osun,South West,7.717,4.487,17013,1,65.568,99.0,0.61,25.556,84.168,93.689,11.189,0,45.571,0.0,99.0,50.542,6.257,-2.48,4.894,7.373,,1065
2020,59680162B47339407576735,Yamaltu/Deba,Gombe,North East,10.307,11.404,20952,0,83.934,51.107,4.005,61.604,44.214,26.203,21.423,3,64.046,26.825,11.307,30.427,47.402,1.8,48.395,46.59,46.124,9932
2021,59680162B47339407576735,Yamaltu/Deba,Gombe,North East,10.307,11.404,20952,0,89.091,36.748,1.729,61.375,35.067,33.926,25.53,7,77.064,11.529,60.977,9.854,46.124,1.36,46.873,45.511,46.002,9664
2022,59680162B47339407576735,Yamaltu/Deba,Gombe,North East,10.307,11.404,20952,0,87.152,38.685,3.327,57.465,41.34,51.403,23.34,3,69.593,25.535,67.263,16.583,46.002,2.41,47.325,44.919,49.38,9638
2023,59680162B47339407576735,Yamaltu/Deba,Gombe,North East,10.307,11.404,20952,0,83.449,43.558,1.183,57.048,29.05,28.052,30.438,9,58.949,23.22,33.238,28.573,49.38,1.52,50.219,48.694,52.382,10346
2024,59680162B47339407576735,Yamaltu/Deba,Gombe,North East,10.307,11.404,20952,0,88.719,40.527,5.021,48.182,44.832,27.021,24.544,3,61.536,26.515,63.61,24.576,52.382,2.08,53.524,51.449,50.902,10975
2025,59680162B47339407576735,Yamaltu/Deba,Gombe,North East,10.307,11.404,20952,0,94.216,33.948,4.069,47.312,66.201,51.688,26.23,3,62.335,40.998,46.043,10.331,50.902,0.47,51.162,50.69,,10665
2020,59680162B4745386112936,Ikwuano,Abia,South East,5.397,7.568,44130,1,57.651,80.705,0.934,54.137,62.609,74.196,0.5,2,24.976,3.788,99.0,25.757,14.026,-1.93,12.964,14.895,8.48,6190
2021,59680162B4745386112936,Ikwuano,Abia,South East,5.397,7.568,44130,1,44.901,90.454,2.25,26.161,86.516,99.0,10.648,0,42.431,0.084,95.982,18.543,8.48,-2.38,7.171,9.552,13.247,3742
2022,59680162B4745386112936,Ikwuano,Abia,South East,5.397,7.568,44130,1,53.58,99.0,2.223,42.192,99.0,94.565,0.5,0,36.348,17.59,96.965,16.013,13.247,-3.0,11.597,14.597,11.332,5846
2023,59680162B4745386112936,Ikwuano,Abia,South East,5.397,7.568,44130,1,52.751,94.116,1.539,21.196,56.499,65.643,0.5,1,51.612,0.0,99.0,21.611,11.332,-0.43,11.093,11.527,9.17,5001
2024,59680162B4745386112936,Ikwuano,Abia,South East,5.397,7.568,44130,1,37.208,99.0,0.2,61.929,94.263,99.0,14.072,1,42.628,0.765,99.0,26.409,9.17,-2.39,7.855,10.247,10.105,4047
2025,59680162B4745386112936,Ikwuano,Abia,South East,5.397,7.568,44130,1,57.635,85.171,1.651,38.688,81.407,96.583,7.225,1,25.096,3.703,94.288,19.626,10.105,-0.87,9.624,10.499,,4460
2020,59680162B47761767082139,Soba,Kaduna,North West,10.956,8.031,13670,1,73.518,46.891,4.987,52.023,24.868,58.404,24.653,1,56.189,23.167,58.978,18.4,38.167,0.51,38.445,37.939,53.767,5217
2021,59680162B47761767082139,Soba,Kaduna,North West,10.956,8.031,13670,1,86.437,36.176,4.587,75.517,42.19,60.586,39.218,0,61.485,36.651,70.907,17.262,53.767,3.84,55.877,52.041,39.219,7350
2022,59680162B47761767082139,Soba,Kaduna,North West,10.956,8.031,13670,1,84.443,41.184,3.379,69.426,57.683,60.096,28.585,1,72.722,26.494,48.207,20.332,39.219,-2.3,37.956,40.253,47.188,5361
2023,59680162B47761767082139,Soba,Kaduna,North West,10.956,8.031,13670,1,78.204,49.104,3.372,73.253,49.29,41.797,28.186,1,53.07,35.56,52.755,19.516,47.188,-0.79,46.756,47.542,35.257,6451
2024,59680162B47761767082139,Soba,Kaduna,North West,10.956,8.031,13670,1,68.171,50.244,1.26,84.411,39.895,59.216,36.038,1,35.867,25.498,65.875,26.389,35.257,2.7,36.744,34.041,43.028,4820
2025,59680162B47761767082139,Soba,Kaduna,North West,10.956,8.031,13670,1,65.515,37.496,3.143,56.533,30.507,51.046,20.929,3,68.863,29.848,59.873,18.257,43.028,3.27,44.824,41.559,,5882
2020,59680162B47779539071975,Yauri,Kebbi,North West,10.768,4.722,37404,0,87.406,36.654,4.99,58.929,44.4,32.813,28.262,0,33.006,20.909,42.837,9.034,51.396,0.75,51.808,51.059,53.579,19224
2021,59680162B47779539071975,Yauri,Kebbi,North West,10.768,4.722,37404,0,96.361,27.821,6.553,57.628,39.881,40.169,42.509,2,58.141,28.435,52.017,10.237,53.579,2.02,54.69,52.671,52.856,20041
2022,59680162B47779539071975,Yauri,Kebbi,North West,10.768,4.722,37404,0,86.654,37.79,5.383,63.726,31.794,37.103,36.672,1,48.024,41.087,64.062,37.06,52.856,1.9,53.899,52.004,46.855,19770
2023,59680162B47779539071975,Yauri,Kebbi,North West,10.768,4.722,37404,0,80.086,44.068,5.983,61.804,53.379,52.584,28.363,2,76.844,17.726,49.897,18.868,46.855,1.14,47.482,46.343,57.711,17526
2024,59680162B47779539071975,Yauri,Kebbi,North West,10.768,4.722,37404,0,88.723,33.931,5.311,60.305,20.711,47.234,34.063,2,45.486,34.149,41.032,20.234,57.711,1.79,58.697,56.903,44.949,21586
2025,59680162B47779539071975,Yauri,Kebbi,North West,10.768,4.722,37404,0,86.007,18.281,3.856,65.36,70.46,39.058,19.226,0,59.398,33.614,71.229,19.52,44.949,1.54,45.796,44.257,,16813
2020,59680162B47841916602322,Ikeduru,Imo,South East,5.554,7.146,87886,1,59.362,93.14,1.296,45.628,67.377,93.674,9.853,1,38.341,0.0,99.0,10.375,9.172,-0.51,8.891,9.401,7.87,8061
2021,59680162B47841916602322,Ikeduru,Imo,South East,5.554,7.146,87886,1,63.772,87.383,0.2,20.467,75.602,99.0,4.74,0,44.232,0.0,89.689,25.008,7.87,-1.54,7.02,8.565,0.8,6917
2022,59680162B47841916602322,Ikeduru,Imo,South East,5.554,7.146,87886,1,50.353,99.0,0.807,39.612,90.271,79.782,0.5,0,18.697,0.0,99.0,27.898,0.8,-3.0,0.5,2.15,7.164,703
2023,59680162B47841916602322,Ikeduru,Imo,South East,5.554,7.146,87886,1,55.302,99.0,0.736,32.54,68.27,99.0,2.404,0,29.276,0.0,87.847,31.071,7.164,-1.53,6.325,7.85,4.234,6296
2024,59680162B47841916602322,Ikeduru,Imo,South East,5.554,7.146,87886,1,55.131,99.0,0.504,27.385,89.619,99.0,0.5,0,12.631,0.0,91.78,22.939,4.234,-1.7,3.3,4.998,7.007,3721
2025,59680162B47841916602322,Ikeduru,Imo,South East,5.554,7.146,87886,1,48.47,99.0,0.679,26.079,86.327,89.729,4.126,0,47.913,0.0,89.722,21.869,7.007,-3.0,5.357,8.357,,6158
2020,59680162B47985033068277,Boripe,Osun,South West,7.895,4.708,6232,0,73.127,72.177,1.338,29.362,56.247,70.903,9.7,1,44.444,0.0,85.342,11.181,11.949,-0.38,11.739,12.12,12.878,745
2021,59680162B47985033068277,Boripe,Osun,South West,7.895,4.708,6232,0,66.555,99.0,2.889,34.224,85.277,83.023,18.081,0,41.391,0.0,89.934,37.201,12.878,0.11,12.941,12.826,14.42,803
2022,59680162B47985033068277,Boripe,Osun,South West,7.895,4.708,6232,0,71.766,90.063,2.615,42.003,77.637,99.0,15.349,0,11.668,10.704,84.351,34.097,14.42,1.21,15.086,13.875,11.253,899
2023,59680162B47985033068277,Boripe,Osun,South West,7.895,4.708,6232,0,59.509,83.005,0.665,27.863,37.679,67.799,1.281,0,19.452,5.968,85.401,25.048,11.253,-0.32,11.079,11.395,10.747,701
2024,59680162B47985033068277,Boripe,Osun,South West,7.895,4.708,6232,0,59.57,87.052,2.169,32.245,77.418,86.701,15.007,0,49.98,16.881,72.378,28.519,10.747,-1.58,9.881,11.456,17.382,670
2025,59680162B47985033068277,Boripe,Osun,South West,7.895,4.708,6232,0,62.96,75.749,3.155,31.356,68.798,92.743,5.475,0,49.085,0.0,71.009,24.729,17.382,1.55,18.237,16.683,,1083
2020,59680162B48034518845808,Sakaba,Kebbi,North West,11.176,5.545,118422,0,83.147,41.497,4.895,47.211,11.881,14.812,34.241,0,74.141,24.736,36.204,16.227,49.153,3.78,51.235,47.451,46.197,58208
2021,59680162B48034518845808,Sakaba,Kebbi,North West,11.176,5.545,118422,0,93.661,30.376,3.918,79.825,30.458,42.222,35.049,0,61.61,20.427,54.618,12.444,46.197,3.15,47.929,44.779,54.886,54707
2022,59680162B48034518845808,Sakaba,Kebbi,North West,11.176,5.545,118422,0,91.07,64.325,4.609,58.695,10.879,28.784,30.556,0,76.11,45.667,64.612,14.396,54.886,2.15,56.067,53.92,52.884,64997
2023,59680162B48034518845808,Sakaba,Kebbi,North West,11.176,5.545,118422,0,95.865,33.709,5.883,75.953,23.342,20.659,29.867,0,39.885,20.602,16.56,38.975,52.884,2.53,54.277,51.745,51.682,62627
2024,59680162B48034518845808,Sakaba,Kebbi,North West,11.176,5.545,118422,0,96.675,24.292,4.508,54.21,35.254,57.595,28.245,1,71.396,45.673,37.257,17.647,51.682,3.44,53.574,50.134,45.411,61203
2025,59680162B48034518845808,Sakaba,Kebbi,North West,11.176,5.545,118422,0,74.929,40.084,4.429,71.956,37.59,27.264,41.101,1,60.687,32.586,32.901,36.922,45.411,0.78,45.839,45.061,,53777
2020,59680162B4821538642969,Ejigbo,Osun,South West,7.84,4.219,31166,1,71.403,79.702,1.73,44.563,96.714,99.0,14.67,0,38.439,0.0,93.796,29.358,15.652,-2.99,14.01,16.995,12.674,4878
2021,59680162B4821538642969,Ejigbo,Osun,South West,7.84,4.219,31166,1,63.475,82.93,2.079,55.301,70.783,99.0,0.884,1,57.515,8.766,72.282,34.115,12.674,-1.51,11.842,13.354,14.195,3950
2022,59680162B4821538642969,Ejigbo,Osun,South West,7.84,4.219,31166,1,54.522,84.656,2.912,47.187,83.454,99.0,0.5,1,55.994,14.374,91.398,31.672,14.195,-1.43,13.41,14.837,11.508,4424
2023,59680162B4821538642969,Ejigbo,Osun,South West,7.84,4.219,31166,1,55.531,99.0,0.2,44.079,77.788,99.0,4.938,0,46.504,0.0,98.302,24.533,11.508,-3.0,9.858,12.858,4.783,3587
2024,59680162B4821538642969,Ejigbo,Osun,South West,7.84,4.219,31166,1,51.026,97.703,0.2,33.865,67.045,88.106,0.5,2,42.884,0.654,99.0,36.379,4.783,-1.54,3.935,5.477,5.172,1491
2025,59680162B4821538642969,Ejigbo,Osun,South West,7.84,4.219,31166,1,53.826,93.937,0.543,26.711,92.561,99.0,1.729,2,47.328,0.42,98.925,23.297,5.172,-1.96,4.094,6.055,,1612
2020,59680162B48237076936000,Riyom,Plateau,North Central,9.586,8.714,9983,1,66.021,81.644,2.476,43.775,75.096,50.815,17.668,1,33.778,11.473,65.514,12.342,25.449,-2.31,24.178,26.489,23.963,2541
2021,59680162B48237076936000,Riyom,Plateau,North Central,9.586,8.714,9983,1,58.661,56.626,2.33,34.475,43.397,98.534,16.851,6,59.459,0.0,68.934,19.757,23.963,-2.63,22.518,25.144,26.385,2392
2022,59680162B48237076936000,Riyom,Plateau,North Central,9.586,8.714,9983,1,56.889,64.498,1.87,48.685,39.154,73.607,23.804,3,55.424,18.464,80.153,18.12,26.385,2.78,27.913,25.136,22.934,2634
2023,59680162B48237076936000,Riyom,Plateau,North Central,9.586,8.714,9983,1,57.517,64.447,4.265,41.24,39.439,77.702,21.225,1,21.991,9.217,63.592,21.822,22.934,-0.28,22.781,23.059,29.772,2289
2024,59680162B48237076936000,Riyom,Plateau,North Central,9.586,8.714,9983,1,84.022,70.392,2.688,37.023,58.933,66.005,13.321,2,48.34,0.0,79.074,17.219,29.772,-0.45,29.524,29.975,15.601,2972
2025,59680162B48237076936000,Riyom,Plateau,North Central,9.586,8.714,9983,1,67.542,68.381,0.638,40.287,66.232,74.212,15.273,1,69.993,0.0,70.078,19.195,15.601,0.64,15.951,15.314,,1557
2020,59680162B48244867814587,Ola Oluwa,Osun,South West,7.729,4.233,91923,1,70.1,94.307,1.419,38.237,77.564,85.602,3.038,0,38.049,0.0,89.418,62.319,10.999,0.53,11.293,10.758,20.88,10110
2021,59680162B48244867814587,Ola Oluwa,Osun,South West,7.729,4.233,91923,1,52.328,99.0,2.759,51.16,59.575,92.036,11.325,0,35.26,11.333,99.0,12.936,20.88,0.78,21.309,20.529,4.29,19193
2022,59680162B48244867814587,Ola Oluwa,Osun,South West,7.729,4.233,91923,1,54.723,99.0,1.107,51.31,76.706,99.0,4.608,0,62.3,0.0,99.0,33.77,4.29,-3.0,2.64,5.64,11.158,3943
2023,59680162B48244867814587,Ola Oluwa,Osun,South West,7.729,4.233,91923,1,54.517,97.551,1.566,28.248,79.736,88.993,5.11,0,49.88,0.0,99.0,36.536,11.158,-1.34,10.423,11.76,14.527,10257
2024,59680162B48244867814587,Ola Oluwa,Osun,South West,7.729,4.233,91923,1,57.236,72.886,2.086,54.678,94.906,99.0,5.297,0,44.178,0.0,99.0,15.781,14.527,0.54,14.822,14.286,10.481,13354
2025,59680162B48244867814587,Ola Oluwa,Osun,South West,7.729,4.233,91923,1,64.837,99.0,1.921,41.483,85.993,99.0,0.5,0,32.173,5.257,99.0,30.593,10.481,-3.0,8.831,11.831,,9635
2020,59680162B48318677941344,Sabon Birni,Sokoto,North West,13.526,6.232,31922,1,78.675,55.376,3.897,84.821,42.369,57.931,20.617,1,66.467,17.147,50.589,16.61,47.028,2.72,48.521,45.806,46.867,15012
2021,59680162B48318677941344,Sabon Birni,Sokoto,North West,13.526,6.232,31922,1,75.986,60.048,5.071,58.063,32.649,53.898,32.973,4,57.362,24.01,53.983,12.698,46.867,1.6,47.745,46.149,38.277,14961
2022,59680162B48318677941344,Sabon Birni,Sokoto,North West,13.526,6.232,31922,1,78.62,51.182,5.521,60.791,49.444,68.0,23.751,1,59.825,19.67,54.109,30.2,38.277,1.42,39.058,37.638,47.676,12219
2023,59680162B48318677941344,Sabon Birni,Sokoto,North West,13.526,6.232,31922,1,78.925,51.018,4.232,65.613,34.025,78.068,34.0,0,51.573,31.84,64.258,22.938,47.676,0.32,47.851,47.533,44.996,15219
2024,59680162B48318677941344,Sabon Birni,Sokoto,North West,13.526,6.232,31922,1,79.729,46.159,4.101,72.801,45.916,69.576,26.41,4,52.674,36.982,38.276,20.547,44.996,1.27,45.694,44.425,37.065,14364
2025,59680162B48318677941344,Sabon Birni,Sokoto,North West,13.526,6.232,31922,1,77.086,55.452,2.147,63.767,40.577,72.349,18.649,0,52.418,41.266,71.828,13.949,37.065,-0.4,36.845,37.245,,11832
2020,59680162B48458945930175,Oron,Akwa Ibom,South South,4.87,8.236,28734,1,54.058,83.531,0.2,46.63,67.604,79.31,10.495,0,51.546,0.0,92.59,13.752,14.999,0.75,15.41,14.663,3.253,4310
2021,59680162B48458945930175,Oron,Akwa Ibom,South South,4.87,8.236,28734,1,56.785,90.204,0.703,46.867,77.33,91.271,8.316,0,63.473,0.0,82.611,23.586,3.253,-0.47,2.993,3.467,7.63,935
2022,59680162B48458945930175,Oron,Akwa Ibom,South South,4.87,8.236,28734,1,59.627,89.441,0.2,35.909,74.036,93.51,19.161,0,44.641,18.416,99.0,25.966,7.63,-2.68,6.154,8.838,24.804,2193
2023,59680162B48458945930175,Oron,Akwa Ibom,South South,4.87,8.236,28734,1,61.121,97.258,2.965,43.147,68.679,95.327,16.103,1,50.802,6.491,65.637,25.203,24.804,1.45,25.6,24.153,14.345,7127
2024,59680162B48458945930175,Oron,Akwa Ibom,South South,4.87,8.236,28734,1,52.448,99.0,0.556,47.931,57.118,81.752,5.435,1,66.096,0.0,80.92,17.734,14.345,0.77,14.768,13.998,3.903,4122
2025,59680162B48458945930175,Oron,Akwa Ibom,South South,4.87,8.236,28734,1,48.236,91.166,1.927,32.032,80.007,71.367,9.231,0,73.106,0.0,86.179,26.061,3.903,1.74,4.858,3.122,,1122
2020,59680162B48603200461333,Okehi,Kogi,North Central,7.727,6.35,41253,1,68.148,65.244,1.898,51.835,52.193,83.965,14.913,3,52.97,18.351,94.752,16.173,33.846,3.3,35.661,32.361,30.522,13962
2021,59680162B48603200461333,Okehi,Kogi,North Central,7.727,6.35,41253,1,67.977,48.1,2.249,54.714,46.963,79.232,9.816,1,68.514,0.582,80.761,11.873,30.522,1.41,31.299,29.887,28.214,12591
2022,59680162B48603200461333,Okehi,Kogi,North Central,7.727,6.35,41253,1,59.574,59.479,2.706,46.923,42.028,65.105,18.253,2,44.433,16.618,62.74,25.475,28.214,3.64,30.216,26.576,32.51,11639
2023,59680162B48603200461333,Okehi,Kogi,North Central,7.727,6.35,41253,1,65.997,57.775,3.852,64.211,47.383,60.29,17.639,1,34.305,0.0,78.636,15.033,32.51,0.06,32.543,32.483,26.681,13411
2024,59680162B48603200461333,Okehi,Kogi,North Central,7.727,6.35,41253,1,55.884,70.792,0.213,57.564,59.004,65.225,16.041,2,54.357,0.0,69.657,36.36,26.681,-2.34,25.393,27.734,26.91,11007
2025,59680162B48603200461333,Okehi,Kogi,North Central,7.727,6.35,41253,1,66.617,69.986,0.2,50.2,39.944,99.0,14.88,2,36.84,0.0,99.0,19.426,26.91,-2.24,25.68,27.916,,11101
2020,59680162B48615386953659,Ovia North-East,Edo,South South,6.396,5.503,13954,0,70.615,66.805,0.3,46.384,73.116,54.635,8.809,2,35.964,1.351,81.041,26.914,16.003,-2.25,14.768,17.014,21.019,2233
2021,59680162B48615386953659,Ovia North-East,Edo,South South,6.396,5.503,13954,0,76.59,68.771,0.565,47.399,49.206,83.658,24.028,1,46.089,0.0,99.0,14.618,21.019,-0.43,20.781,21.214,18.928,2933
2022,59680162B48615386953659,Ovia North-East,Edo,South South,6.396,5.503,13954,0,83.222,68.13,0.84,21.641,36.005,52.54,0.5,0,67.584,7.641,65.009,23.413,18.928,2.08,20.072,17.992,22.802,2641
2023,59680162B48615386953659,Ovia North-East,Edo,South South,6.396,5.503,13954,0,57.934,93.486,3.281,37.434,62.39,66.706,20.596,2,63.49,0.0,57.652,18.782,22.802,-0.46,22.549,23.008,16.518,3182
2024,59680162B48615386953659,Ovia North-East,Edo,South South,6.396,5.503,13954,0,68.479,71.111,0.729,46.938,63.679,77.308,13.268,0,65.52,0.0,63.879,21.484,16.518,-2.47,15.16,17.629,17.77,2305
2025,59680162B48615386953659,Ovia North-East,Edo,South South,6.396,5.503,13954,0,70.061,78.901,2.071,35.723,66.322,74.027,13.023,1,57.936,0.0,79.759,28.589,17.77,-1.92,16.714,18.634,,2480
2020,59680162B48786148420785,Tafawa-Balewa,Bauchi,North East,9.836,9.594,55855,0,92.76,53.496,3.32,49.455,26.06,20.233,23.109,7,61.229,30.182,57.105,14.116,55.343,0.1,55.396,55.299,59.812,30912
2021,59680162B48786148420785,Tafawa-Balewa,Bauchi,North East,9.836,9.594,55855,0,94.981,68.117,4.264,81.437,28.414,57.017,41.698,5,65.365,23.099,37.362,17.214,59.812,1.67,60.73,59.06,53.709,33408
2022,59680162B48786148420785,Tafawa-Balewa,Bauchi,North East,9.836,9.594,55855,0,93.646,40.462,5.307,31.389,8.981,32.802,26.317,6,75.381,30.524,35.536,12.596,53.709,4.06,55.941,51.883,37.181,29999
2023,59680162B48786148420785,Tafawa-Balewa,Bauchi,North East,9.836,9.594,55855,0,83.962,37.431,4.069,45.82,43.875,35.317,17.955,1,58.831,30.374,55.34,21.719,37.181,0.31,37.352,37.041,40.564,20767
2024,59680162B48786148420785,Tafawa-Balewa,Bauchi,North East,9.836,9.594,55855,0,91.973,40.891,4.046,51.922,49.918,55.816,17.026,2,55.685,37.499,51.936,10.784,40.564,0.43,40.799,40.372,41.928,22657
2025,59680162B48786148420785,Tafawa-Balewa,Bauchi,North East,9.836,9.594,55855,0,92.137,57.015,4.028,47.559,41.094,21.993,19.221,4,57.679,30.795,60.006,19.007,41.928,0.47,42.187,41.717,,23419
2020,59680162B49050440888294,Ilorin East,Kwara,North Central,8.609,4.826,24244,0,75.241,70.133,2.689,46.598,37.371,69.88,15.07,4,37.618,0.0,75.994,21.143,34.204,-0.23,34.079,34.306,38.948,8292
2021,59680162B49050440888294,Ilorin East,Kwara,North Central,8.609,4.826,24244,0,74.333,56.838,3.332,57.957,40.081,59.738,24.415,3,49.149,0.0,62.068,23.617,38.948,-0.53,38.657,39.187,38.206,9443
2022,59680162B49050440888294,Ilorin East,Kwara,North Central,8.609,4.826,24244,0,80.061,61.668,3.043,68.506,45.526,69.45,31.035,1,67.136,0.0,66.043,20.179,38.206,-2.21,36.991,39.2,36.578,9263
2023,59680162B49050440888294,Ilorin East,Kwara,North Central,8.609,4.826,24244,0,85.182,58.004,3.543,50.761,30.133,38.664,21.98,1,61.975,6.257,68.852,12.89,36.578,0.42,36.809,36.389,37.443,8868
2024,59680162B49050440888294,Ilorin East,Kwara,North Central,8.609,4.826,24244,0,74.073,62.547,3.557,52.85,59.572,64.682,16.035,2,55.014,21.248,77.17,23.135,37.443,0.61,37.778,37.17,27.443,9078
2025,59680162B49050440888294,Ilorin East,Kwara,North Central,8.609,4.826,24244,0,78.073,66.701,4.213,37.632,50.315,41.376,20.955,0,56.678,7.274,78.8,12.977,27.443,-0.42,27.214,27.631,,6653
2020,59680162B49213136576829,Shagamu,Ogun,South West,6.788,3.576,16238,1,68.723,81.812,0.2,30.04,74.901,99.0,7.513,2,23.472,14.085,99.0,30.716,17.361,-3.0,15.711,18.711,8.446,2819
2021,59680162B49213136576829,Shagamu,Ogun,South West,6.788,3.576,16238,1,62.315,92.141,1.308,41.062,82.066,92.978,0.5,0,47.443,0.0,99.0,17.158,8.446,-1.22,7.775,8.994,7.195,1371
2022,59680162B49213136576829,Shagamu,Ogun,South West,6.788,3.576,16238,1,54.565,89.564,2.361,36.291,75.745,95.263,15.294,1,34.634,0.0,99.0,23.952,7.195,-3.0,5.545,8.545,4.448,1168
2023,59680162B49213136576829,Shagamu,Ogun,South West,6.788,3.576,16238,1,34.83,68.761,0.473,41.472,94.644,86.573,10.912,0,26.547,2.23,99.0,49.613,4.448,-3.0,2.798,5.798,8.404,722
2024,59680162B49213136576829,Shagamu,Ogun,South West,6.788,3.576,16238,1,51.189,90.474,0.686,50.279,81.241,76.014,8.199,2,31.603,0.0,99.0,18.529,8.404,-0.43,8.168,8.597,7.231,1365
2025,59680162B49213136576829,Shagamu,Ogun,South West,6.788,3.576,16238,1,42.009,86.907,0.2,44.841,68.19,95.23,0.5,1,29.82,18.639,99.0,29.143,7.231,-1.06,6.651,7.707,,1174
2020,59680162B49286325204061,Aninri,Enugu,South East,6.054,7.599,32058,1,65.27,99.0,0.249,27.603,81.591,99.0,10.446,0,34.332,0.0,99.0,23.794,15.61,-3.0,13.96,16.96,8.249,5004
2021,59680162B49286325204061,Aninri,Enugu,South East,6.054,7.599,32058,1,62.476,91.404,1.338,24.406,81.83,99.0,4.892,0,43.533,0.0,96.053,32.54,8.249,-1.16,7.611,8.772,0.8,2645
2022,59680162B49286325204061,Aninri,Enugu,South East,6.054,7.599,32058,1,58.691,95.867,1.57,40.923,94.97,90.936,0.5,0,15.949,0.0,83.717,26.013,0.8,-0.96,0.5,1.23,0.8,256
2023,59680162B49286325204061,Aninri,Enugu,South East,6.054,7.599,32058,1,53.478,99.0,0.386,23.807,99.0,99.0,0.5,0,29.168,10.138,99.0,17.996,0.8,-3.0,0.5,2.15,3.847,256
2024,59680162B49286325204061,Aninri,Enugu,South East,6.054,7.599,32058,1,52.887,99.0,0.609,23.053,93.278,96.617,1.417,2,54.029,0.34,96.801,18.436,3.847,-2.68,2.376,5.051,5.791,1233
2025,59680162B49286325204061,Aninri,Enugu,South East,6.054,7.599,32058,1,56.337,99.0,0.2,50.534,78.082,99.0,1.598,1,30.899,0.0,86.508,34.43,5.791,-3.0,4.141,7.141,,1856
2020,59680162B49362321791702,Nembe,Bayelsa,South South,4.512,6.288,37580,0,83.857,79.197,1.653,26.81,67.697,61.965,12.83,0,65.565,18.883,67.085,15.662,20.437,0.37,20.643,20.269,21.452,7680
2021,59680162B49362321791702,Nembe,Bayelsa,South South,4.512,6.288,37580,0,69.075,87.325,2.99,41.364,67.329,56.999,12.119,1,44.104,0.0,94.303,25.273,21.452,-2.22,20.231,22.451,16.457,8062
2022,59680162B49362321791702,Nembe,Bayelsa,South South,4.512,6.288,37580,0,61.658,84.315,1.443,33.74,72.067,52.873,21.245,3,66.705,0.0,79.618,35.993,16.457,0.15,16.539,16.389,21.552,6184
2023,59680162B49362321791702,Nembe,Bayelsa,South South,4.512,6.288,37580,0,60.514,73.183,2.375,56.711,65.276,57.806,14.06,3,49.687,5.803,61.806,18.767,21.552,0.91,22.052,21.143,21.314,8099
2024,59680162B49362321791702,Nembe,Bayelsa,South South,4.512,6.288,37580,0,66.043,75.144,3.011,47.993,55.36,79.224,12.081,1,62.549,0.0,75.435,20.435,21.314,1.08,21.905,20.83,19.188,8010
2025,59680162B49362321791702,Nembe,Bayelsa,South South,4.512,6.288,37580,0,64.119,76.668,3.513,36.694,80.632,65.652,0.5,1,55.065,0.0,88.262,26.361,19.188,-1.88,18.154,20.035,,7211
2020,59680162B49393703134220,Michika,Adamawa,North East,10.583,13.393,44847,1,87.867,43.437,4.768,64.584,37.93,52.59,24.478,4,59.68,20.636,44.047,16.437,52.68,1.75,53.64,51.894,38.562,23625
2021,59680162B49393703134220,Michika,Adamawa,North East,10.583,13.393,44847,1,87.317,40.911,0.267,56.613,20.275,74.116,9.663,3,86.555,26.918,59.834,12.993,38.562,3.21,40.329,37.117,46.641,17294
2022,59680162B49393703134220,Michika,Adamawa,North East,10.583,13.393,44847,1,86.767,47.908,0.885,75.036,54.183,45.414,23.635,5,78.442,18.697,55.913,14.611,46.641,1.47,47.452,45.978,44.036,20917
2023,59680162B49393703134220,Michika,Adamawa,North East,10.583,13.393,44847,1,77.285,38.948,1.693,73.657,14.3,56.23,32.909,5,57.763,37.715,68.791,18.874,44.036,0.44,44.276,43.839,54.091,19749
2024,59680162B49393703134220,Michika,Adamawa,North East,10.583,13.393,44847,1,85.667,33.912,3.268,74.716,34.758,75.59,18.983,6,73.266,34.759,47.001,15.528,54.091,3.58,56.058,52.482,48.86,24258
2025,59680162B49393703134220,Michika,Adamawa,North East,10.583,13.393,44847,1,85.117,49.034,5.047,52.258,66.339,60.078,9.364,9,69.716,24.018,49.349,14.833,48.86,1.58,49.727,48.15,,21912
2020,59680162B49614598703533,Chanchaga,Niger,North Central,9.611,6.54,28936,0,70.931,54.153,3.676,47.992,47.75,55.363,15.87,1,27.951,11.334,63.12,34.726,31.42,0.99,31.963,30.977,32.773,9092
2021,59680162B49614598703533,Chanchaga,Niger,North Central,9.611,6.54,28936,0,85.127,67.152,2.598,49.95,57.498,53.503,24.169,2,42.753,20.378,62.969,13.742,32.773,2.3,34.039,31.736,40.631,9483
2022,59680162B49614598703533,Chanchaga,Niger,North Central,9.611,6.54,28936,0,75.677,52.313,3.753,38.835,22.056,57.049,30.333,2,71.928,15.531,66.87,13.895,40.631,3.33,42.463,39.131,31.77,11757
2023,59680162B49614598703533,Chanchaga,Niger,North Central,9.611,6.54,28936,0,70.057,62.877,1.272,47.809,47.772,54.034,22.791,1,26.656,4.285,73.052,13.68,31.77,0.77,32.194,31.423,33.812,9193
2024,59680162B49614598703533,Chanchaga,Niger,North Central,9.611,6.54,28936,0,76.525,63.811,2.428,56.102,55.786,52.263,23.241,2,45.081,12.269,58.23,12.716,33.812,2.4,35.132,32.732,26.158,9784
2025,59680162B49614598703533,Chanchaga,Niger,North Central,9.611,6.54,28936,0,66.207,62.373,3.735,47.029,58.786,79.918,17.592,3,57.61,10.009,82.217,26.388,26.158,-0.79,25.721,26.516,,7569
2020,59680162B49809531314946,Rafi,Niger,North Central,10.201,6.222,68048,0,87.812,50.287,4.244,45.206,57.982,54.385,6.687,3,33.998,31.189,57.391,21.463,38.005,2.29,39.264,36.975,44.015,25862
2021,59680162B49809531314946,Rafi,Niger,North Central,10.201,6.222,68048,0,72.946,60.084,4.351,55.765,59.368,49.306,19.035,1,68.551,20.512,61.465,30.244,44.015,-1.14,43.386,44.531,33.587,29952
2022,59680162B49809531314946,Rafi,Niger,North Central,10.201,6.222,68048,0,77.537,44.024,2.979,57.171,43.614,51.799,22.317,2,46.48,25.733,84.119,18.234,33.587,2.5,34.963,32.461,26.766,22855
2023,59680162B49809531314946,Rafi,Niger,North Central,10.201,6.222,68048,0,63.442,54.685,2.627,47.63,46.988,68.037,18.644,2,45.627,8.572,69.832,27.45,26.766,0.41,26.991,26.582,20.094,18214
2024,59680162B49809531314946,Rafi,Niger,North Central,10.201,6.222,68048,0,77.433,60.338,0.956,50.078,56.254,62.299,17.039,6,31.057,16.528,70.087,18.509,20.094,1.12,20.709,19.59,31.25,13673
2025,59680162B49809531314946,Rafi,Niger,North Central,10.201,6.222,68048,0,81.687,71.933,3.275,48.4,42.284,51.792,5.642,0,48.038,6.591,48.387,28.109,31.25,0.12,31.316,31.195,,21265
2020,59680162B50176982462081,Kankia,Katsina,North West,12.43,7.795,43656,0,81.803,38.191,4.509,48.59,34.432,37.903,30.981,2,69.141,31.125,24.245,23.395,46.931,1.93,47.992,46.063,55.023,20488
2021,59680162B50176982462081,Kankia,Katsina,North West,12.43,7.795,43656,0,86.418,22.194,3.618,52.545,31.572,19.545,23.494,3,80.584,42.998,52.322,14.317,55.023,4.35,57.415,53.066,42.58,24021
2022,59680162B50176982462081,Kankia,Katsina,North West,12.43,7.795,43656,0,78.881,50.012,3.52,62.141,41.129,21.927,25.274,4,61.095,27.859,41.674,20.246,42.58,3.07,44.27,41.198,55.908,18589
2023,59680162B50176982462081,Kankia,Katsina,North West,12.43,7.795,43656,0,87.802,34.224,4.576,73.295,27.072,27.682,27.786,2,61.572,28.482,51.652,15.314,55.908,3.78,57.985,54.209,51.644,24407
2024,59680162B50176982462081,Kankia,Katsina,North West,12.43,7.795,43656,0,89.064,28.673,4.122,68.331,23.088,26.189,23.979,0,47.448,26.535,24.549,17.741,51.644,3.27,53.442,50.173,53.217,22546
2025,59680162B50176982462081,Kankia,Katsina,North West,12.43,7.795,43656,0,92.101,34.755,5.064,48.834,40.564,62.12,29.39,2,64.776,27.448,41.147,21.385,53.217,4.31,55.589,51.276,,23232
2020,59680162B50201894093674,Zaria,Kaduna,North West,11.025,7.653,48784,1,80.915,59.008,3.68,62.327,38.895,42.072,24.248,0,64.061,28.801,45.032,12.023,37.921,1.85,38.94,37.087,43.669,18499
2021,59680162B50201894093674,Zaria,Kaduna,North West,11.025,7.653,48784,1,82.876,47.486,3.05,63.307,30.167,48.932,16.408,2,78.809,35.626,44.739,9.935,43.669,1.68,44.591,42.915,42.843,21304
2022,59680162B50201894093674,Zaria,Kaduna,North West,11.025,7.653,48784,1,78.649,43.046,3.576,53.666,41.581,51.743,31.732,1,44.242,35.214,70.164,33.72,42.843,2.89,44.43,41.545,40.724,20901
2023,59680162B50201894093674,Zaria,Kaduna,North West,11.025,7.653,48784,1,87.279,51.918,3.242,84.052,39.371,66.101,35.546,0,70.825,33.224,66.714,28.213,40.724,1.1,41.328,40.23,44.958,19867
2024,59680162B50201894093674,Zaria,Kaduna,North West,11.025,7.653,48784,1,76.88,57.394,5.324,67.557,28.012,64.773,24.665,0,58.33,29.486,46.25,27.028,44.958,1.02,45.52,44.499,38.019,21932
2025,59680162B50201894093674,Zaria,Kaduna,North West,11.025,7.653,48784,1,84.868,50.27,2.556,65.704,49.931,56.993,23.449,0,73.613,20.95,52.056,29.721,38.019,1.48,38.832,37.354,,18547
2020,59680162B50359341822283,Odogbolu,Ogun,South West,6.792,3.765,43587,0,57.341,63.147,3.262,41.417,66.98,98.152,11.135,1,31.545,0.0,99.0,49.81,12.392,-0.97,11.858,12.828,23.332,5401
2021,59680162B50359341822283,Odogbolu,Ogun,South West,6.792,3.765,43587,0,54.419,65.343,2.705,22.688,49.969,90.013,15.999,0,43.439,1.822,83.246,11.177,23.332,-1.48,22.517,23.999,17.52,10170
2022,59680162B50359341822283,Odogbolu,Ogun,South West,6.792,3.765,43587,0,56.918,72.623,3.387,45.572,56.862,95.283,7.415,1,73.215,0.0,83.424,20.808,17.52,-2.16,16.331,18.492,7.991,7636
2023,59680162B50359341822283,Odogbolu,Ogun,South West,6.792,3.765,43587,0,48.663,67.03,0.365,30.314,54.815,91.218,0.5,0,18.013,0.0,69.535,21.765,7.991,-0.01,7.985,7.996,11.775,3483
2024,59680162B50359341822283,Odogbolu,Ogun,South West,6.792,3.765,43587,0,65.322,90.65,2.539,30.77,62.994,89.096,20.425,0,33.918,0.0,99.0,15.363,11.775,-0.01,11.771,11.778,14.467,5132
2025,59680162B50359341822283,Odogbolu,Ogun,South West,6.792,3.765,43587,0,52.322,85.662,1.543,59.605,62.62,78.467,7.481,0,45.297,0.0,99.0,37.481,14.467,-2.7,12.98,15.683,,6306
2020,59680162B50421987640425,Mbo,Akwa Ibom,South South,4.654,8.242,115179,1,65.041,92.501,1.314,53.252,75.684,67.91,10.806,1,72.221,10.897,57.447,38.09,18.696,-2.58,17.275,19.859,14.724,21534
2021,59680162B50421987640425,Mbo,Akwa Ibom,South South,4.654,8.242,115179,1,58.852,87.656,1.635,41.003,88.177,82.285,11.45,4,73.336,1.708,86.329,20.576,14.724,-1.38,13.966,15.343,14.224,16958
2022,59680162B50421987640425,Mbo,Akwa Ibom,South South,4.654,8.242,115179,1,62.408,96.241,1.354,40.616,87.659,61.83,6.029,1,43.327,5.386,89.188,52.336,14.224,-2.3,12.957,15.26,17.964,16383
2023,59680162B50421987640425,Mbo,Akwa Ibom,South South,4.654,8.242,115179,1,58.736,90.468,1.604,25.344,73.139,75.471,14.269,1,44.496,0.0,97.95,25.218,17.964,-2.1,16.811,18.907,10.253,20691
2024,59680162B50421987640425,Mbo,Akwa Ibom,South South,4.654,8.242,115179,1,41.672,86.968,1.029,32.588,55.665,76.336,3.078,3,57.114,0.0,79.272,30.176,10.253,-2.8,8.71,11.515,13.933,11809
2025,59680162B50421987640425,Mbo,Akwa Ibom,South South,4.654,8.242,115179,1,63.649,93.471,1.628,41.277,85.821,91.717,8.243,0,74.835,0.0,90.423,31.168,13.933,-0.57,13.62,14.19,,16048
2020,59680162B50452180674611,Charanchi,Katsina,North West,12.56,7.671,34599,1,85.329,42.027,4.176,63.927,27.752,38.938,25.949,2,72.269,18.637,64.344,16.394,47.768,1.13,48.391,47.258,46.3,16527
2021,59680162B50452180674611,Charanchi,Katsina,North West,12.56,7.671,34599,1,83.824,42.455,4.899,62.164,12.1,60.114,26.866,2,66.322,14.97,49.609,17.598,46.3,3.33,48.128,44.803,35.784,16019
2022,59680162B50452180674611,Charanchi,Katsina,North West,12.56,7.671,34599,1,78.416,46.57,1.669,55.042,45.124,46.013,30.713,0,60.706,29.839,75.617,18.141,35.784,0.25,35.921,35.672,37.953,12381
2023,59680162B50452180674611,Charanchi,Katsina,North West,12.56,7.671,34599,1,68.473,24.934,1.939,70.377,50.058,47.603,34.936,1,57.607,32.34,63.709,18.241,37.953,2.1,39.107,37.008,34.001,13131
2024,59680162B50452180674611,Charanchi,Katsina,North West,12.56,7.671,34599,1,77.321,23.147,2.669,55.151,37.598,56.663,31.838,0,37.058,27.684,56.813,24.402,34.001,3.49,35.918,32.432,41.049,11764
2025,59680162B50452180674611,Charanchi,Katsina,North West,12.56,7.671,34599,1,69.972,49.29,3.983,69.157,75.268,68.684,25.53,0,55.635,35.507,46.83,20.311,41.049,0.92,41.555,40.635,,14202
2020,59680162B50576086706147,Bende,Abia,South East,5.638,7.572,20263,0,66.465,74.262,1.063,15.0,70.759,71.532,9.187,2,13.762,0.0,76.931,21.636,10.908,1.85,11.924,10.076,13.529,2210
2021,59680162B50576086706147,Bende,Abia,South East,5.638,7.572,20263,0,68.691,86.617,2.125,24.596,70.135,84.774,16.673,0,42.006,7.39,52.916,23.366,13.529,-2.6,12.096,14.701,15.567,2741
2022,59680162B50576086706147,Bende,Abia,South East,5.638,7.572,20263,0,68.323,82.669,0.24,37.761,69.687,69.666,25.772,1,24.31,7.813,83.027,23.915,15.567,0.11,15.625,15.519,18.613,3154
2023,59680162B50576086706147,Bende,Abia,South East,5.638,7.572,20263,0,67.366,90.497,1.698,36.215,67.894,51.367,22.963,2,25.639,0.0,99.0,58.184,18.613,-2.08,17.471,19.547,12.232,3772
2024,59680162B50576086706147,Bende,Abia,South East,5.638,7.572,20263,0,65.704,68.403,0.2,33.229,59.119,89.32,0.754,2,36.095,0.0,89.952,20.332,12.232,0.47,12.493,12.019,0.8,2479
2025,59680162B50576086706147,Bende,Abia,South East,5.638,7.572,20263,0,58.922,93.244,0.2,23.563,79.148,77.165,5.668,0,44.679,0.0,88.542,31.522,0.8,-1.2,0.5,1.339,,162
2020,59680162B50724647943907,Lagelu,Oyo,South West,7.522,4.082,34577,1,46.28,72.373,0.525,47.726,58.507,99.0,13.897,0,13.602,18.722,99.0,25.283,8.337,-0.21,8.222,8.431,13.119,2883
2021,59680162B50724647943907,Lagelu,Oyo,South West,7.522,4.082,34577,1,50.178,80.044,0.2,58.362,70.55,82.543,3.546,2,37.067,0.0,84.328,30.574,13.119,-0.72,12.722,13.444,0.8,4536
2022,59680162B50724647943907,Lagelu,Oyo,South West,7.522,4.082,34577,1,50.671,78.887,0.2,52.118,78.986,94.405,2.099,1,52.368,0.0,99.0,16.241,0.8,-2.36,0.5,1.86,0.8,277
2023,59680162B50724647943907,Lagelu,Oyo,South West,7.522,4.082,34577,1,49.732,99.0,0.2,36.661,82.843,99.0,6.661,0,36.705,0.0,95.368,14.898,0.8,-2.35,0.5,1.855,0.8,277
2024,59680162B50724647943907,Lagelu,Oyo,South West,7.522,4.082,34577,1,56.942,94.332,2.165,35.064,84.632,99.0,0.5,1,17.054,0.0,83.584,44.23,0.8,-1.58,0.5,1.512,5.86,277
2025,59680162B50724647943907,Lagelu,Oyo,South West,7.522,4.082,34577,1,49.14,87.813,2.314,40.361,99.0,99.0,5.146,1,52.085,0.0,99.0,16.706,5.86,-2.99,4.213,7.208,,2026
2020,59680162B50771081897552,Ezinihitte,Imo,South East,5.469,7.318,32923,1,41.733,94.652,0.864,25.207,99.0,85.118,4.872,2,25.047,1.519,89.796,41.749,0.8,-0.85,0.5,1.182,4.393,263
2021,59680162B50771081897552,Ezinihitte,Imo,South East,5.469,7.318,32923,1,63.209,96.223,0.2,26.017,78.543,99.0,0.5,3,45.998,11.616,99.0,33.929,4.393,2.6,5.821,3.224,7.093,1446
2022,59680162B50771081897552,Ezinihitte,Imo,South East,5.469,7.318,32923,1,64.115,99.0,1.725,45.988,81.474,86.177,0.5,0,26.376,3.901,99.0,25.078,7.093,-1.93,6.034,7.96,6.747,2335
2023,59680162B50771081897552,Ezinihitte,Imo,South East,5.469,7.318,32923,1,63.268,99.0,1.392,17.95,61.652,82.882,2.296,0,39.548,4.641,99.0,32.987,6.747,0.45,6.995,6.543,0.8,2221
2024,59680162B50771081897552,Ezinihitte,Imo,South East,5.469,7.318,32923,1,55.453,99.0,0.2,39.909,86.91,97.866,1.583,1,20.407,0.0,87.374,19.977,0.8,-1.42,0.5,1.439,0.8,263
2025,59680162B50771081897552,Ezinihitte,Imo,South East,5.469,7.318,32923,1,65.447,99.0,0.2,24.611,86.984,96.198,0.5,1,42.907,0.0,94.29,20.889,0.8,-0.46,0.548,1.006,,263
2020,59680162B50777093344409,Konshisha,Benue,North Central,7.042,8.695,58529,1,59.553,59.759,3.298,65.823,60.988,65.243,13.367,4,38.992,5.512,69.479,13.236,31.731,-0.24,31.601,31.838,18.77,18572
2021,59680162B50777093344409,Konshisha,Benue,North Central,7.042,8.695,58529,1,57.984,63.498,1.681,30.155,49.28,61.476,12.562,3,60.617,0.0,81.7,22.822,18.77,0.73,19.171,18.443,19.704,10986
2022,59680162B50777093344409,Konshisha,Benue,North Central,7.042,8.695,58529,1,62.18,68.424,2.509,47.461,60.226,96.504,12.591,2,39.987,10.84,62.791,13.098,19.704,-2.05,18.579,20.625,21.503,11532
2023,59680162B50777093344409,Konshisha,Benue,North Central,7.042,8.695,58529,1,59.286,70.779,2.24,43.204,66.101,92.62,7.56,0,42.743,6.151,75.837,13.697,21.503,-1.57,20.642,22.207,19.542,12585
2024,59680162B50777093344409,Konshisha,Benue,North Central,7.042,8.695,58529,1,55.39,78.867,3.245,43.738,64.033,79.317,7.733,2,51.464,16.167,60.772,23.453,19.542,-1.04,18.97,20.01,20.996,11438
2025,59680162B50777093344409,Konshisha,Benue,North Central,7.042,8.695,58529,1,62.436,81.545,1.547,59.56,53.305,85.762,16.517,2,57.191,12.559,96.383,17.808,20.996,-0.64,20.646,21.283,,12289
2020,59680162B50827827535662,Calabar South,Cross River,South South,4.915,8.294,43671,0,73.327,87.308,0.339,30.074,82.093,63.61,5.505,1,45.959,7.992,61.291,33.632,18.596,-1.37,17.844,19.211,12.47,8121
2021,59680162B50827827535662,Calabar South,Cross River,South South,4.915,8.294,43671,0,70.406,82.66,0.27,30.781,77.301,70.457,9.346,3,73.411,5.679,65.996,14.253,12.47,-1.37,11.714,13.089,23.793,5446
2022,59680162B50827827535662,Calabar South,Cross River,South South,4.915,8.294,43671,0,85.03,96.483,1.209,35.141,32.305,65.253,8.875,0,54.813,3.72,73.213,38.686,23.793,1.47,24.603,23.13,18.534,10391
2023,59680162B50827827535662,Calabar South,Cross River,South South,4.915,8.294,43671,0,62.573,90.165,1.303,45.582,47.219,58.431,19.272,0,48.94,0.163,55.27,23.199,18.534,0.93,19.046,18.115,26.729,8094
2024,59680162B50827827535662,Calabar South,Cross River,South South,4.915,8.294,43671,0,81.794,97.985,2.647,38.623,57.046,86.09,1.895,0,62.941,3.264,83.608,25.209,26.729,0.91,27.23,26.32,25.807,11673
2025,59680162B50827827535662,Calabar South,Cross River,South South,4.915,8.294,43671,0,77.752,88.771,0.2,30.991,56.971,34.957,12.691,1,57.057,0.0,99.0,13.548,25.807,-2.82,24.257,27.076,,11270
2020,59680162B51019344443676,Ika South,Delta,South South,6.191,6.143,46264,1,60.956,76.982,0.528,27.312,76.869,89.979,6.336,0,43.755,20.227,63.702,34.794,9.76,-1.35,9.019,10.367,14.692,4515
2021,59680162B51019344443676,Ika South,Delta,South South,6.191,6.143,46264,1,59.064,96.903,1.076,40.665,72.674,84.781,23.884,0,49.779,0.0,81.372,15.248,14.692,-3.0,13.042,16.042,21.169,6797
2022,59680162B51019344443676,Ika South,Delta,South South,6.191,6.143,46264,1,63.761,82.914,1.331,64.913,68.869,60.206,9.061,0,55.407,0.0,92.067,24.21,21.169,-1.05,20.588,21.643,16.085,9793
2023,59680162B51019344443676,Ika South,Delta,South South,6.191,6.143,46264,1,64.624,83.235,3.312,43.977,80.109,97.226,2.596,1,38.461,0.0,69.634,24.125,16.085,-1.48,15.27,16.751,7.219,7441
2024,59680162B51019344443676,Ika South,Delta,South South,6.191,6.143,46264,1,53.95,77.54,1.811,48.246,80.112,92.737,11.018,1,45.037,0.0,74.9,49.63,7.219,-1.78,6.241,8.019,11.378,3340
2025,59680162B51019344443676,Ika South,Delta,South South,6.191,6.143,46264,1,59.82,94.99,1.891,41.595,74.905,70.028,17.595,1,55.518,0.0,89.664,29.245,11.378,-0.42,11.144,11.569,,5264
2020,59680162B51317919954642,Oredo,Edo,South South,6.233,5.564,15738,0,69.7,77.01,2.703,52.623,73.021,52.947,28.928,0,39.14,0.0,49.438,22.541,29.791,-0.61,29.456,30.066,22.824,4689
2021,59680162B51317919954642,Oredo,Edo,South South,6.233,5.564,15738,0,65.008,68.59,1.642,52.066,55.756,80.02,8.717,0,51.566,4.52,72.462,18.742,22.824,-1.73,21.873,23.602,25.134,3592
2022,59680162B51317919954642,Oredo,Edo,South South,6.233,5.564,15738,0,67.076,79.738,2.518,45.141,73.946,65.268,10.288,0,70.317,0.314,64.069,15.821,25.134,0.77,25.555,24.79,19.695,3956
2023,59680162B51317919954642,Oredo,Edo,South South,6.233,5.564,15738,0,56.86,86.182,3.317,32.308,67.928,82.689,16.102,2,58.272,0.0,67.87,38.482,19.695,-2.75,18.184,20.932,18.077,3100
2024,59680162B51317919954642,Oredo,Edo,South South,6.233,5.564,15738,0,70.342,84.582,3.894,33.663,69.027,74.538,18.75,1,44.076,7.985,82.555,33.644,18.077,-2.01,16.974,18.979,21.239,2845
2025,59680162B51317919954642,Oredo,Edo,South South,6.233,5.564,15738,0,72.716,82.11,2.802,42.448,75.875,59.794,15.193,0,67.949,9.794,76.938,30.639,21.239,1.37,21.994,20.621,,3343
2020,59680162B51331479839153,Ajeromi/Ifelodun,Lagos,South West,6.457,3.336,38452,1,62.692,92.705,0.386,47.127,88.44,89.674,0.5,0,38.442,0.0,72.899,17.185,13.698,-1.26,13.004,14.265,12.336,5267
2021,59680162B51331479839153,Ajeromi/Ifelodun,Lagos,South West,6.457,3.336,38452,1,58.394,88.827,0.2,58.195,66.004,86.511,10.219,0,37.182,5.452,89.776,19.967,12.336,-1.01,11.782,12.789,11.269,4743
2022,59680162B51331479839153,Ajeromi/Ifelodun,Lagos,South West,6.457,3.336,38452,1,61.522,95.392,0.2,43.774,67.6,91.047,10.79,0,37.349,0.0,87.895,21.772,11.269,1.61,12.152,10.546,7.096,4333
2023,59680162B51331479839153,Ajeromi/Ifelodun,Lagos,South West,6.457,3.336,38452,1,52.308,96.002,3.069,30.98,99.0,99.0,2.233,0,40.152,4.623,91.694,21.782,7.096,-2.19,5.892,8.08,10.804,2728
2024,59680162B51331479839153,Ajeromi/Ifelodun,Lagos,South West,6.457,3.336,38452,1,61.52,99.0,0.59,43.213,83.113,99.0,3.477,1,37.387,0.0,92.06,32.366,10.804,-1.42,10.022,11.444,7.422,4154
2025,59680162B51331479839153,Ajeromi/Ifelodun,Lagos,South West,6.457,3.336,38452,1,43.174,98.553,0.2,33.996,87.144,99.0,9.141,0,38.491,0.0,99.0,48.72,7.422,-3.0,5.772,8.772,,2854
2020,59680162B51390103580898,Minjibir,Kano,North West,12.194,8.614,27779,0,89.662,38.0,4.466,63.778,30.985,47.245,24.71,3,53.138,45.376,51.743,14.041,45.305,2.34,46.589,44.254,42.584,12585
2021,59680162B51390103580898,Minjibir,Kano,North West,12.194,8.614,27779,0,87.682,26.666,3.316,62.948,47.641,28.287,38.518,2,64.845,28.536,39.808,8.277,42.584,3.48,44.496,41.02,48.43,11829
2022,59680162B51390103580898,Minjibir,Kano,North West,12.194,8.614,27779,0,97.186,32.303,4.41,66.865,31.886,34.367,32.875,1,53.099,24.441,48.878,9.723,48.43,-0.63,48.086,48.711,41.479,13453
2023,59680162B51390103580898,Minjibir,Kano,North West,12.194,8.614,27779,0,83.279,42.138,3.867,54.963,36.51,24.167,38.416,2,58.922,33.505,72.081,24.402,41.479,0.48,41.745,41.261,53.206,11522
2024,59680162B51390103580898,Minjibir,Kano,North West,12.194,8.614,27779,0,88.958,38.32,5.034,68.36,58.043,42.511,33.907,2,59.939,24.101,50.597,16.604,53.206,3.84,55.317,51.479,42.868,14780
2025,59680162B51390103580898,Minjibir,Kano,North West,12.194,8.614,27779,0,92.193,49.884,2.919,50.419,22.503,53.074,24.347,0,42.219,31.416,46.782,15.586,42.868,1.64,43.77,42.131,,11908
2020,59680162B51512347513243,Musawa,Katsina,North West,12.11,7.709,39695,0,81.933,29.405,3.636,53.923,30.955,56.711,30.789,0,54.862,23.65,41.524,10.328,45.555,2.56,46.962,44.404,55.075,18083
2021,59680162B51512347513243,Musawa,Katsina,North West,12.11,7.709,39695,0,86.771,25.58,5.035,48.27,20.636,36.36,29.645,2,50.798,49.511,32.814,26.403,55.075,3.11,56.784,53.677,48.919,21862
2022,59680162B51512347513243,Musawa,Katsina,North West,12.11,7.709,39695,0,83.476,45.33,5.073,60.025,20.988,44.139,25.342,3,62.413,34.985,52.526,12.938,48.919,3.97,51.104,47.131,50.448,19418
2023,59680162B51512347513243,Musawa,Katsina,North West,12.11,7.709,39695,0,96.47,22.28,3.974,48.696,35.869,42.395,29.951,0,59.584,29.598,47.759,13.331,50.448,2.62,51.887,49.271,58.531,20025
2024,59680162B51512347513243,Musawa,Katsina,North West,12.11,7.709,39695,0,87.662,38.425,4.568,62.581,30.902,24.481,38.021,2,48.91,42.88,29.051,14.344,58.531,2.4,59.849,57.453,54.092,23234
2025,59680162B51512347513243,Musawa,Katsina,North West,12.11,7.709,39695,0,95.37,33.727,4.296,65.566,33.084,39.554,28.242,0,66.775,51.145,54.172,17.301,54.092,-0.07,54.053,54.125,,21472
2020,59680162B51570410917379,Garko,Kano,North West,11.565,8.837,86831,0,99.0,35.114,4.156,55.566,47.824,46.448,31.897,2,61.361,37.393,37.453,11.592,54.152,1.49,54.969,53.483,51.375,47021
2021,59680162B51570410917379,Garko,Kano,North West,11.565,8.837,86831,0,94.743,52.343,4.294,52.65,65.042,41.413,36.773,2,71.936,50.26,49.891,27.616,51.375,-0.65,51.02,51.666,53.229,44610
2022,59680162B51570410917379,Garko,Kano,North West,11.565,8.837,86831,0,97.572,35.057,3.705,64.392,33.244,44.664,36.199,1,64.581,44.813,69.278,14.803,53.229,-1.32,52.502,53.824,49.372,46219
2023,59680162B51570410917379,Garko,Kano,North West,11.565,8.837,86831,0,91.995,46.636,5.947,57.952,35.058,7.7,28.34,2,62.055,15.375,48.679,24.005,49.372,-0.4,49.153,49.551,52.077,42870
2024,59680162B51570410917379,Garko,Kano,North West,11.565,8.837,86831,0,88.783,26.793,6.333,54.553,29.634,50.097,27.849,2,43.684,35.061,39.888,14.987,52.077,3.86,54.201,50.34,42.892,45219
2025,59680162B51570410917379,Garko,Kano,North West,11.565,8.837,86831,0,71.799,17.985,3.823,60.767,39.141,14.058,18.332,0,61.397,20.606,39.428,17.227,42.892,3.47,44.801,41.33,,37244
2020,59680162B51611927546147,Kontagora,Niger,North Central,10.434,5.515,39456,1,64.274,60.937,2.614,52.682,58.689,72.014,15.872,2,50.998,12.968,65.687,20.332,27.679,1.11,28.291,27.179,25.668,10921
2021,59680162B51611927546147,Kontagora,Niger,North Central,10.434,5.515,39456,1,65.59,73.177,2.123,52.947,35.687,61.576,19.613,1,39.627,0.0,75.908,18.628,25.668,-1.11,25.055,26.17,28.004,10128
2022,59680162B51611927546147,Kontagora,Niger,North Central,10.434,5.515,39456,1,65.78,73.53,4.096,56.329,63.515,60.781,19.077,3,62.101,8.211,67.755,18.792,28.004,-0.6,27.671,28.276,17.392,11049
2023,59680162B51611927546147,Kontagora,Niger,North Central,10.434,5.515,39456,1,73.796,80.052,2.328,45.346,57.362,88.961,7.339,2,45.725,0.0,72.384,15.118,17.392,-2.51,16.014,18.519,11.909,6862
2024,59680162B51611927546147,Kontagora,Niger,North Central,10.434,5.515,39456,1,59.7,76.233,0.953,43.094,50.05,70.801,22.705,2,39.347,0.0,80.618,59.521,11.909,0.28,12.061,11.784,5.635,4699
2025,59680162B51611927546147,Kontagora,Niger,North Central,10.434,5.515,39456,1,62.982,71.362,2.002,47.971,54.053,95.609,8.881,0,62.41,0.0,81.235,39.536,5.635,-1.35,4.893,6.242,,2223
2020,59680162B51712615582520,Ijero,Ekiti,South West,7.846,5.029,42701,1,56.877,78.507,0.2,40.973,63.164,99.0,15.624,1,10.749,0.0,96.328,21.989,0.8,-0.75,0.5,1.138,0.8,342
2021,59680162B51712615582520,Ijero,Ekiti,South West,7.846,5.029,42701,1,58.766,88.229,1.34,29.705,99.0,91.058,18.964,1,44.064,5.615,99.0,35.686,0.8,-2.46,0.5,1.906,0.8,342
2022,59680162B51712615582520,Ijero,Ekiti,South West,7.846,5.029,42701,1,58.772,99.0,0.2,19.758,81.13,99.0,0.5,0,42.835,0.0,99.0,24.738,0.8,-1.21,0.5,1.344,0.8,342
2023,59680162B51712615582520,Ijero,Ekiti,South West,7.846,5.029,42701,1,45.68,99.0,0.838,41.519,91.104,99.0,4.398,0,59.285,0.0,99.0,19.265,0.8,-2.29,0.5,1.831,1.828,342
2024,59680162B51712615582520,Ijero,Ekiti,South West,7.846,5.029,42701,1,58.533,96.119,0.2,38.091,53.238,99.0,0.5,0,43.844,0.0,99.0,22.559,1.828,-1.05,1.25,2.302,10.372,781
2025,59680162B51712615582520,Ijero,Ekiti,South West,7.846,5.029,42701,1,59.918,89.387,1.589,36.125,73.007,98.706,14.093,0,25.118,0.0,99.0,31.2,10.372,2.42,11.705,9.282,,4429
2020,59680162B51925471610757,Faskari,Katsina,North West,11.714,7.099,63886,0,89.036,30.957,4.299,57.457,45.269,52.354,27.157,2,67.025,38.466,40.57,14.06,54.394,2.95,56.019,53.065,54.108,34750
2021,59680162B51925471610757,Faskari,Katsina,North West,11.714,7.099,63886,0,88.301,18.874,4.648,59.818,12.208,55.204,29.848,0,64.614,20.417,35.333,10.66,54.108,2.94,55.724,52.787,54.533,34568
2022,59680162B51925471610757,Faskari,Katsina,North West,11.714,7.099,63886,0,97.02,31.369,4.93,54.465,27.822,30.396,31.974,1,73.383,41.908,47.648,21.73,54.533,3.89,56.672,52.783,47.084,34839
2023,59680162B51925471610757,Faskari,Katsina,North West,11.714,7.099,63886,0,86.853,22.762,4.357,77.773,38.011,37.581,32.855,1,66.918,35.059,29.252,10.037,47.084,4.45,49.532,45.081,54.662,30080
2024,59680162B51925471610757,Faskari,Katsina,North West,11.714,7.099,63886,0,88.051,44.045,5.161,67.006,27.609,26.154,19.761,2,60.535,47.894,60.263,19.885,54.662,3.08,56.358,53.275,36.82,34921
2025,59680162B51925471610757,Faskari,Katsina,North West,11.714,7.099,63886,0,86.312,38.938,4.709,60.086,43.756,46.21,28.113,1,79.161,30.587,66.059,24.418,36.82,0.67,37.186,36.52,,23523
2020,59680162B5199404243189,Kalgo,Kebbi,North West,12.384,4.047,49570,0,96.175,30.411,3.803,61.834,21.228,51.983,29.716,3,80.965,31.947,49.263,15.78,53.792,-0.25,53.655,53.905,50.989,26665
2021,59680162B5199404243189,Kalgo,Kebbi,North West,12.384,4.047,49570,0,91.242,50.757,4.086,54.369,30.696,23.428,33.097,3,50.206,31.072,47.565,23.911,50.989,2.2,52.202,49.997,52.465,25275
2022,59680162B5199404243189,Kalgo,Kebbi,North West,12.384,4.047,49570,0,86.553,49.694,5.481,63.141,24.291,42.597,25.624,2,70.187,39.96,45.162,10.56,52.465,0.41,52.688,52.282,46.736,26007
2023,59680162B5199404243189,Kalgo,Kebbi,North West,12.384,4.047,49570,0,87.871,35.432,5.35,66.6,39.255,41.558,29.73,2,52.257,24.849,58.847,17.96,46.736,2.82,48.286,45.467,40.67,23167
2024,59680162B5199404243189,Kalgo,Kebbi,North West,12.384,4.047,49570,0,92.736,47.92,3.159,73.935,40.62,50.797,34.187,0,54.972,30.761,31.955,24.445,40.67,0.97,41.203,40.233,43.323,20160
2025,59680162B5199404243189,Kalgo,Kebbi,North West,12.384,4.047,49570,0,92.527,51.399,7.449,40.317,43.439,40.082,21.302,0,51.737,23.473,42.319,14.187,43.323,-0.48,43.061,43.538,,21475
2020,59680162B52281011363885,Gada,Sokoto,North West,13.686,5.712,39674,0,98.538,32.057,6.233,64.671,24.772,46.745,39.142,2,60.729,39.827,47.444,10.471,56.448,1.5,57.275,55.772,52.325,22395
2021,59680162B52281011363885,Gada,Sokoto,North West,13.686,5.712,39674,0,85.122,37.552,5.169,71.172,33.111,27.516,24.584,1,49.365,37.206,21.382,13.131,52.325,1.08,52.92,51.837,46.218,20759
2022,59680162B52281011363885,Gada,Sokoto,North West,13.686,5.712,39674,0,87.671,54.912,3.834,68.632,14.769,36.772,32.005,5,74.231,40.439,37.496,14.498,46.218,0.48,46.482,46.002,38.533,18337
2023,59680162B52281011363885,Gada,Sokoto,North West,13.686,5.712,39674,0,76.834,32.101,3.068,63.707,46.787,38.073,26.014,0,58.913,24.572,47.251,33.216,38.533,2.72,40.031,37.307,48.219,15288
2024,59680162B52281011363885,Gada,Sokoto,North West,13.686,5.712,39674,0,82.418,38.6,4.042,44.968,31.003,32.411,21.785,1,59.187,30.165,29.816,16.613,48.219,2.71,49.709,47.0,45.219,19130
2025,59680162B52281011363885,Gada,Sokoto,North West,13.686,5.712,39674,0,82.592,30.271,4.471,64.467,27.281,35.37,33.336,1,72.878,22.942,44.937,15.798,45.219,1.07,45.807,44.737,,17940
2020,59680162B52609098277437,Ringim,Jigawa,North West,12.166,9.11,28620,1,70.403,47.477,4.556,70.8,42.462,73.417,34.678,0,34.462,19.572,51.058,7.101,46.388,-0.84,45.927,46.765,51.448,13276
2021,59680162B52609098277437,Ringim,Jigawa,North West,12.166,9.11,28620,1,87.748,53.538,3.456,90.407,31.022,38.616,21.6,5,59.088,44.291,58.138,17.184,51.448,1.81,52.442,50.635,51.424,14724
2022,59680162B52609098277437,Ringim,Jigawa,North West,12.166,9.11,28620,1,82.126,45.066,3.526,54.606,35.339,74.769,20.941,2,48.879,47.665,65.426,20.434,51.424,2.19,52.626,50.44,51.604,14717
2023,59680162B52609098277437,Ringim,Jigawa,North West,12.166,9.11,28620,1,80.113,34.587,6.216,71.137,36.466,54.74,23.869,3,55.877,28.549,49.82,17.893,51.604,-0.05,51.574,51.628,56.236,14769
2024,59680162B52609098277437,Ringim,Jigawa,North West,12.166,9.11,28620,1,81.217,53.72,4.268,62.848,39.469,41.675,20.222,1,73.326,27.662,66.065,23.53,56.236,1.28,56.942,55.658,30.359,16095
2025,59680162B52609098277437,Ringim,Jigawa,North West,12.166,9.11,28620,1,79.673,46.14,1.73,55.848,65.454,70.63,26.632,0,73.472,33.696,54.137,16.116,30.359,4.56,32.87,28.305,,8689
2020,59680162B52658055469559,Malam Madori,Jigawa,North West,12.524,9.938,44457,0,88.592,47.706,4.313,69.556,51.699,69.773,17.789,1,59.538,41.688,57.819,19.4,38.667,-1.01,38.111,39.122,56.39,17190
2021,59680162B52658055469559,Malam Madori,Jigawa,North West,12.524,9.938,44457,0,90.968,20.133,4.087,91.649,33.444,38.384,36.982,4,95.752,37.127,57.444,19.532,56.39,2.2,57.599,55.401,44.045,25069
2022,59680162B52658055469559,Malam Madori,Jigawa,North West,12.524,9.938,44457,0,84.247,41.334,2.357,64.395,56.293,53.041,21.429,1,62.803,19.163,37.974,8.138,44.045,2.74,45.551,42.813,42.216,19581
2023,59680162B52658055469559,Malam Madori,Jigawa,North West,12.524,9.938,44457,0,92.779,31.077,2.844,44.906,55.579,38.719,37.643,1,42.74,36.215,60.605,18.236,42.216,3.7,44.253,40.549,50.468,18768
2024,59680162B52658055469559,Malam Madori,Jigawa,North West,12.524,9.938,44457,0,88.304,29.784,5.044,58.997,35.548,30.02,22.853,0,50.947,22.66,37.061,21.378,50.468,-0.08,50.423,50.504,63.306,22436
2025,59680162B52658055469559,Malam Madori,Jigawa,North West,12.524,9.938,44457,0,81.165,33.451,4.842,69.376,31.684,48.429,27.897,3,71.94,35.053,42.621,44.142,63.306,5.29,66.215,60.925,,28144
2020,59680162B52775693188226,Oyigbo,Rivers,South South,4.832,7.325,37728,1,65.252,91.287,0.2,50.416,77.022,78.485,8.197,0,57.062,0.0,80.342,25.547,11.358,0.37,11.562,11.19,12.155,4285
2021,59680162B52775693188226,Oyigbo,Rivers,South South,4.832,7.325,37728,1,62.524,79.925,3.824,28.195,73.84,80.723,4.638,2,65.984,0.0,98.041,21.47,12.155,-0.29,11.996,12.286,16.673,4586
2022,59680162B52775693188226,Oyigbo,Rivers,South South,4.832,7.325,37728,1,65.571,93.932,2.574,50.163,91.436,87.545,4.18,0,63.505,0.0,83.095,27.921,16.673,-2.29,15.414,17.702,11.767,6290
2023,59680162B52775693188226,Oyigbo,Rivers,South South,4.832,7.325,37728,1,69.391,99.0,0.724,45.546,59.75,67.335,0.5,2,42.769,0.412,81.205,18.451,11.767,-3.0,10.117,13.117,14.618,4440
2024,59680162B52775693188226,Oyigbo,Rivers,South South,4.832,7.325,37728,1,55.162,99.0,2.906,49.066,57.793,70.072,2.067,1,54.803,3.495,95.162,21.867,14.618,-0.95,14.093,15.047,11.235,5515
2025,59680162B52775693188226,Oyigbo,Rivers,South South,4.832,7.325,37728,1,54.088,97.624,0.2,41.673,68.861,68.287,18.234,1,61.815,0.0,94.071,40.012,11.235,1.15,11.87,10.716,,4239
2020,59680162B53064832422435,Irele,Ondo,South West,6.508,4.999,31885,0,72.98,94.327,0.389,29.648,48.07,60.781,12.592,0,29.002,10.775,76.147,18.067,13.75,-0.15,13.665,13.819,11.723,4384
2021,59680162B53064832422435,Irele,Ondo,South West,6.508,4.999,31885,0,70.569,77.185,1.38,30.403,83.385,81.086,10.971,1,25.208,7.375,91.952,10.938,11.723,-1.34,10.988,12.324,20.195,3738
2022,59680162B53064832422435,Irele,Ondo,South West,6.508,4.999,31885,0,67.184,77.121,2.461,14.3,66.209,99.0,10.297,2,42.953,0.0,99.0,29.049,20.195,-0.71,19.802,20.516,7.437,6439
2023,59680162B53064832422435,Irele,Ondo,South West,6.508,4.999,31885,0,62.014,94.806,2.662,25.82,77.852,91.387,4.351,1,34.69,0.525,99.0,22.37,7.437,-1.07,6.848,7.92,13.05,2371
2024,59680162B53064832422435,Irele,Ondo,South West,6.508,4.999,31885,0,71.803,80.65,1.18,31.852,80.978,63.419,4.602,1,36.228,0.0,92.61,30.221,13.05,-3.0,11.4,14.4,8.531,4161
2025,59680162B53064832422435,Irele,Ondo,South West,6.508,4.999,31885,0,70.072,96.092,1.379,26.586,82.083,96.488,17.582,0,33.494,0.0,84.531,31.942,8.531,-2.06,7.396,9.46,,2720
2020,59680162B53080807091718,Shendam,Plateau,North Central,8.743,9.519,41187,0,64.886,49.862,3.517,44.717,42.828,41.353,29.02,0,56.626,14.15,71.671,14.085,30.906,-0.41,30.681,31.09,31.561,12729
2021,59680162B53080807091718,Shendam,Plateau,North Central,8.743,9.519,41187,0,69.383,42.315,5.174,33.602,45.783,52.563,33.307,3,57.402,4.0,55.481,23.743,31.561,0.44,31.801,31.364,29.138,12999
2022,59680162B53080807091718,Shendam,Plateau,North Central,8.743,9.519,41187,0,70.864,64.312,4.262,38.128,62.643,42.376,15.279,1,51.736,7.219,59.672,20.539,29.138,-1.34,28.398,29.743,33.838,12001
2023,59680162B53080807091718,Shendam,Plateau,North Central,8.743,9.519,41187,0,70.66,48.884,3.152,63.066,50.158,62.272,22.18,2,45.193,7.71,69.776,51.372,33.838,0.76,34.255,33.496,16.581,13937
2024,59680162B53080807091718,Shendam,Plateau,North Central,8.743,9.519,41187,0,61.771,58.146,2.012,58.067,48.472,77.596,15.264,2,24.361,0.0,58.332,18.226,16.581,0.32,16.755,16.438,31.033,6829
2025,59680162B53080807091718,Shendam,Plateau,North Central,8.743,9.519,41187,0,74.812,64.596,4.676,52.779,54.515,73.431,23.405,4,40.308,9.508,89.362,28.608,31.033,0.48,31.299,30.816,,12782
2020,59680162B53104406185271,Ikorodu,Lagos,South West,6.6,3.594,14970,0,76.417,73.449,0.3,27.084,80.313,73.189,15.415,0,48.367,8.909,63.46,18.928,15.684,-1.38,14.922,16.307,11.515,2348
2021,59680162B53104406185271,Ikorodu,Lagos,South West,6.6,3.594,14970,0,72.983,94.977,0.61,26.211,65.973,43.892,9.434,0,42.799,17.396,90.919,14.03,11.515,2.48,12.88,10.399,16.228,1724
2022,59680162B53104406185271,Ikorodu,Lagos,South West,6.6,3.594,14970,0,63.055,82.233,3.32,28.177,76.836,76.251,11.416,1,42.335,0.0,95.787,26.004,16.228,-1.94,15.162,17.099,9.506,2429
2023,59680162B53104406185271,Ikorodu,Lagos,South West,6.6,3.594,14970,0,61.086,77.128,1.524,28.939,61.818,96.658,9.272,0,30.595,0.0,98.512,14.979,9.506,0.51,9.786,9.277,14.633,1423
2024,59680162B53104406185271,Ikorodu,Lagos,South West,6.6,3.594,14970,0,71.495,88.958,0.334,39.257,64.43,82.37,18.645,0,11.009,0.0,90.487,30.123,14.633,-1.7,13.699,15.397,14.783,2191
2025,59680162B53104406185271,Ikorodu,Lagos,South West,6.6,3.594,14970,0,69.525,87.336,2.169,47.163,65.834,94.696,0.5,0,45.913,9.779,90.235,36.446,14.783,-1.19,14.13,15.317,,2213
2020,59680162B53120698145103,Oru West,Imo,South East,5.735,6.878,24416,0,64.574,84.554,1.228,25.719,71.954,36.183,8.922,1,45.844,2.917,99.0,11.381,11.18,-1.8,10.191,11.989,18.735,2730
2021,59680162B53120698145103,Oru West,Imo,South East,5.735,6.878,24416,0,64.501,83.014,1.917,26.19,72.394,87.461,9.509,1,35.364,9.348,65.641,21.139,18.735,-0.97,18.2,19.173,16.167,4574
2022,59680162B53120698145103,Oru West,Imo,South East,5.735,6.878,24416,0,66.111,80.265,1.737,25.84,78.209,68.75,12.004,0,31.673,10.325,99.0,12.347,16.167,-0.11,16.109,16.215,12.155,3947
2023,59680162B53120698145103,Oru West,Imo,South East,5.735,6.878,24416,0,82.229,87.016,1.305,24.515,89.138,79.5,2.992,1,20.067,0.0,76.452,21.605,12.155,-0.63,11.807,12.44,12.706,2968
2024,59680162B53120698145103,Oru West,Imo,South East,5.735,6.878,24416,0,69.972,91.922,0.568,25.986,88.027,79.557,8.632,1,30.073,17.071,95.271,30.177,12.706,-2.52,11.32,13.84,10.507,3102
2025,59680162B53120698145103,Oru West,Imo,South East,5.735,6.878,24416,0,70.557,96.815,2.129,22.231,75.708,62.998,1.036,0,39.124,0.0,72.756,38.225,10.507,-3.0,8.857,11.857,,2565
2020,59680162B53174064204838,Rogo,Kano,North West,11.509,7.853,90313,0,86.743,40.107,3.812,76.209,35.186,37.38,25.702,0,62.953,26.616,43.956,24.304,50.457,1.46,51.263,49.798,46.348,45569
2021,59680162B53174064204838,Rogo,Kano,North West,11.509,7.853,90313,0,92.263,29.202,4.258,49.143,37.325,24.258,29.059,1,65.784,33.823,30.245,10.865,46.348,4.04,48.567,44.532,61.434,41858
2022,59680162B53174064204838,Rogo,Kano,North West,11.509,7.853,90313,0,87.807,40.206,5.242,66.668,14.232,38.413,27.6,2,63.055,40.757,36.463,13.131,61.434,3.45,63.332,59.882,45.247,55483
2023,59680162B53174064204838,Rogo,Kano,North West,11.509,7.853,90313,0,91.731,54.578,3.991,61.983,38.608,57.458,23.979,0,52.569,42.086,35.98,16.135,45.247,1.6,46.129,44.525,45.247,40864
2024,59680162B53174064204838,Rogo,Kano,North West,11.509,7.853,90313,0,98.996,32.828,3.264,51.132,47.234,52.117,32.155,1,61.329,22.668,47.391,16.54,45.247,0.25,45.386,45.133,45.998,40864
2025,59680162B53174064204838,Rogo,Kano,North West,11.509,7.853,90313,0,91.254,29.528,4.665,55.181,58.639,47.877,22.567,2,66.568,41.909,42.735,12.943,45.998,1.27,46.697,45.425,,41542
2020,59680162B53208862785263,Kaita,Katsina,North West,13.184,7.794,90815,0,96.869,28.513,6.894,69.865,54.413,56.945,16.779,3,60.145,33.922,61.381,18.401,58.383,0.12,58.447,58.331,55.314,53021
2021,59680162B53208862785263,Kaita,Katsina,North West,13.184,7.794,90815,0,97.57,25.266,4.808,76.288,24.015,30.286,43.403,1,57.141,40.232,56.635,22.038,55.314,1.01,55.87,54.859,44.284,50233
2022,59680162B53208862785263,Kaita,Katsina,North West,13.184,7.794,90815,0,97.02,24.655,2.594,68.677,26.469,38.723,25.124,1,76.228,30.429,45.016,27.094,44.284,0.37,44.489,44.117,41.777,40217
2023,59680162B53208862785263,Kaita,Katsina,North West,13.184,7.794,90815,0,83.371,35.021,5.325,60.512,34.966,54.06,22.829,0,47.836,21.508,57.233,24.114,41.777,-1.39,41.011,42.404,45.663,37940
2024,59680162B53208862785263,Kaita,Katsina,North West,13.184,7.794,90815,0,85.662,31.336,4.43,61.084,31.364,44.116,32.45,4,59.781,39.325,55.291,37.503,45.663,3.65,47.668,44.023,50.566,41469
2025,59680162B53208862785263,Kaita,Katsina,North West,13.184,7.794,90815,0,95.37,37.195,5.373,75.95,37.666,20.441,22.539,1,66.826,38.188,53.41,20.729,50.566,1.01,51.124,50.109,,45921
2020,59680162B53228015633193,Tangaza,Sokoto,North West,13.479,4.97,26088,0,93.016,26.1,5.01,73.924,32.634,60.38,26.311,3,82.742,36.194,45.179,8.078,61.061,0.6,61.393,60.79,57.184,15930
2021,59680162B53228015633193,Tangaza,Sokoto,North West,13.479,4.97,26088,0,87.174,34.866,4.076,58.13,24.78,45.841,33.892,3,67.938,37.968,58.337,19.002,57.184,1.91,58.232,56.326,46.203,14918
2022,59680162B53228015633193,Tangaza,Sokoto,North West,13.479,4.97,26088,0,93.299,39.916,4.259,57.596,48.068,18.23,28.478,0,74.038,34.58,38.027,12.989,46.203,2.83,47.76,44.93,51.747,12054
2023,59680162B53228015633193,Tangaza,Sokoto,North West,13.479,4.97,26088,0,86.76,41.827,3.758,46.585,23.072,24.464,21.773,2,57.973,29.013,42.589,12.586,51.747,2.91,53.349,50.435,57.719,13500
2024,59680162B53228015633193,Tangaza,Sokoto,North West,13.479,4.97,26088,0,93.614,30.237,5.067,58.314,28.142,41.817,26.533,1,48.938,49.757,43.323,16.147,57.719,3.3,59.532,56.235,44.213,15058
2025,59680162B53228015633193,Tangaza,Sokoto,North West,13.479,4.97,26088,0,81.885,32.039,3.231,63.248,33.627,43.128,33.635,0,66.436,18.309,48.564,23.334,44.213,2.9,45.808,42.907,,11534
2020,59680162B53329994117155,Aba North,Abia,South East,5.108,7.34,60384,1,57.909,99.0,1.447,47.25,81.653,96.707,7.894,1,17.583,15.125,69.195,30.568,18.442,-2.61,17.006,19.617,5.16,11136
2021,59680162B53329994117155,Aba North,Abia,South East,5.108,7.34,60384,1,46.287,99.0,0.2,30.734,80.743,71.594,3.989,0,36.129,8.853,99.0,23.743,5.16,0.06,5.192,5.133,4.955,3116
2022,59680162B53329994117155,Aba North,Abia,South East,5.108,7.34,60384,1,49.745,76.35,0.2,36.573,89.59,84.558,5.56,0,42.09,0.0,99.0,16.038,4.955,-2.13,3.783,5.913,2.713,2992
2023,59680162B53329994117155,Aba North,Abia,South East,5.108,7.34,60384,1,59.3,96.232,0.2,41.939,65.66,99.0,1.632,0,34.419,0.0,99.0,14.606,2.713,-2.93,1.103,4.031,10.732,1638
2024,59680162B53329994117155,Aba North,Abia,South East,5.108,7.34,60384,1,55.178,99.0,1.062,32.984,86.769,80.481,3.322,1,42.448,0.0,99.0,15.795,10.732,-1.99,9.638,11.627,10.876,6480
2025,59680162B53329994117155,Aba North,Abia,South East,5.108,7.34,60384,1,56.313,73.693,0.2,28.428,99.0,99.0,13.306,1,53.706,3.163,99.0,28.635,10.876,-2.74,9.366,12.111,,6567
2020,59680162B53652676960042,Gbonyin,Ekiti,South West,7.588,5.497,18331,0,63.419,76.325,0.3,36.465,70.701,63.819,16.925,0,25.035,13.406,88.392,9.836,21.511,1.3,22.226,20.927,18.713,3943
2021,59680162B53652676960042,Gbonyin,Ekiti,South West,7.588,5.497,18331,0,65.2,98.185,1.055,20.457,77.374,78.779,21.347,0,35.189,4.298,72.436,25.848,18.713,-1.29,18.004,19.293,9.343,3430
2022,59680162B53652676960042,Gbonyin,Ekiti,South West,7.588,5.497,18331,0,63.782,82.624,1.194,39.317,78.306,56.599,0.5,0,43.245,0.0,86.103,13.925,9.343,-0.12,9.28,9.395,22.624,1713
2023,59680162B53652676960042,Gbonyin,Ekiti,South West,7.588,5.497,18331,0,69.258,72.496,2.089,43.863,99.0,60.275,2.589,2,29.236,0.0,71.516,17.596,22.624,-0.65,22.266,22.916,23.595,4147
2024,59680162B53652676960042,Gbonyin,Ekiti,South West,7.588,5.497,18331,0,61.654,77.479,2.825,29.525,69.019,70.103,7.544,1,25.022,3.358,89.043,24.059,23.595,-0.97,23.06,24.033,22.896,4325
2025,59680162B53652676960042,Gbonyin,Ekiti,South West,7.588,5.497,18331,0,65.837,79.178,3.051,33.454,71.81,87.861,13.952,0,36.559,0.0,94.409,24.091,22.896,-0.22,22.775,22.995,,4197
2020,59680162B537197556674,Atiba,Oyo,South West,8.041,3.904,51886,1,43.571,74.239,1.16,29.69,53.704,89.608,5.098,0,44.594,0.0,82.398,18.417,5.941,3.09,7.642,4.549,7.674,3083
2021,59680162B537197556674,Atiba,Oyo,South West,8.041,3.904,51886,1,43.027,78.268,0.524,49.146,91.128,99.0,12.213,0,47.949,9.644,99.0,17.642,7.674,-2.68,6.2,8.88,0.8,3982
2022,59680162B537197556674,Atiba,Oyo,South West,8.041,3.904,51886,1,51.893,96.766,0.422,40.207,87.819,99.0,7.335,1,36.176,0.0,99.0,22.142,0.8,-2.56,0.5,1.954,5.301,415
2023,59680162B537197556674,Atiba,Oyo,South West,8.041,3.904,51886,1,42.944,99.0,0.2,23.877,81.703,94.166,9.684,0,54.021,1.607,99.0,29.196,5.301,-2.41,3.973,6.386,4.524,2750
2024,59680162B537197556674,Atiba,Oyo,South West,8.041,3.904,51886,1,46.44,86.901,1.394,41.571,76.044,99.0,5.211,0,36.668,0.733,98.665,15.136,4.524,-0.83,4.07,4.896,5.713,2347
2025,59680162B537197556674,Atiba,Oyo,South West,8.041,3.904,51886,1,57.186,99.0,0.383,30.689,82.996,99.0,0.5,1,44.949,0.0,99.0,26.428,5.713,-3.0,4.063,7.063,,2964
2020,59680162B53764009147535,Ogun Waterside,Ogun,South West,6.48,4.378,45417,0,66.949,75.988,0.92,39.086,66.239,74.47,1.0,1,30.153,0.493,63.524,15.778,17.269,1.43,18.056,16.625,16.158,7843
2021,59680162B53764009147535,Ogun Waterside,Ogun,South West,6.48,4.378,45417,0,51.158,69.941,0.592,37.688,56.731,69.43,20.092,1,37.133,5.309,90.269,19.326,16.158,-2.08,15.015,17.094,15.558,7339
2022,59680162B53764009147535,Ogun Waterside,Ogun,South West,6.48,4.378,45417,0,60.174,86.405,1.686,34.053,72.834,57.299,13.733,0,43.181,18.654,88.854,20.828,15.558,-0.77,15.132,15.907,17.996,7066
2023,59680162B53764009147535,Ogun Waterside,Ogun,South West,6.48,4.378,45417,0,62.558,69.815,0.346,28.129,77.165,76.869,12.017,0,36.994,4.368,89.27,59.044,17.996,0.09,18.043,17.957,1.841,8173
2024,59680162B53764009147535,Ogun Waterside,Ogun,South West,6.48,4.378,45417,0,53.108,82.579,0.2,21.158,84.401,99.0,13.716,0,45.11,12.0,95.495,26.33,1.841,-2.95,0.5,3.171,22.333,836
2025,59680162B53764009147535,Ogun Waterside,Ogun,South West,6.48,4.378,45417,0,60.208,73.566,1.636,34.984,64.057,82.443,12.381,2,32.456,0.0,99.0,33.23,22.333,-0.95,21.812,22.759,,10143
2020,59680162B53803782710688,Talata Mafara,Zamfara,North West,12.398,6.082,24725,0,88.032,37.271,4.145,48.556,20.658,40.128,23.469,1,51.442,43.204,66.286,8.304,42.726,3.41,44.601,41.191,64.475,10564
2021,59680162B53803782710688,Talata Mafara,Zamfara,North West,12.398,6.082,24725,0,96.053,34.484,6.354,76.372,28.456,49.583,42.889,0,65.53,51.018,43.495,13.058,64.475,1.03,65.044,64.011,58.93,15942
2022,59680162B53803782710688,Talata Mafara,Zamfara,North West,12.398,6.082,24725,0,93.486,32.345,5.157,61.859,11.65,25.884,34.575,2,64.287,45.181,44.432,8.394,58.93,2.64,60.381,57.743,44.51,14570
2023,59680162B53803782710688,Talata Mafara,Zamfara,North West,12.398,6.082,24725,0,82.99,21.159,1.922,56.042,18.835,22.498,18.77,0,43.023,35.904,62.384,25.954,44.51,0.54,44.807,44.267,44.993,11005
2024,59680162B53803782710688,Talata Mafara,Zamfara,North West,12.398,6.082,24725,0,92.91,18.992,5.338,61.641,29.751,49.371,36.937,1,27.34,16.347,49.97,16.765,44.993,3.07,46.683,43.609,42.68,11124
2025,59680162B53803782710688,Talata Mafara,Zamfara,North West,12.398,6.082,24725,0,90.69,42.118,2.039,86.583,33.95,43.2,27.42,2,73.036,21.599,62.866,30.603,42.68,1.56,43.537,41.98,,10553
2020,59680162B54095353953704,Kibiya,Kano,North West,11.495,8.696,67157,0,89.448,26.77,4.774,60.214,37.39,51.931,41.389,2,63.945,41.986,44.495,18.622,55.465,1.05,56.042,54.993,50.437,37249
2021,59680162B54095353953704,Kibiya,Kano,North West,11.495,8.696,67157,0,90.338,34.438,4.265,65.82,30.861,59.32,35.563,1,62.985,44.698,47.254,21.026,50.437,2.79,51.972,49.182,57.441,33872
2022,59680162B54095353953704,Kibiya,Kano,North West,11.495,8.696,67157,0,86.446,29.856,4.258,60.458,23.012,29.353,29.919,1,53.303,35.831,42.648,13.234,57.441,0.67,57.808,57.141,50.614,38576
2023,59680162B54095353953704,Kibiya,Kano,North West,11.495,8.696,67157,0,88.382,42.129,4.465,56.564,29.347,43.517,39.837,2,52.208,23.725,54.264,21.474,50.614,0.98,51.151,50.176,56.124,33991
2024,59680162B54095353953704,Kibiya,Kano,North West,11.495,8.696,67157,0,98.996,41.666,7.089,72.128,20.116,53.007,23.886,1,58.322,35.997,43.563,20.209,56.124,1.42,56.908,55.483,51.847,37691
2025,59680162B54095353953704,Kibiya,Kano,North West,11.495,8.696,67157,0,98.315,36.775,4.041,62.918,50.442,26.492,37.381,0,79.7,24.866,68.677,22.847,51.847,0.34,52.033,51.694,,34819
2020,59680162B54185205976265,Jama'Are,Bauchi,North East,11.652,9.889,10125,0,93.546,39.108,4.903,43.938,17.064,60.498,9.394,5,83.499,18.773,55.231,10.762,44.559,0.68,44.931,44.255,51.274,4512
2021,59680162B54185205976265,Jama'Are,Bauchi,North East,11.652,9.889,10125,0,88.636,38.597,5.243,71.186,53.131,57.546,30.355,4,72.793,33.823,34.155,14.289,51.274,2.77,52.797,50.028,40.308,5191
2022,59680162B54185205976265,Jama'Are,Bauchi,North East,11.652,9.889,10125,0,99.0,32.932,2.687,64.793,53.934,38.068,22.379,2,65.713,27.13,70.965,13.846,40.308,4.56,42.815,38.257,48.621,4081
2023,59680162B54185205976265,Jama'Are,Bauchi,North East,11.652,9.889,10125,0,81.301,45.735,3.463,61.896,28.253,42.213,23.717,11,50.949,32.733,50.57,24.937,48.621,1.18,49.267,48.092,48.429,4923
2024,59680162B54185205976265,Jama'Are,Bauchi,North East,11.652,9.889,10125,0,95.002,41.227,2.855,63.695,22.447,63.535,22.334,4,70.28,21.463,46.883,14.255,48.429,1.27,49.128,47.858,42.212,4903
2025,59680162B54185205976265,Jama'Are,Bauchi,North East,11.652,9.889,10125,0,82.736,35.844,5.064,56.437,49.811,51.775,26.668,4,70.983,19.344,49.134,14.485,42.212,3.04,43.886,40.843,,4274
2020,59680162B54275853767873,Akoko-Edo,Edo,South South,7.352,6.125,32485,1,71.291,81.423,1.792,47.723,66.365,83.544,17.258,2,43.334,0.0,91.033,12.38,15.397,-1.48,14.582,16.064,10.894,5002
2021,59680162B54275853767873,Akoko-Edo,Edo,South South,7.352,6.125,32485,1,57.113,88.094,0.236,43.21,64.908,99.0,9.111,2,70.532,4.001,95.515,40.621,10.894,0.49,11.163,10.674,15.58,3539
2022,59680162B54275853767873,Akoko-Edo,Edo,South South,7.352,6.125,32485,1,54.338,75.532,1.311,49.919,36.864,80.583,12.21,3,40.772,6.197,90.095,16.382,15.58,-0.58,15.261,15.842,11.129,5061
2023,59680162B54275853767873,Akoko-Edo,Edo,South South,7.352,6.125,32485,1,59.925,79.968,0.735,35.041,69.891,66.794,8.979,0,40.108,1.542,74.576,21.457,11.129,2.4,12.45,10.049,2.894,3615
2024,59680162B54275853767873,Akoko-Edo,Edo,South South,7.352,6.125,32485,1,45.731,99.0,0.2,43.812,90.37,79.804,11.649,0,44.165,0.0,86.442,36.868,2.894,1.8,3.885,2.084,7.388,940
2025,59680162B54275853767873,Akoko-Edo,Edo,South South,7.352,6.125,32485,1,59.056,72.907,0.2,42.53,84.074,99.0,1.067,1,60.963,0.0,78.987,47.815,7.388,-2.22,6.165,8.389,,2400
2020,59680162B54301811333050,Ifelodun,Osun,South West,7.929,4.637,20895,1,59.998,87.054,1.389,31.679,84.363,98.998,11.168,0,36.237,0.0,96.357,26.765,8.334,-0.13,8.261,8.394,15.081,1741
2021,59680162B54301811333050,Ifelodun,Osun,South West,7.929,4.637,20895,1,62.351,99.0,0.2,37.474,78.212,99.0,2.632,0,41.239,10.929,85.374,37.617,15.081,-0.1,15.025,15.127,12.37,3151
2022,59680162B54301811333050,Ifelodun,Osun,South West,7.929,4.637,20895,1,59.62,89.461,0.961,23.119,99.0,85.417,20.468,0,52.897,1.373,76.46,21.018,12.37,-3.0,10.72,13.72,1.477,2585
2023,59680162B54301811333050,Ifelodun,Osun,South West,7.929,4.637,20895,1,52.73,99.0,0.2,32.063,92.848,93.462,10.658,2,31.67,0.818,95.364,29.181,1.477,-2.94,0.5,2.8,0.8,309
2024,59680162B54301811333050,Ifelodun,Osun,South West,7.929,4.637,20895,1,52.924,92.6,1.184,32.496,71.422,99.0,0.5,0,9.0,3.787,99.0,22.362,0.8,0.21,0.913,0.707,0.8,167
2025,59680162B54301811333050,Ifelodun,Osun,South West,7.929,4.637,20895,1,49.744,98.601,0.2,42.773,99.0,99.0,4.535,0,29.424,0.0,99.0,27.642,0.8,-1.49,0.5,1.468,,167
2020,59680162B54313559089261,Alimosho,Lagos,South West,6.582,3.254,45561,0,67.442,75.478,0.986,25.678,84.929,99.0,14.024,1,30.124,8.93,85.523,36.184,19.668,-0.78,19.238,20.02,24.053,8961
2021,59680162B54313559089261,Alimosho,Lagos,South West,6.582,3.254,45561,0,63.402,93.312,3.496,41.942,63.301,98.54,15.079,0,41.174,7.163,98.278,17.702,24.053,-3.0,22.403,25.403,21.908,10959
2022,59680162B54313559089261,Alimosho,Lagos,South West,6.582,3.254,45561,0,70.862,93.452,1.903,38.25,54.157,78.166,12.269,0,40.859,8.853,70.118,20.127,21.908,-2.31,20.64,22.946,5.738,9982
2023,59680162B54313559089261,Alimosho,Lagos,South West,6.582,3.254,45561,0,57.622,85.292,1.922,29.932,90.556,99.0,8.923,0,15.819,2.122,93.506,29.464,5.738,-1.47,4.931,6.398,21.798,2614
2024,59680162B54313559089261,Alimosho,Lagos,South West,6.582,3.254,45561,0,66.55,80.441,1.167,35.493,62.931,82.788,16.869,0,42.504,0.0,99.0,43.802,21.798,1.03,22.364,21.334,10.463,9931
2025,59680162B54313559089261,Alimosho,Lagos,South West,6.582,3.254,45561,0,68.636,93.692,0.2,32.375,99.0,82.449,8.95,0,39.615,8.106,76.704,27.653,10.463,0.05,10.491,10.44,,4767
2020,59680162B54356159238049,Orumba North,Anambra,South East,6.124,7.163,26040,1,57.57,99.0,0.881,36.241,81.557,68.549,4.645,1,28.029,0.0,84.205,23.066,9.982,-3.0,8.332,11.332,5.73,2599
2021,59680162B54356159238049,Orumba North,Anambra,South East,6.124,7.163,26040,1,59.107,99.0,1.521,42.059,68.21,99.0,1.629,1,35.388,4.252,83.888,26.795,5.73,-2.09,4.58,6.671,5.059,1492
2022,59680162B54356159238049,Orumba North,Anambra,South East,6.124,7.163,26040,1,55.161,99.0,1.493,45.865,75.253,94.661,4.284,0,47.13,3.168,85.377,10.493,5.059,-0.64,4.705,5.349,11.855,1317
2023,59680162B54356159238049,Orumba North,Anambra,South East,6.124,7.163,26040,1,64.469,99.0,1.418,33.428,80.746,99.0,12.98,1,21.433,0.0,97.235,17.994,11.855,-0.98,11.316,12.295,0.8,3087
2024,59680162B54356159238049,Orumba North,Anambra,South East,6.124,7.163,26040,1,63.567,99.0,0.427,38.901,98.646,99.0,8.119,2,6.558,0.0,99.0,24.332,0.8,-1.91,0.5,1.658,9.281,208
2025,59680162B54356159238049,Orumba North,Anambra,South East,6.124,7.163,26040,1,57.801,95.898,2.052,36.517,97.862,99.0,0.66,0,31.252,6.105,99.0,23.503,9.281,-2.44,7.937,10.381,,2417
2020,59680162B54666922464494,Sandamu,Katsina,North West,12.933,8.406,18061,0,84.22,41.619,3.04,65.327,38.375,25.19,29.659,2,67.945,20.41,50.842,25.162,41.662,-3.0,40.012,43.012,41.724,7525
2021,59680162B54666922464494,Sandamu,Katsina,North West,12.933,8.406,18061,0,88.718,40.981,4.06,78.729,27.205,45.013,27.242,0,67.512,18.998,61.211,46.409,41.724,-2.54,40.326,42.868,61.262,7536
2022,59680162B54666922464494,Sandamu,Katsina,North West,12.933,8.406,18061,0,93.92,39.13,3.936,67.956,36.475,45.155,33.799,3,48.905,35.746,58.142,13.489,61.262,3.54,63.208,59.67,60.045,11064
2023,59680162B54666922464494,Sandamu,Katsina,North West,12.933,8.406,18061,0,91.889,36.254,4.008,60.976,15.611,63.647,33.354,3,62.371,31.732,23.028,14.921,60.045,-0.27,59.895,60.167,44.076,10845
2024,59680162B54666922464494,Sandamu,Katsina,North West,12.933,8.406,18061,0,80.94,40.232,3.802,67.686,44.161,42.305,28.474,1,57.671,29.433,58.242,23.887,44.076,-0.8,43.634,44.438,47.211,7961
2025,59680162B54666922464494,Sandamu,Katsina,North West,12.933,8.406,18061,0,78.535,50.562,3.803,63.662,32.423,61.508,32.969,1,51.624,44.207,39.023,17.873,47.211,2.66,48.672,46.015,,8527
2020,59680162B54887547034560,Emure,Ekiti,South West,7.406,5.502,61464,1,57.261,87.451,2.263,31.024,70.751,99.0,19.011,0,45.02,0.0,97.76,27.689,20.322,-3.0,18.672,21.672,9.874,12491
2021,59680162B54887547034560,Emure,Ekiti,South West,7.406,5.502,61464,1,58.856,87.305,0.723,39.959,85.536,93.134,1.863,0,61.466,0.0,99.0,36.302,9.874,-0.56,9.567,10.126,19.601,6069
2022,59680162B54887547034560,Emure,Ekiti,South West,7.406,5.502,61464,1,59.323,84.981,0.764,30.285,58.571,93.711,0.5,0,40.711,8.279,99.0,19.712,19.601,0.7,19.985,19.287,4.588,12048
2023,59680162B54887547034560,Emure,Ekiti,South West,7.406,5.502,61464,1,52.816,97.718,1.123,37.976,94.894,99.0,11.876,1,25.436,0.0,99.0,32.666,4.588,-2.17,3.397,5.563,10.297,2820
2024,59680162B54887547034560,Emure,Ekiti,South West,7.406,5.502,61464,1,46.248,92.41,1.098,45.31,74.587,85.966,5.541,0,32.08,4.626,96.315,26.167,10.297,-0.09,10.247,10.339,13.127,6329
2025,59680162B54887547034560,Emure,Ekiti,South West,7.406,5.502,61464,1,55.734,82.919,1.441,49.83,76.695,99.0,0.5,0,45.006,0.0,90.868,23.221,13.127,-0.7,12.744,13.44,,8068
2020,59680162B54897023187709,Orelope,Oyo,South West,8.782,3.789,15316,1,51.194,83.217,1.009,51.404,68.803,99.0,6.415,0,37.316,0.0,84.024,16.727,9.635,-2.55,8.233,10.781,7.631,1476
2021,59680162B54897023187709,Orelope,Oyo,South West,8.782,3.789,15316,1,50.441,86.597,0.2,32.46,84.915,99.0,1.302,0,41.957,0.0,88.378,10.824,7.631,-1.92,6.574,8.495,0.8,1169
2022,59680162B54897023187709,Orelope,Oyo,South West,8.782,3.789,15316,1,44.627,83.622,1.594,28.984,95.114,99.0,4.324,0,28.511,10.431,99.0,22.192,0.8,-1.05,0.5,1.274,9.26,123
2023,59680162B54897023187709,Orelope,Oyo,South West,8.782,3.789,15316,1,60.986,80.988,1.708,25.07,94.836,75.166,6.035,2,30.169,0.0,91.017,19.301,9.26,-1.53,8.419,9.947,0.869,1418
2024,59680162B54897023187709,Orelope,Oyo,South West,8.782,3.789,15316,1,53.744,95.757,0.87,43.685,83.042,99.0,1.402,1,49.018,0.0,99.0,19.51,0.869,-0.59,0.543,1.135,1.471,133
2025,59680162B54897023187709,Orelope,Oyo,South West,8.782,3.789,15316,1,50.517,99.0,2.421,50.857,76.091,80.158,0.5,0,53.855,0.0,99.0,25.407,1.471,-0.54,1.177,1.712,,225
2020,59680162B54973397451304,Remo North,Ogun,South West,7.004,3.72,25521,1,63.054,94.277,1.221,46.774,63.785,99.0,0.5,0,45.33,0.0,86.303,23.124,5.024,0.94,5.543,4.599,6.549,1282
2021,59680162B54973397451304,Remo North,Ogun,South West,7.004,3.72,25521,1,57.618,98.014,0.2,44.395,63.296,82.081,19.246,0,27.206,0.0,99.0,11.407,6.549,1.0,7.1,6.098,19.741,1671
2022,59680162B54973397451304,Remo North,Ogun,South West,7.004,3.72,25521,1,58.645,91.825,1.355,38.005,88.986,98.25,0.5,0,42.049,0.0,90.907,22.667,19.741,-2.65,18.282,20.935,6.053,5038
2023,59680162B54973397451304,Remo North,Ogun,South West,7.004,3.72,25521,1,60.431,80.367,0.2,46.891,78.343,96.903,15.876,0,26.468,0.0,99.0,37.477,6.053,-1.02,5.494,6.511,6.119,1545
2024,59680162B54973397451304,Remo North,Ogun,South West,7.004,3.72,25521,1,49.859,96.457,1.012,47.48,61.37,99.0,0.5,0,40.512,0.0,99.0,64.579,6.119,-3.0,4.469,7.469,7.257,1562
2025,59680162B54973397451304,Remo North,Ogun,South West,7.004,3.72,25521,1,54.528,89.977,0.593,31.679,75.853,91.345,18.229,0,52.178,7.72,99.0,21.788,7.257,-1.07,6.669,7.739,,1852
2020,59680162B54988677972163,Jibia,Katsina,North West,12.988,7.468,67432,0,98.12,26.516,4.25,62.671,21.903,57.021,30.811,2,49.18,29.915,41.186,8.347,53.796,1.66,54.709,53.048,60.321,36276
2021,59680162B54988677972163,Jibia,Katsina,North West,12.988,7.468,67432,0,95.641,27.705,6.652,55.199,35.172,46.27,38.125,1,69.372,52.524,42.614,13.401,60.321,0.34,60.507,60.168,48.396,40675
2022,59680162B54988677972163,Jibia,Katsina,North West,12.988,7.468,67432,0,85.814,21.573,4.428,56.459,26.367,13.453,29.72,2,50.984,48.855,63.68,22.447,48.396,2.17,49.591,47.418,55.126,32634
2023,59680162B54988677972163,Jibia,Katsina,North West,12.988,7.468,67432,0,93.752,33.333,5.207,36.881,10.667,42.536,36.11,3,49.298,20.3,47.235,16.23,55.126,2.03,56.24,54.215,55.747,37173
2024,59680162B54988677972163,Jibia,Katsina,North West,12.988,7.468,67432,0,89.855,51.735,4.137,59.131,17.163,46.294,37.17,1,58.428,33.389,51.669,38.858,55.747,2.53,57.139,54.608,54.264,37591
2025,59680162B54988677972163,Jibia,Katsina,North West,12.988,7.468,67432,0,88.131,33.656,4.782,60.176,36.583,40.954,30.389,1,70.22,33.997,58.624,14.926,54.264,2.47,55.623,53.152,,36591
2020,59680162B55022918372626,Kabo,Kano,North West,11.891,8.182,76987,1,72.434,64.263,4.996,71.314,49.024,63.187,28.155,1,46.142,29.002,55.134,8.723,49.752,2.25,50.991,48.738,51.841,38303
2021,59680162B55022918372626,Kabo,Kano,North West,11.891,8.182,76987,1,75.458,48.176,3.319,76.218,53.172,58.653,39.692,3,60.916,22.415,65.903,17.322,51.841,0.43,52.077,51.648,38.795,39911
2022,59680162B55022918372626,Kabo,Kano,North West,11.891,8.182,76987,1,80.41,50.648,1.545,64.134,30.035,75.169,20.135,2,70.238,30.409,56.779,14.305,38.795,1.83,39.801,37.973,41.848,29867
2023,59680162B55022918372626,Kabo,Kano,North West,11.891,8.182,76987,1,83.103,32.243,3.125,66.384,43.848,52.78,26.352,0,64.922,47.123,73.497,12.173,41.848,1.72,42.793,41.075,47.445,32218
2024,59680162B55022918372626,Kabo,Kano,North West,11.891,8.182,76987,1,85.157,66.588,4.429,80.069,29.788,43.976,30.406,1,43.136,25.943,70.561,19.285,47.445,0.56,47.755,47.192,43.015,36527
2025,59680162B55022918372626,Kabo,Kano,North West,11.891,8.182,76987,1,89.395,51.177,4.17,62.184,45.332,31.859,21.225,3,80.23,20.109,48.794,18.124,43.015,0.56,43.324,42.762,,33116
2020,59680162B55124041708975,Dass,Bauchi,North East,10.008,9.474,53950,1,80.253,51.056,2.877,67.952,17.698,61.174,24.278,7,73.771,25.385,51.866,14.864,51.257,0.05,51.285,51.233,41.289,27653
2021,59680162B55124041708975,Dass,Bauchi,North East,10.008,9.474,53950,1,79.496,62.149,3.023,59.955,51.779,32.696,18.266,6,74.079,19.765,65.622,39.729,41.289,1.35,42.03,40.683,41.036,22275
2022,59680162B55124041708975,Dass,Bauchi,North East,10.008,9.474,53950,1,83.308,48.626,1.576,70.311,65.334,70.632,30.461,4,68.982,36.015,65.052,18.873,41.036,-1.96,39.959,41.917,40.205,22139
2023,59680162B55124041708975,Dass,Bauchi,North East,10.008,9.474,53950,1,90.898,57.588,3.871,49.108,22.931,44.061,17.051,8,63.056,28.304,65.07,18.368,40.205,-0.79,39.771,40.56,44.536,21691
2024,59680162B55124041708975,Dass,Bauchi,North East,10.008,9.474,53950,1,90.856,54.799,1.704,44.669,50.277,41.284,24.405,7,56.79,31.594,54.986,23.913,44.536,1.3,45.25,43.952,34.863,24027
2025,59680162B55124041708975,Dass,Bauchi,North East,10.008,9.474,53950,1,69.766,54.098,3.368,49.332,58.888,53.739,22.529,3,62.101,20.807,56.888,13.332,34.863,1.34,35.6,34.26,,18808
2020,59680162B55239717258244,Zurmi,Zamfara,North West,12.857,6.76,36835,0,89.792,33.242,5.443,61.142,34.275,36.818,29.586,0,67.065,31.76,27.814,11.506,55.697,1.41,56.472,55.062,54.614,20516
2021,59680162B55239717258244,Zurmi,Zamfara,North West,12.857,6.76,36835,0,95.635,30.283,5.041,70.245,24.294,31.265,26.236,1,65.817,31.775,40.92,26.107,54.614,1.17,55.256,54.088,50.611,20117
2022,59680162B55239717258244,Zurmi,Zamfara,North West,12.857,6.76,36835,0,80.633,34.843,4.004,80.751,35.836,18.615,34.989,1,67.718,31.283,37.147,17.057,50.611,2.11,51.774,49.659,48.863,18642
2023,59680162B55239717258244,Zurmi,Zamfara,North West,12.857,6.76,36835,0,86.823,31.418,5.049,53.414,24.7,55.668,30.662,1,69.34,43.54,42.404,12.918,48.863,3.93,51.026,47.094,60.508,17999
2024,59680162B55239717258244,Zurmi,Zamfara,North West,12.857,6.76,36835,0,83.911,29.418,3.947,73.531,39.695,24.148,35.191,5,54.024,22.426,44.894,14.87,60.508,2.54,61.902,59.367,49.283,22288
2025,59680162B55239717258244,Zurmi,Zamfara,North West,12.857,6.76,36835,0,82.046,36.839,5.171,65.694,38.549,50.13,33.871,1,73.108,19.02,61.023,16.337,49.283,2.98,50.922,47.942,,18153
2020,59680162B5525087107293,Oyun,Kwara,North Central,8.184,4.631,57764,0,70.961,67.156,2.377,66.297,39.839,64.324,26.857,3,56.239,9.961,68.811,19.804,37.666,2.43,39.003,36.572,34.83,21757
2021,59680162B5525087107293,Oyun,Kwara,North Central,8.184,4.631,57764,0,65.828,68.428,0.39,52.077,45.602,64.571,21.614,1,68.518,20.957,74.229,33.389,34.83,0.73,35.231,34.502,39.198,20119
2022,59680162B5525087107293,Oyun,Kwara,North Central,8.184,4.631,57764,0,77.164,81.298,2.904,60.108,45.27,65.545,19.662,1,40.471,18.808,72.601,30.061,39.198,-1.55,38.346,39.895,37.193,22642
2023,59680162B5525087107293,Oyun,Kwara,North Central,8.184,4.631,57764,0,70.958,58.414,3.213,31.986,35.654,54.744,29.078,2,66.426,20.038,55.657,13.141,37.193,1.69,38.12,36.434,31.401,21484
2024,59680162B5525087107293,Oyun,Kwara,North Central,8.184,4.631,57764,0,72.725,70.804,1.037,57.891,42.052,65.298,12.083,3,39.355,0.0,80.386,21.756,31.401,0.2,31.513,31.31,29.907,18139
2025,59680162B5525087107293,Oyun,Kwara,North Central,8.184,4.631,57764,0,72.3,63.465,3.456,35.174,54.285,61.266,13.019,0,60.367,0.0,45.492,14.67,29.907,-1.15,29.273,30.426,,17276
2020,59680162B5540117047510,Okitipupa,Ondo,South West,6.565,4.73,35536,0,69.313,79.88,0.759,20.838,67.896,64.313,9.132,1,30.588,8.921,62.598,28.349,21.037,2.16,22.222,20.067,26.287,7476
2021,59680162B5540117047510,Okitipupa,Ondo,South West,6.565,4.73,35536,0,62.058,88.441,1.805,54.246,59.05,96.876,24.762,2,37.718,0.0,84.808,24.461,26.287,-3.0,24.637,27.637,12.104,9341
2022,59680162B5540117047510,Okitipupa,Ondo,South West,6.565,4.73,35536,0,46.851,70.731,0.346,46.297,70.036,84.22,9.252,1,34.795,4.776,81.751,14.724,12.104,-3.0,10.454,13.454,17.96,4301
2023,59680162B5540117047510,Okitipupa,Ondo,South West,6.565,4.73,35536,0,66.208,75.06,2.043,22.943,68.783,73.935,5.709,0,27.674,3.502,75.218,28.024,17.96,-1.09,17.359,18.452,17.633,6382
2024,59680162B5540117047510,Okitipupa,Ondo,South West,6.565,4.73,35536,0,76.564,90.761,0.745,28.089,66.327,78.76,11.18,2,44.27,0.0,93.425,36.255,17.633,-2.74,16.124,18.867,20.319,6266
2025,59680162B5540117047510,Okitipupa,Ondo,South West,6.565,4.73,35536,0,65.026,84.699,1.58,33.367,70.403,95.989,12.138,0,27.353,12.803,93.636,24.961,20.319,-0.0,20.317,20.32,,7221
2020,59680162B55504856664882,Fakai,Kebbi,North West,11.538,4.822,36954,0,94.181,41.163,5.082,53.519,41.325,59.944,24.668,2,79.71,39.582,34.579,14.457,54.022,3.48,55.936,52.455,52.9,19963
2021,59680162B55504856664882,Fakai,Kebbi,North West,11.538,4.822,36954,0,86.693,53.703,5.849,56.263,29.101,16.265,32.635,2,71.864,34.459,37.486,30.956,52.9,-1.82,51.9,53.717,61.409,19549
2022,59680162B55504856664882,Fakai,Kebbi,North West,11.538,4.822,36954,0,88.764,45.04,5.228,68.807,24.555,22.399,28.982,2,69.259,42.246,42.854,19.388,61.409,0.66,61.77,61.114,37.002,22693
2023,59680162B55504856664882,Fakai,Kebbi,North West,11.538,4.822,36954,0,86.873,42.451,4.436,36.114,49.007,53.087,26.762,2,67.13,31.388,24.959,15.373,37.002,1.28,37.703,36.428,48.364,13674
2024,59680162B55504856664882,Fakai,Kebbi,North West,11.538,4.822,36954,0,88.065,41.35,4.083,62.011,24.847,17.653,26.642,0,56.209,35.657,52.992,14.939,48.364,3.61,50.35,46.739,39.203,17872
2025,59680162B55504856664882,Fakai,Kebbi,North West,11.538,4.822,36954,0,87.948,47.148,1.603,52.193,31.392,42.952,23.701,0,66.236,24.018,59.745,16.714,39.203,-0.63,38.857,39.486,,14487
2020,59680162B55690925628014,Efon,Ekiti,South West,7.677,4.944,153401,1,53.922,99.0,0.2,47.211,79.626,90.241,4.334,0,31.249,3.26,94.203,21.506,4.374,-0.6,4.046,4.641,16.367,6709
2021,59680162B55690925628014,Efon,Ekiti,South West,7.677,4.944,153401,1,64.274,84.156,2.103,44.439,66.624,89.186,4.573,0,35.694,16.529,99.0,22.622,16.367,-1.77,15.391,17.166,15.131,25108
2022,59680162B55690925628014,Efon,Ekiti,South West,7.677,4.944,153401,1,57.941,89.504,0.819,21.523,57.465,78.356,14.493,0,56.365,0.0,99.0,22.537,15.131,-2.11,13.968,16.082,10.79,23211
2023,59680162B55690925628014,Efon,Ekiti,South West,7.677,4.944,153401,1,50.324,99.0,2.308,22.803,94.062,90.704,0.5,2,39.407,0.0,95.34,18.948,10.79,-3.0,9.14,12.14,12.929,16551
2024,59680162B55690925628014,Efon,Ekiti,South West,7.677,4.944,153401,1,65.99,74.846,0.2,45.177,99.0,99.0,7.451,0,30.298,0.0,99.0,21.775,12.929,-2.03,11.813,13.843,10.409,19833
2025,59680162B55690925628014,Efon,Ekiti,South West,7.677,4.944,153401,1,49.974,93.256,0.258,52.451,88.297,84.636,14.855,1,27.413,0.0,77.914,25.169,10.409,0.25,10.547,10.297,,15968
2020,59680162B5579026585541,Madobi,Kano,North West,11.815,8.341,83521,1,72.127,35.131,4.313,68.439,47.406,61.608,36.044,0,61.114,37.242,37.052,11.794,48.932,2.54,50.328,47.79,33.202,40869
2021,59680162B5579026585541,Madobi,Kano,North West,11.815,8.341,83521,1,74.213,66.685,2.874,64.172,43.269,51.201,17.939,1,56.732,34.347,56.37,21.244,33.202,1.93,34.262,32.335,43.641,27731
2022,59680162B5579026585541,Madobi,Kano,North West,11.815,8.341,83521,1,91.096,54.063,3.478,55.961,42.468,47.877,23.889,3,83.638,40.534,46.96,21.425,43.641,0.87,44.12,43.25,44.134,36450
2023,59680162B5579026585541,Madobi,Kano,North West,11.815,8.341,83521,1,87.951,44.781,5.777,70.073,40.11,55.26,28.544,1,54.491,19.971,66.041,32.55,44.134,1.97,45.217,43.249,41.253,36862
2024,59680162B5579026585541,Madobi,Kano,North West,11.815,8.341,83521,1,82.946,53.085,1.827,69.339,45.897,44.709,19.456,2,66.994,17.728,55.925,19.218,41.253,2.01,42.357,40.35,40.852,34455
2025,59680162B5579026585541,Madobi,Kano,North West,11.815,8.341,83521,1,87.808,52.674,1.997,79.62,29.36,48.807,18.224,1,54.07,44.896,57.223,15.734,40.852,-2.04,39.728,41.77,,34120
2020,59680162B55799213409467,Akamkpa,Cross River,South South,5.382,8.531,115096,1,64.934,83.957,0.765,41.207,99.0,60.841,11.429,1,57.054,7.282,82.757,32.655,14.373,-3.0,12.723,15.723,11.519,16543
2021,59680162B55799213409467,Akamkpa,Cross River,South South,5.382,8.531,115096,1,68.381,88.679,1.735,40.553,60.568,99.0,11.206,0,75.114,0.0,82.391,11.696,11.519,-0.53,11.227,11.758,10.543,13258
2022,59680162B55799213409467,Akamkpa,Cross River,South South,5.382,8.531,115096,1,65.444,94.247,1.652,47.484,84.477,75.076,9.204,5,49.708,0.0,82.972,20.763,10.543,-0.02,10.532,10.552,6.903,12135
2023,59680162B55799213409467,Akamkpa,Cross River,South South,5.382,8.531,115096,1,50.169,84.174,1.014,17.95,67.353,89.954,3.34,4,48.98,0.0,76.246,25.894,6.903,-2.48,5.536,8.021,9.413,7945
2024,59680162B55799213409467,Akamkpa,Cross River,South South,5.382,8.531,115096,1,60.081,89.921,1.319,40.625,71.26,93.883,0.5,0,30.85,4.245,99.0,19.074,9.413,-3.0,7.763,10.763,12.32,10834
2025,59680162B55799213409467,Akamkpa,Cross River,South South,5.382,8.531,115096,1,64.937,93.484,0.2,60.154,60.543,63.091,7.433,0,66.884,0.0,99.0,26.273,12.32,-2.34,11.031,13.374,,14179
2020,59680162B56106136996502,Magumeri,Borno,North East,12.216,12.697,26336,0,86.481,45.564,5.072,74.241,32.068,34.796,28.908,2,65.397,18.519,46.767,17.575,55.998,1.84,57.011,55.169,48.698,14748
2021,59680162B56106136996502,Magumeri,Borno,North East,12.216,12.697,26336,0,97.275,38.278,4.685,53.479,43.965,34.226,37.598,2,63.574,20.299,50.052,15.67,48.698,0.12,48.762,48.645,43.332,12825
2022,59680162B56106136996502,Magumeri,Borno,North East,12.216,12.697,26336,0,90.211,43.305,2.286,51.003,38.669,47.444,28.272,4,92.547,36.994,45.277,18.366,43.332,2.05,44.458,42.411,48.536,11412
2023,59680162B56106136996502,Magumeri,Borno,North East,12.216,12.697,26336,0,98.681,44.679,1.295,53.75,21.859,53.816,25.207,8,72.507,44.19,54.201,17.937,48.536,2.34,49.824,47.483,50.914,12782
2024,59680162B56106136996502,Magumeri,Borno,North East,12.216,12.697,26336,0,87.423,38.434,4.494,67.303,53.628,35.305,27.378,3,45.825,25.527,47.861,32.074,50.914,2.81,52.458,49.65,38.941,13409
2025,59680162B56106136996502,Magumeri,Borno,North East,12.216,12.697,26336,0,84.314,40.826,2.948,57.686,49.317,20.855,21.172,5,70.159,24.318,67.185,21.916,38.941,0.31,39.111,38.802,,10256
2020,59680162B56433787774877,Ika North East,Delta,South South,6.236,6.32,35865,1,65.085,99.0,1.599,33.652,59.902,72.052,0.5,1,65.849,0.0,73.153,10.56,18.108,-0.51,17.83,18.337,7.748,6495
2021,59680162B56433787774877,Ika North East,Delta,South South,6.236,6.32,35865,1,51.787,96.978,0.2,39.891,90.473,72.452,4.308,0,61.738,4.838,98.059,19.644,7.748,-2.63,6.303,8.93,10.917,2779
2022,59680162B56433787774877,Ika North East,Delta,South South,6.236,6.32,35865,1,67.918,86.932,1.457,41.886,66.968,73.078,13.268,1,66.455,0.0,85.625,23.411,10.917,-0.33,10.737,11.064,9.253,3915
2023,59680162B56433787774877,Ika North East,Delta,South South,6.236,6.32,35865,1,48.417,93.727,1.947,27.732,68.215,81.816,0.5,0,43.892,0.0,76.535,11.965,9.253,-0.49,8.981,9.474,14.439,3318
2024,59680162B56433787774877,Ika North East,Delta,South South,6.236,6.32,35865,1,57.698,99.0,0.554,37.747,57.882,93.714,13.924,1,62.92,0.0,84.042,15.165,14.439,3.21,16.202,12.996,11.186,5178
2025,59680162B56433787774877,Ika North East,Delta,South South,6.236,6.32,35865,1,50.562,92.487,0.2,30.995,61.799,98.061,3.521,2,63.86,19.078,92.211,23.982,11.186,-1.32,10.458,11.782,,4012
2020,59680162B56562801938729,Bodinga,Sokoto,North West,12.804,5.176,26576,0,98.538,36.663,3.858,53.879,20.239,54.109,21.835,2,50.135,46.808,68.782,11.519,48.245,0.38,48.455,48.073,51.732,12822
2021,59680162B56562801938729,Bodinga,Sokoto,North West,12.804,5.176,26576,0,91.908,18.105,6.043,72.067,45.669,50.725,30.065,0,59.173,29.365,38.577,26.117,51.732,1.97,52.819,50.844,47.766,13748
2022,59680162B56562801938729,Bodinga,Sokoto,North West,12.804,5.176,26576,0,89.525,29.988,4.468,62.699,29.765,56.446,30.437,1,91.102,28.936,59.145,24.607,47.766,1.88,48.799,46.92,47.632,12694
2023,59680162B56562801938729,Bodinga,Sokoto,North West,12.804,5.176,26576,0,81.912,16.034,5.684,50.291,28.818,8.346,32.88,2,53.877,17.036,36.48,14.533,47.632,-0.02,47.621,47.641,50.19,12659
2024,59680162B56562801938729,Bodinga,Sokoto,North West,12.804,5.176,26576,0,83.222,34.966,5.021,60.249,27.583,42.161,35.614,2,30.415,47.612,48.706,12.997,50.19,1.04,50.759,49.724,51.002,13338
2025,59680162B56562801938729,Bodinga,Sokoto,North West,12.804,5.176,26576,0,89.983,48.213,5.668,67.327,7.5,49.496,35.132,0,57.152,34.766,61.066,16.203,51.002,4.23,53.329,49.097,,13554
2020,59680162B56865757670534,Dala,Kano,North West,12.03,8.49,68852,0,84.977,27.36,4.325,63.408,34.092,54.457,26.305,0,52.145,34.961,38.317,13.632,54.981,-1.54,54.137,55.673,55.244,37856
2021,59680162B56865757670534,Dala,Kano,North West,12.03,8.49,68852,0,89.667,30.621,3.706,56.103,49.596,39.665,26.221,2,71.126,36.78,47.472,14.38,55.244,2.53,56.636,54.105,49.643,38037
2022,59680162B56865757670534,Dala,Kano,North West,12.03,8.49,68852,0,96.922,34.517,4.21,63.235,30.14,54.464,28.882,3,62.245,37.825,35.391,14.321,49.643,0.85,50.111,49.259,54.418,34180
2023,59680162B56865757670534,Dala,Kano,North West,12.03,8.49,68852,0,94.995,39.55,5.274,78.85,24.684,49.749,34.532,1,64.348,48.866,54.954,17.265,54.418,1.64,55.318,53.682,56.827,37468
2024,59680162B56865757670534,Dala,Kano,North West,12.03,8.49,68852,0,98.996,47.25,4.132,53.62,22.523,36.998,30.349,1,53.536,29.458,33.754,37.135,56.827,5.32,59.752,54.434,55.448,39127
2025,59680162B56865757670534,Dala,Kano,North West,12.03,8.49,68852,0,88.254,32.349,5.187,46.013,18.013,39.251,39.982,1,54.364,30.072,71.408,28.414,55.448,2.63,56.896,54.263,,38177
2020,59680162B56866992006033,Akoko North West,Ondo,South West,7.658,5.815,28585,1,62.682,96.838,0.917,48.4,79.916,99.0,0.664,0,27.928,0.0,81.486,16.145,13.333,-1.53,12.492,14.021,8.748,3811
2021,59680162B56866992006033,Akoko North West,Ondo,South West,7.658,5.815,28585,1,52.146,92.08,0.2,45.337,78.409,74.585,12.384,0,56.492,0.0,99.0,14.946,8.748,-0.93,8.235,9.168,0.8,2501
2022,59680162B56866992006033,Akoko North West,Ondo,South West,7.658,5.815,28585,1,52.02,96.227,0.983,41.05,94.128,99.0,4.682,0,37.871,0.0,99.0,14.282,0.8,0.5,1.074,0.576,7.413,229
2023,59680162B56866992006033,Akoko North West,Ondo,South West,7.658,5.815,28585,1,59.1,97.964,0.518,40.697,77.683,99.0,1.863,0,14.925,0.0,99.0,22.472,7.413,-1.77,6.438,8.211,0.8,2119
2024,59680162B56866992006033,Akoko North West,Ondo,South West,7.658,5.815,28585,1,55.991,86.633,0.388,43.736,73.411,83.659,0.5,1,19.816,6.702,99.0,24.562,0.8,0.53,1.09,0.563,7.177,229
2025,59680162B56866992006033,Akoko North West,Ondo,South West,7.658,5.815,28585,1,62.726,99.0,0.328,46.192,84.182,80.948,0.5,0,26.627,0.0,72.129,19.884,7.177,-0.89,6.691,7.576,,2052
2020,59680162B56887411771488,Ahiazu-Mbaise,Imo,South East,5.552,7.271,61455,0,81.049,99.0,0.3,20.612,56.548,69.945,12.447,1,35.403,0.0,72.591,14.729,14.931,-1.78,13.951,15.733,13.719,9176
2021,59680162B56887411771488,Ahiazu-Mbaise,Imo,South East,5.552,7.271,61455,0,78.161,79.79,1.738,46.979,91.908,89.748,22.933,0,32.557,0.0,99.0,21.38,13.719,-2.63,12.273,14.903,5.758,8431
2022,59680162B56887411771488,Ahiazu-Mbaise,Imo,South East,5.552,7.271,61455,0,52.462,79.689,0.987,41.557,75.504,94.494,7.634,1,29.875,0.721,80.253,27.75,5.758,-1.41,4.982,6.392,6.614,3538
2023,59680162B56887411771488,Ahiazu-Mbaise,Imo,South East,5.552,7.271,61455,0,65.734,83.128,2.447,35.771,77.675,99.0,12.989,0,20.761,0.0,76.429,26.373,6.614,-0.29,6.455,6.745,10.937,4065
2024,59680162B56887411771488,Ahiazu-Mbaise,Imo,South East,5.552,7.271,61455,0,66.772,92.417,0.2,21.822,86.241,99.0,8.974,0,27.008,5.012,99.0,34.405,10.937,-0.76,10.517,11.28,14.851,6721
2025,59680162B56887411771488,Ahiazu-Mbaise,Imo,South East,5.552,7.271,61455,0,57.635,82.017,1.424,30.464,67.067,89.184,1.83,0,62.285,5.241,95.695,31.078,14.851,-0.68,14.476,15.158,,9127
2020,59680162B5704166644463,Ibarapa East,Oyo,South West,7.595,3.48,26326,1,49.682,77.556,1.841,44.071,79.048,79.888,16.02,1,29.394,0.0,89.661,15.54,13.218,-0.3,13.055,13.352,12.409,3480
2021,59680162B5704166644463,Ibarapa East,Oyo,South West,7.595,3.48,26326,1,46.649,74.017,0.2,47.242,61.569,99.0,0.5,1,61.297,0.0,99.0,16.159,12.409,0.93,12.921,11.99,9.578,3267
2022,59680162B5704166644463,Ibarapa East,Oyo,South West,7.595,3.48,26326,1,57.288,82.092,1.02,37.14,75.263,99.0,7.428,1,51.312,0.694,99.0,30.401,9.578,-0.89,9.087,9.98,9.486,2522
2023,59680162B5704166644463,Ibarapa East,Oyo,South West,7.595,3.48,26326,1,53.79,95.838,0.403,36.585,85.008,86.752,8.741,0,44.927,3.285,98.287,19.231,9.486,0.02,9.496,9.478,14.168,2497
2024,59680162B5704166644463,Ibarapa East,Oyo,South West,7.595,3.48,26326,1,43.945,83.193,0.921,29.223,70.042,96.414,8.996,0,35.403,3.109,87.904,26.503,14.168,1.58,15.035,13.46,9.617,3730
2025,59680162B5704166644463,Ibarapa East,Oyo,South West,7.595,3.48,26326,1,63.988,77.657,0.2,46.841,75.392,91.04,3.685,0,42.978,2.476,99.0,34.344,9.617,-2.72,8.122,10.841,,2532
2020,59680162B57364751970918,Lamurde,Adamawa,North East,9.557,11.708,86232,0,82.914,35.664,4.026,35.604,19.09,41.451,25.373,8,50.444,31.039,56.516,18.797,52.446,1.95,53.521,51.566,44.328,45225
2021,59680162B57364751970918,Lamurde,Adamawa,North East,9.557,11.708,86232,0,80.402,48.381,3.825,58.699,39.332,50.622,21.762,6,78.013,32.523,49.889,19.647,44.328,1.86,45.352,43.49,42.541,38225
2022,59680162B57364751970918,Lamurde,Adamawa,North East,9.557,11.708,86232,0,80.141,27.964,1.603,52.185,25.342,56.027,23.051,5,52.797,30.121,53.449,11.139,42.541,3.56,44.499,40.939,51.608,36684
2023,59680162B57364751970918,Lamurde,Adamawa,North East,9.557,11.708,86232,0,95.217,35.559,4.821,54.202,16.247,43.308,30.004,5,66.175,22.076,41.693,19.327,51.608,2.34,52.897,50.553,45.319,44502
2024,59680162B57364751970918,Lamurde,Adamawa,North East,9.557,11.708,86232,0,94.667,43.973,4.036,53.246,56.969,59.565,17.589,8,73.118,25.733,45.568,12.462,45.319,0.63,45.667,45.035,50.652,39080
2025,59680162B57364751970918,Lamurde,Adamawa,North East,9.557,11.708,86232,0,92.243,26.857,4.562,54.278,18.613,40.418,33.434,1,74.033,28.618,34.769,27.376,50.652,2.19,51.854,49.669,,43678
2020,59680162B57621312639176,Dukku,Gombe,North East,10.769,10.887,39162,0,84.536,36.555,1.607,44.485,28.4,29.158,21.762,9,79.513,33.418,42.776,13.51,49.7,-0.1,49.647,49.743,51.499,19463
2021,59680162B57621312639176,Dukku,Gombe,North East,10.769,10.887,39162,0,97.091,49.174,5.916,56.579,37.726,24.647,26.518,6,74.079,24.068,37.494,19.659,51.499,1.27,52.195,50.928,38.716,20168
2022,59680162B57621312639176,Dukku,Gombe,North East,10.769,10.887,39162,0,89.141,28.422,2.157,59.198,46.375,61.277,30.491,3,70.432,17.106,42.526,29.619,38.716,1.36,39.463,38.106,55.067,15162
2023,59680162B57621312639176,Dukku,Gombe,North East,10.769,10.887,39162,0,92.367,34.361,5.709,64.717,23.722,65.589,31.153,8,67.356,28.01,50.733,11.779,55.067,1.15,55.701,54.548,45.826,21565
2024,59680162B57621312639176,Dukku,Gombe,North East,10.769,10.887,39162,0,88.805,38.324,4.827,54.231,34.618,36.817,32.296,2,39.745,14.196,43.373,24.247,45.826,0.53,46.118,45.587,49.95,17946
2025,59680162B57621312639176,Dukku,Gombe,North East,10.769,10.887,39162,0,93.213,45.615,4.632,73.58,34.819,57.251,28.867,8,74.288,23.5,46.763,34.08,49.95,0.85,50.417,49.567,,19561
2020,59680162B5781056238943,Apapa,Lagos,South West,6.439,3.376,29468,1,53.105,99.0,3.238,45.336,80.896,99.0,7.463,0,32.398,7.756,78.475,11.228,21.403,-3.0,19.753,22.753,15.039,6307
2021,59680162B5781056238943,Apapa,Lagos,South West,6.439,3.376,29468,1,45.948,85.837,1.569,45.492,59.7,99.0,20.057,0,10.38,0.0,99.0,21.718,15.039,0.4,15.258,14.86,6.586,4432
2022,59680162B5781056238943,Apapa,Lagos,South West,6.439,3.376,29468,1,57.632,94.475,0.2,27.249,87.98,99.0,0.5,0,23.759,0.0,80.917,16.593,6.586,0.37,6.791,6.419,15.478,1941
2023,59680162B5781056238943,Apapa,Lagos,South West,6.439,3.376,29468,1,55.912,94.643,2.944,24.578,83.642,90.815,17.574,1,34.216,0.0,80.266,28.846,15.478,-0.37,15.273,15.645,15.931,4561
2024,59680162B5781056238943,Apapa,Lagos,South West,6.439,3.376,29468,1,51.065,91.088,0.477,41.845,74.975,99.0,7.588,1,44.482,0.0,99.0,21.758,15.931,0.16,16.022,15.857,10.538,4695
2025,59680162B5781056238943,Apapa,Lagos,South West,6.439,3.376,29468,1,54.705,92.132,0.654,45.695,60.947,85.145,8.809,1,29.544,0.0,89.678,24.251,10.538,0.19,10.642,10.453,,3105
2020,59680162B58427071840888,Uvwie,Delta,South South,5.574,5.783,124314,0,66.204,80.923,0.3,38.83,54.535,66.898,2.831,3,71.618,0.0,66.666,19.603,20.326,-0.28,20.171,20.454,25.756,25269
2021,59680162B58427071840888,Uvwie,Delta,South South,5.574,5.783,124314,0,79.711,78.765,3.724,63.896,63.937,65.247,6.106,1,59.712,11.765,53.016,18.464,25.756,-0.79,25.324,26.11,17.889,32019
2022,59680162B58427071840888,Uvwie,Delta,South South,5.574,5.783,124314,0,48.872,68.753,3.653,30.538,65.177,58.404,9.241,0,45.16,0.0,79.288,43.602,17.889,-0.42,17.657,18.078,24.642,22239
2023,59680162B58427071840888,Uvwie,Delta,South South,5.574,5.783,124314,0,67.862,84.873,2.857,30.494,73.27,74.675,16.339,1,63.836,0.0,71.212,21.612,24.642,-1.6,23.762,25.363,22.122,30634
2024,59680162B58427071840888,Uvwie,Delta,South South,5.574,5.783,124314,0,76.693,76.702,2.061,46.457,55.394,66.594,21.949,3,54.65,0.0,82.277,26.929,22.122,-1.15,21.487,22.641,16.312,27501
2025,59680162B58427071840888,Uvwie,Delta,South South,5.574,5.783,124314,0,60.107,83.365,1.177,31.847,85.115,59.639,15.1,3,54.94,0.0,93.075,31.669,16.312,-1.17,15.671,16.837,,20279
2020,59680162B58622494857171,Ovia South-West,Edo,South South,6.47,5.299,9814,0,71.281,65.015,1.567,30.159,61.871,54.564,11.335,0,50.79,5.827,61.217,16.482,32.726,1.47,33.535,32.064,16.117,3212
2021,59680162B58622494857171,Ovia South-West,Edo,South South,6.47,5.299,9814,0,69.81,85.423,0.821,36.812,66.673,60.915,15.725,1,50.766,0.0,80.612,39.729,16.117,-1.9,15.07,16.974,28.704,1582
2022,59680162B58622494857171,Ovia South-West,Edo,South South,6.47,5.299,9814,0,71.103,79.545,2.968,14.536,49.094,48.0,18.414,1,69.571,0.0,57.604,23.017,28.704,-3.0,27.054,30.054,27.596,2817
2023,59680162B58622494857171,Ovia South-West,Edo,South South,6.47,5.299,9814,0,59.827,84.467,2.264,40.539,47.642,21.832,19.394,2,49.218,0.0,67.9,20.756,27.596,-1.21,26.929,28.142,26.819,2708
2024,59680162B58622494857171,Ovia South-West,Edo,South South,6.47,5.299,9814,0,67.893,68.452,1.344,43.576,70.137,70.919,12.763,1,60.345,0.0,79.322,21.516,26.819,1.26,27.511,26.253,15.179,2632
2025,59680162B58622494857171,Ovia South-West,Edo,South South,6.47,5.299,9814,0,47.024,82.218,2.075,25.414,62.383,68.055,18.5,2,37.964,3.142,69.248,19.634,15.179,1.67,16.1,14.425,,1490
2020,59680162B58679994750141,Bagwai,Kano,North West,12.107,8.12,15906,0,99.0,39.304,5.263,58.11,37.188,12.942,28.06,0,44.791,33.423,73.676,15.523,52.538,2.51,53.919,51.409,52.517,8357
2021,59680162B58679994750141,Bagwai,Kano,North West,12.107,8.12,15906,0,91.705,32.575,6.117,65.491,18.096,53.797,37.262,2,82.783,37.982,50.185,11.586,52.517,2.74,54.023,51.285,52.067,8353
2022,59680162B58679994750141,Bagwai,Kano,North West,12.107,8.12,15906,0,94.662,48.805,4.274,68.141,32.703,37.807,31.103,2,71.903,44.732,45.128,24.833,52.067,2.2,53.275,51.078,48.534,8282
2023,59680162B58679994750141,Bagwai,Kano,North West,12.107,8.12,15906,0,86.816,48.428,4.728,70.645,17.603,43.343,28.859,2,33.968,20.206,75.07,18.904,48.534,2.16,49.724,47.56,44.942,7720
2024,59680162B58679994750141,Bagwai,Kano,North West,12.107,8.12,15906,0,81.996,51.258,5.02,57.223,34.775,53.559,36.849,3,41.056,33.664,44.647,20.365,44.942,0.76,45.362,44.599,40.533,7149
2025,59680162B58679994750141,Bagwai,Kano,North West,12.107,8.12,15906,0,79.418,45.443,2.464,42.206,37.201,32.696,29.233,2,71.596,42.773,51.477,27.15,40.533,1.99,41.63,39.635,,6447
2020,59680162B58812788921078,Moba,Ekiti,South West,7.99,5.139,21954,1,51.516,98.526,0.902,44.558,77.617,99.0,14.368,0,27.645,2.688,93.862,19.779,12.682,-1.68,11.756,13.439,5.557,2784
2021,59680162B58812788921078,Moba,Ekiti,South West,7.99,5.139,21954,1,56.019,94.884,0.2,52.882,99.0,99.0,6.761,1,36.137,0.0,99.0,23.48,5.557,-1.78,4.577,6.358,23.321,1220
2022,59680162B58812788921078,Moba,Ekiti,South West,7.99,5.139,21954,1,60.413,91.703,2.046,47.467,64.983,92.439,12.881,0,48.139,5.157,99.0,19.368,23.321,-2.96,21.691,24.654,6.811,5120
2023,59680162B58812788921078,Moba,Ekiti,South West,7.99,5.139,21954,1,58.493,92.439,1.438,36.593,77.347,83.571,7.204,0,48.864,0.0,99.0,38.019,6.811,-0.45,6.565,7.013,8.808,1495
2024,59680162B58812788921078,Moba,Ekiti,South West,7.99,5.139,21954,1,62.487,99.0,2.678,47.623,83.494,99.0,0.5,0,47.615,0.0,99.0,15.595,8.808,0.2,8.916,8.719,17.322,1934
2025,59680162B58812788921078,Moba,Ekiti,South West,7.99,5.139,21954,1,70.607,99.0,0.388,44.89,96.132,99.0,0.5,3,37.732,14.917,98.235,29.764,17.322,-0.3,17.156,17.458,,3803
2020,59680162B58958286313368,Akpabuyo,Cross River,South South,4.951,8.531,44719,1,64.636,96.008,2.062,55.549,71.931,88.863,3.213,0,50.611,0.0,66.929,17.204,16.574,-0.65,16.216,16.867,6.935,7412
2021,59680162B58958286313368,Akpabuyo,Cross River,South South,4.951,8.531,44719,1,66.428,94.239,2.698,23.436,63.361,86.888,2.391,2,62.066,0.0,69.865,28.192,6.935,0.78,7.365,6.583,19.766,3101
2022,59680162B58958286313368,Akpabuyo,Cross River,South South,4.951,8.531,44719,1,63.92,92.061,0.875,56.42,51.351,81.139,15.897,0,61.426,0.0,82.507,23.82,19.766,0.08,19.809,19.73,14.773,8839
2023,59680162B58958286313368,Akpabuyo,Cross River,South South,4.951,8.531,44719,1,58.839,92.539,0.333,39.285,68.384,97.404,14.038,1,37.619,7.658,99.0,35.477,14.773,-0.02,14.763,14.781,18.475,6606
2024,59680162B58958286313368,Akpabuyo,Cross River,South South,4.951,8.531,44719,1,58.332,79.737,1.808,47.175,73.198,79.96,5.286,0,71.227,0.0,75.885,36.482,18.475,-1.43,17.688,19.119,2.825,8262
2025,59680162B58958286313368,Akpabuyo,Cross River,South South,4.951,8.531,44719,1,63.718,99.0,0.211,21.697,74.565,99.0,13.296,3,63.684,0.0,81.442,23.548,2.825,-0.45,2.578,3.028,,1263
2020,59680162B59054541310664,Calabar Municipal,Cross River,South South,5.005,8.332,12441,1,55.077,85.999,1.643,53.022,82.774,83.624,5.765,0,55.411,0.0,50.138,20.799,12.381,-2.14,11.203,13.345,14.521,1540
2021,59680162B59054541310664,Calabar Municipal,Cross River,South South,5.005,8.332,12441,1,70.675,89.116,0.885,49.12,63.992,81.841,18.119,0,59.019,0.0,75.96,30.992,14.521,-2.21,13.303,15.517,7.708,1807
2022,59680162B59054541310664,Calabar Municipal,Cross River,South South,5.005,8.332,12441,1,60.321,99.0,1.269,30.724,73.473,89.121,9.212,3,51.431,0.0,83.159,26.945,7.708,-1.71,6.767,8.479,16.273,959
2023,59680162B59054541310664,Calabar Municipal,Cross River,South South,5.005,8.332,12441,1,53.339,75.845,1.374,46.179,54.513,99.0,5.484,2,69.5,8.715,92.672,34.347,16.273,0.38,16.482,16.102,12.141,2025
2024,59680162B59054541310664,Calabar Municipal,Cross River,South South,5.005,8.332,12441,1,63.914,99.0,1.659,56.888,85.174,80.465,11.352,0,54.509,0.0,85.775,53.278,12.141,-2.35,10.847,13.2,7.592,1510
2025,59680162B59054541310664,Calabar Municipal,Cross River,South South,5.005,8.332,12441,1,67.401,88.937,1.506,49.757,98.8,99.0,12.579,0,45.313,0.0,86.881,19.342,7.592,-3.0,5.942,8.942,,945
2020,59680162B59256397716169,Malumfashi,Katsina,North West,11.861,7.752,60350,0,90.706,20.126,2.185,61.264,7.474,54.264,25.391,1,49.495,34.478,39.14,15.622,50.214,1.64,51.114,49.477,52.556,30304
2021,59680162B59256397716169,Malumfashi,Katsina,North West,11.861,7.752,60350,0,97.57,34.795,4.542,63.268,26.22,45.413,37.056,2,44.647,29.947,41.032,24.161,52.556,0.62,52.895,52.278,59.132,31717
2022,59680162B59256397716169,Malumfashi,Katsina,North West,11.861,7.752,60350,0,97.02,34.107,3.646,61.041,34.062,35.415,32.354,1,57.846,32.401,51.838,27.565,59.132,0.43,59.369,58.939,58.623,35686
2023,59680162B59256397716169,Malumfashi,Katsina,North West,11.861,7.752,60350,0,92.644,35.407,5.123,68.838,7.872,16.193,28.283,5,48.163,32.838,39.574,20.144,58.623,4.23,60.947,56.721,48.406,35379
2024,59680162B59256397716169,Malumfashi,Katsina,North West,11.861,7.752,60350,0,70.283,41.641,6.633,57.404,27.768,30.046,29.594,0,52.966,25.595,57.761,20.479,48.406,0.94,48.923,47.983,54.996,29213
2025,59680162B59256397716169,Malumfashi,Katsina,North West,11.861,7.752,60350,0,93.131,22.511,4.826,59.58,31.073,32.763,38.249,3,56.098,47.571,70.902,24.557,54.996,2.19,56.198,54.012,,33190
2020,59680162B59329233871626,Akuku Toru,Rivers,South South,4.57,6.629,46243,1,59.516,89.255,2.169,48.466,58.172,71.571,11.28,0,48.102,0.0,88.111,16.518,12.733,0.56,13.04,12.481,12.285,5888
2021,59680162B59329233871626,Akuku Toru,Rivers,South South,4.57,6.629,46243,1,71.369,84.296,1.045,32.745,85.72,70.663,16.698,1,78.056,0.0,93.978,28.319,12.285,-2.04,11.162,13.203,17.25,5681
2022,59680162B59329233871626,Akuku Toru,Rivers,South South,4.57,6.629,46243,1,60.638,83.053,2.398,25.829,63.425,88.901,17.669,0,68.939,2.54,56.605,12.218,17.25,-0.67,16.883,17.55,8.325,7977
2023,59680162B59329233871626,Akuku Toru,Rivers,South South,4.57,6.629,46243,1,62.713,81.966,0.316,40.917,70.24,93.555,14.323,2,55.198,5.344,99.0,20.417,8.325,-1.34,7.59,8.926,23.001,3850
2024,59680162B59329233871626,Akuku Toru,Rivers,South South,4.57,6.629,46243,1,63.961,99.0,1.885,38.18,75.978,87.295,7.918,1,58.256,20.958,74.907,14.845,23.001,-2.32,21.728,24.043,17.959,10637
2025,59680162B59329233871626,Akuku Toru,Rivers,South South,4.57,6.629,46243,1,61.582,99.0,2.805,36.767,71.802,88.762,15.013,1,69.868,14.172,90.119,25.081,17.959,-2.37,16.654,19.027,,8305
2020,59680162B59497895637604,Onitsha South,Anambra,South East,6.141,6.774,33781,0,71.252,99.0,1.055,42.685,68.549,74.134,13.94,0,25.523,0.0,68.091,40.861,18.012,-0.28,17.86,18.137,9.769,6085
2021,59680162B59497895637604,Onitsha South,Anambra,South East,6.141,6.774,33781,0,73.958,72.745,1.259,30.087,63.193,59.517,0.7,0,27.282,0.0,69.32,20.14,9.769,0.62,10.109,9.49,19.355,3300
2022,59680162B59497895637604,Onitsha South,Anambra,South East,6.141,6.774,33781,0,71.025,87.942,0.807,36.208,75.675,78.238,12.419,0,52.517,12.342,89.506,12.055,19.355,-1.14,18.729,19.868,10.608,6538
2023,59680162B59497895637604,Onitsha South,Anambra,South East,6.141,6.774,33781,0,68.513,99.0,0.889,37.211,77.124,75.731,0.5,0,5.214,0.0,69.898,19.427,10.608,-0.37,10.402,10.776,14.018,3583
2024,59680162B59497895637604,Onitsha South,Anambra,South East,6.141,6.774,33781,0,81.164,76.596,2.962,25.28,88.316,99.0,7.211,1,31.488,0.0,78.543,15.363,14.018,-0.93,13.505,14.438,5.54,4735
2025,59680162B59497895637604,Onitsha South,Anambra,South East,6.141,6.774,33781,0,69.361,92.83,2.211,14.0,89.854,78.191,0.5,1,43.609,0.0,94.355,26.668,5.54,-0.02,5.53,5.547,,1871
2020,59680162B59525703418999,Asa,Kwara,North Central,8.442,4.388,34237,1,72.288,59.632,0.2,60.036,65.849,68.394,19.601,5,45.252,13.749,76.416,19.518,28.648,-0.89,28.158,29.048,28.899,9808
2021,59680162B59525703418999,Asa,Kwara,North Central,8.442,4.388,34237,1,62.85,66.517,3.81,56.42,66.35,77.36,19.165,4,81.656,7.377,94.36,20.726,28.899,-0.81,28.453,29.264,18.773,9894
2022,59680162B59525703418999,Asa,Kwara,North Central,8.442,4.388,34237,1,62.896,76.459,3.234,54.094,39.943,74.898,18.524,0,33.243,0.0,80.072,24.224,18.773,-0.63,18.426,19.056,17.447,6427
2023,59680162B59525703418999,Asa,Kwara,North Central,8.442,4.388,34237,1,70.018,69.085,1.97,30.208,68.977,58.825,25.489,2,32.936,0.0,64.044,19.201,17.447,-0.04,17.423,17.466,26.518,5973
2024,59680162B59525703418999,Asa,Kwara,North Central,8.442,4.388,34237,1,63.139,87.097,2.035,52.352,51.319,92.505,22.758,5,53.117,6.687,80.273,20.059,26.518,-1.78,25.537,27.321,22.987,9079
2025,59680162B59525703418999,Asa,Kwara,North Central,8.442,4.388,34237,1,68.802,74.512,4.17,44.1,53.506,99.0,0.5,3,54.882,0.0,65.367,33.058,22.987,-0.79,22.551,23.344,,7870
2020,59680162B5954014037791,Ardo-Kola,Taraba,North East,8.847,11.151,21175,0,98.958,37.916,3.836,61.43,42.095,56.945,32.173,7,43.894,39.629,25.603,15.846,48.994,0.48,49.259,48.778,56.578,10375
2021,59680162B5954014037791,Ardo-Kola,Taraba,North East,8.847,11.151,21175,0,84.593,56.96,6.764,53.164,32.907,46.075,37.039,6,73.628,34.899,26.782,11.403,56.578,2.64,58.028,55.391,43.379,11980
2022,59680162B5954014037791,Ardo-Kola,Taraba,North East,8.847,11.151,21175,0,80.815,44.134,3.647,56.137,45.395,67.512,21.908,5,73.994,31.318,55.217,11.876,43.379,2.9,44.973,42.074,39.871,9185
2023,59680162B5954014037791,Ardo-Kola,Taraba,North East,8.847,11.151,21175,0,80.147,44.973,4.487,54.69,30.125,58.797,22.938,4,64.148,7.285,33.529,22.113,39.871,0.66,40.234,39.574,54.684,8443
2024,59680162B5954014037791,Ardo-Kola,Taraba,North East,8.847,11.151,21175,0,96.758,56.82,4.366,66.979,32.237,37.541,23.855,3,49.893,36.623,47.831,11.972,54.684,2.62,56.126,53.505,39.768,11579
2025,59680162B5954014037791,Ardo-Kola,Taraba,North East,8.847,11.151,21175,0,88.474,49.508,1.605,68.306,32.726,66.7,13.733,2,74.706,6.496,26.753,12.632,39.768,3.88,41.902,38.022,,8421
2020,59680162B59567965419701,Orolu,Osun,South West,7.89,4.464,76744,0,64.59,82.754,3.648,40.97,64.38,89.113,16.336,0,36.341,6.367,78.667,22.048,21.952,-0.81,21.507,22.317,16.636,16847
2021,59680162B59567965419701,Orolu,Osun,South West,7.89,4.464,76744,0,62.284,86.226,0.27,45.406,69.205,59.704,19.503,0,54.186,4.47,83.617,13.909,16.636,-0.5,16.363,16.859,19.227,12767
2022,59680162B59567965419701,Orolu,Osun,South West,7.89,4.464,76744,0,59.827,81.56,0.24,42.606,58.17,53.375,12.42,1,49.464,0.0,99.0,14.443,19.227,-2.29,17.969,20.257,12.755,14756
2023,59680162B59567965419701,Orolu,Osun,South West,7.89,4.464,76744,0,62.326,87.524,1.776,28.753,77.568,71.104,7.291,1,44.333,4.222,98.797,27.901,12.755,-1.35,12.012,13.363,16.248,9789
2024,59680162B59567965419701,Orolu,Osun,South West,7.89,4.464,76744,0,79.682,85.398,1.823,37.525,68.318,78.923,5.96,0,50.337,0.0,95.658,19.091,16.248,-0.66,15.886,16.544,4.669,12469
2025,59680162B59567965419701,Orolu,Osun,South West,7.89,4.464,76744,0,68.404,95.867,1.956,39.479,76.196,99.0,9.848,0,34.311,0.287,96.508,21.434,4.669,-1.65,3.76,5.413,,3583
2020,59680162B59717618896779,Olorunsogo,Oyo,South West,8.738,4.043,49433,1,41.466,83.121,0.2,24.311,73.66,85.45,0.5,0,19.141,0.0,83.35,17.337,7.668,0.84,8.127,7.292,7.467,3791
2021,59680162B59717618896779,Olorunsogo,Oyo,South West,8.738,4.043,49433,1,55.961,99.0,0.255,50.129,71.029,86.959,11.178,0,53.627,0.0,88.946,46.388,7.467,-2.63,6.021,8.649,2.454,3691
2022,59680162B59717618896779,Olorunsogo,Oyo,South West,8.738,4.043,49433,1,45.363,81.467,1.651,31.457,82.216,95.772,0.5,0,33.007,0.875,99.0,17.704,2.454,-2.05,1.327,3.377,13.401,1213
2023,59680162B59717618896779,Olorunsogo,Oyo,South West,8.738,4.043,49433,1,45.502,99.0,0.2,43.959,52.512,79.464,4.714,1,22.379,4.232,99.0,16.622,13.401,-0.7,13.016,13.717,5.079,6625
2024,59680162B59717618896779,Olorunsogo,Oyo,South West,8.738,4.043,49433,1,43.201,84.113,2.721,36.85,99.0,91.21,0.5,1,33.595,1.93,96.342,26.743,5.079,0.59,5.405,4.812,7.552,2511
2025,59680162B59717618896779,Olorunsogo,Oyo,South West,8.738,4.043,49433,1,49.602,93.443,0.2,17.25,81.296,99.0,0.5,1,57.893,0.0,99.0,20.766,7.552,-2.85,5.986,8.834,,3733
2020,59680162B59739898555342,Mbatoli,Imo,South East,5.586,7.022,52347,1,68.435,97.573,0.544,56.568,92.587,83.393,3.241,2,25.42,0.0,92.834,36.222,6.519,-2.62,5.076,7.699,6.698,3412
2021,59680162B59739898555342,Mbatoli,Imo,South East,5.586,7.022,52347,1,59.858,85.026,0.2,44.023,73.325,84.293,4.795,1,30.52,5.547,95.545,25.6,6.698,-0.92,6.195,7.11,5.054,3506
2022,59680162B59739898555342,Mbatoli,Imo,South East,5.586,7.022,52347,1,52.655,98.307,1.842,47.317,87.224,99.0,3.926,2,40.803,0.0,89.323,44.041,5.054,-1.12,4.438,5.557,8.978,2646
2023,59680162B59739898555342,Mbatoli,Imo,South East,5.586,7.022,52347,1,58.676,86.658,1.508,37.067,77.239,89.815,0.561,0,18.809,0.0,99.0,21.337,8.978,-0.36,8.778,9.141,0.8,4699
2024,59680162B59739898555342,Mbatoli,Imo,South East,5.586,7.022,52347,1,62.54,99.0,0.2,31.312,98.693,85.813,4.536,0,29.208,0.0,99.0,24.086,0.8,-2.61,0.5,1.974,0.8,419
2025,59680162B59739898555342,Mbatoli,Imo,South East,5.586,7.022,52347,1,49.025,99.0,0.2,26.857,73.662,87.077,1.988,3,32.569,0.0,99.0,34.147,0.8,-1.78,0.5,1.603,,419
2020,59680162B5974853059370,Ife South,Osun,South West,7.196,4.577,6586,1,54.508,98.032,0.2,49.655,84.959,88.312,0.5,0,41.685,8.904,99.0,16.3,7.912,-2.74,6.406,9.144,13.819,521
2021,59680162B5974853059370,Ife South,Osun,South West,7.196,4.577,6586,1,53.638,79.939,1.507,50.713,79.738,95.316,12.711,1,16.077,0.0,99.0,24.064,13.819,-0.86,13.344,14.208,1.81,910
2022,59680162B5974853059370,Ife South,Osun,South West,7.196,4.577,6586,1,52.372,99.0,0.2,45.491,88.977,93.099,12.498,1,35.671,0.0,99.0,24.258,1.81,0.85,2.278,1.428,8.074,119
2023,59680162B5974853059370,Ife South,Osun,South West,7.196,4.577,6586,1,50.608,90.065,0.2,38.344,75.28,99.0,4.052,0,36.112,4.241,84.344,36.09,8.074,-0.68,7.702,8.379,9.295,532
2024,59680162B5974853059370,Ife South,Osun,South West,7.196,4.577,6586,1,52.436,95.251,0.782,47.614,70.407,99.0,10.474,0,45.435,8.472,99.0,42.074,9.295,1.23,9.97,8.743,0.8,612
2025,59680162B5974853059370,Ife South,Osun,South West,7.196,4.577,6586,1,64.688,99.0,0.479,44.106,81.576,99.0,0.5,0,40.661,0.0,98.745,25.988,0.8,-0.3,0.634,0.936,,53
2020,59680162B59976260592487,Mani,Katsina,North West,12.907,7.933,36938,1,84.043,45.732,4.721,67.86,39.863,22.505,26.229,0,51.906,41.213,55.915,13.023,52.548,0.55,52.849,52.301,39.581,19410
2021,59680162B59976260592487,Mani,Katsina,North West,12.907,7.933,36938,1,76.499,54.777,2.474,71.378,48.52,76.252,23.816,1,69.474,36.571,44.363,9.844,39.581,2.73,41.085,38.35,52.573,14620
2022,59680162B59976260592487,Mani,Katsina,North West,12.907,7.933,36938,1,78.581,40.305,3.273,75.255,28.481,52.239,15.0,2,38.64,39.924,54.863,23.62,52.573,0.99,53.118,52.127,48.097,19419
2023,59680162B59976260592487,Mani,Katsina,North West,12.907,7.933,36938,1,86.215,27.44,4.806,50.444,33.657,70.567,24.206,2,46.597,31.183,65.987,21.406,48.097,2.05,49.222,47.176,42.568,17766
2024,59680162B59976260592487,Mani,Katsina,North West,12.907,7.933,36938,1,68.562,28.911,4.454,57.227,37.397,44.809,30.206,1,68.11,26.366,80.558,14.808,42.568,3.9,44.711,40.814,43.43,15724
2025,59680162B59976260592487,Mani,Katsina,North West,12.907,7.933,36938,1,86.37,44.84,2.99,62.256,42.439,60.842,20.704,0,76.233,46.694,60.009,45.75,43.43,1.23,44.104,42.879,,16042
2020,59680162B60046857326615,Ile Oluji/Okeigbo,Ondo,South West,7.239,4.888,28560,0,67.922,76.957,0.791,43.835,76.412,86.613,20.91,0,40.389,19.364,84.672,26.162,19.922,-0.08,19.878,19.957,10.483,5690
2021,59680162B60046857326615,Ile Oluji/Okeigbo,Ondo,South West,7.239,4.888,28560,0,63.261,99.0,1.869,28.73,80.327,65.974,10.928,0,44.033,6.386,88.062,32.418,10.483,0.84,10.947,10.103,18.605,2994
2022,59680162B60046857326615,Ile Oluji/Okeigbo,Ondo,South West,7.239,4.888,28560,0,63.961,81.654,2.201,29.305,81.8,71.755,16.693,1,29.62,15.584,85.225,14.846,18.605,-3.0,16.955,19.955,7.935,5313
2023,59680162B60046857326615,Ile Oluji/Okeigbo,Ondo,South West,7.239,4.888,28560,0,59.36,83.064,2.465,28.537,81.199,86.697,5.85,1,25.288,0.687,99.0,19.104,7.935,-2.45,6.587,9.038,15.705,2266
2024,59680162B60046857326615,Ile Oluji/Okeigbo,Ondo,South West,7.239,4.888,28560,0,63.841,92.441,1.772,35.067,88.897,76.892,12.086,0,35.19,5.104,97.59,25.917,15.705,-2.81,14.157,16.971,12.241,4485
2025,59680162B60046857326615,Ile Oluji/Okeigbo,Ondo,South West,7.239,4.888,28560,0,49.536,92.045,0.887,34.967,71.642,51.654,13.17,0,56.196,0.0,99.0,21.675,12.241,-0.68,11.865,12.549,,3496
2020,59680162B6009908161486,Kosofe,Lagos,South West,6.587,3.392,20581,1,61.991,83.17,0.2,46.798,68.016,78.808,12.553,0,48.207,12.416,99.0,27.628,16.108,0.74,16.514,15.775,17.354,3315
2021,59680162B6009908161486,Kosofe,Lagos,South West,6.587,3.392,20581,1,64.208,95.291,0.865,44.296,70.17,99.0,5.115,0,45.1,17.59,99.0,21.639,17.354,-0.96,16.826,17.787,2.472,3572
2022,59680162B6009908161486,Kosofe,Lagos,South West,6.587,3.392,20581,1,51.312,99.0,0.226,36.335,86.267,92.698,7.031,0,40.788,0.0,82.692,16.106,2.472,-2.25,1.237,3.483,0.8,509
2023,59680162B6009908161486,Kosofe,Lagos,South West,6.587,3.392,20581,1,49.787,99.0,0.2,40.898,71.538,83.926,0.5,1,12.898,0.0,99.0,28.36,0.8,0.62,1.143,0.519,4.541,165
2024,59680162B6009908161486,Kosofe,Lagos,South West,6.587,3.392,20581,1,61.127,91.074,0.2,30.032,63.974,85.781,1.862,0,33.703,0.0,99.0,17.333,4.541,-2.01,3.436,5.446,4.838,935
2025,59680162B6009908161486,Kosofe,Lagos,South West,6.587,3.392,20581,1,53.363,99.0,1.434,38.196,87.908,78.203,8.178,1,31.431,2.654,92.027,36.662,4.838,0.09,4.89,4.796,,996
2020,59680162B60219664923389,Gokana,Rivers,South South,4.635,7.28,19575,1,49.323,92.204,1.497,38.779,70.53,81.664,8.777,1,63.685,0.0,69.359,21.135,12.471,-2.65,11.014,13.664,11.223,2441
2021,59680162B60219664923389,Gokana,Rivers,South South,4.635,7.28,19575,1,64.447,79.871,1.19,39.347,90.335,70.781,3.285,0,56.017,0.0,71.369,25.492,11.223,-0.1,11.165,11.27,16.606,2197
2022,59680162B60219664923389,Gokana,Rivers,South South,4.635,7.28,19575,1,57.054,99.0,3.53,25.136,57.742,64.917,6.255,2,70.474,0.0,81.418,12.098,16.606,-0.78,16.18,16.955,17.762,3251
2023,59680162B60219664923389,Gokana,Rivers,South South,4.635,7.28,19575,1,67.189,99.0,1.176,48.574,79.487,74.716,10.289,3,49.927,5.354,85.507,28.204,17.762,-1.24,17.079,18.32,7.042,3477
2024,59680162B60219664923389,Gokana,Rivers,South South,4.635,7.28,19575,1,63.138,89.759,0.548,46.615,94.211,72.529,8.927,0,40.403,0.0,99.0,22.339,7.042,-1.31,6.321,7.632,14.83,1378
2025,59680162B60219664923389,Gokana,Rivers,South South,4.635,7.28,19575,1,53.468,90.572,1.811,37.777,83.857,87.962,15.846,3,53.353,6.372,89.995,18.071,14.83,-0.9,14.336,15.235,,2903
2020,59680162B60349541451220,Dutsi,Katsina,North West,12.917,8.157,70495,0,92.977,40.645,3.9,73.204,31.434,52.207,24.667,2,83.344,32.73,46.162,20.904,56.397,1.02,56.959,55.937,46.242,39757
2021,59680162B60349541451220,Dutsi,Katsina,North West,12.917,8.157,70495,0,83.624,36.547,2.835,79.449,47.442,12.943,22.641,2,62.792,38.297,32.06,18.245,46.242,0.82,46.691,45.873,52.04,32598
2022,59680162B60349541451220,Dutsi,Katsina,North West,12.917,8.157,70495,0,83.818,38.382,5.257,62.053,33.465,25.947,29.749,0,70.961,39.883,16.592,23.75,52.04,0.85,52.509,51.656,57.978,36686
2023,59680162B60349541451220,Dutsi,Katsina,North West,12.917,8.157,70495,0,85.988,32.482,4.633,53.842,13.064,55.302,27.553,3,47.14,50.007,55.429,23.241,57.978,-0.32,57.804,58.121,52.395,40872
2024,59680162B60349541451220,Dutsi,Katsina,North West,12.917,8.157,70495,0,84.324,44.008,3.909,67.387,31.897,38.625,28.467,1,67.193,41.242,46.543,37.124,52.395,0.42,52.624,52.207,45.161,36936
2025,59680162B60349541451220,Dutsi,Katsina,North West,12.917,8.157,70495,0,80.245,31.756,4.605,66.755,31.132,40.042,24.212,2,78.426,39.432,34.753,11.546,45.161,0.86,45.631,44.776,,31836
2020,59680162B60516342630503,Dutsin Ma,Katsina,North West,12.409,7.527,18080,0,92.084,42.54,2.602,73.038,24.269,17.161,18.196,2,54.073,31.118,49.22,8.814,48.076,2.48,49.442,46.958,48.512,8692
2021,59680162B60516342630503,Dutsin Ma,Katsina,North West,12.409,7.527,18080,0,97.57,40.817,3.752,64.556,16.501,58.942,23.614,4,69.112,33.846,35.855,10.374,48.512,1.4,49.281,47.883,60.238,8771
2022,59680162B60516342630503,Dutsin Ma,Katsina,North West,12.409,7.527,18080,0,90.006,14.217,4.713,70.788,31.063,58.962,31.163,1,72.946,42.999,38.505,14.421,60.238,3.2,61.998,58.798,42.09,10891
2023,59680162B60516342630503,Dutsin Ma,Katsina,North West,12.409,7.527,18080,0,79.931,23.239,4.13,52.08,34.997,41.765,18.084,4,40.671,32.955,45.896,24.769,42.09,0.47,42.347,41.879,47.105,7610
2024,59680162B60516342630503,Dutsin Ma,Katsina,North West,12.409,7.527,18080,0,95.92,37.458,5.363,68.898,39.118,38.16,22.197,1,29.371,30.604,33.271,18.306,47.105,2.37,48.408,46.039,49.525,8517
2025,59680162B60516342630503,Dutsin Ma,Katsina,North West,12.409,7.527,18080,0,86.074,28.279,4.281,81.21,44.213,41.892,33.335,2,55.556,24.953,43.644,14.001,49.525,-0.63,49.18,49.807,,8954
2020,59680162B60568566930973,Zing,Taraba,North East,8.872,11.739,28550,0,86.146,29.685,3.477,48.329,22.694,67.968,20.867,4,53.094,21.144,40.949,13.985,48.59,1.78,49.57,47.788,51.239,13872
2021,59680162B60568566930973,Zing,Taraba,North East,8.872,11.739,28550,0,95.945,24.577,6.781,49.226,23.901,33.215,32.994,4,79.938,23.29,45.257,15.07,51.239,1.46,52.045,50.58,53.995,14629
2022,59680162B60568566930973,Zing,Taraba,North East,8.872,11.739,28550,0,92.449,32.623,3.604,78.008,33.504,42.362,30.295,7,69.898,37.251,37.474,23.52,53.995,1.86,55.017,53.159,58.397,15416
2023,59680162B60568566930973,Zing,Taraba,North East,8.872,11.739,28550,0,87.952,38.396,4.381,55.529,31.652,29.025,32.094,4,63.493,39.756,51.438,8.679,58.397,0.22,58.518,58.298,49.733,16672
2024,59680162B60568566930973,Zing,Taraba,North East,8.872,11.739,28550,0,81.073,46.445,6.284,52.018,17.878,43.631,29.395,2,68.731,20.421,61.942,20.968,49.733,1.01,50.29,49.278,48.71,14199
2025,59680162B60568566930973,Zing,Taraba,North East,8.872,11.739,28550,0,81.359,39.488,4.834,61.991,29.226,60.038,15.128,2,63.683,23.686,36.11,12.803,48.71,2.65,50.17,47.516,,13907
2020,59680162B60638866528984,Kirfi,Bauchi,North East,10.452,10.519,18046,0,86.183,68.609,1.853,67.396,9.175,54.849,23.427,4,66.947,20.432,56.509,21.432,47.85,-0.15,47.767,47.919,45.132,8635
2021,59680162B60638866528984,Kirfi,Bauchi,North East,10.452,10.519,18046,0,89.938,55.956,2.337,68.761,19.023,48.043,20.615,5,81.767,15.055,63.362,16.889,45.132,-0.48,44.867,45.35,64.749,8145
2022,59680162B60638866528984,Kirfi,Bauchi,North East,10.452,10.519,18046,0,97.42,35.219,4.73,78.03,43.961,63.124,36.126,6,87.702,28.617,51.393,9.069,64.749,3.69,66.778,63.09,56.751,11685
2023,59680162B60638866528984,Kirfi,Bauchi,North East,10.452,10.519,18046,0,99.0,39.763,6.214,61.572,40.555,18.638,28.509,5,42.673,24.734,43.678,11.234,56.751,1.26,57.446,56.184,49.061,10241
2024,59680162B60638866528984,Kirfi,Bauchi,North East,10.452,10.519,18046,0,84.736,32.816,4.201,61.475,6.4,55.349,30.68,2,60.807,23.497,42.844,19.595,49.061,4.1,51.317,47.214,51.425,8854
2025,59680162B60638866528984,Kirfi,Bauchi,North East,10.452,10.519,18046,0,96.439,49.604,2.722,62.248,29.09,75.962,25.458,3,86.176,30.822,55.688,17.534,51.425,3.07,53.113,50.044,,9280
2020,59680162B60875368726655,Sanga,Kaduna,North West,9.246,8.459,23160,0,83.375,21.988,5.89,45.74,17.826,34.224,31.709,2,31.45,35.45,45.661,13.907,48.622,2.98,50.262,47.279,44.43,11261
2021,59680162B60875368726655,Sanga,Kaduna,North West,9.246,8.459,23160,0,87.644,22.411,2.5,59.064,36.504,52.372,31.337,1,73.73,36.534,41.6,23.913,44.43,2.75,45.946,43.191,44.201,10290
2022,59680162B60875368726655,Sanga,Kaduna,North West,9.246,8.459,23160,0,88.877,49.948,4.447,63.535,47.572,16.485,32.499,0,73.353,43.075,46.003,47.623,44.201,1.11,44.812,43.701,46.704,10237
2023,59680162B60875368726655,Sanga,Kaduna,North West,9.246,8.459,23160,0,85.957,43.708,7.039,44.27,26.333,18.903,24.596,0,79.388,48.733,41.03,22.786,46.704,2.47,48.061,45.594,51.865,10817
2024,59680162B60875368726655,Sanga,Kaduna,North West,9.246,8.459,23160,0,94.32,33.439,3.795,62.778,36.185,44.898,35.132,0,49.959,26.348,31.177,18.331,51.865,2.7,53.349,50.651,44.422,12012
2025,59680162B60875368726655,Sanga,Kaduna,North West,9.246,8.459,23160,0,83.15,29.131,5.236,65.336,35.535,49.483,33.549,0,61.368,32.018,53.746,18.053,44.422,0.58,44.743,44.16,,10288
2020,59680162B6096372749080,Barkin Ladi,Plateau,North Central,9.535,8.94,29609,0,65.723,49.115,2.694,44.954,61.432,47.469,19.668,1,39.994,9.203,69.354,15.284,29.443,-0.64,29.09,29.731,37.406,8718
2021,59680162B6096372749080,Barkin Ladi,Plateau,North Central,9.535,8.94,29609,0,84.715,68.029,3.796,41.758,62.76,55.975,36.888,1,53.72,18.028,70.407,18.532,37.406,-1.28,36.702,37.981,31.279,11075
2022,59680162B6096372749080,Barkin Ladi,Plateau,North Central,9.535,8.94,29609,0,66.506,52.429,2.871,69.284,35.033,63.042,27.025,1,34.728,4.658,87.028,19.713,31.279,0.51,31.558,31.051,27.587,9261
2023,59680162B6096372749080,Barkin Ladi,Plateau,North Central,9.535,8.94,29609,0,68.592,45.85,3.94,44.567,71.656,68.688,18.049,2,50.073,0.0,60.37,34.731,27.587,0.59,27.909,27.323,29.098,8168
2024,59680162B6096372749080,Barkin Ladi,Plateau,North Central,9.535,8.94,29609,0,76.501,67.762,2.013,43.445,39.671,55.57,22.627,0,37.155,17.138,78.245,22.214,29.098,-1.97,28.015,29.983,34.516,8616
2025,59680162B6096372749080,Barkin Ladi,Plateau,North Central,9.535,8.94,29609,0,74.102,55.235,3.451,56.117,45.199,57.945,20.779,3,59.073,0.0,65.875,34.531,34.516,0.22,34.636,34.418,,10220
2020,59680162B61002782115608,Yusufari,Yobe,North East,13.163,10.508,25785,0,83.34,28.665,4.483,51.027,45.466,38.644,30.566,3,46.468,25.398,58.832,19.608,48.026,2.88,49.612,46.729,42.841,12384
2021,59680162B61002782115608,Yusufari,Yobe,North East,13.163,10.508,25785,0,84.977,21.878,4.059,47.723,8.783,68.704,17.22,3,67.703,30.647,55.337,20.949,42.841,3.88,44.974,41.097,44.873,11047
2022,59680162B61002782115608,Yusufari,Yobe,North East,13.163,10.508,25785,0,80.099,43.901,4.397,52.178,42.31,44.657,27.347,6,64.709,26.552,29.517,12.735,44.873,0.69,45.252,44.563,53.863,11571
2023,59680162B61002782115608,Yusufari,Yobe,North East,13.163,10.508,25785,0,84.773,42.553,4.431,80.296,28.125,56.715,32.108,3,60.529,36.133,12.531,12.157,53.863,0.01,53.866,53.86,45.757,13889
2024,59680162B61002782115608,Yusufari,Yobe,North East,13.163,10.508,25785,0,73.822,48.109,3.987,49.363,17.399,46.378,21.049,5,65.679,24.868,47.074,26.028,45.757,1.75,46.719,44.97,47.815,11798
2025,59680162B61002782115608,Yusufari,Yobe,North East,13.163,10.508,25785,0,87.479,48.552,4.703,54.257,29.605,67.931,25.994,5,82.754,37.841,52.864,20.538,47.815,-0.2,47.704,47.905,,12329
2020,59680162B61092998371306,Alkaleri,Bauchi,North East,9.868,10.394,21600,0,86.829,38.344,2.627,66.117,38.322,68.268,31.188,3,61.772,28.464,62.087,16.117,44.096,0.7,44.481,43.781,50.175,9525
2021,59680162B61092998371306,Alkaleri,Bauchi,North East,9.868,10.394,21600,0,86.756,42.632,4.026,50.959,33.38,40.089,28.561,3,78.22,30.705,44.614,9.831,50.175,2.44,51.517,49.077,55.952,10838
2022,59680162B61092998371306,Alkaleri,Bauchi,North East,9.868,10.394,21600,0,93.012,55.201,4.401,54.799,29.117,48.474,20.603,5,78.902,31.395,48.701,13.429,55.952,-1.54,55.104,56.646,46.67,12086
2023,59680162B61092998371306,Alkaleri,Bauchi,North East,9.868,10.394,21600,0,85.772,40.596,3.002,56.617,39.273,26.414,37.145,4,53.002,31.301,38.71,28.467,46.67,1.64,47.572,45.932,61.601,10081
2024,59680162B61092998371306,Alkaleri,Bauchi,North East,9.868,10.394,21600,0,96.795,39.537,5.331,50.26,6.4,47.976,26.713,7,44.7,28.318,60.311,12.195,61.601,2.01,62.708,60.695,49.097,13306
2025,59680162B61092998371306,Alkaleri,Bauchi,North East,9.868,10.394,21600,0,89.185,36.604,4.178,56.689,40.254,48.349,26.261,5,84.205,36.683,80.0,24.933,49.097,1.68,50.019,48.342,,10605
2020,59680162B61116944198945,Ogbia,Bayelsa,South South,4.791,6.314,38335,1,68.642,73.049,0.347,21.713,55.296,99.0,0.5,0,21.502,0.0,80.826,16.779,2.293,-3.0,0.643,3.643,12.312,879
2021,59680162B61116944198945,Ogbia,Bayelsa,South South,4.791,6.314,38335,1,60.349,84.621,0.2,42.452,55.8,57.314,0.5,0,55.672,0.0,83.33,27.905,12.312,0.52,12.6,12.076,18.868,4720
2022,59680162B61116944198945,Ogbia,Bayelsa,South South,4.791,6.314,38335,1,53.62,89.249,2.301,40.814,67.137,98.001,14.6,0,55.811,0.0,87.792,12.438,18.868,0.37,19.072,18.701,5.876,7233
2023,59680162B61116944198945,Ogbia,Bayelsa,South South,4.791,6.314,38335,1,53.493,78.456,0.761,28.502,58.36,96.415,6.415,0,44.773,0.0,89.938,25.59,5.876,1.27,6.576,5.302,21.528,2252
2024,59680162B61116944198945,Ogbia,Bayelsa,South South,4.791,6.314,38335,1,58.862,87.209,4.065,65.176,77.699,99.0,10.541,1,40.118,0.0,75.918,21.819,21.528,-0.1,21.471,21.574,7.23,8253
2025,59680162B61116944198945,Ogbia,Bayelsa,South South,4.791,6.314,38335,1,60.975,92.567,0.2,49.393,55.262,95.194,2.141,0,57.151,9.595,62.861,51.306,7.23,-1.0,6.682,7.678,,2772
2020,59680162B61170702756328,Ussa,Taraba,North East,7.129,10.06,23132,0,94.956,23.988,5.363,59.9,30.218,29.04,34.407,4,41.791,24.868,64.853,11.501,59.097,2.88,60.678,57.803,50.081,13670
2021,59680162B61170702756328,Ussa,Taraba,North East,7.129,10.06,23132,0,91.356,34.524,5.835,62.905,44.959,21.044,30.347,7,69.807,31.054,46.696,21.189,50.081,2.42,51.411,48.993,41.226,11585
2022,59680162B61170702756328,Ussa,Taraba,North East,7.129,10.06,23132,0,95.318,52.329,3.81,52.759,49.428,38.824,20.067,3,73.562,29.518,29.45,25.428,41.226,-1.76,40.255,42.02,51.901,9536
2023,59680162B61170702756328,Ussa,Taraba,North East,7.129,10.06,23132,0,84.671,38.865,3.99,63.929,12.754,44.33,26.183,5,50.16,29.27,61.648,10.336,51.901,2.22,53.125,50.9,47.521,12006
2024,59680162B61170702756328,Ussa,Taraba,North East,7.129,10.06,23132,0,82.941,20.668,2.721,69.082,37.997,53.796,25.994,4,53.655,44.484,42.46,32.665,47.521,2.14,48.699,46.557,55.752,10993
2025,59680162B61170702756328,Ussa,Taraba,North East,7.129,10.06,23132,0,93.872,31.354,3.935,54.637,30.287,74.927,29.514,6,67.681,45.448,62.574,20.415,55.752,1.63,56.648,55.02,,12897
2020,59680162B61270202433812,Egbedore,Osun,South West,7.784,4.432,42485,0,62.106,81.706,3.343,25.766,50.62,74.696,1.0,0,28.879,1.165,82.727,21.631,21.185,0.31,21.354,21.047,16.413,9001
2021,59680162B61270202433812,Egbedore,Osun,South West,7.784,4.432,42485,0,65.794,96.253,3.685,22.438,77.764,78.502,17.848,0,33.986,0.0,96.958,19.301,16.413,-2.5,15.038,17.539,14.237,6973
2022,59680162B61270202433812,Egbedore,Osun,South West,7.784,4.432,42485,0,61.05,67.15,2.125,38.762,77.124,74.494,0.878,0,37.347,0.0,82.461,35.462,14.237,-2.12,13.069,15.192,16.667,6048
2023,59680162B61270202433812,Egbedore,Osun,South West,7.784,4.432,42485,0,59.499,82.741,0.366,34.532,79.654,46.094,16.703,2,35.54,3.948,99.0,34.446,16.667,0.06,16.699,16.641,31.658,7081
2024,59680162B61270202433812,Egbedore,Osun,South West,7.784,4.432,42485,0,66.064,80.712,2.891,46.435,64.424,58.268,13.231,1,42.835,6.756,97.169,28.526,31.658,-1.51,30.828,32.338,11.922,13450
2025,59680162B61270202433812,Egbedore,Osun,South West,7.784,4.432,42485,0,67.582,77.929,1.263,30.393,82.129,74.095,11.992,0,38.443,8.943,63.78,22.481,11.922,-0.25,11.783,12.035,,5065
2020,59680162B61434523060701,Ayedire,Osun,South West,7.562,4.233,38837,1,64.57,79.226,0.754,36.612,84.08,67.63,7.917,0,36.117,0.0,99.0,19.452,18.822,0.46,19.074,18.617,12.189,7310
2021,59680162B61434523060701,Ayedire,Osun,South West,7.562,4.233,38837,1,56.436,94.621,1.096,39.378,76.971,99.0,9.037,1,51.706,0.0,86.335,20.634,12.189,-0.47,11.928,12.402,12.972,4734
2022,59680162B61434523060701,Ayedire,Osun,South West,7.562,4.233,38837,1,60.52,93.161,0.2,35.394,81.863,99.0,4.452,1,40.634,0.0,78.924,15.18,12.972,-1.61,12.088,13.695,7.307,5038
2023,59680162B61434523060701,Ayedire,Osun,South West,7.562,4.233,38837,1,55.753,99.0,0.2,17.95,56.364,98.316,0.553,1,37.224,2.507,89.286,24.869,7.307,3.09,9.006,5.917,6.742,2838
2024,59680162B61434523060701,Ayedire,Osun,South West,7.562,4.233,38837,1,49.187,99.0,1.02,29.0,51.867,99.0,0.5,0,33.263,0.0,94.122,29.032,6.742,-2.85,5.177,8.023,9.669,2618
2025,59680162B61434523060701,Ayedire,Osun,South West,7.562,4.233,38837,1,60.872,99.0,2.144,47.375,97.156,99.0,1.223,0,28.515,20.781,99.0,32.818,9.669,-2.32,8.394,10.711,,3755
2020,59680162B61451583552190,Ngor-Okpala,Imo,South East,5.331,7.146,45148,1,59.527,88.993,1.208,23.038,70.995,90.168,8.865,0,32.255,0.0,84.198,10.453,16.982,-3.0,15.332,18.332,19.668,7667
2021,59680162B61451583552190,Ngor-Okpala,Imo,South East,5.331,7.146,45148,1,50.185,86.323,1.101,39.782,78.797,70.974,1.255,1,44.907,0.0,91.252,23.295,19.668,-2.08,18.524,20.604,7.022,8880
2022,59680162B61451583552190,Ngor-Okpala,Imo,South East,5.331,7.146,45148,1,58.37,94.873,0.2,26.896,84.312,74.737,10.062,1,21.997,0.0,85.263,37.688,7.022,-1.21,6.358,7.565,7.508,3170
2023,59680162B61451583552190,Ngor-Okpala,Imo,South East,5.331,7.146,45148,1,55.304,91.411,1.212,38.043,67.581,99.0,0.5,0,38.427,0.445,90.112,18.198,7.508,-2.13,6.338,8.466,16.827,3390
2024,59680162B61451583552190,Ngor-Okpala,Imo,South East,5.331,7.146,45148,1,62.77,99.0,0.443,44.557,68.792,99.0,0.5,0,40.315,0.0,99.0,21.15,16.827,-1.07,16.236,17.311,10.8,7597
2025,59680162B61451583552190,Ngor-Okpala,Imo,South East,5.331,7.146,45148,1,60.992,99.0,0.2,44.572,73.884,99.0,0.5,2,30.021,0.0,96.672,31.891,10.8,-3.0,9.15,12.15,,4876
2020,59680162B61567493958965,Suru,Kebbi,North West,11.792,4.145,45401,0,90.223,26.936,5.275,80.781,32.65,58.228,26.99,1,40.494,30.278,46.443,8.163,49.662,1.74,50.618,48.881,45.474,22547
2021,59680162B61567493958965,Suru,Kebbi,North West,11.792,4.145,45401,0,83.883,29.349,4.497,62.809,29.835,17.916,41.445,0,63.441,25.512,27.387,10.67,45.474,1.2,46.135,44.933,49.916,20646
2022,59680162B61567493958965,Suru,Kebbi,North West,11.792,4.145,45401,0,97.775,37.35,5.776,69.546,51.186,68.435,25.997,0,73.789,38.064,58.74,9.155,49.916,1.63,50.814,49.181,59.066,22662
2023,59680162B61567493958965,Suru,Kebbi,North West,11.792,4.145,45401,0,97.225,25.077,5.931,56.995,32.635,34.646,20.453,1,64.321,35.795,53.075,10.821,59.066,0.61,59.399,58.793,45.871,26816
2024,59680162B61567493958965,Suru,Kebbi,North West,11.792,4.145,45401,0,95.4,41.46,4.63,59.067,28.466,57.259,36.556,2,48.611,26.564,40.909,20.12,45.871,3.01,47.529,44.515,54.121,20826
2025,59680162B61567493958965,Suru,Kebbi,North West,11.792,4.145,45401,0,83.407,39.802,3.709,76.252,38.419,28.573,29.626,2,60.133,37.149,51.85,32.324,54.121,0.14,54.2,54.056,,24571
2020,59680162B61760155439631,Girei,Adamawa,North East,9.423,12.466,29132,0,86.318,39.365,4.654,50.94,48.722,40.569,24.7,4,66.761,18.73,47.201,21.412,47.558,0.66,47.923,47.26,47.49,13855
2021,59680162B61760155439631,Girei,Adamawa,North East,9.423,12.466,29132,0,85.317,41.754,4.742,61.951,27.161,48.657,18.849,8,64.553,27.911,56.634,7.801,47.49,2.05,48.615,46.57,48.151,13835
2022,59680162B61760155439631,Girei,Adamawa,North East,9.423,12.466,29132,0,86.798,46.811,3.691,59.788,42.634,36.667,29.851,5,62.818,29.507,54.378,24.284,48.151,-0.49,47.883,48.371,50.346,14027
2023,59680162B61760155439631,Girei,Adamawa,North East,9.423,12.466,29132,0,93.885,37.417,4.981,52.827,22.196,47.735,28.693,5,51.158,19.599,34.871,20.992,50.346,2.24,51.577,49.338,44.897,14667
2024,59680162B61760155439631,Girei,Adamawa,North East,9.423,12.466,29132,0,92.025,44.097,3.27,42.972,58.325,49.29,27.477,3,48.896,26.123,52.981,14.016,44.897,0.88,45.383,44.499,47.343,13079
2025,59680162B61760155439631,Girei,Adamawa,North East,9.423,12.466,29132,0,94.117,45.268,4.794,65.816,35.318,47.534,31.869,0,64.855,28.246,74.898,30.277,47.343,1.31,48.061,46.755,,13792
2020,59680162B61774592523326,Odigbo,Ondo,South West,6.732,4.885,33147,1,56.39,98.907,1.464,37.529,76.388,88.76,2.324,0,31.137,0.0,79.943,13.608,14.879,-0.85,14.414,15.259,8.687,4932
2021,59680162B61774592523326,Odigbo,Ondo,South West,6.732,4.885,33147,1,59.031,98.23,3.004,30.549,86.2,95.291,4.609,1,41.359,6.522,97.056,26.755,8.687,-1.79,7.705,9.491,9.144,2880
2022,59680162B61774592523326,Odigbo,Ondo,South West,6.732,4.885,33147,1,61.041,99.0,2.207,33.78,73.314,84.883,12.456,0,38.658,0.0,70.835,23.546,9.144,-2.17,7.953,10.118,2.236,3031
2023,59680162B61774592523326,Odigbo,Ondo,South West,6.732,4.885,33147,1,43.55,99.0,0.2,34.472,96.202,69.356,11.4,0,49.541,0.0,99.0,40.238,2.236,-1.88,1.201,3.083,1.1,741
2024,59680162B61774592523326,Odigbo,Ondo,South West,6.732,4.885,33147,1,43.863,86.952,0.48,40.012,85.762,98.282,0.5,0,55.937,0.0,99.0,28.996,1.1,-0.24,0.971,1.206,6.418,365
2025,59680162B61774592523326,Odigbo,Ondo,South West,6.732,4.885,33147,1,61.29,87.765,0.2,29.34,79.658,96.52,0.5,1,32.69,0.0,99.0,27.608,6.418,-1.87,5.391,7.259,,2127
2020,59680162B61995403132351,Agatu,Benue,North Central,7.856,7.927,95298,1,75.952,72.3,3.081,52.982,32.316,58.896,7.028,0,40.238,5.738,80.125,11.477,30.037,0.85,30.505,29.654,26.247,28624
2021,59680162B61995403132351,Agatu,Benue,North Central,7.856,7.927,95298,1,59.453,77.856,0.829,43.356,54.38,65.519,13.195,4,61.746,13.894,80.208,8.037,26.247,-1.13,25.624,26.757,22.133,25013
2022,59680162B61995403132351,Agatu,Benue,North Central,7.856,7.927,95298,1,58.888,56.379,3.008,32.94,48.15,84.616,16.026,1,64.239,6.058,84.809,16.797,22.133,-0.77,21.711,22.479,23.908,21093
2023,59680162B61995403132351,Agatu,Benue,North Central,7.856,7.927,95298,1,60.641,66.771,2.848,42.191,51.73,69.429,13.26,0,31.639,0.0,99.0,44.843,23.908,-0.04,23.888,23.924,25.248,22784
2024,59680162B61995403132351,Agatu,Benue,North Central,7.856,7.927,95298,1,59.153,76.824,3.486,42.422,70.221,89.352,17.71,2,40.446,6.248,79.395,27.368,25.248,-2.99,23.601,26.595,30.464,24061
2025,59680162B61995403132351,Agatu,Benue,North Central,7.856,7.927,95298,1,55.356,70.359,3.369,39.151,65.095,59.117,20.178,2,42.482,24.132,76.663,19.044,30.464,-0.03,30.446,30.479,,29032
2020,59680162B6205124943279,Isokan,Osun,South West,7.3,4.209,264594,1,62.645,81.965,1.204,44.011,85.047,96.853,5.295,0,47.071,0.0,94.152,15.921,18.243,2.54,19.641,17.1,7.569,48271
2021,59680162B6205124943279,Isokan,Osun,South West,7.3,4.209,264594,1,60.213,99.0,0.2,55.289,94.888,84.629,0.5,0,45.576,2.923,99.0,17.528,7.569,-0.14,7.493,7.631,11.008,20027
2022,59680162B6205124943279,Isokan,Osun,South West,7.3,4.209,264594,1,54.177,99.0,0.2,48.103,84.421,95.317,3.068,0,38.902,0.0,99.0,26.206,11.008,-0.36,10.811,11.169,5.267,29126
2023,59680162B6205124943279,Isokan,Osun,South West,7.3,4.209,264594,1,46.468,95.158,1.748,63.799,86.056,90.801,0.5,1,26.598,0.0,89.905,18.483,5.267,0.75,5.679,4.93,6.0,13936
2024,59680162B6205124943279,Isokan,Osun,South West,7.3,4.209,264594,1,61.226,93.266,0.2,38.674,72.701,99.0,0.5,1,27.238,19.337,99.0,27.115,6.0,-2.73,4.501,7.227,4.009,15876
2025,59680162B6205124943279,Isokan,Osun,South West,7.3,4.209,264594,1,59.139,93.934,0.2,32.371,97.647,99.0,10.619,1,41.02,15.975,99.0,19.907,4.009,-1.14,3.383,4.521,,10607
2020,59680162B62255786160615,Kogi,Kogi,North Central,8.146,6.852,28553,0,77.67,63.867,4.858,53.455,59.585,62.499,19.917,2,41.063,9.736,81.496,19.102,36.465,0.57,36.78,36.207,27.197,10412
2021,59680162B62255786160615,Kogi,Kogi,North Central,8.146,6.852,28553,0,63.905,70.292,4.527,62.276,56.238,68.871,25.853,3,47.514,0.0,73.46,21.238,27.197,-0.37,26.995,27.362,28.117,7765
2022,59680162B62255786160615,Kogi,Kogi,North Central,8.146,6.852,28553,0,67.45,83.565,2.692,21.291,46.741,51.301,31.404,3,53.709,9.118,42.495,20.129,28.117,-2.41,26.791,29.201,29.797,8028
2023,59680162B62255786160615,Kogi,Kogi,North Central,8.146,6.852,28553,0,81.747,63.369,3.07,40.027,59.756,47.675,8.73,2,39.385,10.059,77.691,10.713,29.797,1.81,30.793,28.982,22.274,8508
2024,59680162B62255786160615,Kogi,Kogi,North Central,8.146,6.852,28553,0,73.469,64.345,2.959,35.804,55.634,54.055,15.55,2,39.954,0.0,57.321,19.347,22.274,0.21,22.39,22.179,31.616,6360
2025,59680162B62255786160615,Kogi,Kogi,North Central,8.146,6.852,28553,0,71.072,62.424,2.128,56.196,55.973,46.076,20.177,0,44.141,12.084,50.139,19.974,31.616,0.22,31.737,31.516,,9027
2020,59680162B62313947241233,Wushishi,Niger,North Central,9.686,5.899,36561,0,90.37,74.868,4.01,47.886,42.853,34.821,25.116,2,53.691,6.66,62.544,12.122,39.217,-0.05,39.19,39.239,37.925,14338
2021,59680162B62313947241233,Wushishi,Niger,North Central,9.686,5.899,36561,0,77.081,54.174,5.925,39.867,30.712,69.286,11.231,0,67.844,9.319,51.959,22.769,37.925,2.9,39.521,36.62,26.86,13866
2022,59680162B62313947241233,Wushishi,Niger,North Central,9.686,5.899,36561,0,61.161,52.774,5.381,44.611,48.781,40.282,19.182,3,42.358,8.902,66.967,43.352,26.86,0.11,26.921,26.811,34.492,9820
2023,59680162B62313947241233,Wushishi,Niger,North Central,9.686,5.899,36561,0,66.051,64.574,5.958,42.776,47.787,39.781,23.33,0,55.198,21.051,57.685,15.447,34.492,-0.45,34.244,34.695,29.959,12611
2024,59680162B62313947241233,Wushishi,Niger,North Central,9.686,5.899,36561,0,75.613,47.189,3.448,48.795,57.141,56.223,18.727,0,49.342,19.067,74.631,29.264,29.959,1.93,31.021,29.09,34.028,10953
2025,59680162B62313947241233,Wushishi,Niger,North Central,9.686,5.899,36561,0,82.507,66.046,3.787,56.465,35.856,57.756,23.954,0,55.411,15.253,71.252,33.652,34.028,-1.76,33.059,34.82,,12441
2020,59680162B62360966111253,Matazu,Katsina,North West,12.238,7.659,53135,0,93.917,21.619,5.016,53.633,30.351,27.542,24.56,1,60.087,41.484,39.837,12.386,58.228,2.8,59.766,56.969,52.844,30939
2021,59680162B62360966111253,Matazu,Katsina,North West,12.238,7.659,53135,0,92.49,31.84,5.547,59.717,35.491,32.148,27.014,0,86.71,28.281,48.273,32.986,52.844,0.64,53.196,52.556,53.138,28079
2022,59680162B62360966111253,Matazu,Katsina,North West,12.238,7.659,53135,0,97.02,29.476,5.753,53.855,45.457,36.597,37.867,2,63.706,38.069,45.558,8.86,53.138,2.36,54.434,52.078,56.588,28235
2023,59680162B62360966111253,Matazu,Katsina,North West,12.238,7.659,53135,0,93.658,33.572,2.449,63.378,34.508,28.137,31.565,2,42.596,32.467,59.319,23.886,56.588,5.27,59.488,54.215,50.856,30068
2024,59680162B62360966111253,Matazu,Katsina,North West,12.238,7.659,53135,0,89.024,44.455,4.234,58.659,22.602,48.916,37.716,3,54.353,30.208,32.29,11.59,50.856,1.04,51.431,50.386,45.323,27022
2025,59680162B62360966111253,Matazu,Katsina,North West,12.238,7.659,53135,0,81.745,32.344,5.129,54.368,47.613,43.145,34.705,1,66.21,37.386,55.26,26.713,45.323,1.78,46.3,44.523,,24082
2020,59680162B62375507242594,Kura,Kano,North West,11.779,8.474,63068,0,94.572,37.672,3.491,57.952,35.454,34.946,33.079,2,55.313,50.83,46.54,20.394,55.536,1.4,56.305,54.907,61.257,35025
2021,59680162B62375507242594,Kura,Kano,North West,11.779,8.474,63068,0,99.0,36.982,6.436,49.524,36.965,32.707,37.442,5,75.762,50.609,32.812,31.823,61.257,1.91,62.308,60.398,44.583,38634
2022,59680162B62375507242594,Kura,Kano,North West,11.779,8.474,63068,0,91.049,43.391,4.267,74.199,39.334,69.412,35.557,1,63.893,29.744,56.864,24.394,44.583,1.53,45.423,43.895,47.554,28117
2023,59680162B62375507242594,Kura,Kano,North West,11.779,8.474,63068,0,87.278,39.248,3.707,78.016,21.26,23.397,36.346,0,58.851,32.962,52.926,14.861,47.554,2.21,48.77,46.559,50.24,29991
2024,59680162B62375507242594,Kura,Kano,North West,11.779,8.474,63068,0,96.6,50.377,5.049,61.642,27.474,18.471,29.042,0,68.328,42.026,35.645,25.173,50.24,1.91,51.292,49.378,44.796,31685
2025,59680162B62375507242594,Kura,Kano,North West,11.779,8.474,63068,0,97.573,18.297,4.114,50.804,38.279,52.599,29.677,1,65.874,34.922,49.703,20.411,44.796,0.15,44.876,44.731,,28252
2020,59680162B62394297156991,Oyo West,Oyo,South West,7.956,3.823,22447,1,52.264,98.139,2.132,43.573,80.271,98.981,6.734,1,17.282,0.0,92.348,59.174,3.096,0.55,3.396,2.851,0.8,695
2021,59680162B62394297156991,Oyo West,Oyo,South West,7.956,3.823,22447,1,41.549,83.29,0.2,49.177,71.555,87.144,1.769,0,13.885,5.122,79.199,27.484,0.8,-1.76,0.5,1.591,3.557,180
2022,59680162B62394297156991,Oyo West,Oyo,South West,7.956,3.823,22447,1,48.969,77.377,1.225,30.439,58.554,76.483,4.77,1,14.214,0.0,88.454,20.397,3.557,-0.72,3.16,3.881,12.473,798
2023,59680162B62394297156991,Oyo West,Oyo,South West,7.956,3.823,22447,1,62.634,76.774,3.221,25.478,73.862,91.693,6.39,0,46.464,4.327,99.0,15.985,12.473,1.33,13.202,11.876,1.128,2800
2024,59680162B62394297156991,Oyo West,Oyo,South West,7.956,3.823,22447,1,52.624,98.813,0.2,36.844,97.739,83.459,2.581,0,31.683,2.506,91.77,29.207,1.128,-2.18,0.5,2.111,7.689,253
2025,59680162B62394297156991,Oyo West,Oyo,South West,7.956,3.823,22447,1,43.659,83.233,1.583,22.393,80.109,65.545,10.814,0,31.495,9.938,99.0,35.893,7.689,0.56,7.998,7.437,,1726
2020,59680162B62922932811240,Ibarapa North,Oyo,South West,7.651,3.176,17936,1,61.327,80.433,0.2,34.079,54.728,94.134,2.053,2,36.972,2.731,86.641,9.281,15.618,1.07,16.208,15.136,6.421,2801
2021,59680162B62922932811240,Ibarapa North,Oyo,South West,7.651,3.176,17936,1,51.912,90.966,0.2,48.801,78.836,78.2,9.237,0,30.766,15.716,90.7,25.862,6.421,-2.89,4.833,7.72,1.143,1152
2022,59680162B62922932811240,Ibarapa North,Oyo,South West,7.651,3.176,17936,1,49.696,82.071,1.504,43.105,84.345,97.177,0.5,0,26.365,1.989,78.71,30.269,1.143,-1.04,0.573,1.61,12.243,205
2023,59680162B62922932811240,Ibarapa North,Oyo,South West,7.651,3.176,17936,1,56.153,98.104,1.78,43.808,78.837,96.569,0.5,0,32.325,0.0,91.428,22.772,12.243,-1.73,11.29,13.022,15.462,2196
2024,59680162B62922932811240,Ibarapa North,Oyo,South West,7.651,3.176,17936,1,61.381,90.758,1.665,46.628,85.976,96.108,14.789,0,41.128,1.92,99.0,44.847,15.462,-1.25,14.774,16.024,4.128,2773
2025,59680162B62922932811240,Ibarapa North,Oyo,South West,7.651,3.176,17936,1,41.866,85.243,0.348,18.624,69.051,99.0,12.583,0,25.066,0.0,94.248,26.343,4.128,-0.51,3.846,4.359,,740
2020,59680162B6299894636493,Obio/Akpor,Rivers,South South,4.856,6.998,24971,0,66.779,95.605,1.494,23.389,58.238,69.923,12.163,1,40.907,0.0,88.007,20.19,6.945,-0.38,6.736,7.116,23.132,1734
2021,59680162B6299894636493,Obio/Akpor,Rivers,South South,4.856,6.998,24971,0,67.124,79.194,0.27,42.645,67.102,78.118,9.122,3,64.463,9.191,75.641,17.804,23.132,-1.05,22.553,23.606,20.939,5776
2022,59680162B6299894636493,Obio/Akpor,Rivers,South South,4.856,6.998,24971,0,64.107,83.634,1.521,38.258,63.581,41.041,23.919,0,45.951,6.217,55.166,23.997,20.939,1.26,21.632,20.373,13.402,5229
2023,59680162B6299894636493,Obio/Akpor,Rivers,South South,4.856,6.998,24971,0,64.889,83.375,1.578,24.744,65.112,60.195,10.74,0,55.306,9.047,79.163,25.4,13.402,1.74,14.358,12.619,15.108,3347
2024,59680162B6299894636493,Obio/Akpor,Rivers,South South,4.856,6.998,24971,0,69.366,96.884,1.347,28.323,30.551,70.879,14.818,0,30.081,1.519,68.379,20.497,15.108,0.85,15.577,14.725,18.989,3773
2025,59680162B6299894636493,Obio/Akpor,Rivers,South South,4.856,6.998,24971,0,60.874,77.647,0.586,42.841,69.141,62.176,10.54,1,72.215,0.0,71.161,18.838,18.989,-0.26,18.847,19.105,,4742
2020,59680162B63010488329613,Tafa,Niger,North Central,9.23,7.255,45245,0,74.258,51.856,2.573,41.923,20.985,49.292,11.124,1,59.48,0.651,65.504,23.411,33.95,1.0,34.5,33.5,33.838,15361
2021,59680162B63010488329613,Tafa,Niger,North Central,9.23,7.255,45245,0,85.721,56.06,3.477,52.79,35.413,69.838,14.149,3,54.258,16.606,72.487,70.646,33.838,2.54,35.235,32.694,38.78,15310
2022,59680162B63010488329613,Tafa,Niger,North Central,9.23,7.255,45245,0,71.523,60.051,4.205,53.448,28.507,62.969,30.755,2,39.512,20.608,61.555,25.459,38.78,-0.14,38.706,38.842,24.753,17546
2023,59680162B63010488329613,Tafa,Niger,North Central,9.23,7.255,45245,0,67.83,68.929,3.436,37.63,59.977,69.934,26.316,3,33.467,0.0,80.367,24.051,24.753,0.99,25.295,24.31,30.798,11200
2024,59680162B63010488329613,Tafa,Niger,North Central,9.23,7.255,45245,0,71.107,66.354,3.954,43.26,48.254,44.698,13.892,0,42.508,14.211,62.664,16.798,30.798,-0.16,30.712,30.869,25.745,13935
2025,59680162B63010488329613,Tafa,Niger,North Central,9.23,7.255,45245,0,65.119,43.422,3.934,31.823,44.972,52.59,19.379,2,46.556,4.694,74.301,26.697,25.745,2.39,27.06,24.669,,11648
2020,59680162B63088628372837,Igbo-Eze-South,Enugu,South East,6.949,7.365,11094,0,66.072,96.3,2.923,35.73,68.511,81.574,10.827,2,14.993,3.917,86.127,22.672,24.634,-0.05,24.608,24.656,16.013,2733
2021,59680162B63088628372837,Igbo-Eze-South,Enugu,South East,6.949,7.365,11094,0,74.92,82.499,0.955,16.296,78.703,47.843,19.272,2,17.996,7.319,80.389,22.015,16.013,0.37,16.216,15.848,9.392,1777
2022,59680162B63088628372837,Igbo-Eze-South,Enugu,South East,6.949,7.365,11094,0,77.823,91.116,1.453,31.203,89.061,93.88,4.604,0,54.187,0.0,78.532,35.45,9.392,-1.28,8.69,9.967,5.736,1042
2023,59680162B63088628372837,Igbo-Eze-South,Enugu,South East,6.949,7.365,11094,0,53.511,99.0,2.686,14.0,84.68,64.586,11.217,0,37.179,0.0,98.818,14.502,5.736,-2.38,4.429,6.805,2.896,636
2024,59680162B63088628372837,Igbo-Eze-South,Enugu,South East,6.949,7.365,11094,0,60.449,90.256,0.2,22.723,88.627,58.628,9.463,0,38.644,0.0,97.88,27.954,2.896,-1.21,2.23,3.441,1.774,321
2025,59680162B63088628372837,Igbo-Eze-South,Enugu,South East,6.949,7.365,11094,0,57.35,99.0,1.223,35.699,65.106,91.674,9.099,0,23.968,0.0,98.506,29.836,1.774,0.42,2.003,1.587,,197
2020,59680162B63156374952276,Sapele,Delta,South South,5.873,5.634,83829,1,62.364,86.212,1.3,36.487,52.544,75.741,20.056,0,59.284,0.606,85.261,48.261,6.546,1.39,7.312,5.92,12.435,5488
2021,59680162B63156374952276,Sapele,Delta,South South,5.873,5.634,83829,1,52.641,91.461,1.546,50.663,78.8,75.385,13.94,2,69.4,0.0,74.607,19.865,12.435,-3.0,10.785,13.785,18.164,10424
2022,59680162B63156374952276,Sapele,Delta,South South,5.873,5.634,83829,1,69.809,90.915,1.34,42.165,63.603,56.715,6.626,0,63.431,3.307,75.686,12.326,18.164,-1.47,17.356,18.825,21.741,15226
2023,59680162B63156374952276,Sapele,Delta,South South,5.873,5.634,83829,1,70.3,75.816,3.543,32.836,65.803,77.001,0.5,3,55.255,0.0,61.754,35.697,21.741,-3.0,20.091,23.091,9.712,18225
2024,59680162B63156374952276,Sapele,Delta,South South,5.873,5.634,83829,1,52.181,81.95,1.607,18.656,72.073,80.638,1.449,0,45.459,0.0,88.169,30.517,9.712,-0.0,9.71,9.714,7.559,8142
2025,59680162B63156374952276,Sapele,Delta,South South,5.873,5.634,83829,1,56.011,88.121,0.2,33.178,79.372,70.967,8.144,1,61.695,2.595,73.647,19.629,7.559,-1.0,7.011,8.007,,6337
2020,59680162B6318880418470,Paikoro,Niger,North Central,9.493,6.838,45235,1,75.79,67.903,2.713,29.827,41.462,67.132,22.986,1,19.359,5.227,80.413,13.873,27.969,0.04,27.993,27.949,27.179,12652
2021,59680162B6318880418470,Paikoro,Niger,North Central,9.493,6.838,45235,1,56.925,75.993,2.929,43.688,57.863,72.817,18.412,0,52.995,6.508,60.746,15.974,27.179,2.29,28.438,26.148,16.592,12294
2022,59680162B6318880418470,Paikoro,Niger,North Central,9.493,6.838,45235,1,61.167,80.191,1.673,40.522,57.165,88.449,4.112,0,49.756,19.473,70.775,15.362,16.592,-1.96,15.514,17.474,21.076,7505
2023,59680162B6318880418470,Paikoro,Niger,North Central,9.493,6.838,45235,1,58.279,77.686,1.176,41.401,50.918,74.066,6.735,3,59.295,11.043,91.074,26.987,21.076,-1.02,20.512,21.537,11.234,9534
2024,59680162B6318880418470,Paikoro,Niger,North Central,9.493,6.838,45235,1,60.149,63.282,0.2,53.121,62.075,83.651,6.096,0,46.293,0.0,93.28,12.213,11.234,0.11,11.295,11.183,20.923,5082
2025,59680162B6318880418470,Paikoro,Niger,North Central,9.493,6.838,45235,1,65.126,77.407,1.546,31.495,42.512,56.777,19.6,2,50.718,2.101,68.176,14.167,20.923,0.78,21.353,20.571,,9465
2020,59680162B63355484795141,Jaba,Kaduna,North West,9.473,8.013,37004,0,94.232,35.837,6.335,45.606,18.722,54.323,39.584,0,55.874,13.435,36.678,18.373,49.856,2.61,51.29,48.684,42.851,18449
2021,59680162B63355484795141,Jaba,Kaduna,North West,9.473,8.013,37004,0,88.607,47.736,6.043,61.363,43.36,70.528,31.476,2,74.162,36.004,47.885,11.057,42.851,4.91,45.55,40.642,50.542,15856
2022,59680162B63355484795141,Jaba,Kaduna,North West,9.473,8.013,37004,0,87.66,37.71,4.777,62.255,40.49,64.047,25.642,0,55.964,48.682,53.37,31.688,50.542,1.48,51.357,49.874,53.315,18702
2023,59680162B63355484795141,Jaba,Kaduna,North West,9.473,8.013,37004,0,90.767,39.767,4.635,72.688,34.943,58.49,39.335,2,50.157,30.324,55.874,14.128,53.315,2.73,54.819,52.085,53.014,19729
2024,59680162B63355484795141,Jaba,Kaduna,North West,9.473,8.013,37004,0,85.318,41.533,4.913,66.474,24.178,30.857,35.907,2,62.951,31.292,74.642,22.967,53.014,-0.21,52.898,53.108,47.761,19617
2025,59680162B63355484795141,Jaba,Kaduna,North West,9.473,8.013,37004,0,81.43,42.124,2.452,56.74,27.118,37.25,26.171,1,71.418,42.438,42.964,17.986,47.761,0.54,48.055,47.519,,17673
2020,59680162B63361885953813,Warawa,Kano,North West,11.905,8.793,67946,1,83.72,53.928,2.55,71.839,30.337,53.432,26.447,3,52.631,30.122,50.972,27.68,44.392,-0.26,44.251,44.507,50.203,30162
2021,59680162B63361885953813,Warawa,Kano,North West,11.905,8.793,67946,1,74.038,52.877,4.837,66.954,16.315,40.521,24.681,0,59.156,32.819,39.213,36.303,50.203,2.26,51.443,49.188,54.103,34111
2022,59680162B63361885953813,Warawa,Kano,North West,11.905,8.793,67946,1,91.096,42.485,5.324,71.211,47.09,41.407,31.874,3,57.915,32.275,52.492,27.274,54.103,0.95,54.624,53.677,44.079,36761
2023,59680162B63361885953813,Warawa,Kano,North West,11.905,8.793,67946,1,78.036,57.649,3.823,63.428,25.631,49.781,28.321,1,47.88,38.501,35.63,13.91,44.079,-0.38,43.871,44.249,47.775,29950
2024,59680162B63361885953813,Warawa,Kano,North West,11.905,8.793,67946,1,85.814,50.944,5.347,77.371,50.198,79.705,31.431,2,48.768,26.958,91.659,27.699,47.775,2.63,49.223,46.59,47.299,32461
2025,59680162B63361885953813,Warawa,Kano,North West,11.905,8.793,67946,1,89.446,53.836,4.125,64.176,16.764,40.41,31.721,0,79.434,17.666,38.781,20.501,47.299,3.42,49.178,45.761,,32137
2020,59680162B63392407575553,Nafada,Gombe,North East,11.035,11.234,91557,0,88.336,45.529,5.417,57.749,52.744,61.104,40.675,1,77.723,37.055,31.973,12.653,57.699,0.83,58.154,57.326,42.729,52827
2021,59680162B63392407575553,Nafada,Gombe,North East,11.035,11.234,91557,0,80.737,31.512,3.116,73.229,33.729,43.634,26.563,2,73.696,24.127,56.677,19.84,42.729,-0.88,42.243,43.127,53.429,39122
2022,59680162B63392407575553,Nafada,Gombe,North East,11.035,11.234,91557,0,79.917,52.299,3.776,52.306,22.148,43.738,26.859,5,58.778,33.867,32.088,15.474,53.429,1.4,54.196,52.801,57.814,48918
2023,59680162B63392407575553,Nafada,Gombe,North East,11.035,11.234,91557,0,85.215,47.223,4.62,47.857,44.066,29.448,40.078,7,68.797,29.8,21.279,18.741,57.814,-0.15,57.73,57.884,53.085,52933
2024,59680162B63392407575553,Nafada,Gombe,North East,11.035,11.234,91557,0,95.519,40.711,2.876,62.902,16.195,52.839,36.078,8,50.988,25.748,72.402,15.88,53.085,-0.62,52.742,53.364,47.435,48603
2025,59680162B63392407575553,Nafada,Gombe,North East,11.035,11.234,91557,0,81.11,38.497,4.515,55.861,33.892,66.619,31.459,2,59.25,12.18,51.514,19.953,47.435,-1.0,46.883,47.887,,43430
2020,59680162B63511927639310,Kudan,Kaduna,North West,11.267,7.719,33184,0,85.361,41.683,5.39,49.469,47.497,16.943,35.785,0,40.665,39.255,28.198,21.318,47.371,1.58,48.241,46.659,55.381,15720
2021,59680162B63511927639310,Kudan,Kaduna,North West,11.267,7.719,33184,0,84.077,27.418,5.744,68.003,25.663,21.927,32.692,1,75.887,35.327,48.871,32.649,55.381,0.9,55.877,54.975,42.345,18378
2022,59680162B63511927639310,Kudan,Kaduna,North West,11.267,7.719,33184,0,95.885,34.929,3.042,73.373,38.973,25.68,29.586,1,64.653,39.429,40.514,28.508,42.345,1.55,43.2,41.646,48.495,14052
2023,59680162B63511927639310,Kudan,Kaduna,North West,11.267,7.719,33184,0,85.458,37.784,6.678,58.164,31.322,61.276,28.716,1,54.922,24.364,37.85,18.706,48.495,1.52,49.329,47.812,47.374,16093
2024,59680162B63511927639310,Kudan,Kaduna,North West,11.267,7.719,33184,0,95.729,37.655,4.419,56.707,35.921,57.565,36.778,3,44.519,27.557,74.77,9.149,47.374,0.78,47.801,47.025,44.958,15721
2025,59680162B63511927639310,Kudan,Kaduna,North West,11.267,7.719,33184,0,94.759,44.405,4.358,74.089,31.909,43.633,31.117,1,55.89,25.582,48.425,26.634,44.958,-0.81,44.51,45.324,,14919
2020,59680162B63684780260143,Koko-Besse,Kebbi,North West,11.45,4.495,51787,0,98.875,32.929,4.98,64.918,22.585,21.045,36.823,1,72.162,25.25,51.084,18.847,62.346,-0.33,62.165,62.494,55.551,32287
2021,59680162B63684780260143,Koko-Besse,Kebbi,North West,11.45,4.495,51787,0,98.325,21.417,5.315,79.213,39.599,5.9,22.558,1,63.212,34.256,53.866,15.88,55.551,1.17,56.193,55.025,48.96,28768
2022,59680162B63684780260143,Koko-Besse,Kebbi,North West,11.45,4.495,51787,0,91.789,38.123,6.155,53.892,36.387,51.059,39.096,5,58.153,20.713,48.968,12.847,48.96,2.7,50.444,47.746,58.631,25355
2023,59680162B63684780260143,Koko-Besse,Kebbi,North West,11.45,4.495,51787,0,97.225,47.068,3.915,68.668,18.528,34.859,34.144,0,56.841,29.393,48.521,16.395,58.631,0.59,58.958,58.364,50.32,30363
2024,59680162B63684780260143,Koko-Besse,Kebbi,North West,11.45,4.495,51787,0,91.763,38.167,5.14,62.289,32.423,67.26,35.01,2,52.286,39.734,65.629,24.579,50.32,-0.27,50.171,50.441,55.614,26059
2025,59680162B63684780260143,Koko-Besse,Kebbi,North West,11.45,4.495,51787,0,82.6,24.299,2.138,49.214,25.199,27.147,48.995,1,46.057,38.705,45.95,15.919,55.614,4.49,58.084,53.594,,28801
2020,59680162B63804955714699,Ilorin South,Kwara,North Central,8.481,4.672,10043,1,66.054,72.364,3.787,56.859,78.128,57.164,26.59,3,31.49,0.0,72.86,37.217,29.935,0.66,30.298,29.638,17.054,3006
2021,59680162B63804955714699,Ilorin South,Kwara,North Central,8.481,4.672,10043,1,67.204,79.153,1.17,49.757,78.571,69.888,11.457,0,65.588,0.0,75.691,23.584,17.054,-1.3,16.337,17.641,25.549,1713
2022,59680162B63804955714699,Ilorin South,Kwara,North Central,8.481,4.672,10043,1,76.393,79.063,3.388,51.781,48.776,90.486,19.351,4,49.547,0.0,81.0,29.798,25.549,-0.34,25.363,25.7,26.189,2566
2023,59680162B63804955714699,Ilorin South,Kwara,North Central,8.481,4.672,10043,1,65.659,57.603,0.336,42.022,70.394,43.27,1.951,3,40.181,14.417,92.009,12.107,26.189,1.88,27.222,25.344,28.663,2630
2024,59680162B63804955714699,Ilorin South,Kwara,North Central,8.481,4.672,10043,1,66.389,77.5,3.372,48.121,68.36,74.789,17.782,1,55.323,6.171,62.234,16.833,28.663,-1.69,27.735,29.423,18.564,2879
2025,59680162B63804955714699,Ilorin South,Kwara,North Central,8.481,4.672,10043,1,60.134,75.122,0.713,37.348,54.057,53.683,14.301,3,48.501,8.644,97.292,42.576,18.564,0.86,19.039,18.175,,1864
2020,59680162B63960569375521,Anka,Zamfara,North West,11.971,6.023,31443,0,81.0,33.098,4.165,72.404,39.584,49.484,30.668,1,70.441,36.847,41.728,5.94,40.403,1.48,41.216,39.738,55.251,12704
2021,59680162B63960569375521,Anka,Zamfara,North West,11.971,6.023,31443,0,89.903,34.775,4.343,71.862,12.321,52.005,30.193,1,67.029,24.807,78.132,16.958,55.251,4.45,57.699,53.247,57.295,17372
2022,59680162B63960569375521,Anka,Zamfara,North West,11.971,6.023,31443,0,91.685,26.514,4.889,64.624,35.017,48.804,32.009,0,76.447,43.534,63.636,15.782,57.295,3.41,59.169,55.762,40.609,18015
2023,59680162B63960569375521,Anka,Zamfara,North West,11.971,6.023,31443,0,82.896,37.294,4.987,52.486,26.901,33.87,24.72,0,53.858,32.953,68.108,14.832,40.609,4.13,42.878,38.752,44.048,12769
2024,59680162B63960569375521,Anka,Zamfara,North West,11.971,6.023,31443,0,82.535,49.579,3.31,61.934,25.049,28.738,35.566,3,40.329,44.757,53.669,16.239,44.048,-2.08,42.902,44.986,48.001,13850
2025,59680162B63960569375521,Anka,Zamfara,North West,11.971,6.023,31443,0,81.51,29.295,4.301,75.138,46.454,42.099,18.184,0,78.333,27.6,27.178,12.845,48.001,0.52,48.289,47.765,,15093
2020,59680162B64027612781435,Agwara,Niger,North Central,10.725,4.525,50225,0,71.832,60.095,4.878,63.95,63.373,84.796,24.272,5,35.727,5.772,61.254,13.459,28.161,-0.14,28.083,28.224,32.892,14144
2021,59680162B64027612781435,Agwara,Niger,North Central,10.725,4.525,50225,0,65.034,61.746,3.163,59.39,53.733,85.653,14.585,0,57.543,7.84,63.942,21.691,32.892,-0.39,32.678,33.067,31.693,16520
2022,59680162B64027612781435,Agwara,Niger,North Central,10.725,4.525,50225,0,75.88,64.239,4.53,54.517,82.396,57.116,13.843,0,46.992,17.427,67.963,32.701,31.693,-1.97,30.609,32.58,37.682,15918
2023,59680162B64027612781435,Agwara,Niger,North Central,10.725,4.525,50225,0,72.556,59.604,3.781,49.967,36.568,39.528,17.843,3,55.246,7.754,79.429,21.242,37.682,-1.89,36.642,38.534,25.07,18926
2024,59680162B64027612781435,Agwara,Niger,North Central,10.725,4.525,50225,0,71.679,63.357,3.195,39.018,62.549,84.63,18.028,2,45.703,7.513,49.726,29.401,25.07,0.22,25.189,24.972,33.05,12591
2025,59680162B64027612781435,Agwara,Niger,North Central,10.725,4.525,50225,0,73.481,69.788,3.32,53.313,34.303,89.16,15.905,1,60.73,8.699,52.696,15.98,33.05,1.3,33.765,32.465,,16599
2020,59680162B64112154685735,Abi,Cross River,South South,5.884,8.035,55434,1,48.773,92.757,0.5,31.868,72.116,83.289,0.5,1,26.283,0.0,89.797,11.126,0.8,-2.91,0.5,2.112,15.772,443
2021,59680162B64112154685735,Abi,Cross River,South South,5.884,8.035,55434,1,56.902,93.884,0.974,52.56,68.327,88.323,20.75,0,74.044,0.0,99.0,24.735,15.772,-3.0,14.122,17.122,13.112,8743
2022,59680162B64112154685735,Abi,Cross River,South South,5.884,8.035,55434,1,60.372,95.28,0.2,38.209,60.361,98.144,0.5,1,64.328,0.0,78.269,21.056,13.112,-2.67,11.645,14.313,2.897,7269
2023,59680162B64112154685735,Abi,Cross River,South South,5.884,8.035,55434,1,61.8,79.795,0.706,45.242,72.892,98.276,8.076,0,46.012,0.0,97.735,36.866,2.897,3.14,4.625,1.483,0.8,1606
2024,59680162B64112154685735,Abi,Cross River,South South,5.884,8.035,55434,1,45.662,91.557,1.183,22.201,97.154,82.419,10.182,2,62.806,0.0,84.248,21.533,0.8,-2.25,0.5,1.814,8.216,443
2025,59680162B64112154685735,Abi,Cross River,South South,5.884,8.035,55434,1,67.791,83.673,0.2,38.417,60.046,58.021,8.413,2,55.294,0.0,82.03,32.952,8.216,1.51,9.048,7.535,,4554
2020,59680162B64183111122385,Shomgom,Gombe,North East,9.732,11.244,36339,1,78.964,60.772,5.337,54.774,60.488,41.866,29.127,1,79.52,28.65,54.067,15.397,43.145,0.46,43.398,42.938,52.45,15678
2021,59680162B64183111122385,Shomgom,Gombe,North East,9.732,11.244,36339,1,88.169,57.914,6.586,69.478,39.91,68.679,17.199,6,76.024,27.892,60.395,12.157,52.45,-0.15,52.368,52.518,56.141,19060
2022,59680162B64183111122385,Shomgom,Gombe,North East,9.732,11.244,36339,1,82.996,41.619,4.601,56.968,30.808,58.5,21.585,10,51.962,38.642,71.722,14.117,56.141,0.34,56.33,55.986,49.01,20401
2023,59680162B64183111122385,Shomgom,Gombe,North East,9.732,11.244,36339,1,83.766,43.013,1.726,69.836,46.692,51.64,39.764,9,62.516,21.319,37.677,19.097,49.01,0.39,49.225,48.834,46.549,17810
2024,59680162B64183111122385,Shomgom,Gombe,North East,9.732,11.244,36339,1,78.927,51.236,1.15,73.767,46.425,48.882,13.62,6,43.012,46.826,66.116,17.802,46.549,1.82,47.552,45.728,42.831,16915
2025,59680162B64183111122385,Shomgom,Gombe,North East,9.732,11.244,36339,1,85.633,54.32,3.531,71.2,49.373,43.712,24.789,3,95.361,5.729,82.597,18.541,42.831,3.41,44.708,41.295,,15564
2020,59680162B6425058524044,Agaie,Niger,North Central,8.948,6.427,56926,0,68.812,66.944,4.045,46.195,59.614,55.21,31.009,2,54.747,0.0,78.698,16.197,27.834,2.09,28.986,26.892,42.298,15845
2021,59680162B6425058524044,Agaie,Niger,North Central,8.948,6.427,56926,0,81.53,51.622,2.127,50.603,37.414,63.22,11.248,4,51.585,26.272,68.868,35.779,42.298,2.38,43.606,41.228,29.732,24079
2022,59680162B6425058524044,Agaie,Niger,North Central,8.948,6.427,56926,0,65.082,81.197,1.59,31.949,36.946,43.394,13.972,4,30.818,18.915,56.642,29.756,29.732,0.76,30.152,29.388,27.992,16925
2023,59680162B6425058524044,Agaie,Niger,North Central,8.948,6.427,56926,0,67.033,65.232,2.769,37.888,37.715,63.515,21.034,1,28.43,0.0,53.254,33.196,27.992,-0.76,27.576,28.333,31.85,15935
2024,59680162B6425058524044,Agaie,Niger,North Central,8.948,6.427,56926,0,85.004,73.848,1.848,37.642,55.453,62.362,15.907,2,47.225,4.945,66.065,40.687,31.85,-0.57,31.538,32.105,28.688,18131
2025,59680162B6425058524044,Agaie,Niger,North Central,8.948,6.427,56926,0,73.253,62.784,4.201,43.454,44.196,80.683,19.189,0,54.452,0.0,73.0,30.26,28.688,1.08,29.28,28.203,,16331
2020,59680162B64506251287847,Kajola,Oyo,South West,8.014,3.358,28646,0,49.414,77.592,1.231,25.952,41.296,77.451,18.483,0,45.862,6.537,84.243,19.954,13.4,0.53,13.691,13.162,15.144,3839
2021,59680162B64506251287847,Kajola,Oyo,South West,8.014,3.358,28646,0,60.344,68.91,1.363,30.164,73.125,63.019,0.7,0,31.29,0.0,80.432,20.47,15.144,-1.76,14.179,15.934,10.805,4338
2022,59680162B64506251287847,Kajola,Oyo,South West,8.014,3.358,28646,0,60.748,86.293,3.126,41.166,60.83,67.828,19.122,2,40.48,0.0,99.0,17.902,10.805,-0.22,10.683,10.904,6.351,3095
2023,59680162B64506251287847,Kajola,Oyo,South West,8.014,3.358,28646,0,63.635,68.175,1.001,39.861,68.823,65.708,12.052,0,28.548,0.288,87.816,39.931,6.351,-0.35,6.158,6.509,23.782,1819
2024,59680162B64506251287847,Kajola,Oyo,South West,8.014,3.358,28646,0,58.55,79.096,1.615,32.078,58.444,41.735,11.899,2,26.34,0.0,85.642,20.54,23.782,-1.63,22.883,24.517,7.364,6813
2025,59680162B64506251287847,Kajola,Oyo,South West,8.014,3.358,28646,0,61.744,75.164,0.481,46.666,99.0,86.136,11.704,0,24.615,3.585,84.536,27.642,7.364,0.27,7.511,7.244,,2110
2020,59680162B64610537243626,Gwandu,Kebbi,North West,12.477,4.622,35515,0,92.206,32.312,6.273,72.664,5.836,24.952,34.775,0,55.839,41.233,35.218,19.869,58.74,3.68,60.765,57.084,50.677,20862
2021,59680162B64610537243626,Gwandu,Kebbi,North West,12.477,4.622,35515,0,88.815,22.532,3.082,56.805,43.847,54.515,29.413,2,79.726,37.27,45.533,28.874,50.677,3.22,52.449,49.227,57.035,17998
2022,59680162B64610537243626,Gwandu,Kebbi,North West,12.477,4.622,35515,0,97.775,24.86,5.148,68.828,42.175,17.643,36.781,1,56.642,27.028,52.301,14.859,57.035,0.77,57.457,56.69,53.737,20256
2023,59680162B64610537243626,Gwandu,Kebbi,North West,12.477,4.622,35515,0,94.196,17.086,3.063,44.319,37.77,31.127,39.609,0,49.042,32.962,41.76,15.391,53.737,2.68,55.213,52.529,43.505,19085
2024,59680162B64610537243626,Gwandu,Kebbi,North West,12.477,4.622,35515,0,93.515,43.4,4.337,59.224,43.644,32.762,23.464,2,58.386,34.601,44.217,11.088,43.505,3.31,45.326,42.015,53.327,15451
2025,59680162B64610537243626,Gwandu,Kebbi,North West,12.477,4.622,35515,0,95.517,41.916,3.264,51.871,40.748,47.249,31.192,1,63.793,41.328,41.556,23.648,53.327,0.41,53.553,53.142,,18939
2020,59680162B64636531363939,Gwiwa,Jigawa,North West,12.738,8.292,44111,0,90.711,26.79,3.192,57.612,17.851,64.915,29.455,2,52.068,44.583,74.646,17.807,50.262,0.68,50.638,49.954,55.431,22171
2021,59680162B64636531363939,Gwiwa,Jigawa,North West,12.738,8.292,44111,0,89.765,32.859,6.087,74.212,25.193,49.221,34.262,2,77.043,38.953,42.373,10.838,55.431,2.03,56.547,54.518,47.856,24451
2022,59680162B64636531363939,Gwiwa,Jigawa,North West,12.738,8.292,44111,0,96.198,16.891,3.791,68.586,31.483,50.222,23.641,1,50.709,38.847,44.209,17.421,47.856,1.31,48.577,47.266,51.147,21110
2023,59680162B64636531363939,Gwiwa,Jigawa,North West,12.738,8.292,44111,0,95.648,35.645,5.078,49.553,46.065,58.015,24.801,1,51.936,52.484,42.637,18.57,51.147,2.35,52.439,50.09,33.619,22562
2024,59680162B64636531363939,Gwiwa,Jigawa,North West,12.738,8.292,44111,0,86.424,44.332,2.873,55.476,55.019,59.372,23.254,0,54.569,27.761,74.151,10.72,33.619,0.22,33.738,33.522,44.905,14830
2025,59680162B64636531363939,Gwiwa,Jigawa,North West,12.738,8.292,44111,0,91.87,45.693,4.481,59.825,24.257,56.483,27.092,1,68.303,37.367,66.568,12.296,44.905,4.14,47.18,43.043,,19808
2020,59680162B64690225464412,Kaura Namoda,Zamfara,North West,12.477,6.572,36761,1,80.912,39.51,2.77,64.367,33.828,64.708,25.049,1,64.65,23.195,58.423,13.551,44.376,-1.01,43.82,44.832,33.933,16313
2021,59680162B64690225464412,Kaura Namoda,Zamfara,North West,12.477,6.572,36761,1,75.696,44.724,4.808,61.59,45.698,60.205,18.916,0,71.668,18.843,63.163,13.782,33.933,0.99,34.478,33.486,39.948,12474
2022,59680162B64690225464412,Kaura Namoda,Zamfara,North West,12.477,6.572,36761,1,79.185,48.356,3.866,69.806,38.066,42.121,22.213,4,55.172,19.947,68.126,26.208,39.948,0.68,40.322,39.643,34.775,14685
2023,59680162B64690225464412,Kaura Namoda,Zamfara,North West,12.477,6.572,36761,1,74.038,55.336,4.756,65.616,53.659,44.202,20.544,2,38.644,23.64,58.104,11.533,34.775,-2.5,33.397,35.902,48.199,12784
2024,59680162B64690225464412,Kaura Namoda,Zamfara,North West,12.477,6.572,36761,1,84.221,44.644,4.418,53.623,41.591,68.047,37.07,2,61.339,23.828,51.384,13.212,48.199,-0.81,47.752,48.565,38.99,17718
2025,59680162B64690225464412,Kaura Namoda,Zamfara,North West,12.477,6.572,36761,1,84.745,71.325,3.316,82.652,42.682,63.001,33.405,1,56.123,25.978,70.036,21.647,38.99,-0.03,38.976,39.002,,14333
2020,59680162B64727590098747,Jere,Borno,North East,11.936,13.185,22221,0,84.727,29.355,4.396,56.306,41.181,43.72,12.955,3,63.789,21.881,52.066,11.095,48.894,0.74,49.301,48.56,44.652,10865
2021,59680162B64727590098747,Jere,Borno,North East,11.936,13.185,22221,0,82.887,49.333,4.733,66.164,39.305,23.469,39.671,1,72.808,21.295,50.797,13.502,44.652,2.5,46.028,43.526,47.683,9922
2022,59680162B64727590098747,Jere,Borno,North East,11.936,13.185,22221,0,90.351,37.429,5.16,64.801,60.234,33.12,23.984,6,76.986,34.828,38.674,19.929,47.683,0.55,47.985,47.437,48.622,10596
2023,59680162B64727590098747,Jere,Borno,North East,11.936,13.185,22221,0,97.876,38.539,4.412,48.142,36.156,53.983,28.45,4,55.394,37.253,53.438,10.466,48.622,1.99,49.716,47.727,47.211,10804
2024,59680162B64727590098747,Jere,Borno,North East,11.936,13.185,22221,0,74.775,50.525,3.023,47.784,46.028,27.877,28.061,5,70.19,37.482,58.267,17.561,47.211,2.09,48.362,46.268,46.244,10491
2025,59680162B64727590098747,Jere,Borno,North East,11.936,13.185,22221,0,96.531,48.07,4.771,66.959,52.294,49.155,23.73,4,75.15,12.134,25.881,17.856,46.244,1.41,47.02,45.61,,10276
2020,59680162B64770944232121,Uzo-Uwani,Enugu,South East,6.684,7.186,38639,0,77.541,79.048,1.37,38.503,55.112,58.291,16.437,2,40.524,9.69,82.221,24.268,27.744,1.61,28.631,27.019,14.333,10720
2021,59680162B64770944232121,Uzo-Uwani,Enugu,South East,6.684,7.186,38639,0,67.101,75.687,0.337,34.919,62.839,86.512,8.028,1,49.833,1.301,96.577,10.426,14.333,1.29,15.044,13.752,23.379,5538
2022,59680162B64770944232121,Uzo-Uwani,Enugu,South East,6.684,7.186,38639,0,63.423,94.829,2.026,39.806,47.771,99.0,12.728,2,48.821,0.0,84.468,12.759,23.379,-1.58,22.51,24.09,22.226,9034
2023,59680162B64770944232121,Uzo-Uwani,Enugu,South East,6.684,7.186,38639,0,74.885,86.546,2.528,16.611,74.651,88.348,15.088,0,33.458,0.0,80.295,16.675,22.226,-0.29,22.065,22.357,11.035,8588
2024,59680162B64770944232121,Uzo-Uwani,Enugu,South East,6.684,7.186,38639,0,65.3,80.307,0.2,31.052,80.326,74.119,5.537,1,31.662,0.057,94.463,19.485,11.035,-1.36,10.288,11.646,19.051,4264
2025,59680162B64770944232121,Uzo-Uwani,Enugu,South East,6.684,7.186,38639,0,69.339,76.353,2.088,38.175,80.504,91.789,7.531,0,40.648,4.13,99.0,31.935,19.051,-0.22,18.931,19.149,,7361
2020,59680162B64829234996535,Yenegoa,Bayelsa,South South,5.064,6.379,70661,1,59.066,88.244,1.006,37.216,69.551,64.966,7.83,3,50.573,0.0,95.02,22.034,12.164,0.07,12.202,12.133,11.248,8595
2021,59680162B64829234996535,Yenegoa,Bayelsa,South South,5.064,6.379,70661,1,53.823,99.0,0.78,35.753,73.374,72.029,14.96,0,35.049,6.645,72.528,28.703,11.248,-1.31,10.53,11.836,14.426,7948
2022,59680162B64829234996535,Yenegoa,Bayelsa,South South,5.064,6.379,70661,1,66.135,84.045,0.2,33.343,67.67,98.842,7.291,1,67.345,0.0,78.299,13.467,14.426,0.76,14.842,14.085,13.286,10193
2023,59680162B64829234996535,Yenegoa,Bayelsa,South South,5.064,6.379,70661,1,56.342,89.767,1.759,40.723,66.482,84.13,18.477,2,40.539,0.0,99.0,45.483,13.286,-2.58,11.87,14.445,18.279,9388
2024,59680162B64829234996535,Yenegoa,Bayelsa,South South,5.064,6.379,70661,1,56.332,81.52,1.819,38.876,72.691,94.178,13.718,1,52.394,0.0,84.723,37.342,18.279,-2.54,16.881,19.422,2.309,12916
2025,59680162B64829234996535,Yenegoa,Bayelsa,South South,5.064,6.379,70661,1,45.016,99.0,1.43,35.847,81.077,87.854,14.531,0,51.177,0.0,91.463,34.683,2.309,-2.28,1.056,3.335,,1632
2020,59680162B65118596491840,Hawul,Borno,North East,10.461,12.31,15818,0,94.48,21.874,4.086,51.821,27.003,42.642,32.682,6,73.585,31.037,58.942,9.636,58.266,0.92,58.774,57.851,57.56,9217
2021,59680162B65118596491840,Hawul,Borno,North East,10.461,12.31,15818,0,82.837,24.249,5.409,67.234,6.187,59.53,44.455,6,82.996,34.471,51.022,9.707,57.56,7.19,61.513,54.326,57.422,9105
2022,59680162B65118596491840,Hawul,Borno,North East,10.461,12.31,15818,0,97.221,39.711,3.452,59.417,39.269,32.973,41.434,6,50.949,28.66,51.211,10.364,57.422,3.46,59.328,55.864,44.237,9083
2023,59680162B65118596491840,Hawul,Borno,North East,10.461,12.31,15818,0,90.115,42.482,3.45,51.19,40.431,40.319,16.709,6,50.587,13.339,24.589,24.299,44.237,1.08,44.833,43.749,49.685,6997
2024,59680162B65118596491840,Hawul,Borno,North East,10.461,12.31,15818,0,95.735,52.299,3.718,51.81,37.945,36.512,25.79,7,71.16,28.282,41.707,50.551,49.685,2.01,50.793,48.779,45.981,7859
2025,59680162B65118596491840,Hawul,Borno,North East,10.461,12.31,15818,0,87.929,27.197,3.567,42.281,30.451,51.883,18.579,4,69.003,28.251,65.606,15.608,45.981,1.7,46.916,45.216,,7273
2020,59680162B65190975434062,Eleme,Rivers,South South,4.778,7.14,56850,1,56.434,88.52,1.054,43.245,50.25,89.405,4.884,0,60.801,0.0,91.776,12.539,12.624,-2.06,11.494,13.549,6.177,7177
2021,59680162B65190975434062,Eleme,Rivers,South South,4.778,7.14,56850,1,58.873,76.582,1.744,35.405,93.419,84.054,12.79,0,60.177,9.39,87.141,26.328,6.177,-0.87,5.697,6.57,16.149,3512
2022,59680162B65190975434062,Eleme,Rivers,South South,4.778,7.14,56850,1,51.849,76.377,0.272,42.192,78.439,62.246,17.333,2,51.039,0.0,77.222,17.631,16.149,-0.01,16.14,16.155,17.146,9180
2023,59680162B65190975434062,Eleme,Rivers,South South,4.778,7.14,56850,1,57.131,99.0,2.228,36.376,86.806,66.196,12.718,3,57.432,0.0,86.438,19.695,17.146,-1.54,16.3,17.838,6.619,9748
2024,59680162B65190975434062,Eleme,Rivers,South South,4.778,7.14,56850,1,60.254,93.655,0.2,57.779,81.684,93.794,0.5,0,45.17,0.0,82.833,29.914,6.619,-1.39,5.855,7.243,23.618,3763
2025,59680162B65190975434062,Eleme,Rivers,South South,4.778,7.14,56850,1,62.03,88.411,2.449,41.427,64.192,99.0,14.261,1,64.15,0.0,79.708,19.445,23.618,-0.28,23.463,23.745,,13427
2020,59680162B65219804693248,Ngala,Borno,North East,12.346,14.146,36823,0,90.537,50.596,3.093,63.516,42.216,63.248,20.03,3,63.03,47.348,37.49,16.828,45.179,1.39,45.943,44.553,47.49,16636
2021,59680162B65219804693248,Ngala,Borno,North East,12.346,14.146,36823,0,93.892,36.372,3.672,58.862,30.699,39.149,15.102,6,57.7,34.908,40.403,19.527,47.49,1.96,48.566,46.61,52.004,17487
2022,59680162B65219804693248,Ngala,Borno,North East,12.346,14.146,36823,0,97.346,37.74,2.597,44.309,51.241,36.153,23.16,3,76.207,31.4,44.792,20.324,52.004,-1.22,51.332,52.554,37.286,19149
2023,59680162B65219804693248,Ngala,Borno,North East,12.346,14.146,36823,0,93.226,44.795,0.21,58.368,27.967,21.318,25.535,5,55.301,26.29,60.844,17.288,37.286,1.05,37.864,36.812,44.641,13730
2024,59680162B65219804693248,Ngala,Borno,North East,12.346,14.146,36823,0,85.197,39.796,3.715,65.467,17.432,47.174,21.038,6,53.499,22.234,40.747,38.243,44.641,1.38,45.399,44.02,51.329,16438
2025,59680162B65219804693248,Ngala,Borno,North East,12.346,14.146,36823,0,86.706,54.249,3.729,56.919,37.512,43.065,23.163,3,68.376,28.88,50.714,25.748,51.329,2.33,52.608,50.283,,18901
2020,59680162B65662189989638,Arewa Dandi,Kebbi,North West,12.683,4.024,15494,0,87.287,18.101,4.685,75.158,29.828,39.534,44.106,0,55.654,54.331,37.512,14.18,62.218,3.32,64.047,60.722,56.723,9640
2021,59680162B65662189989638,Arewa Dandi,Kebbi,North West,12.683,4.024,15494,0,86.149,30.444,4.82,56.078,3.1,31.243,30.005,3,61.416,22.15,40.843,12.246,56.723,2.31,57.995,55.682,52.275,8789
2022,59680162B65662189989638,Arewa Dandi,Kebbi,North West,12.683,4.024,15494,0,96.342,29.761,5.144,50.641,39.922,47.87,23.284,0,65.665,38.821,34.61,23.474,52.275,0.49,52.543,52.056,42.882,8100
2023,59680162B65662189989638,Arewa Dandi,Kebbi,North West,12.683,4.024,15494,0,91.054,31.747,2.507,47.864,28.901,52.005,29.526,2,62.488,29.419,52.04,13.327,42.882,2.86,44.453,41.597,50.284,6644
2024,59680162B65662189989638,Arewa Dandi,Kebbi,North West,12.683,4.024,15494,0,92.265,46.407,4.059,47.648,27.023,33.333,28.722,3,69.484,49.885,53.871,10.296,50.284,2.6,51.715,49.114,45.215,7791
2025,59680162B65662189989638,Arewa Dandi,Kebbi,North West,12.683,4.024,15494,0,82.605,58.587,3.85,74.746,40.825,66.606,35.567,4,49.993,31.594,63.063,21.544,45.215,-0.67,44.846,45.516,,7006
2020,59680162B6607126567740,Fufore,Adamawa,North East,9.245,12.758,49136,0,91.476,31.562,3.252,59.781,40.252,34.022,26.295,7,53.194,27.017,54.932,12.209,46.332,2.68,47.805,45.127,44.443,22766
2021,59680162B6607126567740,Fufore,Adamawa,North East,9.245,12.758,49136,0,77.102,28.077,4.423,63.668,34.495,45.056,34.777,5,78.578,23.415,66.854,7.805,44.443,0.66,44.806,44.146,51.442,21838
2022,59680162B6607126567740,Fufore,Adamawa,North East,9.245,12.758,49136,0,90.158,34.286,4.875,39.269,22.396,42.753,32.05,7,76.33,31.608,45.093,30.674,51.442,-0.36,51.246,51.602,51.623,25276
2023,59680162B6607126567740,Fufore,Adamawa,North East,9.245,12.758,49136,0,84.277,39.261,3.36,68.893,34.611,53.772,32.954,4,51.224,25.205,56.769,30.159,51.623,1.69,52.551,50.864,51.97,25366
2024,59680162B6607126567740,Fufore,Adamawa,North East,9.245,12.758,49136,0,88.283,40.366,5.386,59.826,39.621,77.131,31.033,5,62.705,24.161,36.843,24.356,51.97,1.37,52.722,51.355,41.971,25536
2025,59680162B6607126567740,Fufore,Adamawa,North East,9.245,12.758,49136,0,86.664,54.337,3.861,53.067,39.865,53.056,24.47,4,75.523,24.241,55.226,19.726,41.971,1.4,42.74,41.343,,20623
2020,59680162B66079212084305,Ila,Osun,South West,7.97,4.898,34538,0,71.363,83.492,0.427,40.673,77.328,78.859,18.24,0,9.634,0.0,77.102,36.978,14.797,-0.54,14.501,15.038,22.914,5110
2021,59680162B66079212084305,Ila,Osun,South West,7.97,4.898,34538,0,65.181,99.0,3.38,58.574,67.922,62.596,14.478,0,40.598,1.452,77.401,21.172,22.914,-2.56,21.506,24.066,17.904,7914
2022,59680162B66079212084305,Ila,Osun,South West,7.97,4.898,34538,0,72.817,93.842,1.042,27.5,76.633,89.162,12.516,0,47.548,11.552,84.627,15.094,17.904,1.45,18.7,17.253,4.78,6184
2023,59680162B66079212084305,Ila,Osun,South West,7.97,4.898,34538,0,65.524,82.352,0.21,32.589,77.626,84.41,9.947,0,21.283,0.0,94.991,23.046,4.78,-2.78,3.253,6.029,12.765,1651
2024,59680162B66079212084305,Ila,Osun,South West,7.97,4.898,34538,0,65.09,85.336,2.606,19.05,76.199,94.958,16.896,0,45.599,10.276,99.0,17.09,12.765,-0.05,12.735,12.789,17.888,4409
2025,59680162B66079212084305,Ila,Osun,South West,7.97,4.898,34538,0,56.34,86.719,1.322,36.663,81.008,97.378,14.264,0,33.74,3.529,69.532,21.712,17.888,-1.63,16.993,18.62,,6178
2020,59680162B66353567053476,Guri,Jigawa,North West,12.645,10.474,27339,0,87.624,39.681,5.012,68.213,42.243,48.553,29.243,1,67.319,29.21,44.87,13.005,50.094,1.61,50.977,49.371,49.596,13695
2021,59680162B66353567053476,Guri,Jigawa,North West,12.645,10.474,27339,0,86.607,44.733,4.294,62.525,23.564,24.96,30.399,3,42.829,38.33,21.236,16.758,49.596,3.63,51.594,47.962,63.508,13559
2022,59680162B66353567053476,Guri,Jigawa,North West,12.645,10.474,27339,0,94.464,31.647,6.254,67.646,33.654,19.461,33.724,1,75.858,21.885,60.716,20.321,63.508,3.81,65.606,61.792,58.096,17363
2023,59680162B66353567053476,Guri,Jigawa,North West,12.645,10.474,27339,0,86.391,51.051,7.75,69.328,26.707,41.15,26.471,0,69.252,35.128,49.141,11.858,58.096,0.82,58.546,57.727,49.838,15883
2024,59680162B66353567053476,Guri,Jigawa,North West,12.645,10.474,27339,0,82.38,39.23,4.09,41.804,19.095,45.899,37.168,2,55.064,24.246,43.86,29.266,49.838,5.19,52.69,47.504,48.653,13625
2025,59680162B66353567053476,Guri,Jigawa,North West,12.645,10.474,27339,0,84.46,31.59,4.581,54.509,40.783,63.533,46.063,3,72.148,34.382,68.224,21.21,48.653,1.47,49.459,47.994,,13301
2020,59680162B66461609617276,Akoko South West,Ondo,South West,7.408,5.706,135210,0,71.737,97.478,2.066,43.559,64.717,76.078,12.218,0,26.912,0.0,91.661,23.843,18.678,-2.27,17.43,19.698,26.09,25254
2021,59680162B66461609617276,Akoko South West,Ondo,South West,7.408,5.706,135210,0,73.678,85.192,2.779,40.471,49.724,71.756,9.918,0,37.35,5.262,99.0,20.295,26.09,-0.19,25.988,26.173,10.334,35276
2022,59680162B66461609617276,Akoko South West,Ondo,South West,7.408,5.706,135210,0,63.364,71.035,1.447,27.965,84.241,82.745,17.781,0,25.924,4.558,71.946,21.597,10.334,-0.63,9.987,10.617,11.939,13972
2023,59680162B66461609617276,Akoko South West,Ondo,South West,7.408,5.706,135210,0,63.672,88.969,0.584,46.588,68.647,86.457,8.398,2,40.754,0.0,90.08,55.588,11.939,-1.21,11.271,12.485,3.382,16142
2024,59680162B66461609617276,Akoko South West,Ondo,South West,7.408,5.706,135210,0,63.581,90.652,2.515,48.738,74.839,85.692,0.5,0,30.353,0.0,76.541,43.461,3.382,-0.51,3.103,3.611,18.345,4573
2025,59680162B66461609617276,Akoko South West,Ondo,South West,7.408,5.706,135210,0,62.058,89.62,0.36,20.033,83.583,95.618,5.222,1,54.496,19.417,83.573,17.568,18.345,1.68,19.271,17.586,,24804
2020,59680162B66628176907248,Mayo-Belwa,Adamawa,North East,8.939,12.023,23270,0,93.844,32.417,3.577,55.667,47.106,42.863,31.827,4,53.695,28.911,32.473,8.447,48.309,2.58,49.728,47.147,62.058,11241
2021,59680162B66628176907248,Mayo-Belwa,Adamawa,North East,8.939,12.023,23270,0,92.773,30.649,4.41,64.479,29.764,32.105,30.248,8,82.968,32.941,64.633,17.615,62.058,2.48,63.423,60.942,47.427,14441
2022,59680162B66628176907248,Mayo-Belwa,Adamawa,North East,8.939,12.023,23270,0,91.63,42.194,1.407,67.136,36.701,55.974,17.681,5,65.581,36.202,42.939,15.894,47.427,0.83,47.881,47.055,48.538,11036
2023,59680162B66628176907248,Mayo-Belwa,Adamawa,North East,8.939,12.023,23270,0,80.417,39.516,4.738,46.108,40.613,18.244,21.296,7,66.479,26.071,74.02,12.226,48.538,1.04,49.111,48.069,38.351,11295
2024,59680162B66628176907248,Mayo-Belwa,Adamawa,North East,8.939,12.023,23270,0,75.527,36.249,2.238,51.57,13.815,54.189,36.072,2,67.679,20.145,55.435,17.124,38.351,4.25,40.687,36.439,33.897,8924
2025,59680162B66628176907248,Mayo-Belwa,Adamawa,North East,8.939,12.023,23270,0,85.959,31.435,1.925,59.647,56.662,46.076,25.019,4,85.052,21.207,41.067,39.894,33.897,-1.83,32.893,34.719,,7888
2020,59680162B66631777088899,Isa,Sokoto,North West,13.228,6.37,18796,0,96.378,23.312,5.62,72.018,7.503,62.972,35.604,1,56.91,35.532,48.377,12.072,59.85,2.96,61.479,58.517,52.127,11249
2021,59680162B66631777088899,Isa,Sokoto,North West,13.228,6.37,18796,0,92.168,25.661,4.857,54.564,23.342,21.475,34.542,1,50.975,40.432,27.214,13.798,52.127,0.32,52.305,51.98,52.943,9798
2022,59680162B66631777088899,Isa,Sokoto,North West,13.228,6.37,18796,0,93.044,43.208,3.661,63.931,43.88,46.108,40.721,0,72.972,41.042,56.503,40.468,52.943,1.07,53.529,52.463,42.35,9951
2023,59680162B66631777088899,Isa,Sokoto,North West,13.228,6.37,18796,0,89.145,24.451,2.668,54.027,16.135,68.45,29.388,0,43.687,31.576,47.388,21.99,42.35,2.28,43.602,41.325,57.285,7960
2024,59680162B66631777088899,Isa,Sokoto,North West,13.228,6.37,18796,0,96.334,40.664,4.37,48.644,53.338,46.248,31.057,0,61.171,48.708,44.713,14.016,57.285,-0.13,57.213,57.345,49.713,10767
2025,59680162B66631777088899,Isa,Sokoto,North West,13.228,6.37,18796,0,91.011,28.719,4.804,66.658,35.585,24.742,33.044,1,55.119,33.705,46.811,20.161,49.713,1.25,50.401,49.151,,9344
2020,59680162B66680936539808,Bassa,Kogi,North Central,7.738,6.957,52155,0,63.33,60.23,3.067,31.356,33.556,52.819,26.264,1,50.317,0.547,64.407,39.7,23.549,1.31,24.268,22.961,32.178,12282
2021,59680162B66680936539808,Bassa,Kogi,North Central,7.738,6.957,52155,0,71.076,55.574,4.69,37.256,37.139,63.085,18.942,0,36.36,20.348,59.587,19.246,32.178,-1.59,31.305,32.892,23.443,16782
2022,59680162B66680936539808,Bassa,Kogi,North Central,7.738,6.957,52155,0,71.868,55.103,2.745,31.081,53.623,63.017,6.775,1,34.32,0.0,65.294,24.689,23.443,1.21,24.107,22.899,29.245,12227
2023,59680162B66680936539808,Bassa,Kogi,North Central,7.738,6.957,52155,0,78.547,69.011,3.438,37.851,55.624,32.457,13.473,0,66.394,0.0,83.291,18.698,29.245,1.64,30.149,28.506,19.869,15253
2024,59680162B66680936539808,Bassa,Kogi,North Central,7.738,6.957,52155,0,72.442,56.747,1.652,30.214,49.933,74.157,12.466,0,52.103,7.143,59.151,23.956,19.869,3.05,21.545,18.497,29.75,10362
2025,59680162B66680936539808,Bassa,Kogi,North Central,7.738,6.957,52155,0,70.167,59.436,4.422,36.407,44.437,64.576,6.286,2,57.212,19.324,79.171,22.864,29.75,1.18,30.401,29.216,,15516
2020,59680162B66692684641238,Egbeda,Oyo,South West,7.389,4.032,151702,1,57.922,78.625,0.886,33.569,76.865,95.06,0.5,0,28.706,1.58,99.0,16.308,10.99,-0.88,10.506,11.387,11.236,16673
2021,59680162B66692684641238,Egbeda,Oyo,South West,7.389,4.032,151702,1,49.517,83.962,0.974,43.784,73.602,89.603,15.579,0,40.344,3.457,85.012,28.243,11.236,0.23,11.361,11.133,4.919,17045
2022,59680162B66692684641238,Egbeda,Oyo,South West,7.389,4.032,151702,1,49.96,91.937,1.074,22.598,79.203,99.0,10.541,0,51.825,0.0,83.402,42.938,4.919,-0.14,4.844,4.981,7.306,7463
2023,59680162B66692684641238,Egbeda,Oyo,South West,7.389,4.032,151702,1,51.948,91.368,0.356,36.192,87.431,84.249,9.049,1,18.51,0.0,90.726,46.357,7.306,-3.0,5.656,8.656,2.444,11083
2024,59680162B66692684641238,Egbeda,Oyo,South West,7.389,4.032,151702,1,41.868,88.882,0.563,33.463,76.166,79.049,0.5,1,34.033,5.247,86.118,21.702,2.444,-2.8,0.902,3.705,6.462,3708
2025,59680162B66692684641238,Egbeda,Oyo,South West,7.389,4.032,151702,1,44.871,92.787,0.785,41.188,83.014,99.0,0.5,0,44.647,0.0,95.387,35.996,6.462,0.06,6.496,6.434,,9803
2020,59680162B67238968218645,Tarmuwa,Yobe,North East,12.232,11.837,54137,1,84.309,46.68,4.192,51.56,47.213,41.262,28.803,6,52.063,9.213,41.963,15.849,35.265,-0.62,34.924,35.544,45.47,19091
2021,59680162B67238968218645,Tarmuwa,Yobe,North East,12.232,11.837,54137,1,87.302,36.418,3.851,63.907,47.357,66.806,27.556,2,79.562,8.145,58.59,28.97,45.47,1.09,46.067,44.982,31.485,24616
2022,59680162B67238968218645,Tarmuwa,Yobe,North East,12.232,11.837,54137,1,75.981,57.414,3.358,79.616,42.58,52.093,26.597,4,83.717,24.045,72.47,26.462,31.485,2.84,33.046,30.207,38.385,17045
2023,59680162B67238968218645,Tarmuwa,Yobe,North East,12.232,11.837,54137,1,74.856,43.399,3.484,68.533,52.872,65.33,23.551,3,58.813,39.279,77.319,14.039,38.385,1.2,39.045,37.844,45.088,20780
2024,59680162B67238968218645,Tarmuwa,Yobe,North East,12.232,11.837,54137,1,77.675,49.391,2.702,74.787,52.129,70.175,26.055,8,55.98,21.299,70.074,12.188,45.088,0.45,45.333,44.887,41.343,24409
2025,59680162B67238968218645,Tarmuwa,Yobe,North East,12.232,11.837,54137,1,83.627,64.958,3.419,66.765,48.321,47.8,23.913,4,84.057,19.065,38.179,17.375,41.343,1.22,42.017,40.792,,22382
2020,59680162B67606782034303,Katsina-Ala,Benue,North Central,7.295,9.565,58403,0,82.925,70.561,2.103,35.074,45.192,70.105,13.112,0,39.108,8.671,97.347,9.69,21.971,2.55,23.375,20.822,30.321,12832
2021,59680162B67606782034303,Katsina-Ala,Benue,North Central,7.295,9.565,58403,0,69.574,61.397,2.828,52.71,37.994,64.616,28.084,1,46.364,25.812,76.31,14.654,30.321,0.0,30.321,30.321,29.797,17708
2022,59680162B67606782034303,Katsina-Ala,Benue,North Central,7.295,9.565,58403,0,62.868,53.382,0.908,63.522,33.392,55.83,27.385,3,51.623,7.381,57.89,13.042,29.797,-0.56,29.491,30.047,36.988,17402
2023,59680162B67606782034303,Katsina-Ala,Benue,North Central,7.295,9.565,58403,0,76.034,36.912,3.987,20.026,44.39,79.155,9.648,4,52.597,5.076,72.031,23.003,36.988,-0.7,36.602,37.305,31.651,21602
2024,59680162B67606782034303,Katsina-Ala,Benue,North Central,7.295,9.565,58403,0,74.13,57.959,2.8,48.217,58.966,57.894,21.646,1,52.286,8.23,78.793,13.751,31.651,-0.66,31.287,31.948,27.194,18485
2025,59680162B67606782034303,Katsina-Ala,Benue,North Central,7.295,9.565,58403,0,71.498,67.707,3.885,30.06,65.618,99.0,25.439,4,38.931,15.68,80.969,21.156,27.194,0.38,27.403,27.023,,15882
2020,59680162B67610911656226,Iguegben,Edo,South South,6.51,6.248,39484,1,58.237,71.395,0.324,39.017,86.497,73.137,3.351,0,54.148,1.554,76.461,25.694,15.58,1.09,16.179,15.091,17.476,6152
2021,59680162B67610911656226,Iguegben,Edo,South South,6.51,6.248,39484,1,59.712,97.782,1.324,37.014,55.6,72.628,0.5,2,55.235,0.298,94.387,7.486,17.476,-0.31,17.304,17.617,17.611,6900
2022,59680162B67610911656226,Iguegben,Edo,South South,6.51,6.248,39484,1,56.228,85.782,1.195,47.394,70.805,69.967,9.183,1,88.581,0.0,85.663,46.546,17.611,-3.0,15.961,18.961,14.541,6954
2023,59680162B67610911656226,Iguegben,Edo,South South,6.51,6.248,39484,1,55.567,95.441,0.2,38.129,74.05,85.482,8.737,0,66.956,3.611,78.589,35.577,14.541,-3.0,12.891,15.891,14.348,5741
2024,59680162B67610911656226,Iguegben,Edo,South South,6.51,6.248,39484,1,63.887,84.724,1.413,35.029,61.536,76.603,11.38,0,37.934,0.0,78.031,18.464,14.348,-1.54,13.501,15.041,10.578,5665
2025,59680162B67610911656226,Iguegben,Edo,South South,6.51,6.248,39484,1,46.591,99.0,0.2,46.014,75.502,91.149,0.5,1,51.44,0.0,91.431,22.464,10.578,-1.24,9.897,11.136,,4177
2020,59680162B67680561366569,Karasuwa,Yobe,North East,12.987,10.674,22986,1,77.933,47.798,2.763,68.774,62.706,54.158,15.272,7,83.993,29.945,59.112,22.038,34.862,1.43,35.647,34.22,37.001,8013
2021,59680162B67680561366569,Karasuwa,Yobe,North East,12.987,10.674,22986,1,70.82,54.455,3.268,42.77,43.059,44.19,30.234,2,55.338,19.196,72.326,16.295,37.001,-0.38,36.793,37.172,35.973,8505
2022,59680162B67680561366569,Karasuwa,Yobe,North East,12.987,10.674,22986,1,79.694,65.553,2.035,48.661,34.314,65.009,26.579,5,72.916,8.044,83.038,19.297,35.973,1.22,36.644,35.424,42.263,8269
2023,59680162B67680561366569,Karasuwa,Yobe,North East,12.987,10.674,22986,1,80.466,52.347,3.672,54.08,40.52,46.164,36.64,7,60.977,15.743,70.03,14.772,42.263,1.92,43.317,41.4,33.38,9715
2024,59680162B67680561366569,Karasuwa,Yobe,North East,12.987,10.674,22986,1,59.072,49.604,3.173,58.937,20.045,46.33,16.743,5,66.495,17.144,61.798,15.616,33.38,0.02,33.39,33.371,42.486,7673
2025,59680162B67680561366569,Karasuwa,Yobe,North East,12.987,10.674,22986,1,84.812,49.041,4.005,57.243,45.297,65.246,25.719,3,74.34,36.392,48.164,38.724,42.486,-0.83,42.031,42.858,,9766
2020,59680162B67711641000031,Ojo,Lagos,South West,6.463,3.166,9342,1,52.58,82.34,3.699,43.07,88.927,79.54,7.867,0,36.324,8.772,94.944,19.009,1.019,-0.38,0.812,1.188,24.493,95
2021,59680162B67711641000031,Ojo,Lagos,South West,6.463,3.166,9342,1,59.937,77.762,2.593,24.586,66.505,46.799,8.41,1,46.658,0.0,78.507,29.207,24.493,0.24,24.623,24.386,11.089,2288
2022,59680162B67711641000031,Ojo,Lagos,South West,6.463,3.166,9342,1,44.422,95.918,0.727,47.298,48.323,99.0,7.504,0,43.534,7.892,99.0,10.626,11.089,-1.34,10.351,11.693,11.383,1036
2023,59680162B67711641000031,Ojo,Lagos,South West,6.463,3.166,9342,1,45.487,77.471,1.857,36.056,79.062,99.0,0.5,0,46.609,0.0,99.0,29.243,11.383,-0.85,10.917,11.765,9.225,1063
2024,59680162B67711641000031,Ojo,Lagos,South West,6.463,3.166,9342,1,56.347,99.0,1.79,52.944,99.0,78.846,1.467,0,24.155,0.0,99.0,21.853,9.225,-0.59,8.903,9.49,5.355,862
2025,59680162B67711641000031,Ojo,Lagos,South West,6.463,3.166,9342,1,62.892,99.0,1.199,33.468,67.274,99.0,0.5,2,53.288,0.0,99.0,25.208,5.355,-1.48,4.542,6.02,,500
2020,59680162B67809263123643,Ewekoro,Ogun,South West,6.976,3.174,69766,0,66.612,69.91,0.901,35.276,82.557,84.246,1.0,0,38.53,0.0,82.099,23.886,15.973,0.39,16.187,15.797,16.036,11143
2021,59680162B67809263123643,Ewekoro,Ogun,South West,6.976,3.174,69766,0,64.292,73.153,0.27,39.544,45.375,66.701,1.816,0,60.532,5.509,99.0,17.761,16.036,1.72,16.98,15.263,19.457,11188
2022,59680162B67809263123643,Ewekoro,Ogun,South West,6.976,3.174,69766,0,59.699,72.019,2.079,23.604,75.498,99.0,13.041,0,26.96,0.0,83.067,17.896,19.457,-0.72,19.06,19.782,12.757,13575
2023,59680162B67809263123643,Ewekoro,Ogun,South West,6.976,3.174,69766,0,58.707,78.675,1.902,43.611,92.568,81.767,14.968,1,39.559,6.036,91.296,27.036,12.757,-0.77,12.331,13.106,8.119,8900
2024,59680162B67809263123643,Ewekoro,Ogun,South West,6.976,3.174,69766,0,61.689,70.105,0.614,27.856,73.385,59.679,9.559,0,22.638,10.817,99.0,44.54,8.119,-2.28,6.864,9.146,16.971,5664
2025,59680162B67809263123643,Ewekoro,Ogun,South West,6.976,3.174,69766,0,68.983,57.674,1.872,35.615,63.759,89.765,16.979,0,43.079,0.0,82.455,31.361,16.971,0.74,17.38,16.636,,11840
2020,59680162B6783963116345,Ibadan North,Oyo,South West,7.422,3.908,24872,0,66.965,77.047,2.841,30.047,69.64,75.248,16.045,0,36.507,7.708,99.0,26.137,17.813,0.45,18.058,17.611,15.968,4430
2021,59680162B6783963116345,Ibadan North,Oyo,South West,7.422,3.908,24872,0,58.324,68.675,3.857,44.845,53.453,75.836,20.46,1,64.711,0.0,62.211,14.638,15.968,0.37,16.171,15.802,9.376,3972
2022,59680162B6783963116345,Ibadan North,Oyo,South West,7.422,3.908,24872,0,37.861,83.463,2.464,29.258,57.461,86.997,14.293,1,45.153,0.0,99.0,17.311,9.376,-0.38,9.168,9.547,18.204,2332
2023,59680162B6783963116345,Ibadan North,Oyo,South West,7.422,3.908,24872,0,52.931,66.152,0.532,35.955,70.058,75.899,9.157,0,45.556,15.717,99.0,17.852,18.204,-2.07,17.065,19.137,12.41,4528
2024,59680162B6783963116345,Ibadan North,Oyo,South West,7.422,3.908,24872,0,63.711,79.373,0.631,28.911,65.057,74.415,25.169,0,34.081,1.301,75.723,33.465,12.41,0.6,12.742,12.138,13.82,3087
2025,59680162B6783963116345,Ibadan North,Oyo,South West,7.422,3.908,24872,0,61.132,80.249,1.221,27.221,77.487,86.861,0.5,0,65.723,6.242,99.0,17.447,13.82,1.05,14.397,13.348,,3437
2020,59680162B68024378624756,Afikpo North,Ebonyi,South East,5.873,7.923,35817,1,55.86,81.749,0.2,33.897,71.09,99.0,16.446,0,29.18,0.0,99.0,10.378,13.204,0.98,13.746,12.761,0.8,4729
2021,59680162B68024378624756,Afikpo North,Ebonyi,South East,5.873,7.923,35817,1,59.045,92.461,0.399,22.101,90.102,99.0,0.5,0,36.038,0.0,99.0,11.331,0.8,-1.17,0.5,1.328,6.578,287
2022,59680162B68024378624756,Afikpo North,Ebonyi,South East,5.873,7.923,35817,1,59.898,99.0,0.268,48.123,81.631,84.588,9.497,0,31.978,0.074,99.0,30.752,6.578,-3.0,4.928,7.928,0.8,2356
2023,59680162B68024378624756,Afikpo North,Ebonyi,South East,5.873,7.923,35817,1,52.432,91.439,1.553,25.081,94.396,92.66,0.5,0,11.295,0.0,99.0,23.631,0.8,0.41,1.028,0.613,10.258,287
2024,59680162B68024378624756,Afikpo North,Ebonyi,South East,5.873,7.923,35817,1,55.133,99.0,1.399,39.688,89.007,93.032,14.739,0,25.88,2.33,91.428,21.169,10.258,-2.28,9.006,11.282,6.437,3674
2025,59680162B68024378624756,Afikpo North,Ebonyi,South East,5.873,7.923,35817,1,57.335,99.0,0.761,40.46,69.871,99.0,2.751,0,36.118,0.0,87.611,25.714,6.437,-2.78,4.906,7.69,,2306
2020,59680162B68131021355449,Yabo,Sokoto,North West,12.773,4.923,102380,0,87.722,37.386,4.606,61.086,13.445,27.03,31.254,0,49.048,32.209,41.111,16.198,46.54,2.38,47.848,45.47,41.444,47647
2021,59680162B68131021355449,Yabo,Sokoto,North West,12.773,4.923,102380,0,76.171,49.421,4.574,80.849,36.882,37.68,24.234,0,58.279,27.21,63.162,12.206,41.444,-0.52,41.158,41.679,42.454,42431
2022,59680162B68131021355449,Yabo,Sokoto,North West,12.773,4.923,102380,0,79.394,48.068,5.038,57.943,30.56,31.118,26.181,1,64.677,29.686,51.05,24.692,42.454,1.24,43.137,41.895,55.837,43464
2023,59680162B68131021355449,Yabo,Sokoto,North West,12.773,4.923,102380,0,88.162,31.86,4.984,63.79,26.073,34.083,31.603,2,57.035,28.718,55.875,25.98,55.837,2.62,57.279,54.656,53.833,57166
2024,59680162B68131021355449,Yabo,Sokoto,North West,12.773,4.923,102380,0,86.723,16.116,3.464,60.904,13.072,37.094,24.089,0,75.991,29.722,36.128,16.86,53.833,3.92,55.991,52.067,46.924,55114
2025,59680162B68131021355449,Yabo,Sokoto,North West,12.773,4.923,102380,0,81.736,48.154,6.999,67.375,41.585,43.926,26.467,2,84.897,19.88,55.682,30.707,46.924,0.76,47.342,46.581,,48041
2020,59680162B68133263226567,Ibarapa Central,Oyo,South West,7.424,3.243,120115,0,60.4,77.938,2.609,43.532,71.23,99.0,8.098,1,54.898,11.447,73.971,15.329,15.209,-0.21,15.092,15.305,16.317,18268
2021,59680162B68133263226567,Ibarapa Central,Oyo,South West,7.424,3.243,120115,0,67.246,65.155,2.547,36.538,87.06,84.866,12.341,0,48.523,0.0,76.983,36.545,16.317,-1.0,15.764,16.769,19.038,19599
2022,59680162B68133263226567,Ibarapa Central,Oyo,South West,7.424,3.243,120115,0,59.577,84.856,2.865,21.147,61.212,87.871,8.302,1,38.706,15.031,63.956,30.211,19.038,1.39,19.804,18.412,14.606,22868
2023,59680162B68133263226567,Ibarapa Central,Oyo,South West,7.424,3.243,120115,0,61.051,70.735,2.818,33.583,59.658,91.252,0.5,0,37.806,0.0,90.861,29.931,14.606,2.53,15.997,13.468,13.668,17544
2024,59680162B68133263226567,Ibarapa Central,Oyo,South West,7.424,3.243,120115,0,60.496,60.253,1.923,33.657,63.679,70.798,9.577,1,24.758,4.105,82.404,31.335,13.668,-1.83,12.661,14.492,22.626,16418
2025,59680162B68133263226567,Ibarapa Central,Oyo,South West,7.424,3.243,120115,0,67.12,76.913,1.795,42.59,75.363,79.349,14.832,0,63.552,25.658,98.714,17.803,22.626,-1.69,21.698,23.384,,27177
2020,59680162B68239008143557,Mangu,Plateau,North Central,9.388,9.189,83839,1,72.903,77.94,0.237,67.274,42.296,80.196,11.15,1,61.882,2.662,69.776,19.181,20.525,-1.06,19.942,21.002,28.707,17208
2021,59680162B68239008143557,Mangu,Plateau,North Central,9.388,9.189,83839,1,65.852,80.854,3.309,49.601,33.35,46.166,19.11,7,46.996,7.776,60.006,31.144,28.707,0.46,28.96,28.501,18.041,24068
2022,59680162B68239008143557,Mangu,Plateau,North Central,9.388,9.189,83839,1,52.676,57.715,1.779,38.183,60.199,58.003,32.111,4,47.203,7.512,61.707,53.305,18.041,-0.83,17.587,18.413,18.635,15125
2023,59680162B68239008143557,Mangu,Plateau,North Central,9.388,9.189,83839,1,52.713,75.692,2.929,34.001,65.513,88.62,20.946,2,55.208,4.506,89.508,24.759,18.635,0.93,19.144,18.219,21.676,15623
2024,59680162B68239008143557,Mangu,Plateau,North Central,9.388,9.189,83839,1,59.203,73.082,1.782,39.549,61.086,78.157,16.839,2,24.837,7.328,66.736,23.281,21.676,0.11,21.735,21.627,24.921,18173
2025,59680162B68239008143557,Mangu,Plateau,North Central,9.388,9.189,83839,1,63.136,64.518,0.754,50.459,60.356,70.606,16.649,3,68.582,10.617,60.966,25.235,24.921,-3.0,23.271,26.271,,20893
2020,59680162B68325668602500,Okpe,Delta,South South,5.699,5.754,20756,1,57.591,78.564,0.767,39.297,72.504,61.524,8.333,0,19.869,0.0,97.032,44.194,12.447,-3.0,10.797,13.797,16.188,2584
2021,59680162B68325668602500,Okpe,Delta,South South,5.699,5.754,20756,1,61.974,85.933,2.448,47.855,73.136,77.511,20.819,0,73.7,0.0,85.715,14.484,16.188,-1.92,15.133,17.051,11.88,3360
2022,59680162B68325668602500,Okpe,Delta,South South,5.699,5.754,20756,1,69.284,87.957,0.604,55.718,77.789,67.138,12.713,1,55.108,11.345,91.12,43.765,11.88,-0.84,11.419,12.258,14.828,2466
2023,59680162B68325668602500,Okpe,Delta,South South,5.699,5.754,20756,1,60.197,95.002,2.09,46.289,62.672,63.52,10.608,0,57.894,0.0,85.292,43.807,14.828,-0.85,14.363,15.209,10.659,3078
2024,59680162B68325668602500,Okpe,Delta,South South,5.699,5.754,20756,1,51.233,81.399,1.925,29.518,56.324,99.0,0.5,0,58.006,5.097,99.0,18.657,10.659,0.42,10.889,10.47,3.475,2212
2025,59680162B68325668602500,Okpe,Delta,South South,5.699,5.754,20756,1,45.51,82.639,0.82,33.079,63.089,99.0,6.986,1,58.496,0.0,83.326,40.586,3.475,-2.57,2.062,4.631,,721
2020,59680162B68379866165825,Shomolu,Lagos,South West,6.544,3.383,21089,1,53.446,99.0,1.175,46.748,90.642,88.101,0.5,0,41.742,8.237,99.0,38.464,0.8,-1.7,0.5,1.564,7.366,169
2021,59680162B68379866165825,Shomolu,Lagos,South West,6.544,3.383,21089,1,52.481,91.066,0.894,56.033,95.737,75.526,0.704,0,47.395,9.234,99.0,35.706,7.366,-1.47,6.555,8.029,9.316,1553
2022,59680162B68379866165825,Shomolu,Lagos,South West,6.544,3.383,21089,1,54.224,90.798,0.2,38.425,83.865,88.843,18.409,0,39.401,5.717,99.0,30.76,9.316,-1.31,8.594,9.907,9.463,1965
2023,59680162B68379866165825,Shomolu,Lagos,South West,6.544,3.383,21089,1,48.601,99.0,2.473,29.064,38.327,99.0,9.425,2,36.595,3.986,94.54,26.821,9.463,-3.0,7.813,10.813,14.504,1996
2024,59680162B68379866165825,Shomolu,Lagos,South West,6.544,3.383,21089,1,56.095,86.692,0.895,39.456,74.888,99.0,13.934,1,48.557,0.0,89.778,23.839,14.504,-2.13,13.332,15.462,9.622,3059
2025,59680162B68379866165825,Shomolu,Lagos,South West,6.544,3.383,21089,1,47.71,83.581,1.535,42.515,81.611,99.0,14.469,0,64.474,9.491,96.778,36.818,9.622,-2.11,8.461,10.572,,2029
2020,59680162B68799842423101,Binji,Sokoto,North West,13.21,4.77,51190,1,82.12,32.278,6.275,53.593,35.104,86.339,29.468,1,70.372,43.712,62.478,12.536,56.437,2.3,57.702,55.402,39.142,28890
2021,59680162B68799842423101,Binji,Sokoto,North West,13.21,4.77,51190,1,73.009,59.268,2.903,58.565,34.628,49.003,28.641,1,60.106,33.666,53.499,17.113,39.142,1.72,40.088,38.368,36.127,20037
2022,59680162B68799842423101,Binji,Sokoto,North West,13.21,4.77,51190,1,85.625,35.036,2.486,75.999,50.579,80.685,29.051,0,70.327,12.554,60.542,26.477,36.127,0.43,36.363,35.934,36.758,18493
2023,59680162B68799842423101,Binji,Sokoto,North West,13.21,4.77,51190,1,83.158,54.904,3.495,58.616,31.695,77.548,26.796,2,55.511,16.87,41.949,25.185,36.758,0.56,37.069,36.505,28.267,18817
2024,59680162B68799842423101,Binji,Sokoto,North West,13.21,4.77,51190,1,80.745,50.982,4.057,55.722,64.825,55.909,24.289,0,50.821,23.969,66.578,23.325,28.267,-1.28,27.565,28.842,31.984,14470
2025,59680162B68799842423101,Binji,Sokoto,North West,13.21,4.77,51190,1,86.788,58.844,3.764,80.97,60.507,53.677,20.43,0,61.246,23.68,63.023,18.934,31.984,-0.16,31.896,32.055,,16372
2020,59680162B69095881694103,Gboko,Benue,North Central,7.369,8.909,47386,0,69.832,46.126,2.438,39.855,33.958,72.014,25.895,3,42.434,9.257,63.723,24.538,31.707,0.4,31.929,31.526,25.668,15025
2021,59680162B69095881694103,Gboko,Benue,North Central,7.369,8.909,47386,0,70.882,45.141,2.341,45.579,45.802,62.204,20.146,2,44.112,16.116,63.689,21.81,25.668,2.16,26.856,24.695,27.001,12163
2022,59680162B69095881694103,Gboko,Benue,North Central,7.369,8.909,47386,0,72.033,45.58,2.781,49.67,53.055,54.496,17.01,1,58.378,4.346,61.542,17.467,27.001,-0.06,26.966,27.03,26.62,12795
2023,59680162B69095881694103,Gboko,Benue,North Central,7.369,8.909,47386,0,62.724,66.942,4.589,53.165,60.497,65.574,25.842,2,40.255,6.319,70.377,23.688,26.62,-1.66,25.707,27.368,24.565,12614
2024,59680162B69095881694103,Gboko,Benue,North Central,7.369,8.909,47386,0,76.768,61.069,1.853,31.837,38.83,61.396,14.844,6,61.054,0.064,76.223,23.155,24.565,1.28,25.271,23.987,26.992,11640
2025,59680162B69095881694103,Gboko,Benue,North Central,7.369,8.909,47386,0,73.75,63.044,2.096,42.6,40.948,61.798,19.079,2,57.698,2.085,62.578,25.914,26.992,-0.19,26.885,27.078,,12790
2020,59680162B69298252864907,Munya,Niger,North Central,9.797,7.073,48730,1,68.493,66.071,0.2,50.787,60.266,71.528,11.961,0,56.103,0.0,99.0,18.519,8.54,-0.37,8.338,8.706,28.911,4162
2021,59680162B69298252864907,Munya,Niger,North Central,9.797,7.073,48730,1,61.682,69.317,2.702,39.967,54.806,88.258,24.746,3,39.696,24.836,73.947,10.87,28.911,-0.84,28.449,29.289,19.206,14088
2022,59680162B69298252864907,Munya,Niger,North Central,9.797,7.073,48730,1,64.083,56.494,2.544,46.469,68.646,73.536,10.552,3,62.394,12.756,79.184,27.966,19.206,1.59,20.079,18.491,18.734,9359
2023,59680162B69298252864907,Munya,Niger,North Central,9.797,7.073,48730,1,51.149,66.76,3.191,45.016,53.13,60.116,17.203,0,46.424,0.0,65.452,11.495,18.734,-1.59,17.861,19.449,21.507,9129
2024,59680162B69298252864907,Munya,Niger,North Central,9.797,7.073,48730,1,63.003,70.429,2.008,51.11,60.999,67.281,26.846,0,31.415,13.2,78.313,13.066,21.507,-1.62,20.617,22.234,18.859,10480
2025,59680162B69298252864907,Munya,Niger,North Central,9.797,7.073,48730,1,62.382,72.502,2.55,59.533,62.649,78.899,18.497,0,42.909,0.0,84.944,15.151,18.859,-0.96,18.332,19.291,,9190
2020,59680162B6932812925911,Apa,Benue,North Central,7.606,7.903,28866,0,67.035,56.209,2.557,45.443,44.761,46.791,28.959,3,38.286,11.876,52.197,19.136,28.761,0.09,28.81,28.722,26.796,8302
2021,59680162B6932812925911,Apa,Benue,North Central,7.606,7.903,28866,0,75.726,46.536,2.835,50.382,55.903,72.19,22.247,0,46.264,9.618,60.814,11.238,26.796,-1.99,25.699,27.694,39.886,7735
2022,59680162B6932812925911,Apa,Benue,North Central,7.606,7.903,28866,0,64.855,53.474,3.676,61.525,36.959,63.703,20.03,3,51.549,12.036,61.725,20.523,39.886,1.08,40.479,39.401,32.597,11513
2023,59680162B6932812925911,Apa,Benue,North Central,7.606,7.903,28866,0,80.483,63.282,3.787,34.145,61.434,58.611,25.212,0,28.153,14.029,75.434,25.921,32.597,-0.13,32.527,32.655,25.445,9410
2024,59680162B6932812925911,Apa,Benue,North Central,7.606,7.903,28866,0,65.167,81.741,3.989,50.481,55.837,57.875,21.297,3,41.475,0.199,57.143,30.623,25.445,-1.2,24.784,25.985,13.012,7345
2025,59680162B6932812925911,Apa,Benue,North Central,7.606,7.903,28866,0,70.129,62.659,1.977,28.258,59.062,76.859,9.998,1,42.928,1.091,57.884,26.21,13.012,-0.59,12.691,13.276,,3756
2020,59680162B69595078054024,Ushongo,Benue,North Central,7.113,8.938,7919,1,68.741,60.265,3.673,42.363,62.333,61.833,22.255,2,26.956,5.908,63.181,53.791,26.735,1.92,27.792,25.87,18.416,2117
2021,59680162B69595078054024,Ushongo,Benue,North Central,7.113,8.938,7919,1,50.698,58.064,1.305,60.568,52.627,99.0,24.257,4,60.678,6.31,79.212,14.037,18.416,-1.52,17.581,19.099,9.713,1458
2022,59680162B69595078054024,Ushongo,Benue,North Central,7.113,8.938,7919,1,68.163,88.301,2.148,30.259,60.04,76.28,11.675,1,62.969,0.0,75.311,21.369,9.713,0.07,9.749,9.684,21.121,769
2023,59680162B69595078054024,Ushongo,Benue,North Central,7.113,8.938,7919,1,53.326,69.913,3.065,51.621,65.739,84.193,12.121,1,50.311,17.93,83.748,18.474,21.121,-1.25,20.436,21.681,30.311,1673
2024,59680162B69595078054024,Ushongo,Benue,North Central,7.113,8.938,7919,1,66.949,85.298,2.298,55.403,55.366,62.72,19.158,0,46.252,23.059,99.0,20.542,30.311,-0.61,29.976,30.585,18.811,2400
2025,59680162B69595078054024,Ushongo,Benue,North Central,7.113,8.938,7919,1,62.246,69.754,0.466,48.941,49.857,80.855,13.368,0,62.068,0.0,76.21,21.156,18.811,1.06,19.394,18.333,,1490
2020,59680162B69679397491551,Imeko Afon,Ogun,South West,7.609,2.846,11623,1,50.455,98.834,2.355,33.833,84.49,92.702,0.5,1,17.068,0.0,85.029,18.561,7.501,1.56,8.359,6.8,7.243,872
2021,59680162B69679397491551,Imeko Afon,Ogun,South West,7.609,2.846,11623,1,64.871,99.0,2.329,47.907,65.809,99.0,11.486,2,34.412,0.376,99.0,28.483,7.243,-0.5,6.97,7.467,12.796,842
2022,59680162B69679397491551,Imeko Afon,Ogun,South West,7.609,2.846,11623,1,57.697,97.583,1.523,42.661,66.239,95.374,12.084,0,33.856,0.0,89.508,22.783,12.796,-0.24,12.661,12.906,24.796,1487
2023,59680162B69679397491551,Imeko Afon,Ogun,South West,7.609,2.846,11623,1,48.094,99.0,3.504,44.874,79.644,81.777,21.355,1,38.172,0.0,88.869,22.658,24.796,-1.6,23.915,25.517,10.006,2882
2024,59680162B69679397491551,Imeko Afon,Ogun,South West,7.609,2.846,11623,1,45.183,87.02,0.665,38.542,78.031,93.289,10.543,1,60.208,0.0,85.686,14.802,10.006,-1.09,9.404,10.498,0.8,1163
2025,59680162B69679397491551,Imeko Afon,Ogun,South West,7.609,2.846,11623,1,43.115,79.872,0.733,36.56,99.0,91.607,0.961,1,45.516,1.525,99.0,18.647,0.8,2.34,2.088,0.3,,93
2020,59680162B69752440983216,Katcha,Niger,North Central,9.091,6.221,82725,0,85.694,58.517,4.569,41.841,53.002,42.086,32.542,2,44.9,24.824,76.056,22.622,44.075,1.53,44.917,43.387,28.341,36461
2021,59680162B69752440983216,Katcha,Niger,North Central,9.091,6.221,82725,0,66.854,45.992,2.985,38.313,44.36,47.822,11.58,3,68.966,14.519,84.179,17.413,28.341,1.5,29.167,27.665,28.284,23445
2022,59680162B69752440983216,Katcha,Niger,North Central,9.091,6.221,82725,0,65.888,54.852,2.692,58.34,29.179,45.55,29.393,0,57.919,14.632,86.447,23.006,28.284,2.13,29.456,27.325,25.544,23398
2023,59680162B69752440983216,Katcha,Niger,North Central,9.091,6.221,82725,0,66.121,50.156,2.436,50.959,49.938,52.996,27.129,1,44.039,13.82,50.59,20.211,25.544,-0.3,25.377,25.68,22.72,21131
2024,59680162B69752440983216,Katcha,Niger,North Central,9.091,6.221,82725,0,69.097,47.089,1.099,48.494,58.758,77.073,16.098,1,56.159,12.629,58.811,23.458,22.72,0.71,23.109,22.401,34.376,18795
2025,59680162B69752440983216,Katcha,Niger,North Central,9.091,6.221,82725,0,84.143,63.726,3.169,46.619,56.677,53.056,24.439,1,60.593,8.959,90.611,31.762,34.376,-0.13,34.307,34.433,,28438
2020,59680162B69796164397605,Bebeji,Kano,North West,11.538,8.315,39272,0,99.0,13.74,3.476,63.738,32.595,42.103,32.742,1,39.973,35.107,65.729,10.648,45.895,3.08,47.59,44.508,53.551,18024
2021,59680162B69796164397605,Bebeji,Kano,North West,11.538,8.315,39272,0,87.593,46.534,4.139,73.44,13.111,36.212,27.639,0,71.714,31.948,48.813,18.586,53.551,-0.65,53.194,53.844,50.92,21031
2022,59680162B69796164397605,Bebeji,Kano,North West,11.538,8.315,39272,0,92.907,34.23,3.733,75.731,17.396,43.182,34.329,2,63.812,35.347,58.323,10.438,50.92,1.74,51.879,50.135,52.706,19997
2023,59680162B69796164397605,Bebeji,Kano,North West,11.538,8.315,39272,0,91.422,33.576,4.486,73.061,16.462,52.025,35.001,3,41.149,45.003,27.387,19.64,52.706,1.95,53.779,51.828,49.654,20699
2024,59680162B69796164397605,Bebeji,Kano,North West,11.538,8.315,39272,0,94.215,34.798,4.671,67.456,29.991,76.724,32.594,0,46.559,37.252,45.064,20.257,49.654,4.26,51.997,47.737,50.8,19500
2025,59680162B69796164397605,Bebeji,Kano,North West,11.538,8.315,39272,0,88.116,49.731,5.802,48.37,50.084,55.862,30.413,2,82.559,34.431,45.286,11.983,50.8,0.46,51.053,50.593,,19950
2020,59680162B69944768623609,Omala,Kogi,North Central,7.778,7.566,112662,1,65.023,69.802,0.2,47.384,38.271,71.009,20.035,1,29.913,0.0,90.322,20.056,15.81,-0.63,15.461,16.094,23.592,17811
2021,59680162B69944768623609,Omala,Kogi,North Central,7.778,7.566,112662,1,62.63,75.533,2.651,49.977,47.081,47.126,15.269,5,52.217,0.0,77.948,25.116,23.592,-0.77,23.168,23.94,9.815,26579
2022,59680162B69944768623609,Omala,Kogi,North Central,7.778,7.566,112662,1,64.564,82.016,0.87,35.306,67.791,64.863,12.653,2,61.06,4.172,85.111,35.786,9.815,-2.67,8.345,11.018,23.725,11058
2023,59680162B69944768623609,Omala,Kogi,North Central,7.778,7.566,112662,1,64.466,77.526,2.677,50.66,45.119,61.177,14.127,0,43.338,3.172,80.612,10.371,23.725,0.73,24.126,23.396,17.596,26729
2024,59680162B69944768623609,Omala,Kogi,North Central,7.778,7.566,112662,1,66.132,74.755,0.246,59.085,81.687,77.255,22.959,3,48.943,5.167,64.559,13.93,17.596,0.19,17.701,17.511,28.648,19824
2025,59680162B69944768623609,Omala,Kogi,North Central,7.778,7.566,112662,1,66.243,62.435,2.241,40.147,58.471,68.272,17.375,1,51.887,1.431,66.368,44.044,28.648,-1.6,27.77,29.366,,32276
2020,59680162B70118559758614,Geidam,Yobe,North East,12.704,12.148,29918,0,74.207,36.163,3.796,62.968,40.326,53.541,34.504,6,55.791,36.13,32.412,18.319,47.297,-2.0,46.195,48.199,55.377,14150
2021,59680162B70118559758614,Geidam,Yobe,North East,12.704,12.148,29918,0,79.752,29.159,5.018,61.422,35.036,41.373,39.68,5,54.646,44.216,51.719,13.272,55.377,2.18,56.574,54.398,53.227,16568
2022,59680162B70118559758614,Geidam,Yobe,North East,12.704,12.148,29918,0,91.464,35.283,3.343,56.83,14.232,52.173,25.866,9,68.866,34.171,43.593,13.53,53.227,1.31,53.949,52.636,59.441,15924
2023,59680162B70118559758614,Geidam,Yobe,North East,12.704,12.148,29918,0,82.309,42.905,5.126,52.181,26.403,23.96,48.239,5,80.978,16.493,58.045,23.5,59.441,1.07,60.031,58.959,49.916,17784
2024,59680162B70118559758614,Geidam,Yobe,North East,12.704,12.148,29918,0,94.652,39.713,6.06,69.1,33.049,59.069,22.462,0,65.434,31.155,47.266,16.123,49.916,3.11,51.628,48.516,49.638,14934
2025,59680162B70118559758614,Geidam,Yobe,North East,12.704,12.148,29918,0,83.691,54.43,3.727,54.238,35.006,49.14,29.662,4,73.994,41.574,64.288,45.966,49.638,-2.28,48.383,50.664,,14851
2020,59680162B70265669805684,Shiroro,Niger,North Central,10.083,6.72,9078,0,72.736,47.504,1.654,61.032,75.352,54.0,17.428,3,41.412,11.699,47.264,12.666,33.802,-0.78,33.376,34.151,37.351,3069
2021,59680162B70265669805684,Shiroro,Niger,North Central,10.083,6.72,9078,0,78.554,61.686,3.142,50.904,63.92,41.499,24.889,5,54.042,17.945,62.484,13.372,37.351,-1.91,36.301,38.21,28.424,3391
2022,59680162B70265669805684,Shiroro,Niger,North Central,10.083,6.72,9078,0,75.212,55.5,3.3,53.251,46.961,64.437,20.091,1,61.181,23.171,60.034,18.834,28.424,-0.31,28.252,28.564,32.89,2580
2023,59680162B70265669805684,Shiroro,Niger,North Central,10.083,6.72,9078,0,74.86,65.424,2.019,35.65,39.293,53.468,27.201,6,33.385,5.99,69.76,33.984,32.89,-0.29,32.73,33.022,27.104,2986
2024,59680162B70265669805684,Shiroro,Niger,North Central,10.083,6.72,9078,0,63.089,67.671,3.563,45.864,41.127,38.438,17.791,0,44.728,12.359,76.224,23.56,27.104,0.87,27.585,26.711,27.428,2460
2025,59680162B70265669805684,Shiroro,Niger,North Central,10.083,6.72,9078,0,68.808,69.756,3.163,35.407,56.409,40.027,17.849,1,42.238,18.546,50.954,26.599,27.428,0.65,27.786,27.134,,2490
2020,59680162B7029176012538,Boluwaduro,Osun,South West,7.924,4.819,31517,0,64.617,80.213,1.214,39.608,38.255,99.0,2.262,0,33.009,5.606,63.631,19.138,25.478,2.65,26.939,24.284,24.341,8030
2021,59680162B7029176012538,Boluwaduro,Osun,South West,7.924,4.819,31517,0,68.228,90.736,2.259,32.39,65.251,69.753,9.067,1,26.928,0.0,99.0,19.914,24.341,-3.0,22.691,25.691,16.335,7672
2022,59680162B7029176012538,Boluwaduro,Osun,South West,7.924,4.819,31517,0,64.133,85.615,1.664,26.039,84.254,72.311,15.467,1,28.814,0.801,96.408,19.684,16.335,-2.9,14.738,17.641,23.538,5148
2023,59680162B7029176012538,Boluwaduro,Osun,South West,7.924,4.819,31517,0,59.905,99.0,0.974,46.836,78.562,88.191,15.544,1,45.452,9.057,81.207,28.506,23.538,-0.86,23.065,23.926,6.881,7419
2024,59680162B7029176012538,Boluwaduro,Osun,South West,7.924,4.819,31517,0,60.59,90.775,0.51,40.942,80.678,59.686,9.025,1,23.002,0.0,88.462,28.049,6.881,-2.71,5.391,8.099,14.037,2169
2025,59680162B7029176012538,Boluwaduro,Osun,South West,7.924,4.819,31517,0,50.952,88.017,1.155,42.951,72.914,77.42,15.914,0,47.777,0.943,75.744,40.29,14.037,0.71,14.426,13.719,,4424
2020,59680162B70509973828236,Irepodun,Kwara,North Central,8.196,4.85,21371,1,75.359,77.857,3.674,57.464,51.645,79.576,15.411,2,41.598,32.754,55.68,18.893,35.476,1.22,36.145,34.928,6.522,7582
2021,59680162B70509973828236,Irepodun,Kwara,North Central,8.196,4.85,21371,1,61.965,72.981,1.838,51.323,73.795,82.73,8.257,0,20.723,7.108,82.176,22.773,6.522,0.04,6.544,6.504,16.517,1394
2022,59680162B70509973828236,Irepodun,Kwara,North Central,8.196,4.85,21371,1,59.141,78.967,1.628,25.279,52.382,50.368,10.293,1,54.063,14.226,87.049,16.118,16.517,-0.18,16.416,16.599,23.177,3530
2023,59680162B70509973828236,Irepodun,Kwara,North Central,8.196,4.85,21371,1,75.136,72.022,0.722,44.277,54.429,81.834,9.776,4,36.737,10.636,72.241,11.53,23.177,1.75,24.138,22.391,23.178,4953
2024,59680162B70509973828236,Irepodun,Kwara,North Central,8.196,4.85,21371,1,73.572,71.043,2.336,32.366,55.546,99.0,13.123,0,52.792,5.277,66.622,22.955,23.178,-0.02,23.168,23.187,25.657,4953
2025,59680162B70509973828236,Irepodun,Kwara,North Central,8.196,4.85,21371,1,68.93,84.333,1.408,51.898,52.915,82.526,14.126,4,66.606,4.564,93.881,26.404,25.657,-0.1,25.601,25.702,,5483
2020,59680162B70529740290920,Abua/Odual,Rivers,South South,4.845,6.566,92246,0,68.353,89.41,1.647,37.089,75.746,73.382,11.825,1,55.947,0.0,70.976,10.214,19.045,-2.84,17.485,20.322,27.683,17568
2021,59680162B70529740290920,Abua/Odual,Rivers,South South,4.845,6.566,92246,0,64.18,76.562,3.609,36.778,63.679,50.562,19.716,0,67.501,4.566,48.272,45.724,27.683,-0.01,27.677,27.688,16.538,25536
2022,59680162B70529740290920,Abua/Odual,Rivers,South South,4.845,6.566,92246,0,55.31,90.726,2.373,22.66,80.43,42.299,14.498,2,69.507,0.0,67.041,22.196,16.538,-1.48,15.724,17.203,29.063,15255
2023,59680162B70529740290920,Abua/Odual,Rivers,South South,4.845,6.566,92246,0,81.193,91.296,3.442,31.231,67.532,54.411,13.562,0,79.514,0.0,74.704,28.34,29.063,-0.9,28.567,29.469,13.299,26809
2024,59680162B70529740290920,Abua/Odual,Rivers,South South,4.845,6.566,92246,0,58.82,81.363,1.226,34.881,68.436,95.777,4.499,0,38.286,3.728,82.095,18.625,13.299,-1.18,12.647,13.832,14.729,12267
2025,59680162B70529740290920,Abua/Odual,Rivers,South South,4.845,6.566,92246,0,68.691,96.731,3.548,44.226,80.776,69.169,4.236,1,54.788,0.0,69.844,44.67,14.729,-3.0,13.079,16.079,,13587
2020,59680162B70631413452384,Abak,Akwa Ibom,South South,4.989,7.8,45422,1,55.993,81.807,0.337,51.252,66.946,79.67,17.138,1,60.653,0.0,65.498,18.383,19.326,-1.57,18.464,20.031,13.786,8778
2021,59680162B70631413452384,Abak,Akwa Ibom,South South,4.989,7.8,45422,1,65.424,83.721,0.2,40.775,70.568,93.682,10.406,2,81.505,0.0,86.27,26.221,13.786,-2.86,12.214,15.072,13.833,6262
2022,59680162B70631413452384,Abak,Akwa Ibom,South South,4.989,7.8,45422,1,66.533,81.611,0.2,64.848,91.992,89.898,14.964,0,73.248,3.284,74.328,21.581,13.833,-2.67,12.363,15.035,21.996,6283
2023,59680162B70631413452384,Abak,Akwa Ibom,South South,4.989,7.8,45422,1,61.46,80.224,0.845,32.983,56.89,85.314,17.424,0,46.78,7.514,81.246,19.752,21.996,-1.4,21.226,22.626,17.321,9991
2024,59680162B70631413452384,Abak,Akwa Ibom,South South,4.989,7.8,45422,1,63.391,99.0,2.036,41.68,66.585,82.163,22.73,0,62.935,0.16,79.834,17.842,17.321,-1.49,16.504,17.99,12.238,7868
2025,59680162B70631413452384,Abak,Akwa Ibom,South South,4.989,7.8,45422,1,62.218,99.0,2.569,26.006,82.309,83.923,18.834,0,66.057,0.0,96.642,27.186,12.238,-2.68,10.767,13.442,,5559
2020,59680162B70922239420655,Oriade,Osun,South West,7.56,4.866,32290,0,63.707,86.388,2.537,33.914,67.393,87.589,14.454,1,39.566,0.0,85.237,39.567,19.332,-0.58,19.011,19.595,25.618,6242
2021,59680162B70922239420655,Oriade,Osun,South West,7.56,4.866,32290,0,71.74,89.4,2.093,39.187,59.424,86.534,13.763,0,60.537,12.537,79.549,24.783,25.618,-1.64,24.718,26.354,9.106,8272
2022,59680162B70922239420655,Oriade,Osun,South West,7.56,4.866,32290,0,59.866,88.044,0.24,36.255,81.213,73.402,16.462,0,42.068,0.0,91.565,23.029,9.106,0.11,9.165,9.058,12.347,2940
2023,59680162B70922239420655,Oriade,Osun,South West,7.56,4.866,32290,0,61.554,79.203,0.21,45.163,74.145,83.954,21.043,0,25.161,3.625,91.042,18.182,12.347,-1.75,11.386,13.132,8.912,3987
2024,59680162B70922239420655,Oriade,Osun,South West,7.56,4.866,32290,0,63.71,82.492,0.2,40.586,73.225,95.085,2.202,2,29.022,9.574,96.532,21.156,8.912,-2.55,7.508,10.062,10.009,2878
2025,59680162B70922239420655,Oriade,Osun,South West,7.56,4.866,32290,0,59.43,69.084,1.785,38.152,81.102,86.457,2.631,1,40.088,0.0,74.534,32.474,10.009,-1.11,9.4,10.507,,3232
2020,59680162B70948216254513,Onna,Akwa Ibom,South South,4.647,7.849,67228,1,66.107,94.987,1.54,48.241,87.003,79.16,20.922,1,35.084,7.6,83.471,30.344,13.636,-3.0,11.986,14.986,24.796,9167
2021,59680162B70948216254513,Onna,Akwa Ibom,South South,4.647,7.849,67228,1,68.066,80.493,1.801,46.968,72.002,97.294,8.692,1,52.953,17.805,88.686,21.513,24.796,-0.4,24.577,24.975,16.285,16670
2022,59680162B70948216254513,Onna,Akwa Ibom,South South,4.647,7.849,67228,1,61.499,64.157,0.2,18.3,71.709,76.718,12.072,1,61.759,0.0,94.54,32.843,16.285,-0.88,15.801,16.681,10.418,10948
2023,59680162B70948216254513,Onna,Akwa Ibom,South South,4.647,7.849,67228,1,63.737,81.044,2.084,28.555,70.401,74.499,0.5,1,71.476,0.0,91.731,17.957,10.418,0.28,10.575,10.29,13.422,7004
2024,59680162B70948216254513,Onna,Akwa Ibom,South South,4.647,7.849,67228,1,64.471,86.431,1.349,39.225,78.73,87.826,0.5,1,54.465,0.0,98.664,25.131,13.422,0.67,13.792,13.119,14.225,9023
2025,59680162B70948216254513,Onna,Akwa Ibom,South South,4.647,7.849,67228,1,60.539,83.068,0.2,48.302,72.336,78.394,12.676,1,57.431,0.0,92.646,31.444,14.225,-0.89,13.735,14.625,,9563
2020,59680162B70966513794539,Ughelli North,Delta,South South,5.482,6.014,19859,0,73.802,86.626,1.775,38.499,59.201,58.192,8.277,0,58.319,13.991,62.168,41.687,24.506,0.02,24.515,24.499,17.017,4867
2021,59680162B70966513794539,Ughelli North,Delta,South South,5.482,6.014,19859,0,62.053,66.77,2.699,27.896,47.944,66.822,19.437,0,53.404,0.0,94.544,33.4,17.017,-2.28,15.764,18.042,11.101,3379
2022,59680162B70966513794539,Ughelli North,Delta,South South,5.482,6.014,19859,0,59.654,61.959,1.234,34.937,78.241,63.5,15.488,1,58.777,0.0,91.109,17.209,11.101,0.28,11.254,10.975,16.211,2205
2023,59680162B70966513794539,Ughelli North,Delta,South South,5.482,6.014,19859,0,64.784,83.437,2.078,32.109,59.398,51.143,18.372,1,56.728,0.0,80.248,15.122,16.211,-0.74,15.806,16.543,15.538,3219
2024,59680162B70966513794539,Ughelli North,Delta,South South,5.482,6.014,19859,0,68.832,87.621,2.695,22.466,74.347,73.509,18.505,1,39.022,0.0,99.0,25.883,15.538,-3.0,13.888,16.888,22.998,3086
2025,59680162B70966513794539,Ughelli North,Delta,South South,5.482,6.014,19859,0,60.917,77.966,1.921,31.449,44.003,68.957,18.571,1,75.985,0.445,77.687,21.567,22.998,-0.82,22.549,23.365,,4567
2020,59680162B71065109904105,Garki,Jigawa,North West,12.432,9.068,14480,0,82.069,38.113,6.286,52.088,30.464,54.277,19.927,0,70.848,44.631,40.233,7.97,46.372,1.91,47.424,45.511,54.289,6715
2021,59680162B71065109904105,Garki,Jigawa,North West,12.432,9.068,14480,0,82.645,38.912,4.426,61.263,31.752,23.016,38.058,3,60.926,42.585,61.358,11.941,54.289,2.57,55.701,53.134,44.539,7861
2022,59680162B71065109904105,Garki,Jigawa,North West,12.432,9.068,14480,0,74.381,46.558,3.163,78.109,45.194,41.83,35.038,5,50.989,35.33,57.668,20.194,44.539,1.13,45.16,44.031,47.396,6449
2023,59680162B71065109904105,Garki,Jigawa,North West,12.432,9.068,14480,0,74.092,45.601,3.919,46.846,26.013,43.786,26.028,5,46.699,26.66,49.332,14.607,47.396,0.38,47.603,47.227,52.307,6863
2024,59680162B71065109904105,Garki,Jigawa,North West,12.432,9.068,14480,0,81.469,31.801,4.728,61.042,11.842,49.506,26.982,2,59.657,31.835,39.46,14.524,52.307,3.1,54.011,50.913,39.626,7574
2025,59680162B71065109904105,Garki,Jigawa,North West,12.432,9.068,14480,0,77.719,43.262,4.625,73.861,41.915,34.448,33.43,1,36.819,38.303,73.702,15.597,39.626,1.0,40.175,39.176,,5738
2020,59680162B71074793306885,Iseyin,Oyo,South West,8.03,3.598,61716,1,46.588,86.765,3.541,50.73,67.777,99.0,11.72,1,9.54,5.728,99.0,33.622,10.444,-2.5,9.071,11.567,9.907,6446
2021,59680162B71074793306885,Iseyin,Oyo,South West,8.03,3.598,61716,1,63.279,78.927,1.361,40.076,89.243,99.0,0.5,0,38.756,8.88,99.0,12.071,9.907,-0.81,9.459,10.273,1.519,6114
2022,59680162B71074793306885,Iseyin,Oyo,South West,8.03,3.598,61716,1,48.687,88.345,0.308,36.615,99.0,99.0,7.068,0,33.43,0.512,99.0,22.235,1.519,-2.31,0.5,2.558,8.56,937
2023,59680162B71074793306885,Iseyin,Oyo,South West,8.03,3.598,61716,1,56.713,91.26,0.2,43.251,78.851,99.0,8.539,0,33.813,0.0,92.163,32.886,8.56,-1.04,7.986,9.029,3.274,5283
2024,59680162B71074793306885,Iseyin,Oyo,South West,8.03,3.598,61716,1,34.275,83.98,0.2,40.656,71.16,99.0,11.022,2,36.609,9.494,85.06,54.083,3.274,-0.46,3.019,3.483,0.8,2021
2025,59680162B71074793306885,Iseyin,Oyo,South West,8.03,3.598,61716,1,46.71,97.171,1.048,39.92,99.0,99.0,0.5,2,22.684,0.0,81.087,20.069,0.8,-2.41,0.5,1.886,,494
2020,59680162B7149387462115,Sabon Gari,Kaduna,North West,11.164,7.706,22493,0,97.929,45.932,4.633,62.1,32.418,63.569,25.626,0,67.214,33.97,24.294,13.256,53.351,0.45,53.597,53.15,53.18,12000
2021,59680162B7149387462115,Sabon Gari,Kaduna,North West,11.164,7.706,22493,0,84.294,28.346,5.036,37.643,28.556,31.486,37.62,2,58.778,34.326,49.158,10.194,53.18,3.47,55.088,51.619,47.661,11962
2022,59680162B7149387462115,Sabon Gari,Kaduna,North West,11.164,7.706,22493,0,90.926,32.061,5.07,55.728,41.854,34.901,34.77,2,75.257,34.145,34.821,11.548,47.661,0.17,47.755,47.584,54.625,10720
2023,59680162B7149387462115,Sabon Gari,Kaduna,North West,11.164,7.706,22493,0,96.279,42.902,5.244,65.877,34.51,30.471,32.794,0,64.625,30.468,46.641,13.3,54.625,1.09,55.225,54.135,48.016,12287
2024,59680162B7149387462115,Sabon Gari,Kaduna,North West,11.164,7.706,22493,0,80.9,32.752,3.452,45.707,35.228,55.186,34.913,4,63.188,28.914,38.715,26.209,48.016,0.8,48.457,47.656,58.937,10800
2025,59680162B7149387462115,Sabon Gari,Kaduna,North West,11.164,7.706,22493,0,83.486,28.795,6.031,45.335,26.999,18.387,34.295,2,60.551,24.657,40.551,22.915,58.937,3.52,60.872,57.354,,13257
2020,59680162B71691370147242,Njaba,Imo,South East,5.67,7.007,56713,1,57.633,99.0,0.2,36.003,89.089,77.029,0.5,1,32.254,0.0,68.997,31.943,4.934,-1.25,4.246,5.497,21.61,2798
2021,59680162B71691370147242,Njaba,Imo,South East,5.67,7.007,56713,1,63.231,96.901,2.603,27.914,72.885,99.0,10.812,3,36.477,0.0,99.0,32.952,21.61,-3.0,19.96,22.96,18.707,12255
2022,59680162B71691370147242,Njaba,Imo,South East,5.67,7.007,56713,1,62.981,89.281,0.598,44.122,82.077,84.13,10.524,2,22.879,1.798,93.112,20.193,18.707,-0.31,18.534,18.848,12.078,10609
2023,59680162B71691370147242,Njaba,Imo,South East,5.67,7.007,56713,1,60.106,99.0,0.334,51.396,99.0,87.114,0.5,0,26.503,0.0,95.491,26.4,12.078,-2.87,10.497,13.371,9.151,6850
2024,59680162B71691370147242,Njaba,Imo,South East,5.67,7.007,56713,1,57.424,99.0,0.2,46.939,83.07,99.0,8.126,1,31.661,10.707,83.445,20.331,9.151,-1.67,8.234,9.902,0.8,5190
2025,59680162B71691370147242,Njaba,Imo,South East,5.67,7.007,56713,1,48.561,99.0,0.2,28.024,86.198,99.0,0.5,1,55.34,0.0,99.0,24.037,0.8,1.42,1.581,0.3,,454
2020,59680162B7192144408722,Kurfi,Katsina,North West,12.688,7.462,26222,0,95.487,32.381,5.305,64.894,20.71,47.724,28.94,2,50.806,47.169,46.462,35.544,59.691,0.76,60.111,59.347,59.419,15652
2021,59680162B7192144408722,Kurfi,Katsina,North West,12.688,7.462,26222,0,88.567,35.463,4.426,60.066,28.698,41.108,35.196,3,66.159,38.845,44.148,17.179,59.419,0.05,59.446,59.397,56.87,15581
2022,59680162B7192144408722,Kurfi,Katsina,North West,12.688,7.462,26222,0,80.145,25.018,4.748,57.746,66.811,14.149,27.951,1,64.443,44.774,42.78,14.21,56.87,3.89,59.01,55.12,58.7,14913
2023,59680162B7192144408722,Kurfi,Katsina,North West,12.688,7.462,26222,0,92.456,28.023,6.63,65.639,27.986,29.99,21.073,1,50.049,32.609,49.257,21.719,58.7,1.96,59.776,57.82,62.266,15392
2024,59680162B7192144408722,Kurfi,Katsina,North West,12.688,7.462,26222,0,87.039,54.618,7.465,53.676,12.838,34.111,28.189,1,70.947,38.675,51.791,17.436,62.266,1.15,62.9,61.747,54.147,16327
2025,59680162B7192144408722,Kurfi,Katsina,North West,12.688,7.462,26222,0,82.667,42.229,5.584,61.695,41.023,62.45,28.342,4,53.693,32.099,56.378,38.93,54.147,1.3,54.863,53.561,,14199
2020,59680162B72042998542035,Ukwa East,Abia,South East,4.963,7.391,13880,1,59.172,99.0,1.146,30.851,86.347,77.785,0.5,0,20.26,6.13,99.0,19.205,9.858,-1.08,9.265,10.343,10.567,1368
2021,59680162B72042998542035,Ukwa East,Abia,South East,4.963,7.391,13880,1,54.729,99.0,0.2,43.751,75.1,80.62,3.841,3,52.659,0.0,94.558,15.22,10.567,-0.96,10.04,10.999,9.243,1467
2022,59680162B72042998542035,Ukwa East,Abia,South East,4.963,7.391,13880,1,55.187,92.75,1.496,35.086,87.291,89.504,2.234,0,37.723,0.0,97.835,15.127,9.243,-1.6,8.361,9.965,12.086,1283
2023,59680162B72042998542035,Ukwa East,Abia,South East,4.963,7.391,13880,1,52.338,85.895,0.2,54.515,62.486,96.042,1.81,0,40.255,4.663,89.527,29.063,12.086,0.22,12.206,11.988,9.192,1678
2024,59680162B72042998542035,Ukwa East,Abia,South East,4.963,7.391,13880,1,41.962,91.739,2.803,25.477,99.0,91.69,7.665,0,27.339,8.011,83.292,22.698,9.192,-2.41,7.865,10.278,7.335,1276
2025,59680162B72042998542035,Ukwa East,Abia,South East,4.963,7.391,13880,1,55.405,97.237,0.726,25.213,76.083,92.925,3.085,1,33.618,3.551,99.0,35.307,7.335,-1.28,6.633,7.909,,1018
2020,59680162B72061925749770,Ekiti West,Ekiti,South West,7.719,5.043,111520,0,58.212,78.553,2.349,17.65,63.98,71.386,9.699,0,25.479,4.498,80.343,14.116,21.641,-0.68,21.27,21.945,6.464,24134
2021,59680162B72061925749770,Ekiti West,Ekiti,South West,7.719,5.043,111520,0,68.393,85.854,0.603,35.945,85.824,68.696,0.7,0,40.496,0.0,96.894,67.277,6.464,-1.44,5.671,7.113,19.531,7209
2022,59680162B72061925749770,Ekiti West,Ekiti,South West,7.719,5.043,111520,0,65.73,83.055,1.241,35.475,66.712,87.203,10.013,2,38.996,14.087,99.0,23.422,19.531,0.09,19.578,19.493,9.799,21781
2023,59680162B72061925749770,Ekiti West,Ekiti,South West,7.719,5.043,111520,0,55.045,82.183,1.175,21.456,70.813,56.408,1.463,0,17.934,0.0,73.091,20.978,9.799,-1.88,8.766,10.645,13.408,10928
2024,59680162B72061925749770,Ekiti West,Ekiti,South West,7.719,5.043,111520,0,58.508,85.718,2.166,45.559,50.3,99.0,0.663,0,30.984,0.0,99.0,19.939,13.408,-0.4,13.186,13.59,13.85,14953
2025,59680162B72061925749770,Ekiti West,Ekiti,South West,7.719,5.043,111520,0,65.374,78.259,2.665,42.728,95.138,99.0,13.134,1,38.117,20.236,54.26,33.915,13.85,-0.7,13.466,14.164,,15445
2020,59680162B72068294191364,Ahoada East,Rivers,South South,5.067,6.641,23983,0,73.704,88.394,1.364,41.347,69.679,70.979,18.714,1,50.938,5.171,63.956,14.689,27.584,-2.29,26.325,28.615,30.098,6616
2021,59680162B72068294191364,Ahoada East,Rivers,South South,5.067,6.641,23983,0,82.992,91.905,3.371,46.662,71.003,67.025,19.122,0,70.376,13.382,77.536,24.276,30.098,-1.08,29.503,30.585,33.466,7218
2022,59680162B72068294191364,Ahoada East,Rivers,South South,5.067,6.641,23983,0,68.662,72.947,3.932,31.96,65.483,82.046,14.739,0,54.037,5.841,78.598,16.056,33.466,-2.78,31.937,34.716,19.564,8026
2023,59680162B72068294191364,Ahoada East,Rivers,South South,5.067,6.641,23983,0,64.426,95.233,2.938,30.968,55.349,63.25,15.815,1,61.363,2.02,72.364,26.471,19.564,-1.14,18.935,20.08,16.692,4692
2024,59680162B72068294191364,Ahoada East,Rivers,South South,5.067,6.641,23983,0,68.496,73.312,4.136,24.443,71.693,62.497,12.874,0,51.092,3.824,67.456,25.907,16.692,-0.38,16.485,16.861,20.78,4003
2025,59680162B72068294191364,Ahoada East,Rivers,South South,5.067,6.641,23983,0,82.902,81.261,2.024,49.273,85.532,58.654,13.441,0,50.898,0.0,94.71,20.413,20.78,-0.77,20.358,21.125,,4984
2020,59680162B72404517830917,Uruan,Akwa Ibom,South South,5.008,8.073,31459,1,69.677,83.17,1.759,38.7,90.278,70.411,16.324,1,31.775,14.974,68.786,29.367,16.513,1.01,17.066,16.06,20.432,5195
2021,59680162B72404517830917,Uruan,Akwa Ibom,South South,5.008,8.073,31459,1,59.858,79.943,2.471,50.005,74.527,62.333,16.2,1,46.079,0.0,96.503,25.042,20.432,-2.68,18.959,21.637,15.365,6428
2022,59680162B72404517830917,Uruan,Akwa Ibom,South South,5.008,8.073,31459,1,60.061,85.022,0.282,37.044,64.938,94.272,5.432,0,50.691,0.0,81.25,35.35,15.365,-3.0,13.715,16.715,9.221,4834
2023,59680162B72404517830917,Uruan,Akwa Ibom,South South,5.008,8.073,31459,1,56.256,99.0,1.286,31.494,74.225,87.141,17.37,1,49.096,0.0,64.928,40.403,9.221,0.64,9.573,8.934,19.927,2901
2024,59680162B72404517830917,Uruan,Akwa Ibom,South South,5.008,8.073,31459,1,71.044,87.392,1.073,32.788,61.901,83.813,10.991,3,52.768,0.0,77.118,27.211,19.927,-3.0,18.277,21.277,10.97,6269
2025,59680162B72404517830917,Uruan,Akwa Ibom,South South,5.008,8.073,31459,1,48.796,81.572,2.301,42.01,90.087,75.489,15.888,0,53.164,1.894,99.0,25.358,10.97,-0.84,10.507,11.349,,3451
2020,59680162B72495617993590,Mikang,Plateau,North Central,9.02,9.574,18970,0,77.432,32.975,3.975,37.144,51.893,74.645,12.663,2,28.704,15.566,67.854,21.554,35.909,1.88,36.941,35.065,17.075,6812
2021,59680162B72495617993590,Mikang,Plateau,North Central,9.02,9.574,18970,0,69.644,49.963,1.999,39.4,56.334,43.413,15.338,0,50.397,5.147,56.752,22.192,17.075,2.61,18.512,15.9,23.615,3239
2022,59680162B72495617993590,Mikang,Plateau,North Central,9.02,9.574,18970,0,67.16,51.856,3.489,42.858,43.417,67.239,14.414,1,43.97,20.538,84.463,20.618,23.615,0.81,24.06,23.251,39.645,4480
2023,59680162B72495617993590,Mikang,Plateau,North Central,9.02,9.574,18970,0,76.062,43.027,3.534,48.432,47.083,76.592,17.442,7,20.521,19.145,51.766,18.991,39.645,2.96,41.275,38.31,26.917,7521
2024,59680162B72495617993590,Mikang,Plateau,North Central,9.02,9.574,18970,0,71.349,64.479,0.2,58.012,39.224,68.605,20.73,1,55.685,8.14,59.511,37.5,26.917,0.27,27.067,26.793,33.602,5106
2025,59680162B72495617993590,Mikang,Plateau,North Central,9.02,9.574,18970,0,70.609,72.178,5.585,42.401,40.916,41.281,17.921,3,66.526,0.0,80.735,12.15,33.602,1.32,34.327,33.008,,6374
2020,59680162B72514771239598,Ondo West,Ondo,South West,6.974,4.736,40425,1,56.759,90.312,1.798,32.674,82.598,89.245,11.365,1,41.824,5.649,99.0,20.219,5.417,-0.52,5.132,5.649,18.264,2190
2021,59680162B72514771239598,Ondo West,Ondo,South West,6.974,4.736,40425,1,63.007,96.942,1.211,52.376,57.574,84.077,4.14,0,53.9,0.0,99.0,26.104,18.264,-1.15,17.631,18.782,8.603,7383
2022,59680162B72514771239598,Ondo West,Ondo,South West,6.974,4.736,40425,1,50.786,99.0,0.926,38.25,61.263,77.135,5.459,0,48.208,1.147,98.054,31.614,8.603,0.47,8.861,8.392,7.607,3478
2023,59680162B72514771239598,Ondo West,Ondo,South West,6.974,4.736,40425,1,54.437,99.0,0.82,49.024,99.0,94.846,0.654,0,23.562,0.0,89.228,20.643,7.607,-2.19,6.4,8.594,8.917,3075
2024,59680162B72514771239598,Ondo West,Ondo,South West,6.974,4.736,40425,1,40.378,93.271,2.759,45.853,63.241,99.0,1.177,0,58.332,6.337,99.0,35.579,8.917,1.3,9.632,8.332,4.419,3605
2025,59680162B72514771239598,Ondo West,Ondo,South West,6.974,4.736,40425,1,54.789,83.863,2.136,33.215,82.794,99.0,14.475,0,31.872,0.0,99.0,31.326,4.419,-0.21,4.304,4.512,,1786
2020,59680162B7261312330016,Adavi,Kogi,North Central,7.692,6.473,94396,0,72.263,42.556,1.376,42.044,19.566,57.149,19.03,2,46.103,14.373,79.883,16.02,33.481,0.23,33.61,33.376,31.013,31605
2021,59680162B7261312330016,Adavi,Kogi,North Central,7.692,6.473,94396,0,79.504,37.071,3.185,47.884,38.32,61.567,28.803,1,37.493,8.538,51.433,28.275,31.013,3.44,32.904,29.465,25.07,29275
2022,59680162B7261312330016,Adavi,Kogi,North Central,7.692,6.473,94396,0,81.573,61.526,1.731,41.026,45.679,62.074,16.67,1,58.533,19.14,70.008,14.416,25.07,-0.81,24.627,25.432,23.907,23665
2023,59680162B7261312330016,Adavi,Kogi,North Central,7.692,6.473,94396,0,74.996,52.709,4.09,46.123,46.972,83.293,13.961,0,35.781,7.921,75.505,44.718,23.907,0.28,24.061,23.781,31.627,22568
2024,59680162B7261312330016,Adavi,Kogi,North Central,7.692,6.473,94396,0,73.865,51.197,2.304,36.702,46.55,51.986,15.73,2,45.065,6.061,67.268,22.093,31.627,2.2,32.838,30.636,23.746,29854
2025,59680162B7261312330016,Adavi,Kogi,North Central,7.692,6.473,94396,0,74.399,69.201,2.741,39.758,45.133,61.735,15.329,2,58.861,6.684,61.834,22.393,23.746,1.97,24.829,22.859,,22415
2020,59680162B72641942292242,Enugu North,Enugu,South East,6.448,7.484,53425,0,72.771,76.77,0.663,35.418,76.427,67.525,1.0,0,34.654,1.423,79.15,17.238,14.205,-0.83,13.748,14.578,20.111,7589
2021,59680162B72641942292242,Enugu North,Enugu,South East,6.448,7.484,53425,0,64.938,82.404,1.067,53.519,70.24,60.945,3.936,0,47.338,4.147,78.951,10.626,20.111,0.89,20.601,19.711,6.339,10744
2022,59680162B72641942292242,Enugu North,Enugu,South East,6.448,7.484,53425,0,70.817,98.986,2.238,35.789,77.355,67.382,8.47,3,25.366,0.0,62.344,25.355,6.339,-1.08,5.744,6.826,9.472,3387
2023,59680162B72641942292242,Enugu North,Enugu,South East,6.448,7.484,53425,0,62.605,94.235,1.799,37.067,67.028,91.14,9.318,1,19.923,0.0,83.068,26.057,9.472,0.13,9.545,9.412,10.669,5060
2024,59680162B72641942292242,Enugu North,Enugu,South East,6.448,7.484,53425,0,73.037,89.08,0.2,57.498,88.668,63.89,9.67,0,17.312,12.731,85.309,36.005,10.669,-1.83,9.662,11.493,14.56,5700
2025,59680162B72641942292242,Enugu North,Enugu,South East,6.448,7.484,53425,0,60.821,77.928,0.352,42.201,72.969,64.166,12.798,0,34.037,12.205,73.484,21.125,14.56,-0.97,14.027,14.997,,7779
2020,59680162B72659245241320,Kaduna North,Kaduna,North West,10.553,7.453,17693,0,96.219,31.103,3.51,49.268,24.55,45.185,20.624,3,70.397,28.812,48.702,12.171,52.444,2.47,53.804,51.331,49.065,9279
2021,59680162B72659245241320,Kaduna North,Kaduna,North West,10.553,7.453,17693,0,81.889,35.944,3.122,52.468,26.995,10.401,32.235,2,80.978,26.705,47.123,27.699,49.065,2.05,50.193,48.142,45.508,8681
2022,59680162B72659245241320,Kaduna North,Kaduna,North West,10.553,7.453,17693,0,87.345,30.668,5.092,50.894,59.538,45.37,31.597,1,45.864,24.914,50.111,7.63,45.508,-0.52,45.224,45.74,41.316,8052
2023,59680162B72659245241320,Kaduna North,Kaduna,North West,10.553,7.453,17693,0,91.807,43.085,4.556,59.557,42.525,22.684,29.264,1,47.738,43.058,50.633,29.975,41.316,-2.43,39.981,42.409,44.814,7310
2024,59680162B72659245241320,Kaduna North,Kaduna,North West,10.553,7.453,17693,0,77.907,40.657,5.132,69.461,43.834,47.129,36.93,3,51.049,38.043,40.16,15.773,44.814,-0.09,44.764,44.855,50.143,7929
2025,59680162B72659245241320,Kaduna North,Kaduna,North West,10.553,7.453,17693,0,84.809,55.299,5.962,62.553,44.31,47.206,19.39,1,73.072,29.873,43.405,23.888,50.143,0.84,50.606,49.765,,8872
2020,59680162B72688070781247,Donga,Taraba,North East,7.654,10.079,43825,1,65.539,43.533,2.426,60.517,40.89,68.675,27.395,3,73.473,21.301,58.755,26.011,33.62,3.86,35.745,31.88,42.867,14734
2021,59680162B72688070781247,Donga,Taraba,North East,7.654,10.079,43825,1,75.273,48.517,2.762,64.512,33.963,71.724,32.362,3,54.217,11.384,65.635,10.143,42.867,0.46,43.119,42.661,40.932,18787
2022,59680162B72688070781247,Donga,Taraba,North East,7.654,10.079,43825,1,82.47,56.16,3.716,63.09,26.044,64.627,18.98,5,64.795,16.788,72.719,13.526,40.932,0.48,41.198,40.715,36.256,17939
2023,59680162B72688070781247,Donga,Taraba,North East,7.654,10.079,43825,1,80.193,53.453,1.156,53.548,56.747,37.351,27.013,3,60.453,25.379,49.538,46.933,36.256,-0.6,35.925,36.527,34.33,15889
2024,59680162B72688070781247,Donga,Taraba,North East,7.654,10.079,43825,1,81.88,57.89,4.129,44.647,24.753,62.649,16.869,4,55.946,16.776,33.703,18.092,34.33,1.33,35.064,33.729,44.861,15045
2025,59680162B72688070781247,Donga,Taraba,North East,7.654,10.079,43825,1,82.147,48.191,3.98,59.752,38.435,63.779,25.556,7,75.624,18.206,54.302,18.736,44.861,0.22,44.983,44.762,,19660
2020,59680162B72688390978538,Lagos Island,Lagos,South West,6.45,3.398,42433,1,54.364,88.773,0.2,33.651,67.437,99.0,2.324,0,46.989,2.399,99.0,31.277,1.392,2.47,2.753,0.3,11.741,591
2021,59680162B72688390978538,Lagos Island,Lagos,South West,6.45,3.398,42433,1,59.108,90.378,1.068,41.999,80.58,99.0,0.5,2,25.917,3.139,95.89,16.66,11.741,-2.64,10.29,12.928,3.752,4982
2022,59680162B72688390978538,Lagos Island,Lagos,South West,6.45,3.398,42433,1,55.085,99.0,0.2,50.533,85.151,99.0,6.884,1,52.941,3.459,99.0,34.787,3.752,-1.64,2.852,4.488,10.576,1592
2023,59680162B72688390978538,Lagos Island,Lagos,South West,6.45,3.398,42433,1,47.881,99.0,1.977,33.047,79.866,91.926,13.088,0,32.463,2.226,99.0,21.936,10.576,-2.18,9.376,11.558,1.522,4488
2024,59680162B72688390978538,Lagos Island,Lagos,South West,6.45,3.398,42433,1,40.542,99.0,0.2,46.219,82.36,99.0,5.655,0,55.928,0.0,91.079,25.013,1.522,-1.92,0.5,2.387,2.44,646
2025,59680162B72688390978538,Lagos Island,Lagos,South West,6.45,3.398,42433,1,50.669,99.0,0.2,26.298,70.327,99.0,9.796,2,51.567,0.0,99.0,29.328,2.44,-2.47,1.081,3.552,,1035
2020,59680162B7272699675434,Birnin Kudu,Jigawa,North West,11.484,9.458,14228,0,91.094,32.063,3.885,56.81,29.997,33.5,38.754,1,43.912,49.113,38.162,12.185,50.415,0.51,50.693,50.187,57.339,7173
2021,59680162B7272699675434,Birnin Kudu,Jigawa,North West,11.484,9.458,14228,0,89.468,30.054,4.823,59.138,15.972,34.214,45.398,1,70.802,45.598,55.307,19.916,57.339,1.75,58.301,56.551,49.978,8158
2022,59680162B7272699675434,Birnin Kudu,Jigawa,North West,11.484,9.458,14228,0,96.198,28.979,2.779,59.525,19.151,63.837,34.972,2,60.116,43.327,48.514,14.434,49.978,4.85,52.646,47.795,52.376,7111
2023,59680162B7272699675434,Birnin Kudu,Jigawa,North West,11.484,9.458,14228,0,84.962,35.786,3.921,66.37,29.829,38.359,26.267,0,47.961,56.21,39.14,22.537,52.376,1.0,52.926,51.925,51.583,7452
2024,59680162B7272699675434,Birnin Kudu,Jigawa,North West,11.484,9.458,14228,0,82.176,38.75,5.262,51.625,32.657,14.431,22.942,0,58.966,36.533,23.648,20.153,51.583,0.95,52.106,51.155,54.109,7339
2025,59680162B7272699675434,Birnin Kudu,Jigawa,North West,11.484,9.458,14228,0,81.887,33.089,5.896,57.232,27.305,40.836,41.388,2,50.814,34.987,47.397,21.611,54.109,2.0,55.208,53.209,,7699
2020,59680162B7305913438202,Gwadabawa,Sokoto,North West,13.417,5.317,60884,0,98.538,34.511,4.551,59.542,12.084,56.776,28.109,2,73.482,27.567,31.738,11.994,56.057,1.53,56.899,55.368,50.51,34130
2021,59680162B7305913438202,Gwadabawa,Sokoto,North West,13.417,5.317,60884,0,88.024,24.315,5.912,46.026,15.635,49.435,35.395,1,56.423,42.725,32.3,15.915,50.51,2.89,52.1,49.209,56.689,30752
2022,59680162B7305913438202,Gwadabawa,Sokoto,North West,13.417,5.317,60884,0,91.187,35.316,5.542,47.413,21.706,40.176,29.225,1,61.073,34.711,59.403,17.388,56.689,-1.01,56.136,57.142,58.17,34515
2023,59680162B7305913438202,Gwadabawa,Sokoto,North West,13.417,5.317,60884,0,86.944,36.118,4.791,61.054,27.196,46.468,30.406,2,56.976,40.581,56.808,15.194,58.17,1.91,59.223,57.308,57.308,35416
2024,59680162B7305913438202,Gwadabawa,Sokoto,North West,13.417,5.317,60884,0,88.016,26.399,4.796,55.677,16.548,61.167,41.097,0,73.875,32.281,63.295,23.501,57.308,0.17,57.401,57.233,50.274,34892
2025,59680162B7305913438202,Gwadabawa,Sokoto,North West,13.417,5.317,60884,0,84.203,42.272,4.152,58.581,30.776,45.371,42.281,1,58.02,29.055,44.243,17.943,50.274,1.99,51.367,49.38,,30609
2020,59680162B73078519517404,Enugu East,Enugu,South East,6.533,7.532,148105,0,83.314,79.356,0.3,31.601,73.044,71.496,12.737,1,20.282,0.0,61.16,24.243,22.892,1.8,23.882,22.082,13.599,33904
2021,59680162B73078519517404,Enugu East,Enugu,South East,6.533,7.532,148105,0,70.003,91.301,4.628,30.738,46.667,98.034,7.688,1,32.777,11.505,70.346,35.083,13.599,0.22,13.719,13.5,18.706,20140
2022,59680162B73078519517404,Enugu East,Enugu,South East,6.533,7.532,148105,0,73.364,92.103,2.075,17.737,88.407,61.281,13.557,0,39.822,14.007,99.0,25.042,18.706,-2.06,17.575,19.631,18.58,27704
2023,59680162B73078519517404,Enugu East,Enugu,South East,6.533,7.532,148105,0,64.187,97.706,3.515,30.146,66.42,59.0,6.473,1,36.314,0.0,99.0,26.862,18.58,-2.28,17.323,19.608,21.932,27517
2024,59680162B73078519517404,Enugu East,Enugu,South East,6.533,7.532,148105,0,64.475,99.0,1.517,53.512,76.912,61.953,20.906,1,34.052,0.0,69.405,27.923,21.932,-1.59,21.056,22.648,7.846,32482
2025,59680162B73078519517404,Enugu East,Enugu,South East,6.533,7.532,148105,0,61.454,99.0,0.361,32.964,76.253,74.721,13.948,0,26.581,1.208,89.717,27.633,7.846,-1.85,6.828,8.679,,11620
2020,59680162B73114171000075,Bichi,Kano,North West,12.285,8.297,16258,0,99.0,35.536,3.681,62.053,37.252,29.589,28.993,0,64.235,47.177,44.041,26.07,47.575,1.54,48.425,46.88,40.498,7735
2021,59680162B73114171000075,Bichi,Kano,North West,12.285,8.297,16258,0,89.606,31.708,4.322,72.463,48.055,67.471,22.133,0,71.548,24.408,51.866,21.932,40.498,0.24,40.628,40.392,54.96,6584
2022,59680162B73114171000075,Bichi,Kano,North West,12.285,8.297,16258,0,91.203,54.069,3.986,67.239,17.166,53.551,32.031,1,68.379,39.81,40.573,9.805,54.96,4.25,57.297,53.048,59.349,8935
2023,59680162B73114171000075,Bichi,Kano,North West,12.285,8.297,16258,0,93.553,33.685,5.291,61.197,26.607,17.589,41.015,2,78.165,30.662,44.378,10.302,59.349,3.14,61.079,57.934,52.845,9649
2024,59680162B73114171000075,Bichi,Kano,North West,12.285,8.297,16258,0,92.656,32.484,5.02,72.147,40.383,49.11,24.667,1,56.386,25.364,42.499,26.405,52.845,2.1,53.997,51.902,46.565,8591
2025,59680162B73114171000075,Bichi,Kano,North West,12.285,8.297,16258,0,87.577,49.008,4.512,71.21,17.307,55.125,37.469,0,77.516,26.818,50.384,19.959,46.565,2.38,47.872,45.495,,7570
2020,59680162B73238408569532,Osogbo,Osun,South West,7.754,4.541,27180,0,75.422,76.332,1.332,41.05,74.526,72.994,9.024,0,22.346,1.088,90.849,17.149,14.462,-2.29,13.201,15.494,9.586,3931
2021,59680162B73238408569532,Osogbo,Osun,South West,7.754,4.541,27180,0,69.329,78.508,1.428,32.221,71.953,52.221,22.982,0,27.35,2.992,96.028,24.505,9.586,0.52,9.869,9.354,6.106,2605
2022,59680162B73238408569532,Osogbo,Osun,South West,7.754,4.541,27180,0,62.57,89.448,0.833,35.436,70.662,93.971,8.807,0,51.975,16.189,71.841,38.436,6.106,-1.38,5.349,6.725,8.857,1659
2023,59680162B73238408569532,Osogbo,Osun,South West,7.754,4.541,27180,0,63.278,79.933,2.29,30.437,64.015,86.739,6.05,0,39.298,5.001,79.3,16.991,8.857,-2.36,7.562,9.917,18.86,2407
2024,59680162B73238408569532,Osogbo,Osun,South West,7.754,4.541,27180,0,58.961,86.657,2.679,49.203,47.643,68.978,13.361,0,44.261,0.0,86.017,15.241,18.86,0.52,19.146,18.627,0.8,5126
2025,59680162B73238408569532,Osogbo,Osun,South West,7.754,4.541,27180,0,55.315,81.329,0.2,28.632,68.332,97.944,22.208,0,25.872,13.63,97.714,20.395,0.8,-0.48,0.534,1.017,,217
2020,59680162B73411137510562,Onitsha North,Anambra,South East,6.162,6.795,39084,0,68.165,90.005,0.637,34.335,69.018,66.597,11.73,2,38.675,0.0,68.359,23.99,17.466,-0.7,17.084,17.779,11.545,6826
2021,59680162B73411137510562,Onitsha North,Anambra,South East,6.162,6.795,39084,0,55.317,92.214,1.864,26.472,96.163,76.47,24.236,1,40.512,0.0,86.298,24.351,11.545,-1.42,10.767,12.182,17.571,4512
2022,59680162B73411137510562,Onitsha North,Anambra,South East,6.162,6.795,39084,0,64.708,87.217,0.743,31.816,56.383,76.351,5.996,0,23.944,6.111,68.018,15.816,17.571,0.32,17.749,17.425,21.196,6867
2023,59680162B73411137510562,Onitsha North,Anambra,South East,6.162,6.795,39084,0,68.628,92.457,1.358,24.536,70.492,78.948,15.144,2,5.57,5.199,99.0,19.566,21.196,-1.42,20.417,21.833,15.778,8284
2024,59680162B73411137510562,Onitsha North,Anambra,South East,6.162,6.795,39084,0,78.093,92.642,3.589,33.432,89.058,90.501,7.514,0,32.732,0.0,82.769,27.468,15.778,-2.71,14.285,17.0,14.344,6167
2025,59680162B73411137510562,Onitsha North,Anambra,South East,6.162,6.795,39084,0,59.003,97.088,2.709,23.304,81.657,63.63,0.5,0,37.108,0.0,84.104,19.466,14.344,-3.0,12.694,15.694,,5606
2020,59680162B73440349718888,Mai'Adua,Katsina,North West,13.152,8.229,20016,0,95.55,14.53,4.292,57.95,18.693,57.337,40.364,0,32.181,44.96,38.207,15.069,51.505,3.38,53.362,49.986,40.485,10309
2021,59680162B73440349718888,Mai'Adua,Katsina,North West,13.152,8.229,20016,0,91.982,49.285,4.117,60.67,19.804,51.844,21.537,0,55.023,31.842,29.368,22.809,40.485,1.93,41.546,39.616,49.314,8103
2022,59680162B73440349718888,Mai'Adua,Katsina,North West,13.152,8.229,20016,0,97.02,36.301,3.787,66.833,27.385,33.333,35.737,1,45.998,21.701,56.012,14.053,49.314,1.28,50.017,48.738,54.445,9871
2023,59680162B73440349718888,Mai'Adua,Katsina,North West,13.152,8.229,20016,0,91.212,49.504,4.957,62.662,24.955,47.297,28.315,2,65.467,40.867,54.423,20.547,54.445,2.54,55.843,53.3,40.993,10898
2024,59680162B73440349718888,Mai'Adua,Katsina,North West,13.152,8.229,20016,0,83.255,35.843,4.262,65.242,51.272,53.834,28.018,3,61.709,36.5,64.399,19.973,40.993,0.36,41.191,40.83,40.204,8205
2025,59680162B73440349718888,Mai'Adua,Katsina,North West,13.152,8.229,20016,0,83.406,46.145,2.165,56.727,38.885,39.706,39.984,2,78.843,27.214,38.155,28.97,40.204,0.24,40.337,40.095,,8047
2020,59680162B73807077480910,Isu,Imo,South East,5.68,7.053,66977,0,73.866,89.939,0.3,39.6,76.573,57.248,1.341,2,16.75,0.0,62.755,11.707,18.81,0.42,19.04,18.622,13.403,12599
2021,59680162B73807077480910,Isu,Imo,South East,5.68,7.053,66977,0,63.862,83.177,1.925,32.841,61.851,79.684,2.707,1,61.812,0.0,96.209,17.674,13.403,2.6,14.835,12.232,11.967,8977
2022,59680162B73807077480910,Isu,Imo,South East,5.68,7.053,66977,0,59.018,82.136,2.395,47.658,71.548,77.737,6.31,0,54.152,3.018,99.0,17.319,11.967,-0.82,11.515,12.337,15.471,8015
2023,59680162B73807077480910,Isu,Imo,South East,5.68,7.053,66977,0,68.415,75.782,0.589,37.076,82.219,85.752,7.959,0,23.409,1.857,95.281,68.626,15.471,1.38,16.231,14.849,8.007,10362
2024,59680162B73807077480910,Isu,Imo,South East,5.68,7.053,66977,0,55.724,89.018,0.518,25.481,86.87,84.721,6.0,0,23.374,0.0,98.496,26.133,8.007,0.08,8.05,7.972,13.569,5363
2025,59680162B73807077480910,Isu,Imo,South East,5.68,7.053,66977,0,71.13,89.961,0.385,34.17,73.529,96.103,2.681,1,26.881,14.948,94.66,22.501,13.569,-2.87,11.991,14.86,,9088
2020,59680162B73824932270854,Ede South,Osun,South West,7.66,4.436,24969,1,54.843,84.365,2.09,45.562,74.182,92.732,7.724,1,25.212,6.481,99.0,14.741,12.782,-0.48,12.518,12.998,7.424,3192
2021,59680162B73824932270854,Ede South,Osun,South West,7.66,4.436,24969,1,63.423,84.585,0.2,37.77,86.646,99.0,11.248,1,50.298,0.0,71.133,34.2,7.424,-2.75,5.91,8.663,16.161,1854
2022,59680162B73824932270854,Ede South,Osun,South West,7.66,4.436,24969,1,60.162,91.267,1.354,31.796,68.879,91.661,0.5,2,52.873,0.246,81.767,17.243,16.161,0.22,16.282,16.062,6.979,4035
2023,59680162B73824932270854,Ede South,Osun,South West,7.66,4.436,24969,1,56.254,95.394,0.2,44.895,78.644,95.584,3.809,1,22.071,0.0,99.0,13.665,6.979,-1.36,6.229,7.593,14.315,1743
2024,59680162B73824932270854,Ede South,Osun,South West,7.66,4.436,24969,1,57.019,99.0,1.854,52.457,82.868,99.0,2.482,0,37.524,17.67,99.0,26.966,14.315,-3.0,12.665,15.665,5.658,3574
2025,59680162B73824932270854,Ede South,Osun,South West,7.66,4.436,24969,1,61.512,94.493,0.2,52.964,92.517,99.0,0.5,0,33.28,0.0,86.884,16.143,5.658,-1.04,5.085,6.127,,1413
2020,59680162B73921161942586,Obanliku,Cross River,South South,6.469,9.404,26596,1,69.161,95.423,0.2,31.712,63.226,77.128,19.683,1,39.75,0.0,87.099,20.42,14.803,-0.94,14.287,15.226,12.024,3937
2021,59680162B73921161942586,Obanliku,Cross River,South South,6.469,9.404,26596,1,60.035,99.0,1.574,39.198,73.854,85.256,0.5,0,59.481,13.727,49.762,21.266,12.024,-2.48,10.663,13.138,17.749,3198
2022,59680162B73921161942586,Obanliku,Cross River,South South,6.469,9.404,26596,1,62.48,99.0,1.396,44.26,74.213,80.431,14.772,1,56.78,12.307,85.022,20.601,17.749,-2.49,16.38,18.869,6.465,4720
2023,59680162B73921161942586,Obanliku,Cross River,South South,6.469,9.404,26596,1,62.433,94.912,1.685,36.627,82.376,77.826,5.345,0,42.024,0.0,88.779,15.767,6.465,-0.57,6.149,6.723,25.723,1719
2024,59680162B73921161942586,Obanliku,Cross River,South South,6.469,9.404,26596,1,61.618,89.281,2.732,48.975,57.723,94.472,0.5,1,49.441,10.642,99.0,19.65,25.723,0.92,26.228,25.31,13.202,6841
2025,59680162B73921161942586,Obanliku,Cross River,South South,6.469,9.404,26596,1,63.901,99.0,1.065,32.349,83.884,99.0,18.229,2,49.963,0.0,94.295,31.243,13.202,-1.93,12.142,14.069,,3511
2020,59680162B73952515985037,Nnewi North,Anambra,South East,6.024,6.896,26921,1,55.487,99.0,0.2,48.367,91.067,82.777,3.727,1,20.447,15.573,97.666,24.87,3.418,0.61,3.752,3.145,5.68,920
2021,59680162B73952515985037,Nnewi North,Anambra,South East,6.024,6.896,26921,1,68.48,99.0,0.87,38.614,84.848,83.218,3.29,0,39.329,0.0,89.194,19.167,5.68,-3.0,4.03,7.03,9.956,1529
2022,59680162B73952515985037,Nnewi North,Anambra,South East,6.024,6.896,26921,1,72.21,99.0,0.2,31.68,98.907,98.916,0.5,1,38.181,0.0,85.812,21.063,9.956,-0.41,9.733,10.139,10.933,2680
2023,59680162B73952515985037,Nnewi North,Anambra,South East,6.024,6.896,26921,1,56.473,99.0,0.501,32.195,94.97,90.898,1.462,3,24.712,0.0,99.0,23.721,10.933,-2.29,9.674,11.962,2.33,2943
2024,59680162B73952515985037,Nnewi North,Anambra,South East,6.024,6.896,26921,1,61.036,95.753,0.636,22.145,79.374,94.878,0.5,0,24.048,0.0,93.056,28.557,2.33,-0.96,1.803,2.762,0.8,627
2025,59680162B73952515985037,Nnewi North,Anambra,South East,6.024,6.896,26921,1,50.23,99.0,1.143,28.874,99.0,99.0,0.5,0,64.761,7.947,87.03,32.955,0.8,-2.44,0.5,1.899,,215
2020,59680162B74094197759690,Ado Odo/Ota,Ogun,South West,6.628,3.086,24097,1,57.236,97.396,2.777,34.643,71.155,73.741,3.859,0,36.991,0.0,87.432,26.293,14.156,-0.03,14.14,14.168,0.8,3411
2021,59680162B74094197759690,Ado Odo/Ota,Ogun,South West,6.628,3.086,24097,1,58.715,77.479,2.701,34.911,99.0,87.437,2.216,1,38.652,9.931,89.208,31.133,0.8,-1.23,0.5,1.355,5.827,193
2022,59680162B74094197759690,Ado Odo/Ota,Ogun,South West,6.628,3.086,24097,1,42.603,87.503,1.914,42.169,66.381,98.598,0.5,1,42.07,9.785,99.0,37.219,5.827,-1.42,5.047,6.465,2.242,1404
2023,59680162B74094197759690,Ado Odo/Ota,Ogun,South West,6.628,3.086,24097,1,40.918,99.0,1.283,45.748,66.028,99.0,1.921,0,25.291,0.0,74.68,31.066,2.242,-2.28,0.99,3.267,10.996,540
2024,59680162B74094197759690,Ado Odo/Ota,Ogun,South West,6.628,3.086,24097,1,67.507,94.378,1.151,17.6,85.876,94.387,2.51,0,26.343,0.0,99.0,45.716,10.996,-1.96,9.916,11.88,1.206,2650
2025,59680162B74094197759690,Ado Odo/Ota,Ogun,South West,6.628,3.086,24097,1,43.199,88.533,0.2,36.749,78.008,96.807,4.034,1,39.248,0.0,97.46,21.236,1.206,-0.79,0.774,1.559,,291
2020,59680162B74099392913903,Kanam,Plateau,North Central,9.468,10.018,25951,1,59.289,62.86,2.782,44.235,63.833,72.687,15.223,3,53.497,12.566,76.235,8.613,22.851,-0.92,22.343,23.267,17.732,5930
2021,59680162B74099392913903,Kanam,Plateau,North Central,9.468,10.018,25951,1,66.225,50.864,2.41,43.14,53.721,71.583,13.855,2,49.764,0.0,99.0,15.908,17.732,1.64,18.636,16.993,21.272,4602
2022,59680162B74099392913903,Kanam,Plateau,North Central,9.468,10.018,25951,1,60.237,52.583,2.326,35.973,55.144,69.09,8.401,4,37.875,10.952,78.039,16.489,21.272,-1.47,20.464,21.934,24.235,5520
2023,59680162B74099392913903,Kanam,Plateau,North Central,9.468,10.018,25951,1,60.57,76.867,1.828,44.016,74.6,90.717,23.583,1,72.222,11.351,56.864,14.02,24.235,-1.1,23.631,24.729,29.25,6289
2024,59680162B74099392913903,Kanam,Plateau,North Central,9.468,10.018,25951,1,62.811,53.95,0.775,48.137,49.859,62.999,14.82,4,41.724,16.229,56.928,17.786,29.25,1.49,30.069,28.579,17.599,7591
2025,59680162B74099392913903,Kanam,Plateau,North Central,9.468,10.018,25951,1,55.676,74.556,1.232,46.9,73.379,99.0,24.712,0,43.494,0.931,96.607,16.21,17.599,-0.5,17.323,17.825,,4567
2020,59680162B74248263036628,Obafemi Owode,Ogun,South West,6.959,3.454,77082,1,47.388,66.385,2.3,39.945,86.134,85.381,3.241,1,18.86,9.618,85.809,20.32,11.533,1.57,12.395,10.828,11.881,8890
2021,59680162B74248263036628,Obafemi Owode,Ogun,South West,6.959,3.454,77082,1,54.718,86.68,0.682,21.473,56.715,94.853,8.729,0,38.208,0.0,99.0,16.747,11.881,0.3,12.049,11.744,13.68,9158
2022,59680162B74248263036628,Obafemi Owode,Ogun,South West,6.959,3.454,77082,1,56.288,89.188,0.2,37.847,98.813,99.0,8.504,1,41.471,0.0,99.0,15.159,13.68,-2.21,12.467,14.673,7.447,10545
2023,59680162B74248263036628,Obafemi Owode,Ogun,South West,6.959,3.454,77082,1,62.426,99.0,1.283,17.95,81.637,93.282,11.967,1,56.161,0.0,97.513,24.218,7.447,1.02,8.005,6.99,9.998,5740
2024,59680162B74248263036628,Obafemi Owode,Ogun,South West,6.959,3.454,77082,1,61.95,99.0,0.39,41.77,79.329,99.0,11.545,0,39.125,0.0,99.0,21.049,9.998,-3.0,8.348,11.348,5.043,7707
2025,59680162B74248263036628,Obafemi Owode,Ogun,South West,6.959,3.454,77082,1,52.377,86.394,0.2,26.803,93.99,99.0,6.328,0,38.629,4.607,99.0,16.403,5.043,-1.04,4.474,5.509,,3888
2020,59680162B74336355497846,Biriniwa,Jigawa,North West,12.819,10.072,18917,0,86.32,33.385,3.819,77.208,13.552,31.079,21.048,2,62.675,39.709,34.037,24.376,47.414,2.75,48.924,46.178,59.007,8969
2021,59680162B74336355497846,Biriniwa,Jigawa,North West,12.819,10.072,18917,0,92.461,27.06,4.254,68.712,8.92,28.894,45.373,1,53.208,47.479,40.347,25.671,59.007,-1.53,58.164,59.697,38.557,11162
2022,59680162B74336355497846,Biriniwa,Jigawa,North West,12.819,10.072,18917,0,83.451,40.039,3.76,50.597,26.533,49.382,23.133,0,58.54,22.881,35.876,20.736,38.557,4.23,40.881,36.655,47.539,7294
2023,59680162B74336355497846,Biriniwa,Jigawa,North West,12.819,10.072,18917,0,92.396,48.885,4.335,60.933,22.766,37.753,44.575,1,55.842,24.007,43.02,16.659,47.539,2.39,48.853,46.463,47.841,8993
2024,59680162B74336355497846,Biriniwa,Jigawa,North West,12.819,10.072,18917,0,83.443,39.666,2.843,74.685,33.352,36.411,35.64,1,62.169,23.3,40.92,26.357,47.841,1.99,48.934,46.947,50.285,9050
2025,59680162B74336355497846,Biriniwa,Jigawa,North West,12.819,10.072,18917,0,89.314,27.628,5.33,58.069,30.02,38.879,30.386,0,64.655,29.482,32.647,16.237,50.285,1.89,51.323,49.436,,9512
2020,59680162B74485110483501,Itesiwaju,Oyo,South West,8.228,3.31,16041,0,54.494,79.815,1.624,32.945,62.084,77.405,13.78,0,28.78,12.819,97.299,22.892,11.654,-0.06,11.621,11.681,10.465,1869
2021,59680162B74485110483501,Itesiwaju,Oyo,South West,8.228,3.31,16041,0,65.01,80.613,2.533,35.778,84.682,85.355,7.982,1,53.235,2.354,81.7,30.01,10.465,-0.65,10.108,10.756,13.572,1679
2022,59680162B74485110483501,Itesiwaju,Oyo,South West,8.228,3.31,16041,0,56.469,63.882,1.223,52.653,74.776,85.381,6.643,0,27.313,11.864,79.504,14.698,13.572,-1.1,12.97,14.065,8.424,2177
2023,59680162B74485110483501,Itesiwaju,Oyo,South West,8.228,3.31,16041,0,59.644,85.043,1.267,39.132,76.922,77.859,0.5,0,17.962,0.0,93.415,30.201,8.424,-1.27,7.725,8.995,13.603,1351
2024,59680162B74485110483501,Itesiwaju,Oyo,South West,8.228,3.31,16041,0,65.427,64.453,1.433,25.519,48.721,65.468,12.922,0,23.519,0.0,84.261,45.354,13.603,-2.05,12.474,14.527,6.016,2182
2025,59680162B74485110483501,Itesiwaju,Oyo,South West,8.228,3.31,16041,0,49.396,86.429,0.704,22.575,69.225,93.219,21.725,0,19.727,0.0,86.531,16.827,6.016,-2.35,4.723,7.073,,965
2020,59680162B74748273614391,Ese Odo,Ondo,South West,6.235,4.956,47124,1,50.579,90.4,0.436,50.518,65.297,80.523,4.393,0,25.325,4.864,85.969,14.871,9.517,-2.08,8.372,10.453,2.89,4485
2021,59680162B74748273614391,Ese Odo,Ondo,South West,6.235,4.956,47124,1,56.184,93.352,0.2,38.894,72.484,99.0,0.5,0,46.694,0.0,99.0,20.187,2.89,-2.2,1.679,3.88,13.493,1362
2022,59680162B74748273614391,Ese Odo,Ondo,South West,6.235,4.956,47124,1,53.629,99.0,1.185,30.486,66.504,99.0,0.5,1,54.499,10.551,95.201,49.777,13.493,0.2,13.603,13.403,7.092,6358
2023,59680162B74748273614391,Ese Odo,Ondo,South West,6.235,4.956,47124,1,58.826,99.0,0.2,43.64,82.904,72.507,13.001,0,34.454,0.0,99.0,37.498,7.092,-2.98,5.454,8.432,1.786,3342
2024,59680162B74748273614391,Ese Odo,Ondo,South West,6.235,4.956,47124,1,55.909,99.0,1.84,25.338,79.814,90.578,6.624,1,29.887,0.0,90.814,23.039,1.786,-3.0,0.5,3.136,10.448,841
2025,59680162B74748273614391,Ese Odo,Ondo,South West,6.235,4.956,47124,1,52.749,97.451,0.2,35.034,87.205,87.312,4.819,2,38.363,0.0,95.716,28.238,10.448,-3.0,8.798,11.798,,4924
2020,59680162B74859155842016,Ibadan North East,Oyo,South West,7.378,3.919,34684,1,51.895,99.0,0.647,42.619,83.797,99.0,5.18,0,31.441,0.0,99.0,39.669,1.186,-3.0,0.5,2.536,8.227,411
2021,59680162B74859155842016,Ibadan North East,Oyo,South West,7.378,3.919,34684,1,52.049,87.978,1.694,25.74,57.747,99.0,8.229,0,42.244,0.0,99.0,13.562,8.227,-0.02,8.215,8.237,6.446,2854
2022,59680162B74859155842016,Ibadan North East,Oyo,South West,7.378,3.919,34684,1,54.74,88.281,0.52,24.912,75.854,88.266,14.721,1,52.563,0.0,98.855,19.747,6.446,-1.32,5.721,7.039,11.341,2236
2023,59680162B74859155842016,Ibadan North East,Oyo,South West,7.378,3.919,34684,1,56.922,80.353,0.2,44.184,81.243,99.0,7.894,0,16.582,0.0,99.0,58.816,11.341,-2.21,10.125,12.336,17.078,3934
2024,59680162B74859155842016,Ibadan North East,Oyo,South West,7.378,3.919,34684,1,53.036,96.156,1.064,42.249,78.102,91.768,14.857,1,54.063,0.0,99.0,19.048,17.078,-1.04,16.508,17.545,6.402,5923
2025,59680162B74859155842016,Ibadan North East,Oyo,South West,7.378,3.919,34684,1,45.759,90.184,0.2,39.855,61.831,99.0,18.887,0,36.378,0.0,84.176,35.28,6.402,-3.0,4.752,7.752,,2220
2020,59680162B7486965108625,Aguata,Anambra,South East,5.98,7.1,33289,1,64.812,95.388,0.2,44.811,61.865,86.12,0.5,0,59.637,0.0,91.462,41.676,8.81,-3.0,7.16,10.16,10.033,2933
2021,59680162B7486965108625,Aguata,Anambra,South East,5.98,7.1,33289,1,67.362,99.0,0.529,33.823,77.019,82.585,13.642,0,21.416,5.423,99.0,15.301,10.033,-0.92,9.526,10.447,8.312,3340
2022,59680162B7486965108625,Aguata,Anambra,South East,5.98,7.1,33289,1,67.653,99.0,0.2,26.907,76.944,88.543,0.5,0,17.449,0.0,99.0,32.4,8.312,-1.45,7.515,8.965,8.385,2767
2023,59680162B7486965108625,Aguata,Anambra,South East,5.98,7.1,33289,1,63.557,99.0,2.829,33.352,97.17,94.743,0.5,0,37.801,14.872,98.089,34.051,8.385,-2.16,7.197,9.357,12.904,2791
2024,59680162B7486965108625,Aguata,Anambra,South East,5.98,7.1,33289,1,59.475,99.0,0.2,47.101,68.511,84.44,8.042,2,43.451,0.0,99.0,24.423,12.904,-1.17,12.262,13.43,14.13,4296
2025,59680162B7486965108625,Aguata,Anambra,South East,5.98,7.1,33289,1,68.894,99.0,0.503,48.307,66.515,93.069,8.27,2,67.164,0.0,99.0,41.559,14.13,-1.83,13.121,14.955,,4704
2020,59680162B75104511306168,Mushin,Lagos,South West,6.536,3.352,19128,1,55.385,80.735,2.746,40.327,67.264,93.245,1.845,1,29.238,10.032,99.0,27.733,16.416,-0.27,16.269,16.536,10.943,3140
2021,59680162B75104511306168,Mushin,Lagos,South West,6.536,3.352,19128,1,69.075,95.628,0.49,38.154,94.041,99.0,10.573,0,53.41,0.0,99.0,22.1,10.943,-1.84,9.932,11.771,0.8,2093
2022,59680162B75104511306168,Mushin,Lagos,South West,6.536,3.352,19128,1,43.35,96.949,0.718,27.566,77.021,81.816,4.464,0,45.371,0.0,99.0,20.546,0.8,-2.07,0.5,1.731,1.198,153
2023,59680162B75104511306168,Mushin,Lagos,South West,6.536,3.352,19128,1,60.203,98.227,0.2,37.66,67.39,88.009,1.701,0,48.093,4.781,98.284,23.929,1.198,-0.92,0.691,1.612,1.352,229
2024,59680162B75104511306168,Mushin,Lagos,South West,6.536,3.352,19128,1,68.535,99.0,0.2,22.604,81.011,99.0,2.429,0,26.837,0.0,99.0,51.468,1.352,-1.53,0.51,2.042,4.96,259
2025,59680162B75104511306168,Mushin,Lagos,South West,6.536,3.352,19128,1,58.816,99.0,2.02,39.235,95.296,69.098,8.041,0,36.518,0.0,99.0,23.792,4.96,-1.32,4.232,5.556,,949
2020,59680162B7511527862302,Ijebu North,Ogun,South West,7.022,4.035,32378,0,74.426,73.069,0.541,39.637,75.734,61.079,11.954,1,25.953,17.398,69.686,24.628,21.453,-0.07,21.413,21.487,0.8,6946
2021,59680162B7511527862302,Ijebu North,Ogun,South West,7.022,4.035,32378,0,60.517,83.176,0.27,52.222,65.477,61.115,5.228,2,34.147,20.837,99.0,19.689,0.8,-1.86,0.5,1.637,9.587,259
2022,59680162B7511527862302,Ijebu North,Ogun,South West,7.022,4.035,32378,0,72.167,73.58,0.24,25.551,93.57,81.68,0.5,0,33.233,9.045,69.559,37.02,9.587,-0.54,9.288,9.832,17.074,3104
2023,59680162B7511527862302,Ijebu North,Ogun,South West,7.022,4.035,32378,0,66.26,85.781,2.944,35.995,84.015,84.557,16.346,0,18.913,0.442,99.0,21.574,17.074,-1.62,16.184,17.802,3.428,5528
2024,59680162B7511527862302,Ijebu North,Ogun,South West,7.022,4.035,32378,0,70.355,80.973,1.218,36.205,78.954,74.1,15.079,1,0.0,3.469,90.694,29.182,3.428,-1.63,2.531,4.161,15.987,1110
2025,59680162B7511527862302,Ijebu North,Ogun,South West,7.022,4.035,32378,0,66.609,76.468,0.538,40.992,63.914,69.992,5.461,0,48.031,4.919,80.808,22.8,15.987,-3.0,14.337,17.337,,5176
2020,59680162B75172896497028,Obi,Benue,North Central,7.011,8.321,43206,1,63.125,70.675,1.354,34.682,80.598,75.218,8.297,1,57.378,9.251,94.072,12.056,16.343,0.75,16.755,16.006,24.461,7061
2021,59680162B75172896497028,Obi,Benue,North Central,7.011,8.321,43206,1,70.359,62.867,2.52,33.862,57.619,61.689,28.429,2,53.654,0.434,65.004,9.655,24.461,0.62,24.8,24.183,27.007,10569
2022,59680162B75172896497028,Obi,Benue,North Central,7.011,8.321,43206,1,60.129,82.094,3.684,57.386,63.201,80.673,0.5,5,55.418,7.225,87.921,17.328,27.007,0.86,27.482,26.618,21.206,11668
2023,59680162B75172896497028,Obi,Benue,North Central,7.011,8.321,43206,1,56.459,70.732,2.011,26.102,58.054,69.499,24.102,2,35.748,5.585,92.437,30.008,21.206,-0.72,20.811,21.529,29.71,9162
2024,59680162B75172896497028,Obi,Benue,North Central,7.011,8.321,43206,1,68.364,67.43,3.007,52.009,39.735,69.088,13.368,3,49.203,5.296,75.639,27.387,29.71,-0.23,29.584,29.813,28.907,12836
2025,59680162B75172896497028,Obi,Benue,North Central,7.011,8.321,43206,1,60.231,53.081,1.522,30.895,69.277,51.805,22.143,2,68.506,4.996,80.007,24.485,28.907,-0.67,28.539,29.208,,12489
2020,59680162B75348496545912,Bakori,Katsina,North West,11.679,7.407,41323,0,98.12,21.932,4.835,69.419,27.329,32.108,29.627,2,58.873,27.51,59.296,34.253,51.664,2.74,53.17,50.432,43.793,21349
2021,59680162B75348496545912,Bakori,Katsina,North West,11.679,7.407,41323,0,85.53,24.698,4.897,64.496,27.099,64.726,28.9,0,65.48,29.05,54.469,22.487,43.793,3.29,45.602,42.313,48.397,18097
2022,59680162B75348496545912,Bakori,Katsina,North West,11.679,7.407,41323,0,89.137,25.3,2.778,70.997,25.93,36.334,26.803,2,65.412,28.117,53.925,23.079,48.397,1.71,49.338,47.627,52.048,19999
2023,59680162B75348496545912,Bakori,Katsina,North West,11.679,7.407,41323,0,92.299,41.621,6.572,72.398,31.834,50.78,21.907,2,47.234,36.45,63.607,11.843,52.048,2.68,53.521,50.844,51.053,21508
2024,59680162B75348496545912,Bakori,Katsina,North West,11.679,7.407,41323,0,87.639,39.362,5.524,67.417,18.341,48.155,32.445,2,52.603,39.112,60.455,38.355,51.053,1.52,51.889,50.369,67.81,21097
2025,59680162B75348496545912,Bakori,Katsina,North West,11.679,7.407,41323,0,88.964,50.451,7.361,61.503,22.118,63.765,37.103,2,83.411,38.658,31.209,17.395,67.81,2.0,68.911,66.909,,28021
2020,59680162B75618838886778,Rijau,Niger,North Central,11.044,5.217,14938,0,71.348,54.009,2.838,53.478,43.429,59.111,22.5,2,47.052,18.565,48.757,15.954,30.644,-0.48,30.378,30.861,27.596,4578
2021,59680162B75618838886778,Rijau,Niger,North Central,11.044,5.217,14938,0,63.815,54.751,0.27,47.951,43.951,47.387,9.752,1,50.827,22.095,62.484,12.316,27.596,2.57,29.008,26.441,29.515,4122
2022,59680162B75618838886778,Rijau,Niger,North Central,11.044,5.217,14938,0,68.956,58.149,2.946,38.02,49.329,57.803,14.431,0,55.164,0.0,85.362,21.593,29.515,1.71,30.456,28.745,23.525,4409
2023,59680162B75618838886778,Rijau,Niger,North Central,11.044,5.217,14938,0,67.363,67.863,3.43,42.252,25.536,58.005,23.633,2,60.804,0.0,60.616,31.492,23.525,2.87,25.101,22.236,27.308,3514
2024,59680162B75618838886778,Rijau,Niger,North Central,11.044,5.217,14938,0,68.106,59.025,1.876,37.428,60.43,81.217,22.936,2,37.657,16.095,72.533,17.606,27.308,-2.18,26.11,28.289,18.82,4079
2025,59680162B75618838886778,Rijau,Niger,North Central,11.044,5.217,14938,0,67.203,68.348,2.973,40.057,70.991,72.051,17.782,2,73.554,9.252,71.88,30.097,18.82,0.36,19.017,18.659,,2811
2020,59680162B75725109309044,Atisbo,Oyo,South West,8.406,3.18,46009,0,75.274,62.076,1.724,38.407,61.774,80.909,17.586,2,35.691,0.0,69.79,8.984,25.093,2.79,26.626,23.839,8.884,11545
2021,59680162B75725109309044,Atisbo,Oyo,South West,8.406,3.18,46009,0,44.908,80.411,0.27,30.76,53.353,88.046,11.995,3,39.058,0.0,90.837,14.347,8.884,0.55,9.184,8.638,10.171,4087
2022,59680162B75725109309044,Atisbo,Oyo,South West,8.406,3.18,46009,0,68.312,65.919,0.24,25.182,64.47,84.585,13.298,1,28.611,13.669,80.293,26.456,10.171,0.45,10.42,9.967,10.654,4680
2023,59680162B75725109309044,Atisbo,Oyo,South West,8.406,3.18,46009,0,53.126,93.421,2.526,42.553,74.186,76.594,10.213,0,51.375,2.779,99.0,31.481,10.654,-2.92,9.045,11.969,7.619,4902
2024,59680162B75725109309044,Atisbo,Oyo,South West,8.406,3.18,46009,0,54.288,58.329,1.181,25.186,77.101,90.331,5.121,0,30.237,13.427,99.0,19.551,7.619,0.74,8.028,7.285,15.917,3506
2025,59680162B75725109309044,Atisbo,Oyo,South West,8.406,3.18,46009,0,58.122,76.701,3.209,35.254,76.636,94.022,11.866,0,41.406,0.0,98.206,41.995,15.917,-2.08,14.774,16.852,,7323
2020,59680162B75733324884372,Makurdi,Benue,North Central,7.694,8.547,61643,1,67.519,62.543,1.892,33.929,61.543,92.24,20.356,3,47.973,10.863,71.283,14.655,23.178,1.23,23.856,22.623,27.604,14288
2021,59680162B75733324884372,Makurdi,Benue,North Central,7.694,8.547,61643,1,62.968,68.411,2.954,32.66,52.004,77.049,24.998,2,64.675,6.852,90.541,21.49,27.604,-1.25,26.917,28.167,22.445,17016
2022,59680162B75733324884372,Makurdi,Benue,North Central,7.694,8.547,61643,1,69.02,68.54,2.127,43.402,74.198,99.0,21.21,2,58.689,10.738,56.488,22.119,22.445,-0.46,22.191,22.652,17.101,13836
2023,59680162B75733324884372,Makurdi,Benue,North Central,7.694,8.547,61643,1,69.197,71.91,1.104,57.508,70.662,87.22,23.624,2,51.312,4.427,81.643,9.794,17.101,-1.23,16.424,17.655,27.062,10542
2024,59680162B75733324884372,Makurdi,Benue,North Central,7.694,8.547,61643,1,58.902,78.668,4.392,56.849,61.924,70.342,14.31,2,42.573,7.125,85.622,30.797,27.062,-1.79,26.077,27.869,25.392,16682
2025,59680162B75733324884372,Makurdi,Benue,North Central,7.694,8.547,61643,1,74.046,64.586,1.511,46.386,68.054,78.325,6.456,0,48.314,0.0,81.828,22.937,25.392,-3.0,23.742,26.742,,15653
2020,59680162B76063539046075,Isoko North,Delta,South South,5.521,6.131,16796,1,55.842,86.293,0.2,54.639,91.162,69.159,0.5,2,39.547,0.0,77.126,33.487,10.912,0.52,11.199,10.677,21.252,1833
2021,59680162B76063539046075,Isoko North,Delta,South South,5.521,6.131,16796,1,46.297,97.253,0.248,51.55,55.851,75.215,5.164,2,70.947,0.0,90.57,24.36,21.252,-3.0,19.602,22.602,28.686,3569
2022,59680162B76063539046075,Isoko North,Delta,South South,5.521,6.131,16796,1,60.732,79.446,3.554,44.658,81.349,79.36,6.204,1,65.061,25.319,76.101,23.84,28.686,-0.54,28.386,28.931,15.873,4818
2023,59680162B76063539046075,Isoko North,Delta,South South,5.521,6.131,16796,1,62.568,87.168,1.892,36.756,68.374,76.278,8.993,1,52.251,0.0,99.0,11.123,15.873,-0.97,15.341,16.308,17.65,2666
2024,59680162B76063539046075,Isoko North,Delta,South South,5.521,6.131,16796,1,57.662,98.229,2.582,37.001,83.128,94.764,9.412,0,44.786,14.613,79.636,25.865,17.65,-3.0,16.0,19.0,20.303,2964
2025,59680162B76063539046075,Isoko North,Delta,South South,5.521,6.131,16796,1,66.017,99.0,0.327,44.691,72.434,79.214,6.47,1,56.241,0.0,87.319,24.735,20.303,-2.2,19.095,21.292,,3410
2020,59680162B76072611977433,Ogori/Magongo,Kogi,North Central,7.477,6.156,12991,0,69.296,66.324,3.954,45.72,21.274,54.397,17.046,2,36.262,0.882,72.279,29.583,31.505,0.74,31.911,31.173,34.552,4093
2021,59680162B76072611977433,Ogori/Magongo,Kogi,North Central,7.477,6.156,12991,0,82.119,62.933,3.309,51.354,47.571,63.508,25.815,3,47.301,11.46,72.617,20.714,34.552,-1.4,33.784,35.18,36.012,4489
2022,59680162B76072611977433,Ogori/Magongo,Kogi,North Central,7.477,6.156,12991,0,90.13,59.739,3.708,42.376,59.623,59.439,22.286,3,42.047,11.198,68.976,25.279,36.012,0.62,36.355,35.731,32.417,4678
2023,59680162B76072611977433,Ogori/Magongo,Kogi,North Central,7.477,6.156,12991,0,89.176,69.157,4.169,40.613,42.929,59.521,17.956,0,57.956,9.951,67.515,22.84,32.417,-0.04,32.395,32.434,26.523,4211
2024,59680162B76072611977433,Ogori/Magongo,Kogi,North Central,7.477,6.156,12991,0,71.116,71.083,4.992,39.052,46.509,64.509,7.937,3,47.135,14.242,72.285,61.958,26.523,-0.49,26.254,26.743,20.041,3446
2025,59680162B76072611977433,Ogori/Magongo,Kogi,North Central,7.477,6.156,12991,0,65.359,60.339,2.642,36.366,75.768,84.621,20.585,1,52.027,0.0,54.512,22.001,20.041,0.51,20.323,19.811,,2604
2020,59680162B76130047047659,Ohaozara,Ebonyi,South East,6.011,7.778,37700,0,61.045,69.579,2.129,48.131,73.931,78.674,10.259,0,26.806,7.072,82.511,15.587,14.857,-0.68,14.483,15.162,14.464,5601
2021,59680162B76130047047659,Ohaozara,Ebonyi,South East,6.011,7.778,37700,0,63.703,98.218,1.427,24.278,62.058,97.128,8.107,0,24.549,0.0,57.698,30.761,14.464,0.31,14.632,14.327,20.215,5453
2022,59680162B76130047047659,Ohaozara,Ebonyi,South East,6.011,7.778,37700,0,68.8,98.433,2.031,37.944,74.562,58.285,5.962,1,24.325,0.0,84.459,16.573,20.215,-3.0,18.565,21.565,11.65,7621
2023,59680162B76130047047659,Ohaozara,Ebonyi,South East,6.011,7.778,37700,0,64.643,85.448,2.808,23.203,63.245,64.374,0.5,0,38.056,7.021,76.631,21.435,11.65,-0.42,11.42,11.839,10.821,4392
2024,59680162B76130047047659,Ohaozara,Ebonyi,South East,6.011,7.778,37700,0,61.161,84.048,1.639,27.982,71.169,81.562,0.5,0,39.833,0.0,95.459,21.676,10.821,-0.54,10.525,11.063,16.918,4080
2025,59680162B76130047047659,Ohaozara,Ebonyi,South East,6.011,7.778,37700,0,70.867,83.966,0.749,15.709,68.905,94.309,12.407,0,43.75,18.654,97.595,19.059,16.918,0.67,17.289,16.615,,6378
2020,59680162B7635361694273,Qua'An Pan,Plateau,North Central,8.772,9.122,154379,1,72.13,84.84,0.296,46.768,38.175,79.798,18.736,1,36.575,3.413,75.677,15.634,21.349,-0.96,20.819,21.784,21.372,32959
2021,59680162B7635361694273,Qua'An Pan,Plateau,North Central,8.772,9.122,154379,1,63.092,87.853,3.936,43.903,42.357,87.334,22.878,1,42.227,0.0,89.778,25.315,21.372,0.45,21.617,21.171,34.922,32993
2022,59680162B7635361694273,Qua'An Pan,Plateau,North Central,8.772,9.122,154379,1,70.451,54.803,2.794,52.049,47.135,76.462,19.842,3,42.606,10.657,62.347,24.423,34.922,0.49,35.191,34.701,19.002,53912
2023,59680162B7635361694273,Qua'An Pan,Plateau,North Central,8.772,9.122,154379,1,62.863,56.805,3.08,37.159,61.189,55.602,22.349,3,32.245,2.064,56.444,25.964,19.002,0.66,19.367,18.703,14.92,29335
2024,59680162B7635361694273,Qua'An Pan,Plateau,North Central,8.772,9.122,154379,1,76.075,62.958,0.621,46.89,58.38,80.557,7.436,2,34.886,8.051,69.865,23.427,14.92,-0.11,14.86,14.969,24.31,23034
2025,59680162B7635361694273,Qua'An Pan,Plateau,North Central,8.772,9.122,154379,1,55.272,66.919,1.79,57.004,66.533,80.166,17.543,1,57.445,11.443,70.955,26.852,24.31,-0.17,24.218,24.385,,37529
2020,59680162B76413580563978,Dunukofia,Anambra,South East,6.225,6.976,41149,0,84.994,99.0,0.79,36.191,79.455,61.632,12.544,0,42.393,0.0,64.57,32.682,24.006,-1.53,23.162,24.697,16.818,9878
2021,59680162B76413580563978,Dunukofia,Anambra,South East,6.225,6.976,41149,0,76.731,86.592,1.789,49.89,62.382,67.868,6.454,0,48.326,2.072,79.68,14.986,16.818,-0.26,16.675,16.935,7.392,6920
2022,59680162B76413580563978,Dunukofia,Anambra,South East,6.225,6.976,41149,0,68.63,89.33,0.525,25.843,62.284,99.0,8.903,1,12.912,9.048,93.748,45.451,7.392,-1.17,6.749,7.919,12.303,3042
2023,59680162B76413580563978,Dunukofia,Anambra,South East,6.225,6.976,41149,0,65.96,99.0,0.903,46.44,50.202,87.349,1.95,2,32.179,12.928,99.0,25.266,12.303,-1.17,11.661,12.828,13.844,5062
2024,59680162B76413580563978,Dunukofia,Anambra,South East,6.225,6.976,41149,0,64.061,94.314,0.709,36.817,37.395,89.857,4.03,3,42.081,0.0,99.0,16.099,13.844,0.56,14.149,13.593,10.376,5697
2025,59680162B76413580563978,Dunukofia,Anambra,South East,6.225,6.976,41149,0,69.616,99.0,0.743,35.855,77.718,50.669,3.614,1,28.465,0.71,82.965,13.357,10.376,1.01,10.929,9.923,,4269
2020,59680162B76564266679550,Iwajowa,Oyo,South West,7.989,2.998,89903,1,61.336,79.559,0.2,40.959,83.84,92.359,5.649,4,44.838,0.0,99.0,20.853,10.447,1.57,11.311,9.739,8.462,9392
2021,59680162B76564266679550,Iwajowa,Oyo,South West,7.989,2.998,89903,1,55.728,82.559,0.766,34.466,60.792,99.0,19.656,1,52.332,0.0,92.364,32.294,8.462,-1.61,7.579,9.184,7.788,7607
2022,59680162B76564266679550,Iwajowa,Oyo,South West,7.989,2.998,89903,1,56.443,71.125,0.903,43.752,88.13,99.0,0.5,1,17.656,0.0,92.234,26.11,7.788,-0.46,7.537,7.994,17.334,7002
2023,59680162B76564266679550,Iwajowa,Oyo,South West,7.989,2.998,89903,1,51.154,78.845,1.264,43.337,91.557,99.0,4.536,2,31.12,9.396,98.466,16.413,17.334,-1.58,16.465,18.044,6.064,15584
2024,59680162B76564266679550,Iwajowa,Oyo,South West,7.989,2.998,89903,1,45.31,84.909,2.431,26.544,81.453,99.0,2.466,0,13.975,1.75,94.567,36.27,6.064,-2.26,4.822,7.081,8.927,5452
2025,59680162B76564266679550,Iwajowa,Oyo,South West,7.989,2.998,89903,1,47.231,85.388,0.2,27.686,69.129,84.286,1.46,0,38.414,0.0,99.0,37.853,8.927,-3.0,7.277,10.277,,8025
2020,59680162B76636581595069,Ilejemeje,Ekiti,South West,7.941,5.214,47359,1,66.378,99.0,0.2,30.913,66.337,99.0,16.806,0,38.907,0.0,99.0,15.057,11.412,0.22,11.533,11.313,5.828,5405
2021,59680162B76636581595069,Ilejemeje,Ekiti,South West,7.941,5.214,47359,1,65.975,99.0,0.2,27.102,78.865,85.594,7.371,1,29.57,15.6,96.513,21.44,5.828,-1.1,5.221,6.325,18.994,2760
2022,59680162B76636581595069,Ilejemeje,Ekiti,South West,7.941,5.214,47359,1,67.479,99.0,0.793,18.3,58.123,80.077,8.021,1,40.933,0.0,99.0,24.153,18.994,-1.22,18.322,19.544,9.073,8995
2023,59680162B76636581595069,Ilejemeje,Ekiti,South West,7.941,5.214,47359,1,60.732,93.477,0.244,43.604,80.077,99.0,8.719,3,30.989,0.0,99.0,23.073,9.073,-3.0,7.423,10.423,4.727,4297
2024,59680162B76636581595069,Ilejemeje,Ekiti,South West,7.941,5.214,47359,1,49.825,99.0,0.795,37.687,82.121,78.774,6.656,1,37.35,14.09,99.0,26.151,4.727,3.35,6.571,3.219,8.178,2239
2025,59680162B76636581595069,Ilejemeje,Ekiti,South West,7.941,5.214,47359,1,60.111,99.0,2.61,29.722,87.254,99.0,7.426,0,57.653,0.0,99.0,24.16,8.178,-1.16,7.537,8.701,,3873
2020,59680162B76704120420691,Damaturu,Yobe,North East,11.854,12.034,31110,0,85.382,33.641,6.328,63.495,13.837,60.319,34.414,6,95.499,27.167,47.323,6.229,54.874,1.15,55.508,54.355,46.095,17071
2021,59680162B76704120420691,Damaturu,Yobe,North East,11.854,12.034,31110,0,89.955,35.526,3.74,47.117,18.164,43.757,28.671,8,61.947,40.142,60.055,18.084,46.095,2.57,47.51,44.937,44.482,14340
2022,59680162B76704120420691,Damaturu,Yobe,North East,11.854,12.034,31110,0,81.702,29.578,2.292,72.193,38.014,26.519,37.193,2,77.809,31.879,51.838,16.31,44.482,2.45,45.832,43.377,48.521,13838
2023,59680162B76704120420691,Damaturu,Yobe,North East,11.854,12.034,31110,0,86.242,32.888,6.066,76.519,46.164,16.782,17.48,2,58.76,26.981,35.054,15.839,48.521,1.25,49.211,47.956,46.282,15095
2024,59680162B76704120420691,Damaturu,Yobe,North East,11.854,12.034,31110,0,78.393,31.471,3.467,53.889,23.358,48.306,29.697,5,51.397,21.133,58.996,21.939,46.282,3.0,47.932,44.933,50.053,14398
2025,59680162B76704120420691,Damaturu,Yobe,North East,11.854,12.034,31110,0,94.102,40.783,5.102,59.3,34.481,41.096,34.277,7,60.261,33.632,58.521,27.169,50.053,0.01,50.059,50.049,,15572
2020,59680162B76876152340896,Ohafia,Abia,South East,5.67,7.777,23007,1,53.758,86.277,0.2,30.644,77.519,99.0,1.394,0,19.286,0.0,99.0,29.968,1.909,-1.56,1.052,2.609,0.8,439
2021,59680162B76876152340896,Ohafia,Abia,South East,5.67,7.777,23007,1,62.529,76.578,1.31,28.416,85.272,85.695,0.5,0,43.333,0.0,88.35,10.07,0.8,0.54,1.099,0.556,14.565,184
2022,59680162B76876152340896,Ohafia,Abia,South East,5.67,7.777,23007,1,58.468,82.854,2.937,40.213,73.698,77.741,0.5,0,49.314,5.182,99.0,32.002,14.565,-0.29,14.406,14.695,6.99,3351
2023,59680162B76876152340896,Ohafia,Abia,South East,5.67,7.777,23007,1,50.741,97.877,2.051,44.61,86.189,91.006,0.5,0,36.838,7.371,99.0,25.734,6.99,-1.26,6.295,7.559,10.846,1608
2024,59680162B76876152340896,Ohafia,Abia,South East,5.67,7.777,23007,1,56.415,99.0,0.676,47.257,86.993,77.019,12.598,1,28.219,0.0,99.0,23.332,10.846,-0.97,10.312,11.283,11.432,2495
2025,59680162B76876152340896,Ohafia,Abia,South East,5.67,7.777,23007,1,46.798,94.796,0.2,30.732,74.108,81.72,0.5,2,35.841,0.0,73.252,33.01,11.432,-2.83,9.873,12.708,,2630
2020,59680162B76882427234764,Dutse,Jigawa,North West,11.814,9.259,24546,0,88.936,39.004,5.985,72.669,41.769,74.401,46.053,2,34.852,35.627,32.168,12.563,53.614,1.94,54.683,52.739,50.053,13160
2021,59680162B76882427234764,Dutse,Jigawa,North West,11.814,9.259,24546,0,85.078,22.742,5.204,71.92,48.825,51.607,32.051,1,60.117,32.28,23.623,12.752,50.053,1.55,50.907,49.353,56.934,12286
2022,59680162B76882427234764,Dutse,Jigawa,North West,11.814,9.259,24546,0,96.198,37.747,5.4,69.762,25.16,22.479,39.126,1,39.758,34.909,29.075,14.716,56.934,-0.6,56.603,57.206,49.694,13975
2023,59680162B76882427234764,Dutse,Jigawa,North West,11.814,9.259,24546,0,86.991,45.522,3.296,56.563,38.452,49.68,28.277,3,79.858,34.363,63.825,13.5,49.694,0.69,50.074,49.384,52.356,12198
2024,59680162B76882427234764,Dutse,Jigawa,North West,11.814,9.259,24546,0,88.226,32.911,4.09,69.129,15.037,27.101,37.946,1,73.311,40.822,50.613,14.817,52.356,-0.36,52.157,52.518,53.174,12851
2025,59680162B76882427234764,Dutse,Jigawa,North West,11.814,9.259,24546,0,94.548,36.004,4.078,66.936,20.841,77.39,41.737,0,49.47,42.6,67.248,18.612,53.174,3.03,54.838,51.813,,13052
2020,59680162B76884691739548,Zangon Kataf,Kaduna,North West,9.897,8.258,98141,1,88.341,48.942,2.07,66.761,11.109,55.12,22.189,2,52.842,28.992,25.184,14.451,56.995,0.77,57.418,56.649,55.159,55936
2021,59680162B76884691739548,Zangon Kataf,Kaduna,North West,9.897,8.258,98141,1,71.817,54.764,5.424,74.469,42.72,51.75,21.271,2,68.244,37.069,34.132,12.273,55.159,1.34,55.896,54.556,34.561,54133
2022,59680162B76884691739548,Zangon Kataf,Kaduna,North West,9.897,8.258,98141,1,68.65,47.225,3.313,74.606,36.795,61.818,17.013,1,70.795,29.709,63.48,14.681,34.561,1.03,35.13,34.096,39.47,33919
2023,59680162B76884691739548,Zangon Kataf,Kaduna,North West,9.897,8.258,98141,1,73.937,41.114,3.13,78.598,36.079,63.825,16.703,0,64.651,21.509,76.129,17.293,39.47,2.0,40.572,38.568,47.834,38736
2024,59680162B76884691739548,Zangon Kataf,Kaduna,North West,9.897,8.258,98141,1,80.561,59.477,5.001,67.747,32.395,62.184,33.386,0,55.096,28.796,56.358,9.736,47.834,3.0,49.486,46.482,47.914,46945
2025,59680162B76884691739548,Zangon Kataf,Kaduna,North West,9.897,8.258,98141,1,78.374,48.688,3.094,80.08,39.086,60.094,22.17,6,62.532,26.926,45.293,23.305,47.914,0.17,48.008,47.837,,47023
2020,59680162B77130024076735,Birnin Kebbi,Kebbi,North West,12.491,4.267,29570,0,90.642,49.624,4.069,49.38,40.317,30.465,26.79,2,54.787,35.227,40.594,12.124,37.538,1.09,38.136,37.049,62.491,11100
2021,59680162B77130024076735,Birnin Kebbi,Kebbi,North West,12.491,4.267,29570,0,84.465,21.809,4.486,70.721,8.137,41.114,38.247,1,48.488,29.898,51.886,10.578,62.491,-0.44,62.25,62.688,58.408,18479
2022,59680162B77130024076735,Birnin Kebbi,Kebbi,North West,12.491,4.267,29570,0,87.143,17.086,6.321,47.311,41.826,59.701,31.753,1,57.081,46.174,39.575,25.547,58.408,4.46,60.858,56.403,56.054,17271
2023,59680162B77130024076735,Birnin Kebbi,Kebbi,North West,12.491,4.267,29570,0,82.095,43.108,5.782,48.347,5.3,52.931,33.914,0,52.336,24.206,49.729,10.821,56.054,0.1,56.107,56.01,50.211,16575
2024,59680162B77130024076735,Birnin Kebbi,Kebbi,North West,12.491,4.267,29570,0,96.675,46.323,4.587,67.146,41.386,63.676,28.81,1,62.833,39.214,66.397,16.539,50.211,0.96,50.74,49.778,54.051,14847
2025,59680162B77130024076735,Birnin Kebbi,Kebbi,North West,12.491,4.267,29570,0,84.927,34.935,3.812,60.105,25.915,40.98,35.306,1,78.681,45.802,59.169,25.95,54.051,3.61,56.036,52.427,,15983
2020,59680162B77220990792423,Makarfi,Kaduna,North West,11.33,7.948,27223,0,94.803,19.23,3.842,61.536,36.793,30.329,34.483,0,68.965,30.605,45.875,21.183,54.048,2.76,55.567,52.806,44.979,14714
2021,59680162B77220990792423,Makarfi,Kaduna,North West,11.33,7.948,27223,0,87.914,28.173,2.584,72.818,16.096,21.077,33.989,1,56.499,26.906,41.622,20.305,44.979,3.3,46.793,43.495,46.93,12245
2022,59680162B77220990792423,Makarfi,Kaduna,North West,11.33,7.948,27223,0,94.638,31.284,3.419,47.369,67.527,52.461,38.255,0,70.549,32.389,54.543,8.4,46.93,0.39,47.143,46.757,49.45,12776
2023,59680162B77220990792423,Makarfi,Kaduna,North West,11.33,7.948,27223,0,91.055,42.456,3.119,63.018,31.106,70.314,28.802,1,52.774,28.669,44.637,22.085,49.45,-0.64,49.1,49.737,40.88,13462
2024,59680162B77220990792423,Makarfi,Kaduna,North West,11.33,7.948,27223,0,71.839,42.759,4.206,53.773,21.781,44.099,30.069,0,47.956,36.003,52.779,16.866,40.88,2.35,42.172,39.823,44.229,11129
2025,59680162B77220990792423,Makarfi,Kaduna,North West,11.33,7.948,27223,0,82.402,35.507,4.393,69.815,34.649,43.918,30.634,3,56.291,34.08,32.47,33.63,44.229,2.43,45.564,43.136,,12040
2020,59680162B77368104900520,Irepodun,Osun,South West,7.903,4.527,67317,1,61.651,88.456,0.2,35.819,62.635,68.27,8.652,0,12.825,0.0,99.0,20.927,9.858,-2.45,8.51,10.96,8.917,6636
2021,59680162B77368104900520,Irepodun,Osun,South West,7.903,4.527,67317,1,66.141,98.028,2.162,40.193,87.195,99.0,6.661,1,42.537,5.262,99.0,30.138,8.917,-2.0,7.817,9.817,0.8,6003
2022,59680162B77368104900520,Irepodun,Osun,South West,7.903,4.527,67317,1,55.132,95.624,0.579,34.411,79.919,99.0,4.152,1,31.122,3.349,99.0,18.935,0.8,0.08,0.846,0.762,10.366,539
2023,59680162B77368104900520,Irepodun,Osun,South West,7.903,4.527,67317,1,46.543,87.142,2.653,46.632,69.022,83.644,12.662,0,42.993,2.529,97.549,39.872,10.366,0.96,10.893,9.934,3.355,6978
2024,59680162B77368104900520,Irepodun,Osun,South West,7.903,4.527,67317,1,51.48,92.464,2.678,24.109,93.608,99.0,0.747,0,36.319,0.0,99.0,31.355,3.355,0.32,3.529,3.212,4.315,2258
2025,59680162B77368104900520,Irepodun,Osun,South West,7.903,4.527,67317,1,47.442,99.0,0.951,24.998,91.859,99.0,3.036,1,46.345,0.0,96.862,31.587,4.315,-1.25,3.63,4.876,,2905
2020,59680162B77398299052023,Bakassi,Cross River,South South,4.795,8.472,42891,0,58.14,84.619,1.934,46.59,50.556,60.127,18.059,1,68.802,0.0,78.477,22.268,24.756,0.9,25.251,24.351,26.754,10618
2021,59680162B77398299052023,Bakassi,Cross River,South South,4.795,8.472,42891,0,75.133,84.488,3.336,45.676,58.667,70.903,21.937,0,62.923,2.776,70.52,38.842,26.754,-2.68,25.281,27.959,15.838,11475
2022,59680162B77398299052023,Bakassi,Cross River,South South,4.795,8.472,42891,0,59.437,83.262,1.777,31.85,71.122,58.765,26.978,1,59.908,1.525,59.063,26.36,15.838,-0.22,15.719,15.936,11.638,6793
2023,59680162B77398299052023,Bakassi,Cross River,South South,4.795,8.472,42891,0,53.791,90.543,1.299,28.831,78.306,78.0,12.245,0,51.774,0.0,87.844,16.305,11.638,-1.04,11.068,12.105,16.941,4992
2024,59680162B77398299052023,Bakassi,Cross River,South South,4.795,8.472,42891,0,66.122,97.599,1.094,49.086,63.764,62.076,16.306,0,54.717,14.118,68.047,22.544,16.941,-0.59,16.614,17.208,29.494,7266
2025,59680162B77398299052023,Bakassi,Cross River,South South,4.795,8.472,42891,0,63.913,70.99,4.074,40.182,60.615,63.414,7.722,1,60.018,0.0,87.489,29.491,29.494,0.12,29.56,29.44,,12650
2020,59680162B77604659700593,Oshimili North,Delta,South South,6.301,6.649,19286,0,66.391,82.16,2.85,29.109,41.884,29.256,11.291,2,52.867,0.0,35.502,39.47,29.185,-0.69,28.803,29.498,20.147,5629
2021,59680162B77604659700593,Oshimili North,Delta,South South,6.301,6.649,19286,0,54.624,88.373,2.438,54.239,56.0,55.981,13.95,1,66.684,0.0,90.717,16.276,20.147,-1.47,19.337,20.81,19.216,3886
2022,59680162B77604659700593,Oshimili North,Delta,South South,6.301,6.649,19286,0,79.01,81.672,0.24,57.641,38.07,72.039,17.863,2,36.175,0.0,46.789,13.66,19.216,0.64,19.57,18.925,11.422,3706
2023,59680162B77604659700593,Oshimili North,Delta,South South,6.301,6.649,19286,0,68.768,75.535,0.483,29.205,83.242,65.556,9.918,4,56.415,0.0,75.338,26.118,11.422,-0.15,11.342,11.488,13.834,2203
2024,59680162B77604659700593,Oshimili North,Delta,South South,6.301,6.649,19286,0,78.153,87.83,1.065,28.553,71.196,65.838,11.691,1,51.862,0.0,69.796,47.832,13.834,-1.34,13.096,14.438,8.968,2668
2025,59680162B77604659700593,Oshimili North,Delta,South South,6.301,6.649,19286,0,72.43,79.489,2.734,22.627,78.596,76.088,18.295,1,42.752,4.991,78.145,25.548,8.968,-2.35,7.676,10.025,,1730
2020,59680162B77807256215392,Ishielu,Ebonyi,South East,6.418,7.838,33258,1,57.16,99.0,1.016,37.646,73.05,87.77,7.72,1,31.722,0.0,99.0,50.438,0.8,-2.32,0.5,1.845,6.867,266
2021,59680162B77807256215392,Ishielu,Ebonyi,South East,6.418,7.838,33258,1,59.204,99.0,0.2,41.531,68.048,99.0,11.058,0,38.026,0.0,99.0,19.658,6.867,-0.79,6.433,7.221,5.185,2284
2022,59680162B77807256215392,Ishielu,Ebonyi,South East,6.418,7.838,33258,1,52.555,99.0,2.327,44.472,82.481,84.584,0.5,2,20.407,7.724,99.0,16.183,5.185,-0.91,4.686,5.593,8.55,1724
2023,59680162B77807256215392,Ishielu,Ebonyi,South East,6.418,7.838,33258,1,52.297,99.0,0.2,42.678,94.903,90.016,0.5,0,22.124,0.0,89.75,18.382,8.55,-3.0,6.9,9.9,0.8,2844
2024,59680162B77807256215392,Ishielu,Ebonyi,South East,6.418,7.838,33258,1,52.882,99.0,0.584,44.576,99.0,95.218,0.5,0,24.312,0.0,99.0,29.316,0.8,-0.23,0.675,0.902,0.8,266
2025,59680162B77807256215392,Ishielu,Ebonyi,South East,6.418,7.838,33258,1,51.136,99.0,0.331,34.374,95.728,86.304,0.5,0,43.048,0.0,85.336,24.991,0.8,-2.15,0.5,1.766,,266
2020,59680162B7784772599553,Obi Nwga,Abia,South East,5.164,7.448,32508,1,50.623,99.0,0.2,57.098,52.722,96.978,1.662,1,35.164,0.0,93.862,18.301,10.122,-3.0,8.472,11.472,6.484,3290
2021,59680162B7784772599553,Obi Nwga,Abia,South East,5.164,7.448,32508,1,46.513,84.838,0.65,42.513,77.463,88.629,6.751,2,24.726,0.451,87.26,28.538,6.484,-1.73,5.532,7.263,3.508,2108
2022,59680162B7784772599553,Obi Nwga,Abia,South East,5.164,7.448,32508,1,56.342,86.357,0.526,27.599,86.959,75.704,0.5,0,52.255,0.0,94.825,25.159,3.508,0.32,3.686,3.362,0.8,1140
2023,59680162B7784772599553,Obi Nwga,Abia,South East,5.164,7.448,32508,1,41.62,93.933,0.285,27.629,96.787,99.0,0.5,1,16.549,0.0,96.237,31.688,0.8,-2.36,0.5,1.861,8.856,260
2024,59680162B7784772599553,Obi Nwga,Abia,South East,5.164,7.448,32508,1,56.935,99.0,0.37,49.838,68.243,99.0,12.736,1,23.632,2.541,80.583,40.491,8.856,-1.26,8.161,9.425,1.88,2879
2025,59680162B7784772599553,Obi Nwga,Abia,South East,5.164,7.448,32508,1,56.386,98.227,2.123,33.707,81.843,99.0,0.5,1,32.092,0.762,79.396,39.919,1.88,-1.22,1.207,2.431,,611
2020,59680162B7861486631755,Ifedayo,Osun,South West,7.99,5.006,33646,1,58.654,99.0,2.176,42.861,66.269,99.0,12.642,1,33.004,8.256,90.278,44.736,13.864,-1.59,12.987,14.581,9.918,4665
2021,59680162B7861486631755,Ifedayo,Osun,South West,7.99,5.006,33646,1,71.513,86.594,1.178,32.152,73.17,82.708,6.167,1,42.102,0.025,99.0,26.121,9.918,0.6,10.246,9.65,6.867,3337
2022,59680162B7861486631755,Ifedayo,Osun,South West,7.99,5.006,33646,1,49.971,93.811,2.78,48.904,97.801,93.736,1.948,0,39.212,0.0,99.0,23.493,6.867,-2.67,5.4,8.067,15.242,2310
2023,59680162B7861486631755,Ifedayo,Osun,South West,7.99,5.006,33646,1,62.239,99.0,2.243,49.099,71.77,94.73,10.094,0,49.053,0.0,99.0,48.346,15.242,-0.44,15.002,15.439,11.943,5128
2024,59680162B7861486631755,Ifedayo,Osun,South West,7.99,5.006,33646,1,59.027,91.807,1.538,57.431,78.368,99.0,9.766,1,32.925,0.0,93.169,23.756,11.943,-2.95,10.32,13.271,12.156,4018
2025,59680162B7861486631755,Ifedayo,Osun,South West,7.99,5.006,33646,1,58.64,87.583,1.567,31.139,89.946,73.069,0.5,1,47.445,0.0,86.248,34.666,12.156,0.15,12.237,12.089,,4090
2020,59680162B78634023582239,Uyo,Akwa Ibom,South South,5.014,7.918,10946,1,52.393,83.557,2.841,42.965,75.109,63.99,6.267,2,59.0,0.0,86.536,37.299,13.355,-2.24,12.123,14.363,18.779,1462
2021,59680162B78634023582239,Uyo,Akwa Ibom,South South,5.014,7.918,10946,1,61.15,99.0,0.965,40.117,83.689,67.465,21.784,1,41.93,0.0,84.814,15.669,18.779,-0.95,18.258,19.204,17.201,2056
2022,59680162B78634023582239,Uyo,Akwa Ibom,South South,5.014,7.918,10946,1,49.803,90.98,1.541,27.104,63.346,85.07,4.345,1,72.239,0.0,69.341,27.497,17.201,-0.59,16.877,17.467,11.411,1883
2023,59680162B78634023582239,Uyo,Akwa Ibom,South South,5.014,7.918,10946,1,58.176,91.104,0.2,31.887,60.401,90.275,11.318,0,69.949,7.93,99.0,21.219,11.411,-2.8,9.869,12.673,18.372,1249
2024,59680162B78634023582239,Uyo,Akwa Ibom,South South,5.014,7.918,10946,1,45.272,81.494,1.281,56.391,74.261,72.647,4.855,0,46.476,11.597,77.439,13.923,18.372,-1.29,17.663,18.953,16.505,2011
2025,59680162B78634023582239,Uyo,Akwa Ibom,South South,5.014,7.918,10946,1,59.299,83.749,0.437,25.324,78.101,70.693,15.572,2,36.929,0.0,99.0,25.89,16.505,-2.12,15.338,17.461,,1807
2020,59680162B78639882894514,Lagos Mainland,Lagos,South West,6.499,3.384,33516,0,53.474,68.984,1.808,32.794,75.907,99.0,14.731,1,42.153,0.0,91.863,67.807,5.711,-0.59,5.385,5.978,27.778,1914
2021,59680162B78639882894514,Lagos Mainland,Lagos,South West,6.499,3.384,33516,0,71.672,71.387,5.35,26.848,55.723,75.16,1.323,1,43.251,13.345,80.93,14.602,27.778,1.21,28.446,27.232,9.044,9310
2022,59680162B78639882894514,Lagos Mainland,Lagos,South West,6.499,3.384,33516,0,64.06,80.324,0.24,26.571,91.673,79.5,7.6,0,51.002,16.452,54.235,27.53,9.044,-2.09,7.893,9.986,22.445,3031
2023,59680162B78639882894514,Lagos Mainland,Lagos,South West,6.499,3.384,33516,0,70.745,99.0,2.264,18.682,78.374,42.112,6.974,0,51.436,11.768,85.901,26.318,22.445,-1.88,21.413,23.29,14.189,7523
2024,59680162B78639882894514,Lagos Mainland,Lagos,South West,6.499,3.384,33516,0,65.109,75.499,0.2,43.164,91.434,79.429,7.725,0,45.428,0.0,93.138,31.262,14.189,0.23,14.314,14.087,9.668,4756
2025,59680162B78639882894514,Lagos Mainland,Lagos,South West,6.499,3.384,33516,0,65.268,90.484,0.911,24.031,65.122,69.255,3.783,0,25.829,3.125,86.533,25.31,9.668,-0.92,9.164,10.081,,3240
2020,59680162B78681214723365,Augie,Kebbi,North West,12.901,4.607,12818,0,87.126,45.297,4.941,45.389,38.186,39.455,38.248,0,71.858,32.137,49.016,24.154,55.712,3.46,57.615,54.156,51.558,7141
2021,59680162B78681214723365,Augie,Kebbi,North West,12.901,4.607,12818,0,94.236,35.652,4.505,62.552,48.406,30.807,33.967,0,84.931,26.867,64.616,12.028,51.558,2.07,52.695,50.628,60.269,6609
2022,59680162B78681214723365,Augie,Kebbi,North West,12.901,4.607,12818,0,97.775,34.599,5.821,63.171,6.472,26.377,37.067,1,55.762,55.644,57.311,25.511,60.269,2.33,61.548,59.222,57.666,7725
2023,59680162B78681214723365,Augie,Kebbi,North West,12.901,4.607,12818,0,92.124,38.227,6.939,57.938,26.117,26.579,31.435,0,62.798,42.499,37.352,14.175,57.666,2.77,59.188,56.421,46.009,7392
2024,59680162B78681214723365,Augie,Kebbi,North West,12.901,4.607,12818,0,86.977,33.599,4.925,54.967,57.741,49.597,37.755,0,63.552,37.72,35.376,24.089,46.009,-0.04,45.988,46.027,45.422,5897
2025,59680162B78681214723365,Augie,Kebbi,North West,12.901,4.607,12818,0,71.566,40.858,4.322,73.454,37.988,22.833,26.124,1,58.585,23.645,46.282,27.459,45.422,3.38,47.281,43.902,,5822
2020,59680162B7876035432306,Shanono,Kano,North West,12.097,7.926,48883,0,87.362,35.572,3.635,65.068,41.735,26.657,28.741,0,60.004,32.206,52.026,12.004,40.666,0.86,41.139,40.279,43.389,19879
2021,59680162B7876035432306,Shanono,Kano,North West,12.097,7.926,48883,0,99.0,30.948,5.842,59.458,37.021,38.671,14.294,0,88.517,27.29,39.652,33.867,43.389,2.9,44.982,42.086,46.585,21210
2022,59680162B7876035432306,Shanono,Kano,North West,12.097,7.926,48883,0,91.603,40.571,4.083,71.635,6.278,41.412,22.245,1,67.722,34.52,31.626,20.689,46.585,4.2,48.897,44.693,47.029,22772
2023,59680162B7876035432306,Shanono,Kano,North West,12.097,7.926,48883,0,95.27,25.765,4.5,56.894,23.88,52.262,28.567,2,66.867,31.703,37.542,11.996,47.029,2.47,48.389,45.915,56.556,22989
2024,59680162B7876035432306,Shanono,Kano,North West,12.097,7.926,48883,0,95.984,35.837,4.21,57.227,29.226,37.616,32.053,4,58.054,23.427,70.216,23.003,56.556,0.84,57.02,56.176,47.15,27646
2025,59680162B7876035432306,Shanono,Kano,North West,12.097,7.926,48883,0,83.984,42.5,5.294,69.431,16.637,49.285,38.479,0,83.072,29.23,29.396,12.855,47.15,2.25,48.385,46.139,,23048
2020,59680162B78900735102434,Owerri West,Imo,South East,5.43,6.957,77274,0,73.434,99.0,2.016,31.27,77.336,95.413,16.82,0,22.185,15.152,78.924,22.703,22.949,-2.54,21.551,24.092,18.0,17733
2021,59680162B78900735102434,Owerri West,Imo,South East,5.43,6.957,77274,0,69.794,90.392,3.606,31.331,71.78,79.988,19.592,1,8.145,9.873,78.052,21.642,18.0,1.07,18.591,17.517,15.813,13910
2022,59680162B78900735102434,Owerri West,Imo,South East,5.43,6.957,77274,0,68.099,67.645,2.548,33.014,57.466,95.893,16.044,0,57.035,2.882,85.204,13.341,15.813,-1.69,14.881,16.575,25.612,12219
2023,59680162B78900735102434,Owerri West,Imo,South East,5.43,6.957,77274,0,61.724,94.496,4.099,37.591,66.994,86.889,8.412,0,25.565,2.864,98.084,31.633,25.612,-0.11,25.549,25.663,16.022,19791
2024,59680162B78900735102434,Owerri West,Imo,South East,5.43,6.957,77274,0,63.186,85.748,3.374,24.077,98.591,85.345,13.853,2,25.387,0.672,88.624,36.242,16.022,-0.32,15.846,16.167,21.685,12381
2025,59680162B78900735102434,Owerri West,Imo,South East,5.43,6.957,77274,0,70.153,93.287,2.447,36.762,75.933,82.32,4.893,3,39.154,1.766,87.562,19.329,21.685,-1.77,20.711,22.482,,16757
2020,59680162B7891718144591,Eastern Obolo,Akwa Ibom,South South,4.524,7.69,25765,0,75.633,83.982,4.26,34.762,52.507,54.986,15.222,1,45.125,0.0,75.663,15.43,24.603,-0.93,24.092,25.021,25.564,6339
2021,59680162B7891718144591,Eastern Obolo,Akwa Ibom,South South,4.524,7.69,25765,0,75.719,92.646,3.111,51.868,68.813,84.2,11.654,0,60.219,0.0,65.819,21.951,25.564,-2.79,24.027,26.822,18.327,6587
2022,59680162B7891718144591,Eastern Obolo,Akwa Ibom,South South,4.524,7.69,25765,0,66.533,80.021,2.836,37.796,72.927,72.566,14.119,1,60.911,5.875,36.125,13.786,18.327,0.48,18.589,18.112,8.334,4722
2023,59680162B7891718144591,Eastern Obolo,Akwa Ibom,South South,4.524,7.69,25765,0,60.472,98.189,0.772,34.472,60.67,57.202,11.292,0,54.412,13.753,98.008,45.635,8.334,-2.55,6.934,9.48,23.505,2147
2024,59680162B7891718144591,Eastern Obolo,Akwa Ibom,South South,4.524,7.69,25765,0,62.377,88.948,3.517,36.868,40.523,59.171,19.78,0,63.524,5.534,80.487,38.961,23.505,-2.9,21.911,24.809,15.65,6056
2025,59680162B7891718144591,Eastern Obolo,Akwa Ibom,South South,4.524,7.69,25765,0,64.188,69.389,2.588,34.396,74.976,63.417,14.734,1,61.915,1.776,62.622,33.758,15.65,0.62,15.993,15.369,,4032
2020,59680162B78935719106444,Ikeja,Lagos,South West,6.606,3.349,37545,1,58.781,90.92,1.452,34.402,69.494,79.858,3.479,2,54.209,1.847,99.0,13.927,18.443,-0.48,18.18,18.658,11.195,6924
2021,59680162B78935719106444,Ikeja,Lagos,South West,6.606,3.349,37545,1,60.719,94.314,2.49,50.201,86.603,93.99,6.436,0,65.101,0.0,99.0,21.611,11.195,-1.52,10.358,11.88,7.187,4203
2022,59680162B78935719106444,Ikeja,Lagos,South West,6.606,3.349,37545,1,56.644,99.0,0.52,44.072,70.897,99.0,0.558,0,37.45,0.0,99.0,23.375,7.187,-2.93,5.578,8.503,3.33,2698
2023,59680162B78935719106444,Ikeja,Lagos,South West,6.606,3.349,37545,1,46.302,99.0,0.703,38.455,78.801,98.218,2.513,0,25.604,0.0,99.0,11.274,3.33,-1.89,2.291,4.18,0.8,1250
2024,59680162B78935719106444,Ikeja,Lagos,South West,6.606,3.349,37545,1,56.928,95.338,0.2,26.546,55.369,99.0,1.835,0,28.235,0.0,97.314,26.275,0.8,-2.57,0.5,1.958,6.87,300
2025,59680162B78935719106444,Ikeja,Lagos,South West,6.606,3.349,37545,1,47.403,93.521,0.537,41.951,57.583,99.0,4.649,0,52.204,0.0,99.0,24.892,6.87,0.06,6.903,6.843,,2579
2020,59680162B7938799528038,Arochukwu,Abia,South East,5.495,7.843,24306,1,47.188,85.483,0.896,36.078,63.963,70.648,1.372,1,36.733,0.0,80.533,21.541,10.422,-1.54,9.577,11.113,12.373,2533
2021,59680162B7938799528038,Arochukwu,Abia,South East,5.495,7.843,24306,1,56.517,78.931,2.463,32.367,84.342,83.583,2.13,1,39.277,3.147,99.0,16.665,12.373,-1.09,11.776,12.862,0.8,3007
2022,59680162B7938799528038,Arochukwu,Abia,South East,5.495,7.843,24306,1,51.376,98.015,1.956,18.3,88.437,99.0,5.827,0,31.189,0.0,99.0,29.317,0.8,-1.29,0.5,1.378,2.118,194
2023,59680162B7938799528038,Arochukwu,Abia,South East,5.495,7.843,24306,1,57.922,99.0,0.2,20.749,87.19,99.0,0.539,3,39.735,0.0,99.0,25.736,2.118,-2.88,0.532,3.416,12.187,515
2024,59680162B7938799528038,Arochukwu,Abia,South East,5.495,7.843,24306,1,60.307,99.0,0.2,35.959,84.608,98.848,7.764,1,39.167,0.0,92.723,52.226,12.187,-0.15,12.105,12.254,0.8,2962
2025,59680162B7938799528038,Arochukwu,Abia,South East,5.495,7.843,24306,1,47.653,92.611,0.229,40.665,88.428,99.0,1.681,0,41.551,0.0,94.662,21.237,0.8,0.91,1.302,0.389,,194
2020,59680162B79463473975333,Birnin Gwari,Kaduna,North West,10.877,6.561,29220,0,85.806,36.282,4.085,62.124,28.631,45.539,29.876,2,52.099,32.938,45.22,11.455,46.036,3.75,48.098,44.35,51.197,13452
2021,59680162B79463473975333,Birnin Gwari,Kaduna,North West,10.877,6.561,29220,0,81.47,11.522,5.299,73.884,36.703,27.773,35.958,3,62.703,26.865,52.009,15.583,51.197,1.64,52.101,50.457,52.946,14960
2022,59680162B79463473975333,Birnin Gwari,Kaduna,North West,10.877,6.561,29220,0,88.638,35.799,4.145,53.607,24.802,33.144,34.775,2,80.024,35.196,45.707,18.313,52.946,1.97,54.028,52.061,47.851,15471
2023,59680162B79463473975333,Birnin Gwari,Kaduna,North West,10.877,6.561,29220,0,94.311,48.646,3.774,56.956,22.627,39.555,33.508,1,69.87,26.88,45.45,21.678,47.851,2.31,49.123,46.811,56.831,13982
2024,59680162B79463473975333,Birnin Gwari,Kaduna,North West,10.877,6.561,29220,0,94.364,44.823,6.405,76.763,26.648,61.205,26.787,1,63.951,38.656,54.443,14.496,56.831,3.35,58.674,55.324,43.372,16606
2025,59680162B79463473975333,Birnin Gwari,Kaduna,North West,10.877,6.561,29220,0,87.377,29.415,3.898,62.647,32.216,27.714,29.311,2,60.186,28.413,44.441,17.465,43.372,3.01,45.025,42.02,,12673
2020,59680162B79502957035648,Kajuru,Kaduna,North West,10.255,7.775,22526,0,88.912,44.556,3.446,51.462,41.588,19.078,38.833,1,57.135,23.406,52.948,30.009,44.181,1.0,44.73,43.731,51.631,9952
2021,59680162B79502957035648,Kajuru,Kaduna,North West,10.255,7.775,22526,0,97.379,29.34,5.412,63.826,33.502,43.986,29.057,5,56.312,29.698,78.737,19.812,51.631,1.21,52.294,51.089,61.76,11630
2022,59680162B79502957035648,Kajuru,Kaduna,North West,10.255,7.775,22526,0,96.829,28.366,7.331,50.098,16.029,56.982,40.418,0,65.949,50.542,51.803,19.023,61.76,0.49,62.029,61.541,45.817,13912
2023,59680162B79502957035648,Kajuru,Kaduna,North West,10.255,7.775,22526,0,96.279,49.215,4.117,44.17,35.397,39.817,30.754,1,48.251,33.833,51.658,11.188,45.817,1.8,46.807,45.007,47.598,10321
2024,59680162B79502957035648,Kajuru,Kaduna,North West,10.255,7.775,22526,0,80.661,24.06,3.528,71.044,16.836,36.891,30.837,0,60.639,48.417,49.81,13.763,47.598,1.14,48.225,47.085,50.961,10722
2025,59680162B79502957035648,Kajuru,Kaduna,North West,10.255,7.775,22526,0,90.797,31.05,4.668,50.306,34.649,40.808,31.067,1,61.9,34.171,44.978,16.984,50.961,-1.13,50.338,51.471,,11480
2020,59680162B79526209894783,Kauru,Kaduna,North West,10.364,8.185,25418,0,89.976,26.304,4.175,65.928,47.494,34.513,27.817,0,56.992,21.939,50.897,13.16,44.681,3.36,46.526,43.17,54.969,11357
2021,59680162B79526209894783,Kauru,Kaduna,North West,10.364,8.185,25418,0,95.628,7.251,4.989,62.202,38.54,42.929,40.041,1,72.011,38.0,12.145,16.735,54.969,1.97,56.051,54.084,52.597,13972
2022,59680162B79526209894783,Kauru,Kaduna,North West,10.364,8.185,25418,0,87.231,33.593,3.924,44.22,12.597,55.876,21.909,3,61.474,31.345,50.522,14.092,52.597,2.86,54.172,51.309,48.844,13369
2023,59680162B79526209894783,Kauru,Kaduna,North West,10.364,8.185,25418,0,86.321,30.4,5.047,62.704,41.207,42.095,28.914,3,57.415,24.925,35.057,9.748,48.844,2.91,50.445,47.534,54.07,12415
2024,59680162B79526209894783,Kauru,Kaduna,North West,10.364,8.185,25418,0,89.834,43.829,4.615,61.29,42.064,41.466,36.868,0,52.607,43.971,71.922,22.433,54.07,2.2,55.279,53.08,43.56,13743
2025,59680162B79526209894783,Kauru,Kaduna,North West,10.364,8.185,25418,0,79.744,42.993,3.879,64.487,41.381,29.387,26.38,1,55.674,34.771,43.933,18.795,43.56,2.49,44.93,42.439,,11072
2020,59680162B797578221173,Wurno,Sokoto,North West,13.243,5.476,49978,1,89.538,42.02,3.506,65.864,41.863,57.979,26.633,2,51.995,23.109,61.4,21.381,38.07,0.26,38.211,37.955,42.418,19027
2021,59680162B797578221173,Wurno,Sokoto,North West,13.243,5.476,49978,1,83.118,36.981,3.174,51.966,33.402,37.5,35.569,2,73.368,33.741,50.361,11.196,42.418,3.15,44.151,41.0,38.319,21200
2022,59680162B797578221173,Wurno,Sokoto,North West,13.243,5.476,49978,1,84.915,37.144,2.055,63.294,37.715,58.879,24.968,1,76.87,32.219,69.783,18.751,38.319,-1.83,37.313,39.142,53.809,19151
2023,59680162B797578221173,Wurno,Sokoto,North West,13.243,5.476,49978,1,87.888,46.918,4.52,50.255,33.777,72.093,31.047,3,62.263,35.687,60.682,32.305,53.809,-0.08,53.767,53.843,40.226,26893
2024,59680162B797578221173,Wurno,Sokoto,North West,13.243,5.476,49978,1,76.787,49.784,2.873,65.836,35.517,54.8,20.768,0,59.759,27.964,91.173,24.737,40.226,0.74,40.633,39.893,47.607,20104
2025,59680162B797578221173,Wurno,Sokoto,North West,13.243,5.476,49978,1,86.788,31.542,2.775,75.661,34.458,75.856,24.721,1,82.105,24.711,50.238,11.841,47.607,1.09,48.208,47.115,,23793
2020,59680162B79793295224635,Nkanu West,Enugu,South East,6.306,7.532,25654,0,70.834,77.839,1.53,36.086,57.912,85.667,13.374,1,26.036,0.0,80.597,39.396,11.424,-1.7,10.489,12.189,19.466,2931
2021,59680162B79793295224635,Nkanu West,Enugu,South East,6.306,7.532,25654,0,59.544,92.655,2.163,46.165,76.369,80.837,8.774,0,49.796,8.453,82.932,25.682,19.466,-1.78,18.488,20.266,16.72,4994
2022,59680162B79793295224635,Nkanu West,Enugu,South East,6.306,7.532,25654,0,64.882,80.824,1.724,31.542,61.063,81.956,13.591,0,47.683,0.0,91.3,20.685,16.72,-1.02,16.157,17.18,12.981,4289
2023,59680162B79793295224635,Nkanu West,Enugu,South East,6.306,7.532,25654,0,56.321,94.525,1.054,33.921,79.722,61.456,13.086,0,39.812,9.991,98.369,12.801,12.981,-0.83,12.524,13.355,14.904,3330
2024,59680162B79793295224635,Nkanu West,Enugu,South East,6.306,7.532,25654,0,66.018,94.138,1.357,18.517,79.514,73.342,22.582,1,38.268,0.0,91.223,25.549,14.904,0.96,15.43,14.473,7.452,3823
2025,59680162B79793295224635,Nkanu West,Enugu,South East,6.306,7.532,25654,0,60.915,74.007,0.931,39.952,99.0,84.706,16.528,1,32.798,8.664,93.146,36.243,7.452,-0.41,7.224,7.638,,1912
2020,59680162B79825109156569,Abeokuta South,Ogun,South West,7.176,3.372,32167,0,56.46,87.564,1.781,38.996,48.432,58.422,11.914,1,28.878,0.0,84.994,11.497,18.981,-0.8,18.542,19.34,12.75,6106
2021,59680162B79825109156569,Abeokuta South,Ogun,South West,7.176,3.372,32167,0,54.94,78.07,3.208,46.036,89.85,86.15,10.983,2,31.401,0.0,84.689,21.753,12.75,0.22,12.87,12.652,8.522,4101
2022,59680162B79825109156569,Abeokuta South,Ogun,South West,7.176,3.372,32167,0,57.993,82.598,1.828,14.3,75.477,92.928,0.5,0,57.868,5.424,72.396,29.956,8.522,-2.89,6.933,9.822,7.956,2741
2023,59680162B79825109156569,Abeokuta South,Ogun,South West,7.176,3.372,32167,0,50.75,79.787,0.21,20.351,86.59,81.248,17.26,0,24.68,0.0,81.68,22.659,7.956,-2.07,6.819,8.886,11.041,2559
2024,59680162B79825109156569,Abeokuta South,Ogun,South West,7.176,3.372,32167,0,62.579,63.119,0.377,29.643,74.423,82.449,13.176,0,11.59,3.644,67.077,40.602,11.041,0.19,11.144,10.957,6.22,3552
2025,59680162B79825109156569,Abeokuta South,Ogun,South West,7.176,3.372,32167,0,54.419,87.022,0.2,38.279,88.163,94.018,25.078,1,28.799,2.135,87.921,29.805,6.22,1.6,7.101,5.5,,2001
2020,59680162B79884468001879,Etinan,Akwa Ibom,South South,4.818,7.845,26416,0,73.753,69.89,2.602,46.458,54.623,63.718,8.909,0,59.512,9.548,69.406,12.591,24.226,0.32,24.403,24.081,21.604,6400
2021,59680162B79884468001879,Etinan,Akwa Ibom,South South,4.818,7.845,26416,0,66.813,71.586,4.501,37.614,68.335,57.991,15.006,1,62.249,4.688,79.774,11.031,21.604,1.19,22.259,21.068,23.955,5707
2022,59680162B79884468001879,Etinan,Akwa Ibom,South South,4.818,7.845,26416,0,77.323,93.095,3.272,46.556,65.358,49.145,19.923,0,56.121,0.0,83.408,21.401,23.955,-0.79,23.523,24.308,27.995,6328
2023,59680162B79884468001879,Etinan,Akwa Ibom,South South,4.818,7.845,26416,0,81.331,87.137,2.894,43.309,50.974,63.759,7.978,2,51.72,6.445,64.091,31.496,27.995,-1.39,27.229,28.622,16.754,7395
2024,59680162B79884468001879,Etinan,Akwa Ibom,South South,4.818,7.845,26416,0,67.847,87.682,1.199,44.382,55.854,70.287,6.466,1,51.562,0.0,53.462,27.525,16.754,-0.91,16.252,17.164,12.378,4426
2025,59680162B79884468001879,Etinan,Akwa Ibom,South South,4.818,7.845,26416,0,79.767,74.096,0.2,30.353,83.022,52.047,26.021,1,50.412,0.0,67.216,44.448,12.378,-0.93,11.865,12.798,,3270
2020,59680162B80116312922204,Isiala-Ngwa South,Abia,South East,5.279,7.442,13766,1,47.793,80.037,0.2,36.985,63.168,99.0,0.5,1,42.324,0.0,95.956,19.912,9.315,-2.67,7.844,10.519,9.035,1282
2021,59680162B80116312922204,Isiala-Ngwa South,Abia,South East,5.279,7.442,13766,1,57.234,88.143,1.236,44.009,80.007,98.521,0.548,0,30.65,0.0,97.363,36.194,9.035,0.38,9.244,8.863,7.594,1244
2022,59680162B80116312922204,Isiala-Ngwa South,Abia,South East,5.279,7.442,13766,1,51.722,99.0,0.354,32.397,87.682,97.133,19.058,0,41.863,2.666,99.0,24.89,7.594,-1.58,6.724,8.305,1.391,1045
2023,59680162B80116312922204,Isiala-Ngwa South,Abia,South East,5.279,7.442,13766,1,58.939,93.641,0.419,28.976,72.125,94.87,2.54,0,19.101,0.0,96.799,33.283,1.391,-1.67,0.5,2.143,0.8,191
2024,59680162B80116312922204,Isiala-Ngwa South,Abia,South East,5.279,7.442,13766,1,54.37,96.489,2.474,18.459,99.0,99.0,10.283,1,16.885,0.0,99.0,35.541,0.8,1.46,1.603,0.3,12.571,110
2025,59680162B80116312922204,Isiala-Ngwa South,Abia,South East,5.279,7.442,13766,1,48.149,94.742,0.2,40.162,77.62,99.0,23.371,0,33.788,0.0,88.025,38.748,12.571,-1.21,11.905,13.115,,1730
2020,59680162B80393484388201,Ibi,Taraba,North East,8.395,9.933,169171,0,91.329,49.183,4.755,56.853,25.36,35.042,32.461,2,61.126,29.226,56.32,13.602,44.703,1.3,45.42,44.117,51.918,75625
2021,59680162B80393484388201,Ibi,Taraba,North East,8.395,9.933,169171,0,90.235,46.759,3.861,63.835,23.892,33.332,36.798,9,68.854,40.434,40.328,16.446,51.918,2.16,53.104,50.947,46.362,87830
2022,59680162B80393484388201,Ibi,Taraba,North East,8.395,9.933,169171,0,88.297,30.776,3.741,60.15,36.052,58.677,31.135,8,66.296,28.922,55.112,12.895,46.362,3.61,48.35,44.736,41.81,78432
2023,59680162B80393484388201,Ibi,Taraba,North East,8.395,9.933,169171,0,86.581,46.155,5.22,41.709,25.57,37.223,38.112,4,58.783,19.658,55.393,34.535,41.81,-1.99,40.717,42.705,51.917,70731
2024,59680162B80393484388201,Ibi,Taraba,North East,8.395,9.933,169171,0,90.914,31.821,4.844,59.81,54.596,50.647,28.382,6,42.124,32.269,24.488,13.0,51.917,2.04,53.039,50.999,55.786,87829
2025,59680162B80393484388201,Ibi,Taraba,North East,8.395,9.933,169171,0,93.049,43.24,6.811,70.13,46.697,50.552,29.945,5,79.117,37.78,49.276,19.943,55.786,3.03,57.452,54.422,,94373
2020,59680162B80605638185127,Argungu,Kebbi,North West,12.684,4.463,20385,0,91.413,34.322,3.389,57.127,23.443,39.678,29.8,1,73.186,35.001,45.764,10.383,50.592,2.13,51.765,49.633,50.177,10313
2021,59680162B80605638185127,Argungu,Kebbi,North West,12.684,4.463,20385,0,83.372,46.516,4.869,62.079,16.321,53.353,26.091,1,72.406,27.889,49.154,24.759,50.177,1.1,50.782,49.682,60.315,10229
2022,59680162B80605638185127,Argungu,Kebbi,North West,12.684,4.463,20385,0,84.58,38.174,5.99,64.574,26.123,23.883,25.679,3,71.138,38.178,27.254,19.826,60.315,2.96,61.943,58.983,51.14,12295
2023,59680162B80605638185127,Argungu,Kebbi,North West,12.684,4.463,20385,0,96.954,25.709,3.38,62.983,38.36,40.259,31.771,0,51.894,29.09,52.47,9.161,51.14,1.7,52.075,50.374,42.155,10425
2024,59680162B80605638185127,Argungu,Kebbi,North West,12.684,4.463,20385,0,90.651,34.192,5.525,53.507,44.621,48.112,35.602,0,49.878,25.858,45.368,15.673,42.155,0.06,42.189,42.127,51.117,8593
2025,59680162B80605638185127,Argungu,Kebbi,North West,12.684,4.463,20385,0,85.911,46.489,4.257,52.653,19.944,38.6,33.204,0,77.317,27.653,35.97,27.773,51.117,2.26,52.359,50.101,,10420
2020,59680162B80670265641804,Etsako Central,Edo,South South,6.977,6.511,24630,0,64.209,81.477,1.692,36.195,60.584,63.206,19.526,2,53.759,5.654,68.793,12.201,12.128,2.15,13.312,11.16,18.133,2987
2021,59680162B80670265641804,Etsako Central,Edo,South South,6.977,6.511,24630,0,65.851,83.669,3.201,35.999,61.18,80.925,10.995,1,68.063,4.898,80.806,53.46,18.133,-1.51,17.305,18.811,16.33,4466
2022,59680162B80670265641804,Etsako Central,Edo,South South,6.977,6.511,24630,0,63.006,86.685,1.668,47.543,75.752,55.445,8.679,0,88.414,15.188,74.075,30.265,16.33,-2.12,15.162,17.285,28.908,4022
2023,59680162B80670265641804,Etsako Central,Edo,South South,6.977,6.511,24630,0,67.857,85.198,3.368,30.636,55.92,48.827,18.725,2,48.645,2.844,71.677,22.911,28.908,-2.01,27.802,29.812,13.69,7120
2024,59680162B80670265641804,Etsako Central,Edo,South South,6.977,6.511,24630,0,62.807,73.17,2.277,37.723,75.205,61.756,5.929,1,59.018,11.244,66.683,40.874,13.69,2.06,14.82,12.764,18.05,3372
2025,59680162B80670265641804,Etsako Central,Edo,South South,6.977,6.511,24630,0,60.035,79.501,1.939,47.72,49.105,73.703,10.641,0,80.435,0.0,69.35,26.736,18.05,0.89,18.537,17.652,,4446
2020,59680162B8070211954831,Billiri,Gombe,North East,9.843,11.144,52043,1,82.042,71.846,4.549,53.615,20.311,51.243,20.894,6,64.749,25.894,49.907,24.322,44.087,-0.15,44.003,44.156,39.113,22944
2021,59680162B8070211954831,Billiri,Gombe,North East,9.843,11.144,52043,1,88.169,43.364,2.172,56.997,31.818,76.853,19.344,5,61.916,20.301,60.83,12.341,39.113,2.42,40.444,38.025,37.293,20356
2022,59680162B8070211954831,Billiri,Gombe,North East,9.843,11.144,52043,1,69.191,54.325,4.378,60.003,47.212,61.263,19.55,3,77.475,18.919,82.521,16.776,37.293,0.35,37.485,37.135,40.932,19408
2023,59680162B8070211954831,Billiri,Gombe,North East,9.843,11.144,52043,1,63.769,62.588,4.085,47.272,29.082,40.316,22.192,2,75.215,12.262,68.816,13.366,40.932,2.17,42.128,39.953,44.852,21302
2024,59680162B8070211954831,Billiri,Gombe,North East,9.843,11.144,52043,1,86.519,51.687,1.977,63.847,22.808,59.732,22.433,3,60.583,19.372,49.271,9.316,44.852,2.87,46.43,43.561,48.076,23342
2025,59680162B8070211954831,Billiri,Gombe,North East,9.843,11.144,52043,1,75.401,52.817,3.153,79.573,29.123,64.615,28.521,6,59.315,23.934,73.501,17.272,48.076,0.36,48.274,47.915,,25020
2020,59680162B80791368745463,Awe,Nasarawa,North Central,8.213,9.166,15382,0,86.063,66.965,2.363,47.272,50.678,47.133,27.109,0,48.042,13.808,48.374,13.649,31.309,-0.59,30.983,31.576,31.749,4816
2021,59680162B80791368745463,Awe,Nasarawa,North Central,8.213,9.166,15382,0,68.203,61.759,2.331,50.442,48.495,33.064,29.595,4,58.928,18.994,65.33,16.11,31.749,-1.45,30.952,32.4,16.9,4884
2022,59680162B80791368745463,Awe,Nasarawa,North Central,8.213,9.166,15382,0,65.095,62.675,2.294,50.33,47.011,61.345,7.883,3,34.268,0.0,54.624,30.121,16.9,0.61,17.235,16.626,32.409,2600
2023,59680162B80791368745463,Awe,Nasarawa,North Central,8.213,9.166,15382,0,79.069,58.72,5.624,30.928,56.827,63.504,17.292,1,51.424,11.586,51.469,28.722,32.409,-0.78,31.978,32.762,37.027,4985
2024,59680162B80791368745463,Awe,Nasarawa,North Central,8.213,9.166,15382,0,78.533,58.076,2.977,50.947,59.646,48.408,25.931,3,43.812,12.743,63.019,22.84,37.027,-1.63,36.13,37.76,26.232,5695
2025,59680162B80791368745463,Awe,Nasarawa,North Central,8.213,9.166,15382,0,75.612,64.079,3.79,37.041,69.075,59.756,21.901,1,40.931,0.0,56.312,20.586,26.232,2.14,27.409,25.268,,4035
2020,59680162B80813578140782,Gusau,Zamfara,North West,12.253,7.009,48572,0,90.468,17.817,2.483,71.242,45.247,39.9,25.876,0,68.316,44.573,66.558,16.532,47.482,3.39,49.346,45.958,54.723,23063
2021,59680162B80813578140782,Gusau,Zamfara,North West,12.253,7.009,48572,0,94.429,32.479,4.982,60.781,47.028,30.374,32.511,1,63.999,42.914,53.866,19.732,54.723,2.44,56.067,53.624,58.268,26580
2022,59680162B80813578140782,Gusau,Zamfara,North West,12.253,7.009,48572,0,95.503,38.306,5.353,65.604,29.933,23.038,40.346,2,67.349,32.781,39.41,11.474,58.268,0.8,58.708,57.908,45.468,28302
2023,59680162B80813578140782,Gusau,Zamfara,North West,12.253,7.009,48572,0,83.905,15.264,3.005,56.351,22.695,45.338,34.219,0,51.148,29.859,47.751,17.699,45.468,2.18,46.667,44.487,47.373,22085
2024,59680162B80813578140782,Gusau,Zamfara,North West,12.253,7.009,48572,0,84.788,32.944,4.845,68.895,33.8,42.898,20.69,1,66.121,33.333,41.209,14.975,47.373,4.47,49.832,45.362,40.974,23010
2025,59680162B80813578140782,Gusau,Zamfara,North West,12.253,7.009,48572,0,85.282,37.833,4.083,70.952,45.084,39.761,33.579,0,57.774,31.237,46.366,28.063,40.974,0.05,41.003,40.95,,19902
2020,59680162B80910542790982,Udu,Delta,South South,5.485,5.815,32852,0,71.754,68.609,4.129,57.181,72.546,62.176,6.275,3,49.123,0.0,82.888,20.801,21.355,-0.13,21.284,21.414,17.368,7016
2021,59680162B80910542790982,Udu,Delta,South South,5.485,5.815,32852,0,74.862,88.735,1.561,48.357,71.248,91.631,17.233,0,70.112,0.0,64.462,10.738,17.368,0.81,17.812,17.005,18.026,5706
2022,59680162B80910542790982,Udu,Delta,South South,5.485,5.815,32852,0,67.315,73.138,2.474,36.374,57.767,57.491,5.388,0,59.82,0.0,72.128,31.103,18.026,0.11,18.087,17.977,14.43,5922
2023,59680162B80910542790982,Udu,Delta,South South,5.485,5.815,32852,0,59.054,91.657,1.215,34.517,77.354,70.107,9.041,1,27.145,0.0,56.075,29.175,14.43,-1.9,13.385,15.284,20.717,4740
2024,59680162B80910542790982,Udu,Delta,South South,5.485,5.815,32852,0,70.02,87.104,2.121,30.796,64.465,64.051,18.785,0,68.667,0.0,91.694,21.504,20.717,1.7,21.65,19.954,23.823,6806
2025,59680162B80910542790982,Udu,Delta,South South,5.485,5.815,32852,0,72.703,75.391,2.655,42.389,55.009,64.596,9.743,2,57.333,7.866,75.073,18.07,23.823,-0.99,23.28,24.267,,7826
2020,59680162B81014786719276,Vandeikya,Benue,North Central,6.81,9.094,15566,0,72.401,53.531,2.29,54.389,70.666,72.993,15.593,4,33.27,4.263,37.14,16.827,31.263,0.74,31.669,30.931,23.582,4866
2021,59680162B81014786719276,Vandeikya,Benue,North Central,6.81,9.094,15566,0,61.118,65.525,1.138,57.976,57.661,41.483,26.153,5,46.754,13.335,69.017,32.775,23.582,0.77,24.007,23.234,29.563,3671
2022,59680162B81014786719276,Vandeikya,Benue,North Central,6.81,9.094,15566,0,79.723,53.983,3.372,48.712,63.941,49.982,13.969,2,50.862,3.498,68.153,21.257,29.563,-1.47,28.757,30.223,16.821,4602
2023,59680162B81014786719276,Vandeikya,Benue,North Central,6.81,9.094,15566,0,72.123,58.184,3.465,42.792,48.6,62.947,21.66,0,53.827,6.293,68.664,36.836,16.821,-1.26,16.129,17.386,36.146,2618
2024,59680162B81014786719276,Vandeikya,Benue,North Central,6.81,9.094,15566,0,77.394,44.694,3.739,38.023,59.317,51.642,20.107,2,43.11,19.958,65.6,15.957,36.146,-1.03,35.579,36.61,18.479,5626
2025,59680162B81014786719276,Vandeikya,Benue,North Central,6.81,9.094,15566,0,66.762,66.7,0.866,47.099,57.739,53.227,9.557,0,72.308,21.955,77.877,36.057,18.479,4.11,20.739,16.629,,2876
2020,59680162B81796058650879,Ori Ire,Oyo,South West,8.25,4.081,98696,1,54.835,89.368,0.2,55.26,50.481,99.0,6.432,0,43.5,0.0,99.0,13.128,19.05,-0.11,18.987,19.102,0.8,18802
2021,59680162B81796058650879,Ori Ire,Oyo,South West,8.25,4.081,98696,1,38.192,87.45,1.358,37.07,77.911,97.13,5.023,0,34.353,0.0,78.996,23.587,0.8,-0.22,0.677,0.901,3.495,790
2022,59680162B81796058650879,Ori Ire,Oyo,South West,8.25,4.081,98696,1,43.379,87.03,0.444,44.176,88.67,71.858,2.845,0,29.787,11.837,99.0,31.604,3.495,-0.54,3.199,3.737,6.314,3449
2023,59680162B81796058650879,Ori Ire,Oyo,South West,8.25,4.081,98696,1,48.116,83.513,0.697,48.204,62.525,81.163,0.5,0,38.259,2.789,99.0,34.49,6.314,-1.44,5.523,6.961,9.142,6231
2024,59680162B81796058650879,Ori Ire,Oyo,South West,8.25,4.081,98696,1,59.188,99.0,0.383,33.626,76.715,71.478,6.339,1,22.577,8.094,99.0,18.946,9.142,-2.46,7.789,10.249,7.233,9023
2025,59680162B81796058650879,Ori Ire,Oyo,South West,8.25,4.081,98696,1,50.862,73.155,1.56,32.671,82.337,99.0,3.678,1,17.652,0.0,99.0,21.027,7.233,-0.72,6.839,7.556,,7139
2020,59680162B82021418174103,Kwali,FCT,North Central,8.731,6.958,62628,0,67.863,60.464,3.494,37.169,41.043,57.49,29.031,4,44.385,11.147,93.633,21.967,35.342,-0.24,35.212,35.448,37.28,22134
2021,59680162B82021418174103,Kwali,FCT,North Central,8.731,6.958,62628,0,85.737,62.446,2.638,60.349,39.075,44.382,17.963,3,53.18,11.21,65.206,16.708,37.28,-1.2,36.622,37.819,34.832,23348
2022,59680162B82021418174103,Kwali,FCT,North Central,8.731,6.958,62628,0,65.33,54.759,2.951,33.333,30.562,90.279,12.506,2,72.766,22.585,77.455,35.419,34.832,0.08,34.877,34.795,38.862,21814
2023,59680162B82021418174103,Kwali,FCT,North Central,8.731,6.958,62628,0,77.709,62.696,1.716,44.395,61.683,47.411,21.265,0,54.397,40.601,83.886,13.661,38.862,-0.24,38.73,38.97,35.562,24339
2024,59680162B82021418174103,Kwali,FCT,North Central,8.731,6.958,62628,0,70.183,55.944,4.11,31.584,35.793,71.831,22.226,5,47.449,7.304,53.807,25.727,35.562,0.51,35.845,35.331,40.277,22272
2025,59680162B82021418174103,Kwali,FCT,North Central,8.731,6.958,62628,0,80.434,45.933,4.138,36.013,28.53,57.467,17.921,2,73.25,9.959,80.674,36.57,40.277,0.66,40.638,39.981,,25225
2020,59680162B82334724733824,Akure North,Ondo,South West,7.255,5.316,36897,1,65.414,99.0,0.2,31.128,90.519,99.0,3.848,0,46.278,7.326,99.0,16.647,10.61,-1.2,9.952,11.148,0.8,3915
2021,59680162B82334724733824,Akure North,Ondo,South West,7.255,5.316,36897,1,53.308,94.421,2.033,30.926,82.157,98.433,4.135,0,37.394,0.0,91.537,26.383,0.8,0.01,0.804,0.796,8.284,295
2022,59680162B82334724733824,Akure North,Ondo,South West,7.255,5.316,36897,1,62.632,94.924,0.563,54.478,74.796,87.01,14.104,1,47.655,0.0,97.198,20.96,8.284,-1.62,7.394,9.012,6.207,3057
2023,59680162B82334724733824,Akure North,Ondo,South West,7.255,5.316,36897,1,51.539,75.201,3.0,30.526,67.061,84.337,9.069,0,38.114,0.0,87.57,28.77,6.207,-1.29,5.5,6.785,3.551,2290
2024,59680162B82334724733824,Akure North,Ondo,South West,7.255,5.316,36897,1,54.903,99.0,0.64,37.967,88.191,91.926,0.5,0,36.908,0.0,99.0,18.007,3.551,-1.01,2.996,4.005,0.8,1310
2025,59680162B82334724733824,Akure North,Ondo,South West,7.255,5.316,36897,1,48.414,99.0,0.459,39.184,90.433,99.0,1.924,0,53.019,0.0,99.0,22.242,0.8,2.19,2.006,0.3,,295
2020,59680162B82387239737873,Kuje,FCT,North Central,8.67,7.231,31181,1,56.635,70.192,2.546,52.985,14.095,92.428,4.204,3,42.29,12.283,85.784,21.959,35.149,-0.47,34.893,35.359,30.083,10960
2021,59680162B82387239737873,Kuje,FCT,North Central,8.67,7.231,31181,1,65.277,58.005,3.514,31.551,54.223,73.432,10.699,1,52.927,11.317,71.004,20.551,30.083,1.11,30.694,29.583,23.097,9380
2022,59680162B82387239737873,Kuje,FCT,North Central,8.67,7.231,31181,1,55.574,85.378,3.45,50.908,47.508,67.921,20.955,2,38.537,8.653,68.99,19.411,23.097,-1.52,22.263,23.779,23.622,7202
2023,59680162B82387239737873,Kuje,FCT,North Central,8.67,7.231,31181,1,61.966,64.447,2.628,57.606,48.518,58.285,17.521,1,43.574,0.0,92.715,33.013,23.622,-0.87,23.145,24.013,21.922,7366
2024,59680162B82387239737873,Kuje,FCT,North Central,8.67,7.231,31181,1,65.947,70.785,3.201,40.337,72.555,84.993,10.089,1,33.575,2.557,78.584,24.775,21.922,-2.31,20.649,22.963,15.701,6835
2025,59680162B82387239737873,Kuje,FCT,North Central,8.67,7.231,31181,1,60.334,81.739,1.349,46.771,69.596,68.627,14.389,1,62.323,9.426,85.798,17.081,15.701,-0.42,15.469,15.891,,4896
2020,59680162B8258215962885,Darazo,Bauchi,North East,11.111,10.622,24271,0,81.51,42.738,2.39,61.402,13.88,41.83,30.321,3,76.12,19.86,43.052,9.882,48.609,1.47,49.415,47.948,62.164,11798
2021,59680162B8258215962885,Darazo,Bauchi,North East,11.111,10.622,24271,0,99.0,38.0,7.199,47.39,19.163,33.076,26.343,7,66.803,37.839,53.369,15.213,62.164,0.33,62.346,62.015,46.903,15088
2022,59680162B8258215962885,Darazo,Bauchi,North East,11.111,10.622,24271,0,95.353,59.221,4.442,59.32,29.105,41.664,22.3,6,86.698,25.368,45.089,12.732,46.903,0.3,47.07,46.766,45.125,11384
2023,59680162B8258215962885,Darazo,Bauchi,North East,11.111,10.622,24271,0,91.516,54.392,3.394,64.014,31.671,31.236,16.814,4,42.351,26.23,61.227,15.44,45.125,-0.31,44.951,45.266,44.584,10952
2024,59680162B8258215962885,Darazo,Bauchi,North East,11.111,10.622,24271,0,96.875,31.332,2.785,51.65,27.279,33.469,12.522,3,63.9,28.731,52.173,15.845,44.584,2.24,45.818,43.574,48.558,10821
2025,59680162B8258215962885,Darazo,Bauchi,North East,11.111,10.622,24271,0,89.338,61.312,6.456,63.278,19.601,37.707,25.67,1,55.537,28.573,71.655,20.811,48.558,-0.35,48.364,48.716,,11785
2020,59680162B82734256395858,Sardauna,Taraba,North East,6.91,11.237,95605,0,91.767,39.647,5.171,49.102,51.617,48.125,33.962,4,41.885,32.334,37.352,18.521,49.145,2.41,50.471,48.061,49.407,46985
2021,59680162B82734256395858,Sardauna,Taraba,North East,6.91,11.237,95605,0,92.133,43.173,4.206,50.716,32.176,59.772,37.093,6,64.671,31.456,42.542,18.062,49.407,0.92,49.912,48.993,49.446,47235
2022,59680162B82734256395858,Sardauna,Taraba,North East,6.91,11.237,95605,0,97.579,23.505,3.987,66.826,37.308,44.476,28.94,5,65.259,32.506,53.235,18.443,49.446,1.38,50.207,48.822,52.903,47272
2023,59680162B82734256395858,Sardauna,Taraba,North East,6.91,11.237,95605,0,97.308,55.503,5.141,43.448,17.002,50.074,30.498,6,88.632,27.039,61.34,16.477,52.903,-0.13,52.832,52.962,50.795,50578
2024,59680162B82734256395858,Sardauna,Taraba,North East,6.91,11.237,95605,0,96.758,40.586,3.0,58.048,20.193,38.742,26.086,9,64.038,24.013,56.626,41.933,50.795,2.56,52.2,49.645,33.02,48562
2025,59680162B82734256395858,Sardauna,Taraba,North East,6.91,11.237,95605,0,96.208,27.613,1.38,58.019,30.384,27.497,10.727,2,73.248,12.273,65.115,15.616,33.02,2.14,34.195,32.059,,31569
2020,59680162B82820769085578,Ogu Bolo,Rivers,South South,4.618,7.212,27212,0,71.584,86.716,2.74,33.671,70.55,51.213,12.363,1,49.135,0.0,80.934,14.883,19.532,-0.33,19.352,19.679,36.716,5315
2021,59680162B82820769085578,Ogu Bolo,Rivers,South South,4.618,7.212,27212,0,73.425,85.909,1.507,35.994,45.453,48.977,23.837,2,60.823,9.478,74.275,14.832,36.716,0.65,37.076,36.421,24.006,9991
2022,59680162B82820769085578,Ogu Bolo,Rivers,South South,4.618,7.212,27212,0,75.304,88.089,4.288,33.902,71.383,64.493,9.988,0,60.118,25.905,85.745,17.614,24.006,0.45,24.253,23.805,19.201,6533
2023,59680162B82820769085578,Ogu Bolo,Rivers,South South,4.618,7.212,27212,0,62.727,88.72,1.45,22.829,75.708,77.594,14.558,1,20.707,3.273,83.396,29.267,19.201,-0.49,18.934,19.42,30.358,5225
2024,59680162B82820769085578,Ogu Bolo,Rivers,South South,4.618,7.212,27212,0,76.593,71.878,1.929,45.336,46.644,36.993,22.254,0,48.891,0.0,75.174,18.76,30.358,-2.13,29.188,31.315,20.564,8261
2025,59680162B82820769085578,Ogu Bolo,Rivers,South South,4.618,7.212,27212,0,71.533,86.759,1.651,26.109,55.714,65.262,23.218,1,44.1,15.353,82.082,31.627,20.564,-1.42,19.784,21.202,,5596
2020,59680162B82944797684000,Odeda,Ogun,South West,7.325,3.523,38275,1,57.138,83.594,0.2,24.023,82.423,77.985,4.398,0,51.505,2.469,92.828,20.2,9.218,-0.42,8.988,9.407,7.978,3528
2021,59680162B82944797684000,Odeda,Ogun,South West,7.325,3.523,38275,1,47.058,98.175,1.735,36.942,70.406,93.817,0.5,1,44.84,0.0,81.019,18.481,7.978,1.62,8.869,7.25,0.8,3054
2022,59680162B82944797684000,Odeda,Ogun,South West,7.325,3.523,38275,1,38.739,99.0,0.2,37.745,77.102,93.621,12.197,0,27.41,0.0,90.101,17.391,0.8,-3.0,0.5,2.15,1.887,306
2023,59680162B82944797684000,Odeda,Ogun,South West,7.325,3.523,38275,1,49.102,88.672,0.2,37.39,97.583,99.0,1.632,3,25.78,0.0,99.0,27.281,1.887,-1.07,1.297,2.37,5.619,722
2024,59680162B82944797684000,Odeda,Ogun,South West,7.325,3.523,38275,1,50.926,86.52,0.2,35.381,86.314,99.0,4.366,0,28.991,0.0,91.435,20.028,5.619,0.25,5.758,5.506,3.377,2151
2025,59680162B82944797684000,Odeda,Ogun,South West,7.325,3.523,38275,1,52.248,95.537,0.2,44.666,89.885,99.0,12.796,1,39.86,0.0,94.259,33.276,3.377,-2.9,1.78,4.684,,1293
2020,59680162B82946706311025,Warji,Bauchi,North East,11.142,9.76,19973,0,86.878,55.91,3.904,51.232,44.782,45.889,25.108,8,49.412,43.103,49.315,9.551,43.291,3.88,45.426,41.544,55.165,8647
2021,59680162B82946706311025,Warji,Bauchi,North East,11.142,9.76,19973,0,90.819,56.073,5.093,68.718,35.567,42.644,36.442,6,70.948,30.202,36.018,13.041,55.165,1.13,55.786,54.657,48.303,11018
2022,59680162B82946706311025,Warji,Bauchi,North East,11.142,9.76,19973,0,96.586,47.963,3.672,48.567,33.942,61.505,39.57,3,89.914,30.295,58.948,17.229,48.303,0.7,48.69,47.986,37.201,9647
2023,59680162B82946706311025,Warji,Bauchi,North East,11.142,9.76,19973,0,85.543,55.649,2.132,55.591,44.297,43.26,32.344,6,89.242,17.557,55.58,16.177,37.201,-1.96,36.124,38.082,41.193,7430
2024,59680162B82946706311025,Warji,Bauchi,North East,11.142,9.76,19973,0,89.791,58.928,3.679,48.183,30.506,47.392,27.621,4,64.771,33.21,44.176,13.649,41.193,0.26,41.339,41.074,44.278,8227
2025,59680162B82946706311025,Warji,Bauchi,North East,11.142,9.76,19973,0,85.354,54.136,5.103,62.625,61.994,31.778,38.3,1,78.745,26.893,42.241,14.104,44.278,-0.77,43.856,44.623,,8844
2020,59680162B82996162763265,Song,Adamawa,North East,9.829,12.621,13212,0,87.164,38.57,3.947,46.609,20.848,49.332,37.16,7,70.548,34.683,37.102,13.187,48.93,2.51,50.313,47.798,55.093,6465
2021,59680162B82996162763265,Song,Adamawa,North East,9.829,12.621,13212,0,85.839,30.462,5.158,63.306,32.537,31.655,25.527,3,78.488,24.406,46.057,11.35,55.093,0.85,55.559,54.712,45.28,7279
2022,59680162B82996162763265,Song,Adamawa,North East,9.829,12.621,13212,0,89.484,41.637,5.415,55.795,33.505,44.687,14.143,6,64.725,14.738,32.669,17.859,45.28,-1.05,44.703,45.752,52.615,5982
2023,59680162B82996162763265,Song,Adamawa,North East,9.829,12.621,13212,0,91.523,37.614,5.44,53.663,32.682,24.588,29.897,5,71.546,30.293,56.476,22.327,52.615,-0.3,52.453,52.748,46.673,6951
2024,59680162B82996162763265,Song,Adamawa,North East,9.829,12.621,13212,0,92.006,26.306,3.955,46.168,35.739,36.232,26.103,6,52.081,33.182,41.625,19.579,46.673,3.67,48.691,45.022,48.074,6166
2025,59680162B82996162763265,Song,Adamawa,North East,9.829,12.621,13212,0,75.862,60.778,5.62,55.031,26.354,69.204,31.64,4,69.877,28.94,66.972,23.169,48.074,2.64,49.526,46.885,,6351
2020,59680162B83041511737206,Isuikwuato,Abia,South East,5.8,7.468,14413,1,48.171,93.383,0.2,45.245,44.17,74.951,5.871,0,22.022,0.0,77.231,41.622,6.867,0.34,7.052,6.715,3.72,990
2021,59680162B83041511737206,Isuikwuato,Abia,South East,5.8,7.468,14413,1,51.814,99.0,1.052,18.65,60.165,99.0,3.674,0,46.615,0.0,99.0,23.186,3.72,-1.52,2.883,4.406,1.864,536
2022,59680162B83041511737206,Isuikwuato,Abia,South East,5.8,7.468,14413,1,63.073,88.021,0.2,23.452,72.216,83.012,0.5,2,33.357,0.0,88.137,12.588,1.864,0.3,2.028,1.73,4.607,269
2023,59680162B83041511737206,Isuikwuato,Abia,South East,5.8,7.468,14413,1,60.768,96.848,0.2,45.331,91.735,99.0,7.384,0,48.134,0.0,99.0,21.161,4.607,0.24,4.738,4.5,5.985,664
2024,59680162B83041511737206,Isuikwuato,Abia,South East,5.8,7.468,14413,1,44.417,99.0,1.463,24.057,70.014,69.312,0.5,0,41.808,1.786,99.0,24.343,5.985,-2.02,4.875,6.894,4.156,863
2025,59680162B83041511737206,Isuikwuato,Abia,South East,5.8,7.468,14413,1,59.354,80.063,0.2,37.395,79.756,99.0,0.747,0,33.03,0.0,99.0,19.213,4.156,-3.0,2.506,5.506,,599
2020,59680162B83052310642670,Gabasawa,Kano,North West,12.135,8.857,89765,1,90.244,33.535,4.05,56.941,67.844,52.632,34.69,2,48.055,31.716,62.775,20.26,46.047,2.08,47.193,45.109,40.09,41334
2021,59680162B83052310642670,Gabasawa,Kano,North West,12.135,8.857,89765,1,81.045,64.715,4.954,64.172,30.678,79.522,25.014,0,71.015,39.678,57.599,16.842,40.09,2.46,41.442,38.984,45.258,35987
2022,59680162B83052310642670,Gabasawa,Kano,North West,12.135,8.857,89765,1,74.921,59.16,4.12,68.726,41.804,37.152,30.21,3,75.918,21.508,64.504,21.764,45.258,2.01,46.366,44.352,39.394,40626
2023,59680162B83052310642670,Gabasawa,Kano,North West,12.135,8.857,89765,1,79.244,57.035,3.908,74.19,31.171,58.821,28.986,2,46.532,31.237,75.256,10.155,39.394,1.42,40.173,38.757,42.045,35362
2024,59680162B83052310642670,Gabasawa,Kano,North West,12.135,8.857,89765,1,82.997,49.208,4.443,76.998,70.754,49.855,26.496,1,52.634,27.976,69.476,15.847,42.045,2.32,43.322,41.0,36.925,37742
2025,59680162B83052310642670,Gabasawa,Kano,North West,12.135,8.857,89765,1,82.062,48.237,1.055,64.753,57.295,43.56,23.932,3,82.217,23.161,39.919,23.262,36.925,1.3,37.64,36.34,,33145
2020,59680162B83099166959131,Igabi,Kaduna,North West,10.742,7.526,46239,0,87.52,38.853,6.721,52.032,12.048,31.186,36.211,3,51.309,43.141,32.157,12.764,57.454,1.35,58.197,56.846,62.613,26566
2021,59680162B83099166959131,Igabi,Kaduna,North West,10.742,7.526,46239,0,95.65,32.072,6.35,74.399,15.598,32.567,32.082,0,89.545,53.411,42.18,14.531,62.613,0.9,63.11,62.207,55.181,28952
2022,59680162B83099166959131,Igabi,Kaduna,North West,10.742,7.526,46239,0,95.916,29.89,3.265,56.252,20.953,44.771,31.37,0,72.624,41.124,56.889,22.439,55.181,4.45,57.63,53.178,60.439,25515
2023,59680162B83099166959131,Igabi,Kaduna,North West,10.742,7.526,46239,0,96.279,36.435,6.065,83.646,52.569,61.123,39.696,2,67.471,22.556,49.488,11.385,60.439,1.21,61.106,59.892,48.82,27946
2024,59680162B83099166959131,Igabi,Kaduna,North West,10.742,7.526,46239,0,95.729,54.791,4.233,55.894,21.222,28.897,31.901,0,65.129,29.701,58.338,14.309,48.82,-0.33,48.639,48.969,57.482,22574
2025,59680162B83099166959131,Igabi,Kaduna,North West,10.742,7.526,46239,0,88.874,38.299,5.393,72.58,45.46,20.523,35.091,0,69.021,36.532,58.925,11.779,57.482,-1.65,56.573,58.226,,26579
2020,59680162B83241100924072,Ilorin West,Kwara,North Central,8.466,4.507,23841,1,69.024,57.559,1.295,48.497,47.061,76.377,15.753,3,38.551,13.695,63.128,15.573,28.088,2.23,29.313,27.086,26.532,6696
2021,59680162B83241100924072,Ilorin West,Kwara,North Central,8.466,4.507,23841,1,66.611,84.529,1.937,37.03,53.008,73.439,21.387,1,38.235,27.297,69.583,17.449,26.532,0.35,26.727,26.373,25.621,6326
2022,59680162B83241100924072,Ilorin West,Kwara,North Central,8.466,4.507,23841,1,65.545,72.354,3.313,70.303,63.733,85.636,19.119,2,49.991,16.073,83.705,17.071,25.621,0.07,25.661,25.588,20.517,6108
2023,59680162B83241100924072,Ilorin West,Kwara,North Central,8.466,4.507,23841,1,71.723,60.742,1.986,56.354,55.167,87.103,13.171,3,63.718,0.0,94.378,13.858,20.517,1.23,21.194,19.964,23.319,4892
2024,59680162B83241100924072,Ilorin West,Kwara,North Central,8.466,4.507,23841,1,56.357,90.042,0.795,64.084,57.468,54.936,19.707,2,34.363,0.0,72.049,30.538,23.319,-0.03,23.301,23.334,22.73,5559
2025,59680162B83241100924072,Ilorin West,Kwara,North Central,8.466,4.507,23841,1,57.533,65.466,3.599,40.718,63.486,89.907,8.226,1,67.393,12.917,90.903,26.957,22.73,-1.19,22.074,23.266,,5419
2020,59680162B83278495681126,Edati,Niger,North Central,9.026,5.635,63483,1,54.049,66.979,2.622,52.112,45.422,54.21,22.243,2,58.127,2.208,58.46,9.405,28.49,-1.58,27.621,29.201,18.709,18086
2021,59680162B83278495681126,Edati,Niger,North Central,9.026,5.635,63483,1,69.885,72.151,1.882,53.163,44.551,44.934,20.241,2,67.223,13.37,62.992,26.508,18.709,-0.81,18.263,19.074,9.632,11877
2022,59680162B83278495681126,Edati,Niger,North Central,9.026,5.635,63483,1,70.08,92.634,3.87,46.035,61.348,59.44,3.311,1,44.03,2.455,67.756,36.188,9.632,-2.09,8.484,10.571,6.705,6115
2023,59680162B83278495681126,Edati,Niger,North Central,9.026,5.635,63483,1,54.416,65.179,2.706,44.269,65.224,89.262,9.722,2,25.571,3.013,57.043,20.642,6.705,-0.49,6.436,6.925,18.649,4256
2024,59680162B83278495681126,Edati,Niger,North Central,9.026,5.635,63483,1,67.095,60.903,1.849,64.087,86.077,60.422,8.517,0,44.206,6.744,66.989,24.547,18.649,-1.94,17.581,19.522,17.153,11839
2025,59680162B83278495681126,Edati,Niger,North Central,9.026,5.635,63483,1,67.731,71.121,3.707,52.71,54.015,80.343,11.838,4,58.428,0.0,79.029,22.847,17.153,4.27,19.501,15.232,,10889
2020,59680162B83284995722346,Ikom,Cross River,South South,6.107,8.617,43252,1,69.66,77.462,3.536,49.284,77.095,61.774,3.351,1,58.963,0.0,85.137,18.699,17.614,-0.26,17.469,17.732,3.557,7618
2021,59680162B83284995722346,Ikom,Cross River,South South,6.107,8.617,43252,1,64.165,97.097,0.98,22.617,72.421,55.2,5.211,1,63.395,14.187,97.867,46.58,3.557,1.84,4.571,2.727,4.512,1538
2022,59680162B83284995722346,Ikom,Cross River,South South,6.107,8.617,43252,1,55.899,99.0,2.428,47.139,76.194,65.807,13.125,3,35.655,0.0,78.294,26.714,4.512,-0.38,4.304,4.682,12.656,1952
2023,59680162B83284995722346,Ikom,Cross River,South South,6.107,8.617,43252,1,62.01,96.846,0.2,50.717,85.508,96.783,11.37,0,73.945,0.0,90.706,26.95,12.656,-3.0,11.006,14.006,20.933,5474
2024,59680162B83284995722346,Ikom,Cross River,South South,6.107,8.617,43252,1,64.154,82.349,0.2,30.178,57.687,99.0,22.21,1,60.018,8.107,66.818,36.897,20.933,0.62,21.272,20.655,14.221,9054
2025,59680162B83284995722346,Ikom,Cross River,South South,6.107,8.617,43252,1,63.785,99.0,1.81,50.187,70.625,84.395,14.703,1,61.648,0.0,86.664,31.178,14.221,-3.0,12.571,15.571,,6151
2020,59680162B83386112613514,Gombe,Gombe,North East,10.297,11.158,12588,0,85.076,24.958,5.81,70.861,33.687,47.736,19.944,7,47.835,44.035,33.489,17.516,60.455,1.88,61.491,59.607,43.44,7610
2021,59680162B83386112613514,Gombe,Gombe,North East,10.297,11.158,12588,0,85.209,50.46,3.602,37.543,42.19,61.051,28.421,5,69.907,27.712,69.924,20.302,43.44,-0.32,43.264,43.583,55.458,5468
2022,59680162B83386112613514,Gombe,Gombe,North East,10.297,11.158,12588,0,86.638,52.205,3.935,55.464,21.587,37.211,29.108,6,70.391,41.296,63.112,14.247,55.458,2.12,56.623,54.505,51.487,6981
2023,59680162B83386112613514,Gombe,Gombe,North East,10.297,11.158,12588,0,85.265,38.433,4.311,71.5,10.788,55.313,20.752,3,69.099,43.785,66.233,14.761,51.487,2.43,52.824,50.393,38.582,6481
2024,59680162B83386112613514,Gombe,Gombe,North East,10.297,11.158,12588,0,79.178,36.672,4.463,55.003,44.649,54.821,18.59,2,59.479,24.927,64.199,39.217,38.582,1.17,39.226,38.056,41.021,4857
2025,59680162B83386112613514,Gombe,Gombe,North East,10.297,11.158,12588,0,87.47,52.755,3.551,50.323,63.719,39.318,20.938,2,72.545,35.492,55.2,20.712,41.021,2.28,42.277,39.994,,5164
2020,59680162B83394095212312,Funakaye,Gombe,North East,10.813,11.44,34143,0,92.035,23.205,4.01,59.047,50.139,64.207,35.305,10,65.318,26.475,41.447,8.163,60.939,0.53,61.228,60.703,41.139,20806
2021,59680162B83394095212312,Funakaye,Gombe,North East,10.813,11.44,34143,0,89.437,38.559,2.867,40.068,62.814,50.151,23.298,5,83.795,38.457,49.714,34.749,41.139,1.08,41.732,40.653,44.606,14046
2022,59680162B83394095212312,Funakaye,Gombe,North East,10.813,11.44,34143,0,85.341,36.709,2.742,54.496,23.666,35.479,27.956,5,58.151,26.035,48.294,12.65,44.606,2.9,46.203,43.299,53.182,15230
2023,59680162B83394095212312,Funakaye,Gombe,North East,10.813,11.44,34143,0,95.017,44.515,5.15,47.332,42.63,33.119,27.403,8,54.009,20.149,30.609,13.096,53.182,1.75,54.146,52.393,53.321,18158
2024,59680162B83394095212312,Funakaye,Gombe,North East,10.813,11.44,34143,0,93.125,33.071,5.538,48.476,30.989,44.019,32.066,8,67.476,29.582,56.205,23.302,53.321,0.36,53.521,53.157,45.944,18205
2025,59680162B83394095212312,Funakaye,Gombe,North East,10.813,11.44,34143,0,94.326,42.878,3.556,64.755,42.316,59.728,27.746,4,63.499,24.158,51.661,17.397,45.944,3.99,48.138,44.149,,15687
2020,59680162B83455285452940,Ose,Ondo,South West,7.05,5.724,29197,1,52.015,76.838,0.757,32.564,51.514,89.4,0.5,0,26.048,4.415,93.87,22.398,19.507,0.98,20.047,19.066,9.514,5696
2021,59680162B83455285452940,Ose,Ondo,South West,7.05,5.724,29197,1,41.502,95.654,0.392,36.901,60.745,70.903,18.24,2,37.961,0.0,97.534,13.483,9.514,-3.0,7.864,10.864,8.136,2778
2022,59680162B83455285452940,Ose,Ondo,South West,7.05,5.724,29197,1,48.856,79.978,2.083,29.556,78.82,99.0,1.045,0,32.123,0.793,99.0,14.844,8.136,-1.69,7.208,8.895,3.797,2375
2023,59680162B83455285452940,Ose,Ondo,South West,7.05,5.724,29197,1,59.521,93.15,0.2,43.926,72.229,99.0,11.568,0,45.825,0.0,99.0,18.701,3.797,0.07,3.838,3.764,7.199,1109
2024,59680162B83455285452940,Ose,Ondo,South West,7.05,5.724,29197,1,54.956,94.335,1.198,41.417,99.0,88.958,11.693,0,48.098,0.0,93.408,23.151,7.199,-3.0,5.549,8.549,0.8,2102
2025,59680162B83455285452940,Ose,Ondo,South West,7.05,5.724,29197,1,41.22,82.118,0.86,20.657,93.976,96.839,4.436,0,33.022,0.0,99.0,21.671,0.8,-2.45,0.5,1.901,,234
2020,59680162B83508950999506,Ibadan South West,Oyo,South West,7.361,3.866,13781,1,51.979,97.831,0.704,61.731,74.682,99.0,8.21,0,7.469,1.255,98.024,21.623,11.976,1.57,12.842,11.267,6.513,1650
2021,59680162B83508950999506,Ibadan South West,Oyo,South West,7.361,3.866,13781,1,47.166,89.923,0.2,36.246,82.335,86.517,23.075,0,34.364,4.308,96.839,16.56,6.513,-1.69,5.583,7.273,7.348,897
2022,59680162B83508950999506,Ibadan South West,Oyo,South West,7.361,3.866,13781,1,45.087,82.287,2.118,35.556,73.622,99.0,5.26,0,45.007,7.25,90.368,29.331,7.348,-0.53,7.054,7.589,2.707,1013
2023,59680162B83508950999506,Ibadan South West,Oyo,South West,7.361,3.866,13781,1,44.269,91.589,0.325,39.173,91.345,96.657,0.5,0,25.045,0.0,97.217,16.415,2.707,-1.18,2.059,3.238,4.995,373
2024,59680162B83508950999506,Ibadan South West,Oyo,South West,7.361,3.866,13781,1,50.692,99.0,0.2,43.585,68.317,75.848,2.525,0,32.596,0.0,99.0,18.051,4.995,-0.56,4.688,5.247,13.764,688
2025,59680162B83508950999506,Ibadan South West,Oyo,South West,7.361,3.866,13781,1,52.18,85.549,1.814,32.365,67.319,88.636,8.115,0,30.592,0.0,99.0,26.579,13.764,-0.16,13.675,13.838,,1897
2020,59680162B83662033692716,Kaiama,Kwara,North Central,9.52,4.075,17826,0,74.993,70.472,1.91,44.255,63.106,76.32,23.851,1,44.04,0.0,56.707,13.351,18.817,2.57,20.232,17.66,32.289,3354
2021,59680162B83662033692716,Kaiama,Kwara,North Central,9.52,4.075,17826,0,78.427,64.736,1.498,39.06,49.677,29.175,21.608,4,56.208,13.762,58.614,9.999,32.289,-1.29,31.577,32.872,38.045,5756
2022,59680162B83662033692716,Kaiama,Kwara,North Central,9.52,4.075,17826,0,85.124,63.926,4.391,47.307,47.499,49.497,29.281,2,49.01,13.014,68.243,15.484,38.045,-1.35,37.304,38.652,23.07,6782
2023,59680162B83662033692716,Kaiama,Kwara,North Central,9.52,4.075,17826,0,73.874,67.286,2.963,31.224,60.915,56.233,24.788,1,21.665,0.0,52.093,16.389,23.07,0.42,23.302,22.88,30.336,4112
2024,59680162B83662033692716,Kaiama,Kwara,North Central,9.52,4.075,17826,0,77.301,84.856,5.487,40.44,58.24,59.472,18.519,2,68.686,24.027,62.569,22.616,30.336,-0.68,29.962,30.642,34.183,5408
2025,59680162B83662033692716,Kaiama,Kwara,North Central,9.52,4.075,17826,0,81.708,63.73,1.137,65.669,37.175,53.984,22.189,0,44.232,0.0,78.807,13.523,34.183,1.73,35.135,33.405,,6094
2020,59680162B83694422254145,Bonny,Rivers,South South,4.459,7.252,109355,1,61.097,86.152,0.2,25.78,59.42,75.521,10.272,4,58.263,0.0,99.0,36.036,15.638,0.25,15.775,15.525,12.851,17100
2021,59680162B83694422254145,Bonny,Rivers,South South,4.459,7.252,109355,1,66.121,88.956,1.724,29.325,89.855,98.317,3.814,1,60.549,0.0,81.844,13.35,12.851,-2.28,11.594,13.879,24.844,14053
2022,59680162B83694422254145,Bonny,Rivers,South South,4.459,7.252,109355,1,63.345,77.981,0.885,50.244,60.969,67.032,18.809,2,80.78,0.0,74.379,21.29,24.844,-3.0,23.194,26.194,23.758,27168
2023,59680162B83694422254145,Bonny,Rivers,South South,4.459,7.252,109355,1,59.713,95.526,1.904,42.399,54.769,90.331,2.949,0,56.92,0.0,71.104,22.896,23.758,0.29,23.92,23.625,14.235,25980
2024,59680162B83694422254145,Bonny,Rivers,South South,4.459,7.252,109355,1,70.495,94.86,1.299,46.754,88.405,90.551,10.804,0,54.596,0.0,81.839,33.152,14.235,-2.75,12.72,15.475,14.628,15567
2025,59680162B83694422254145,Bonny,Rivers,South South,4.459,7.252,109355,1,54.496,83.773,2.221,31.115,74.925,90.77,15.226,1,71.503,2.559,79.399,22.452,14.628,-3.0,12.978,15.978,,15997
2020,59680162B83800309048446,Gubio,Borno,North East,12.672,12.776,47479,0,77.079,37.927,4.028,44.908,35.718,27.945,34.477,4,75.779,47.024,63.672,5.495,47.509,2.52,48.895,46.375,64.211,22557
2021,59680162B83800309048446,Gubio,Borno,North East,12.672,12.776,47479,0,92.372,45.717,3.951,61.208,22.398,31.458,35.316,8,88.386,28.828,29.257,14.432,64.211,1.15,64.842,63.694,44.96,30487
2022,59680162B83800309048446,Gubio,Borno,North East,12.672,12.776,47479,0,91.504,46.433,5.615,53.348,37.678,22.15,32.364,4,53.876,31.563,45.878,16.935,44.96,-1.6,44.079,45.68,67.696,21346
2023,59680162B83800309048446,Gubio,Borno,North East,12.672,12.776,47479,0,90.504,49.217,6.616,41.286,36.981,47.591,43.424,5,73.876,13.291,40.932,18.096,67.696,1.44,68.487,67.049,41.058,32141
2024,59680162B83800309048446,Gubio,Borno,North East,12.672,12.776,47479,0,85.444,47.729,1.731,61.514,37.923,48.532,28.246,5,69.39,20.404,41.876,67.581,41.058,2.91,42.658,39.75,42.24,19494
2025,59680162B83800309048446,Gubio,Borno,North East,12.672,12.776,47479,0,74.142,49.612,3.055,44.143,24.212,55.51,29.299,2,69.695,7.137,59.512,13.892,42.24,1.52,43.076,41.556,,20055
2020,59680162B8390528040617,Kankara,Katsina,North West,11.969,7.362,38717,0,84.745,38.493,2.312,56.108,26.442,45.909,30.407,2,67.579,29.116,22.143,13.531,45.015,2.17,46.206,44.041,45.363,17429
2021,59680162B8390528040617,Kankara,Katsina,North West,11.969,7.362,38717,0,89.566,28.381,1.865,69.268,18.535,36.588,26.584,0,65.699,28.819,16.955,10.073,45.363,1.55,46.214,44.667,52.245,17563
2022,59680162B8390528040617,Kankara,Katsina,North West,11.969,7.362,38717,0,97.02,27.068,4.199,72.465,56.281,39.654,28.635,2,49.23,36.059,48.765,13.471,52.245,-0.71,51.857,52.563,52.605,20228
2023,59680162B8390528040617,Kankara,Katsina,North West,11.969,7.362,38717,0,95.528,37.631,4.023,61.556,29.668,23.043,25.494,1,81.961,30.323,43.393,18.113,52.605,2.46,53.958,51.498,53.135,20367
2024,59680162B8390528040617,Kankara,Katsina,North West,11.969,7.362,38717,0,83.657,22.484,7.546,48.03,27.343,49.411,32.255,2,70.291,38.322,48.146,19.068,53.135,3.86,55.26,51.397,49.154,20572
2025,59680162B8390528040617,Kankara,Katsina,North West,11.969,7.362,38717,0,86.807,32.844,4.331,62.347,42.014,47.271,23.208,2,68.909,37.228,52.752,17.623,49.154,3.5,51.08,47.578,,19031
2020,59680162B83966420631158,Guyuk,Adamawa,North East,9.836,11.901,45266,0,92.303,37.378,5.828,63.991,33.277,37.708,40.64,2,63.685,41.631,60.115,7.043,57.785,3.8,59.874,56.076,47.686,26157
2021,59680162B83966420631158,Guyuk,Adamawa,North East,9.836,11.901,45266,0,87.335,48.931,4.147,56.097,25.553,36.39,29.241,5,83.117,31.169,27.928,42.002,47.686,0.9,48.183,47.279,45.854,21586
2022,59680162B83966420631158,Guyuk,Adamawa,North East,9.836,11.901,45266,0,73.733,37.523,4.012,49.798,29.049,32.32,35.076,2,75.798,38.611,44.446,15.929,45.854,4.14,48.13,43.992,42.203,20756
2023,59680162B83966420631158,Guyuk,Adamawa,North East,9.836,11.901,45266,0,87.391,35.119,5.269,48.206,16.38,37.227,18.805,6,77.698,15.031,74.398,27.719,42.203,1.26,42.897,41.634,44.886,19103
2024,59680162B83966420631158,Guyuk,Adamawa,North East,9.836,11.901,45266,0,85.411,34.014,3.582,63.695,35.661,43.648,29.234,6,65.505,19.491,55.309,21.97,44.886,-1.23,44.212,45.438,51.735,20318
2025,59680162B83966420631158,Guyuk,Adamawa,North East,9.836,11.901,45266,0,83.363,23.743,2.967,70.418,25.835,48.778,20.542,5,48.616,17.9,41.61,23.1,51.735,1.93,52.794,50.869,,23419
2020,59680162B84100135495566,Sagbama,Bayelsa,South South,5.096,6.124,31483,1,63.972,73.578,0.579,39.194,97.272,69.833,13.616,2,51.435,0.0,61.562,18.972,11.913,-2.04,10.789,12.833,15.163,3751
2021,59680162B84100135495566,Sagbama,Bayelsa,South South,5.096,6.124,31483,1,59.386,79.671,2.584,45.943,87.716,95.284,13.629,2,62.796,9.078,79.673,34.255,15.163,-0.44,14.921,15.36,13.94,4774
2022,59680162B84100135495566,Sagbama,Bayelsa,South South,5.096,6.124,31483,1,61.463,88.945,1.076,48.325,75.873,71.068,20.751,1,55.658,9.602,85.858,25.329,13.94,-1.46,13.136,14.598,22.9,4389
2023,59680162B84100135495566,Sagbama,Bayelsa,South South,5.096,6.124,31483,1,67.188,81.873,2.421,46.97,69.753,88.553,7.491,1,49.397,17.802,81.523,11.327,22.9,-1.47,22.094,23.56,14.483,7210
2024,59680162B84100135495566,Sagbama,Bayelsa,South South,5.096,6.124,31483,1,52.521,79.147,1.993,34.089,53.056,94.248,5.65,0,64.598,0.0,75.308,17.99,14.483,0.72,14.88,14.157,2.881,4560
2025,59680162B84100135495566,Sagbama,Bayelsa,South South,5.096,6.124,31483,1,40.027,99.0,0.2,30.372,73.712,93.423,5.29,1,54.373,2.248,81.129,15.96,2.881,-2.4,1.558,3.963,,907
2020,59680162B84198311358077,Mariga,Niger,North Central,10.618,5.87,106159,1,72.904,83.383,2.336,59.749,46.585,58.603,21.859,2,38.732,5.175,91.581,12.013,22.381,0.79,22.817,22.025,11.568,23760
2021,59680162B84198311358077,Mariga,Niger,North Central,10.618,5.87,106159,1,53.062,67.445,2.057,40.546,59.135,87.079,15.641,0,72.162,8.94,85.784,41.798,11.568,0.56,11.877,11.316,24.15,12281
2022,59680162B84198311358077,Mariga,Niger,North Central,10.618,5.87,106159,1,65.415,68.236,2.083,42.143,71.587,70.886,12.653,2,51.569,11.907,59.694,39.11,24.15,0.05,24.178,24.127,22.008,25637
2023,59680162B84198311358077,Mariga,Niger,North Central,10.618,5.87,106159,1,64.147,79.882,3.418,34.841,66.496,71.556,14.508,1,60.046,8.431,82.663,26.514,22.008,-1.39,21.241,22.635,20.813,23364
2024,59680162B84198311358077,Mariga,Niger,North Central,10.618,5.87,106159,1,62.386,88.522,1.208,43.633,37.23,85.882,12.165,2,47.377,3.029,82.187,27.624,20.813,-3.0,19.163,22.163,16.399,22095
2025,59680162B84198311358077,Mariga,Niger,North Central,10.618,5.87,106159,1,61.377,83.507,2.272,50.976,32.234,85.122,7.637,0,53.446,10.769,84.273,29.031,16.399,1.03,16.965,15.935,,17409
2020,59680162B84224544107566,Kaura,Kaduna,North West,9.642,8.452,23708,1,85.908,19.756,3.806,67.661,34.751,49.637,21.99,1,40.186,32.318,77.033,17.175,49.189,2.38,50.5,48.117,54.044,11662
2021,59680162B84224544107566,Kaura,Kaduna,North West,9.642,8.452,23708,1,73.747,44.902,5.371,72.683,15.285,46.136,30.492,0,69.884,39.014,72.411,19.704,54.044,0.19,54.15,53.957,43.654,12813
2022,59680162B84224544107566,Kaura,Kaduna,North West,9.642,8.452,23708,1,76.296,37.607,3.046,73.58,32.145,53.062,18.245,2,60.128,26.291,55.015,31.145,43.654,3.32,45.48,42.16,37.331,10349
2023,59680162B84224544107566,Kaura,Kaduna,North West,9.642,8.452,23708,1,70.656,36.732,2.063,66.104,33.1,56.66,31.728,2,57.333,25.621,60.464,10.093,37.331,2.01,38.437,36.426,45.516,8850
2024,59680162B84224544107566,Kaura,Kaduna,North West,9.642,8.452,23708,1,68.951,49.889,4.36,51.352,48.457,23.6,26.254,3,61.674,31.398,56.161,29.398,45.516,2.06,46.648,44.589,39.296,10791
2025,59680162B84224544107566,Kaura,Kaduna,North West,9.642,8.452,23708,1,81.968,32.151,3.841,57.888,56.514,78.624,30.269,0,72.562,23.378,72.044,26.423,39.296,1.32,40.023,38.702,,9316
2020,59680162B84327981884458,Tudun Wada,Kano,North West,11.308,8.513,30560,1,83.741,54.027,2.302,58.993,44.951,68.184,26.078,5,83.935,24.01,59.546,19.711,37.466,0.62,37.809,37.186,30.342,11450
2021,59680162B84327981884458,Tudun Wada,Kano,North West,11.308,8.513,30560,1,72.272,31.76,2.41,56.361,51.358,42.693,22.667,3,68.827,35.382,58.165,11.346,30.342,0.81,30.788,29.978,43.064,9273
2022,59680162B84327981884458,Tudun Wada,Kano,North West,11.308,8.513,30560,1,76.399,31.958,4.456,75.593,50.985,58.369,32.404,2,69.75,22.171,48.976,27.864,43.064,3.0,44.714,41.715,38.364,13160
2023,59680162B84327981884458,Tudun Wada,Kano,North West,11.308,8.513,30560,1,78.582,50.779,3.344,41.009,26.182,22.7,26.799,2,44.924,40.962,47.418,11.39,38.364,1.59,39.24,37.647,32.051,11724
2024,59680162B84327981884458,Tudun Wada,Kano,North West,11.308,8.513,30560,1,80.929,49.583,1.857,41.382,63.607,55.825,25.321,2,52.324,34.144,60.125,14.623,32.051,-0.02,32.042,32.058,40.423,9795
2025,59680162B84327981884458,Tudun Wada,Kano,North West,11.308,8.513,30560,1,68.417,41.539,3.581,52.791,51.518,69.23,33.46,1,55.634,26.913,41.127,14.643,40.423,-0.76,40.004,40.765,,12353
2020,59680162B84612216171504,Hong,Adamawa,North East,10.292,12.976,9978,0,96.5,33.793,4.843,62.193,31.089,38.364,37.384,1,41.042,18.994,39.475,17.519,47.819,-1.08,47.223,48.308,48.193,4771
2021,59680162B84612216171504,Hong,Adamawa,North East,10.292,12.976,9978,0,75.6,31.912,3.127,60.574,54.753,23.285,38.401,2,59.712,37.291,49.813,26.825,48.193,-0.3,48.03,48.326,48.875,4809
2022,59680162B84612216171504,Hong,Adamawa,North East,10.292,12.976,9978,0,77.879,32.934,4.889,43.172,46.069,52.606,30.905,7,70.031,28.823,58.296,38.386,48.875,1.61,49.76,48.15,45.697,4877
2023,59680162B84612216171504,Hong,Adamawa,North East,10.292,12.976,9978,0,95.217,19.75,5.555,59.56,28.787,44.809,19.686,3,70.263,23.018,34.618,20.066,45.697,2.26,46.942,44.678,39.759,4560
2024,59680162B84612216171504,Hong,Adamawa,North East,10.292,12.976,9978,0,78.216,45.472,4.064,53.537,24.857,54.43,16.187,6,66.083,7.597,54.69,22.816,39.759,1.03,40.324,39.297,50.694,3967
2025,59680162B84612216171504,Hong,Adamawa,North East,10.292,12.976,9978,0,71.578,10.418,4.083,61.515,35.095,43.047,22.723,5,68.583,39.197,48.605,27.655,50.694,3.68,52.72,49.037,,5058
2020,59680162B84828583281462,Nganzai,Borno,North East,12.428,13.129,90156,1,85.579,58.873,4.24,63.713,16.145,54.76,17.701,2,64.281,31.124,64.092,9.479,44.106,3.93,46.267,42.339,48.45,39765
2021,59680162B84828583281462,Nganzai,Borno,North East,12.428,13.129,90156,1,90.781,49.627,1.597,54.147,31.358,59.401,32.377,6,78.409,27.113,71.737,27.828,48.45,4.28,50.804,46.523,39.746,43680
2022,59680162B84828583281462,Nganzai,Borno,North East,12.428,13.129,90156,1,86.177,48.999,2.891,56.247,26.806,63.719,24.007,6,66.375,25.506,79.69,23.531,39.746,1.94,40.816,38.871,36.18,35833
2023,59680162B84828583281462,Nganzai,Borno,North East,12.428,13.129,90156,1,74.112,42.396,2.728,67.226,50.62,56.359,24.291,7,52.335,16.822,63.447,17.984,36.18,0.95,36.703,35.752,43.876,32618
2024,59680162B84828583281462,Nganzai,Borno,North East,12.428,13.129,90156,1,74.323,58.392,3.826,67.667,37.557,44.916,21.683,5,70.564,25.553,63.116,14.635,43.876,2.68,45.35,42.67,34.195,39557
2025,59680162B84828583281462,Nganzai,Borno,North East,12.428,13.129,90156,1,88.581,62.302,2.488,63.622,55.421,61.924,21.907,5,50.16,18.732,79.029,24.478,34.195,-1.12,33.58,34.699,,30829
2020,59680162B84830000650933,Ikere,Ekiti,South West,7.51,5.218,65263,1,46.677,89.241,0.2,32.727,66.554,94.187,6.888,0,46.957,0.0,99.0,10.01,4.477,2.69,5.958,3.266,3.513,2922
2021,59680162B84830000650933,Ikere,Ekiti,South West,7.51,5.218,65263,1,60.527,86.127,0.281,37.184,81.996,91.549,2.038,0,47.253,0.0,99.0,21.585,3.513,-1.84,2.499,4.343,14.209,2293
2022,59680162B84830000650933,Ikere,Ekiti,South West,7.51,5.218,65263,1,59.998,99.0,2.977,40.744,64.637,75.321,12.027,1,41.04,0.0,99.0,22.786,14.209,-1.67,13.29,14.961,6.869,9273
2023,59680162B84830000650933,Ikere,Ekiti,South West,7.51,5.218,65263,1,57.213,93.459,0.2,44.085,95.84,85.488,0.58,0,16.606,19.064,91.302,27.458,6.869,0.44,7.109,6.672,17.15,4483
2024,59680162B84830000650933,Ikere,Ekiti,South West,7.51,5.218,65263,1,54.824,94.216,0.499,50.939,92.242,98.572,6.093,2,30.156,18.04,92.903,39.643,17.15,0.29,17.309,17.02,0.8,11193
2025,59680162B84830000650933,Ikere,Ekiti,South West,7.51,5.218,65263,1,49.289,99.0,1.164,37.659,99.0,99.0,9.266,0,27.971,3.531,99.0,26.792,0.8,-2.36,0.5,1.862,,522
2020,59680162B85175001165051,Bwari,FCT,North Central,9.206,7.455,25067,0,72.301,52.963,1.659,51.213,57.848,53.717,29.058,0,38.102,16.685,78.832,17.828,35.885,0.55,36.188,35.638,34.359,8995
2021,59680162B85175001165051,Bwari,FCT,North Central,9.206,7.455,25067,0,78.666,51.675,1.044,36.778,51.185,64.678,3.679,4,60.661,24.079,91.064,23.455,34.359,3.11,36.071,32.958,38.78,8613
2022,59680162B85175001165051,Bwari,FCT,North Central,9.206,7.455,25067,0,79.326,57.195,2.962,27.284,25.921,62.107,24.273,2,33.043,0.921,73.231,33.228,38.78,3.19,40.536,37.344,25.374,9721
2023,59680162B85175001165051,Bwari,FCT,North Central,9.206,7.455,25067,0,73.635,57.889,3.178,45.256,24.569,67.293,21.637,2,29.266,0.0,64.192,16.418,25.374,-0.17,25.282,25.45,34.88,6361
2024,59680162B85175001165051,Bwari,FCT,North Central,9.206,7.455,25067,0,81.687,51.59,2.146,42.027,58.89,55.889,13.344,1,60.603,9.103,61.569,24.475,34.88,-1.15,34.247,35.398,31.477,8743
2025,59680162B85175001165051,Bwari,FCT,North Central,9.206,7.455,25067,0,69.902,66.639,0.885,20.204,32.712,61.0,15.161,2,49.36,11.569,58.597,32.453,31.477,2.61,32.912,30.302,,7890
2020,59680162B85189896765318,Ikwerre,Rivers,South South,5.084,6.864,29392,1,58.553,81.794,0.604,51.809,70.792,99.0,3.647,3,52.182,6.991,89.121,34.552,11.581,-2.18,10.381,12.563,15.895,3404
2021,59680162B85189896765318,Ikwerre,Rivers,South South,5.084,6.864,29392,1,66.248,99.0,1.17,51.255,63.562,87.637,10.477,4,65.764,0.0,85.919,27.581,15.895,-3.0,14.245,17.245,9.404,4672
2022,59680162B85189896765318,Ikwerre,Rivers,South South,5.084,6.864,29392,1,65.301,82.009,2.172,42.277,65.824,91.737,5.416,0,45.177,11.539,58.654,20.373,9.404,-0.13,9.335,9.461,13.226,2764
2023,59680162B85189896765318,Ikwerre,Rivers,South South,5.084,6.864,29392,1,61.854,88.993,1.153,56.697,82.843,76.372,9.48,0,49.923,0.0,89.923,32.957,13.226,-0.0,13.225,13.227,0.8,3887
2024,59680162B85189896765318,Ikwerre,Rivers,South South,5.084,6.864,29392,1,55.556,99.0,1.059,27.409,85.209,89.271,1.496,0,53.488,0.0,99.0,24.584,0.8,-2.06,0.5,1.728,8.418,235
2025,59680162B85189896765318,Ikwerre,Rivers,South South,5.084,6.864,29392,1,63.296,80.236,2.988,38.142,90.141,64.993,12.853,0,52.164,0.0,99.0,26.86,8.418,-1.81,7.422,9.233,,2474
2020,59680162B85303802109421,Gurara,Niger,North Central,9.355,6.974,12322,0,81.924,41.773,4.967,50.309,66.908,50.677,11.059,1,34.529,12.718,74.499,34.856,30.921,2.03,32.036,30.009,37.707,3810
2021,59680162B85303802109421,Gurara,Niger,North Central,9.355,6.974,12322,0,75.962,49.644,4.756,45.309,63.174,43.781,25.597,0,57.134,11.848,62.771,17.396,37.707,1.01,38.264,37.252,37.402,4646
2022,59680162B85303802109421,Gurara,Niger,North Central,9.355,6.974,12322,0,71.874,53.966,2.123,47.385,31.349,51.839,32.083,3,37.78,14.124,67.464,24.37,37.402,2.53,38.794,36.264,22.975,4609
2023,59680162B85303802109421,Gurara,Niger,North Central,9.355,6.974,12322,0,65.453,57.425,2.705,47.168,41.229,70.532,34.784,3,35.205,8.865,68.034,29.632,22.975,-0.43,22.737,23.169,34.12,2831
2024,59680162B85303802109421,Gurara,Niger,North Central,9.355,6.974,12322,0,73.606,62.457,3.6,41.535,45.045,65.852,28.91,0,43.34,4.915,72.923,40.934,34.12,1.38,34.877,33.5,24.377,4204
2025,59680162B85303802109421,Gurara,Niger,North Central,9.355,6.974,12322,0,68.863,52.059,2.631,44.507,35.078,64.706,16.572,3,41.253,9.353,60.284,23.554,24.377,0.55,24.677,24.131,,3004
2020,59680162B85361781814064,Ona Ara,Oyo,South West,7.254,4.057,23413,1,53.095,85.21,1.235,30.495,94.981,99.0,18.172,0,39.829,0.0,95.268,17.206,5.095,-1.71,4.152,5.866,0.8,1193
2021,59680162B85361781814064,Ona Ara,Oyo,South West,7.254,4.057,23413,1,57.121,74.362,0.483,38.831,62.758,99.0,0.826,1,37.998,0.0,99.0,21.065,0.8,1.09,1.398,0.311,7.097,187
2022,59680162B85361781814064,Ona Ara,Oyo,South West,7.254,4.057,23413,1,53.63,72.547,0.752,43.069,61.949,99.0,4.92,0,46.801,11.395,84.048,22.091,7.097,-2.82,5.545,8.366,19.917,1662
2023,59680162B85361781814064,Ona Ara,Oyo,South West,7.254,4.057,23413,1,47.234,71.882,3.053,32.645,82.091,99.0,16.467,1,54.297,1.655,88.828,19.382,19.917,-0.18,19.815,20.0,2.537,4663
2024,59680162B85361781814064,Ona Ara,Oyo,South West,7.254,4.057,23413,1,47.049,98.927,0.2,27.541,74.932,97.309,2.237,1,25.911,0.0,90.981,22.236,2.537,-2.25,1.299,3.551,3.301,594
2025,59680162B85361781814064,Ona Ara,Oyo,South West,7.254,4.057,23413,1,54.029,91.885,1.523,44.656,83.45,99.0,3.636,1,59.229,0.0,99.0,28.289,3.301,-1.6,2.42,4.023,,773
2020,59680162B85415328791745,Batsari,Katsina,North West,12.837,7.267,35140,0,88.842,36.691,3.956,72.038,28.244,10.628,28.918,2,50.24,50.091,46.644,14.73,55.616,2.51,56.995,54.488,56.209,19544
2021,59680162B85415328791745,Batsari,Katsina,North West,12.837,7.267,35140,0,88.683,28.889,4.443,64.649,16.608,39.823,43.177,1,72.527,40.689,54.194,7.973,56.209,2.36,57.508,55.147,47.905,19752
2022,59680162B85415328791745,Batsari,Katsina,North West,12.837,7.267,35140,0,81.726,24.779,3.873,61.321,18.564,37.835,35.182,5,64.412,9.001,55.036,25.946,47.905,1.71,48.848,47.134,39.305,16834
2023,59680162B85415328791745,Batsari,Katsina,North West,12.837,7.267,35140,0,84.441,40.267,4.279,49.893,45.692,65.934,26.395,1,41.588,27.949,43.478,19.331,39.305,0.18,39.402,39.225,52.839,13812
2024,59680162B85415328791745,Batsari,Katsina,North West,12.837,7.267,35140,0,92.507,30.588,3.152,51.037,42.569,33.481,39.771,1,71.111,49.453,33.897,13.52,52.839,4.15,55.119,50.974,53.662,18568
2025,59680162B85415328791745,Batsari,Katsina,North West,12.837,7.267,35140,0,87.253,26.811,3.52,80.105,17.806,48.25,38.384,2,68.797,35.645,49.219,15.409,53.662,2.33,54.943,52.614,,18857
2020,59680162B85493721249292,Shinkafi,Zamfara,North West,13.039,6.368,52244,0,86.442,34.477,5.541,69.032,34.82,58.106,42.09,3,69.226,22.861,55.019,9.876,57.998,2.7,59.485,56.781,46.591,30300
2021,59680162B85493721249292,Shinkafi,Zamfara,North West,13.039,6.368,52244,0,87.923,33.274,3.678,74.562,12.709,40.07,39.987,1,60.374,15.368,74.03,12.526,46.591,1.0,47.139,46.143,58.553,24341
2022,59680162B85493721249292,Shinkafi,Zamfara,North West,13.039,6.368,52244,0,85.556,25.563,5.321,72.227,11.672,9.046,18.589,2,67.757,45.487,38.987,19.049,58.553,3.45,60.451,57.0,47.805,30590
2023,59680162B85493721249292,Shinkafi,Zamfara,North West,13.039,6.368,52244,0,87.031,28.585,3.844,62.265,47.27,52.05,37.869,1,52.226,29.303,58.127,22.378,47.805,0.96,48.332,47.374,59.224,24975
2024,59680162B85493721249292,Shinkafi,Zamfara,North West,13.039,6.368,52244,0,90.692,49.901,6.388,60.341,13.438,43.445,35.415,2,27.639,46.385,31.748,17.419,59.224,1.84,60.234,58.397,54.031,30941
2025,59680162B85493721249292,Shinkafi,Zamfara,North West,13.039,6.368,52244,0,86.279,24.398,5.457,48.81,16.469,43.573,35.82,3,75.949,20.059,40.509,17.933,54.031,-0.42,53.8,54.22,,28228
2020,59680162B85522063023223,Ningi,Bauchi,North East,11.026,9.205,69346,0,81.639,44.195,5.614,50.255,16.794,49.166,29.42,3,64.892,34.708,45.379,11.444,45.62,-0.24,45.488,45.729,51.452,31636
2021,59680162B85522063023223,Ningi,Bauchi,North East,11.026,9.205,69346,0,86.108,51.498,3.225,75.21,27.634,49.127,34.651,8,77.981,47.693,49.613,43.681,51.452,1.27,52.153,50.879,57.904,35680
2022,59680162B85522063023223,Ningi,Bauchi,North East,11.026,9.205,69346,0,98.087,46.951,3.094,56.287,33.132,33.926,26.807,6,94.556,27.859,33.431,17.952,57.904,2.15,59.086,56.937,45.74,40154
2023,59680162B85522063023223,Ningi,Bauchi,North East,11.026,9.205,69346,0,89.434,46.494,2.258,52.922,57.645,32.232,32.554,2,73.102,40.68,62.296,18.401,45.74,1.28,46.446,45.164,41.191,31719
2024,59680162B85522063023223,Ningi,Bauchi,North East,11.026,9.205,69346,0,86.804,53.862,4.392,70.924,33.484,33.399,19.541,5,71.579,22.828,23.105,22.941,41.191,2.95,42.816,39.861,45.99,28564
2025,59680162B85522063023223,Ningi,Bauchi,North East,11.026,9.205,69346,0,93.453,39.59,4.535,58.849,47.265,40.824,24.875,6,95.739,18.03,51.222,20.514,45.99,2.1,47.147,45.044,,31892
2020,59680162B85769693016783,Shanga,Kebbi,North West,11.199,4.607,90550,0,81.931,34.27,4.183,62.113,25.123,61.046,21.923,0,39.065,27.788,57.076,12.026,43.622,-1.64,42.718,44.362,50.645,39500
2021,59680162B85769693016783,Shanga,Kebbi,North West,11.199,4.607,90550,0,90.285,23.103,3.471,57.888,37.475,43.507,38.627,3,47.194,42.279,42.031,8.608,50.645,4.33,53.026,48.698,42.86,45859
2022,59680162B85769693016783,Shanga,Kebbi,North West,11.199,4.607,90550,0,95.612,35.872,4.104,52.57,32.216,46.455,30.047,1,62.98,31.045,25.933,19.796,42.86,2.77,44.381,41.616,54.218,38810
2023,59680162B85769693016783,Shanga,Kebbi,North West,11.199,4.607,90550,0,95.209,37.355,4.011,65.607,20.505,45.129,33.277,2,54.166,18.894,31.786,13.281,54.218,2.63,55.664,53.036,43.424,49095
2024,59680162B85769693016783,Shanga,Kebbi,North West,11.199,4.607,90550,0,90.311,43.907,3.724,73.872,20.655,59.339,30.238,2,56.217,35.905,45.909,16.16,43.424,-0.43,43.187,43.618,52.088,39320
2025,59680162B85769693016783,Shanga,Kebbi,North West,11.199,4.607,90550,0,96.125,40.18,6.776,75.911,27.203,41.606,27.172,2,57.074,28.155,59.594,16.364,52.088,0.68,52.462,51.783,,47166
2020,59680162B86026568122675,Isi-Uzo,Enugu,South East,6.731,7.734,30387,0,62.325,91.039,1.877,49.957,68.268,72.906,13.831,0,22.662,6.519,72.47,32.845,16.063,0.27,16.213,15.94,5.278,4881
2021,59680162B86026568122675,Isi-Uzo,Enugu,South East,6.731,7.734,30387,0,67.098,93.153,2.13,41.76,81.738,80.466,3.525,0,50.772,0.0,96.6,11.752,5.278,-0.01,5.274,5.281,16.693,1604
2022,59680162B86026568122675,Isi-Uzo,Enugu,South East,6.731,7.734,30387,0,71.21,90.642,1.817,38.7,97.065,87.452,4.394,1,44.646,0.0,92.32,19.11,16.693,-0.43,16.454,16.888,11.177,5072
2023,59680162B86026568122675,Isi-Uzo,Enugu,South East,6.731,7.734,30387,0,68.709,96.655,2.73,37.281,59.99,94.863,2.764,1,29.028,0.0,95.562,50.345,11.177,-1.06,10.592,11.655,11.294,3396
2024,59680162B86026568122675,Isi-Uzo,Enugu,South East,6.731,7.734,30387,0,64.344,80.106,0.673,45.757,83.564,84.407,10.357,0,15.914,3.865,99.0,12.209,11.294,-2.22,10.075,12.291,10.767,3432
2025,59680162B86026568122675,Isi-Uzo,Enugu,South East,6.731,7.734,30387,0,69.133,90.455,0.962,22.34,76.715,82.097,8.91,0,25.348,0.0,82.373,34.983,10.767,0.5,11.042,10.542,,3272
2020,59680162B86061563506110,Odo Otin,Osun,South West,8.017,4.685,86092,1,56.284,97.134,0.2,33.719,86.967,99.0,6.911,0,27.511,5.681,99.0,16.688,2.855,-3.0,1.205,4.205,4.965,2458
2021,59680162B86061563506110,Odo Otin,Osun,South West,8.017,4.685,86092,1,51.251,95.252,3.172,42.282,72.145,99.0,9.528,1,56.109,13.376,99.0,41.001,4.965,-0.16,4.876,5.037,3.481,4274
2022,59680162B86061563506110,Odo Otin,Osun,South West,8.017,4.685,86092,1,50.579,99.0,2.535,38.955,93.138,99.0,14.725,1,42.276,0.916,99.0,25.375,3.481,-3.0,1.831,4.831,4.323,2997
2023,59680162B86061563506110,Odo Otin,Osun,South West,8.017,4.685,86092,1,61.024,93.756,0.2,31.816,87.049,86.446,7.18,0,39.054,0.0,99.0,23.656,4.323,-1.38,3.562,4.945,13.712,3721
2024,59680162B86061563506110,Odo Otin,Osun,South West,8.017,4.685,86092,1,68.915,93.136,0.383,39.681,73.807,79.325,19.635,0,45.534,0.0,89.562,19.649,13.712,-0.47,13.455,13.922,4.955,11805
2025,59680162B86061563506110,Odo Otin,Osun,South West,8.017,4.685,86092,1,43.731,93.465,0.343,57.719,99.0,89.897,6.857,2,35.794,17.118,91.163,21.794,4.955,-1.74,3.999,5.737,,4266
2020,59680162B86116731035265,Gassol,Taraba,North East,8.489,10.57,45153,1,79.37,64.391,2.477,66.838,45.529,48.629,22.517,6,52.742,21.113,69.715,13.876,38.472,2.67,39.939,37.271,45.781,17371
2021,59680162B86116731035265,Gassol,Taraba,North East,8.489,10.57,45153,1,76.665,42.455,5.413,52.689,50.365,53.452,15.202,4,72.364,22.862,65.588,13.852,45.781,-1.17,45.136,46.308,35.851,20671
2022,59680162B86116731035265,Gassol,Taraba,North East,8.489,10.57,45153,1,78.268,45.651,1.211,51.356,45.196,58.62,26.585,3,70.172,14.727,68.458,23.529,35.851,0.96,36.381,35.418,41.391,16188
2023,59680162B86116731035265,Gassol,Taraba,North East,8.489,10.57,45153,1,86.114,44.012,4.027,63.408,42.552,64.396,25.206,5,62.806,15.918,58.531,15.298,41.391,2.16,42.581,40.417,34.911,18689
2024,59680162B86116731035265,Gassol,Taraba,North East,8.489,10.57,45153,1,77.426,52.303,1.807,60.133,36.076,37.189,16.665,2,55.863,34.052,52.057,15.742,34.911,0.26,35.054,34.795,40.782,15763
2025,59680162B86116731035265,Gassol,Taraba,North East,8.489,10.57,45153,1,84.984,47.287,1.366,58.612,39.535,65.086,23.504,8,70.051,27.573,57.49,21.64,40.782,-0.04,40.758,40.801,,18414
2020,59680162B86155479852967,Dikwa,Borno,North East,11.96,14.078,12664,1,91.286,54.838,5.829,62.638,33.376,70.909,22.76,3,68.595,14.252,58.948,17.338,47.631,2.66,49.094,46.435,43.615,6032
2021,59680162B86155479852967,Dikwa,Borno,North East,11.96,14.078,12664,1,70.869,41.034,1.776,77.341,29.045,52.864,21.471,10,81.634,14.26,53.131,12.835,43.615,2.38,44.924,42.543,29.6,5523
2022,59680162B86155479852967,Dikwa,Borno,North East,11.96,14.078,12664,1,84.799,50.92,1.905,56.439,59.026,67.445,21.512,4,69.313,22.282,64.393,14.536,29.6,-1.83,28.591,30.425,39.617,3748
2023,59680162B86155479852967,Dikwa,Borno,North East,11.96,14.078,12664,1,76.543,34.341,1.765,55.859,39.195,45.783,20.524,6,56.65,28.04,71.033,18.819,39.617,2.28,40.869,38.593,38.632,5017
2024,59680162B86155479852967,Dikwa,Borno,North East,11.96,14.078,12664,1,88.524,53.251,1.397,61.003,54.647,61.725,22.227,3,69.042,19.59,49.854,26.145,38.632,-1.29,37.921,39.214,34.26,4892
2025,59680162B86155479852967,Dikwa,Borno,North East,11.96,14.078,12664,1,69.905,65.384,3.087,54.904,56.473,50.377,9.455,5,70.928,20.528,57.045,30.399,34.26,0.78,34.688,33.91,,4339
2020,59680162B86291828303656,Bade,Yobe,North East,12.788,10.655,91832,0,92.486,33.444,8.172,58.972,20.247,50.826,29.269,4,50.938,25.824,24.281,14.978,61.052,1.06,61.635,60.575,47.156,56065
2021,59680162B86291828303656,Bade,Yobe,North East,12.788,10.655,91832,0,76.582,46.542,4.195,57.564,29.411,40.066,36.3,5,62.529,20.081,43.249,8.321,47.156,2.51,48.536,46.028,44.833,43305
2022,59680162B86291828303656,Bade,Yobe,North East,12.788,10.655,91832,0,76.943,39.136,4.976,49.491,44.256,50.73,39.145,5,52.693,19.669,55.167,15.583,44.833,4.53,47.325,42.795,47.689,41171
2023,59680162B86291828303656,Bade,Yobe,North East,12.788,10.655,91832,0,94.418,46.379,3.005,43.314,27.903,73.777,34.249,4,51.682,25.69,45.771,20.433,47.689,0.24,47.818,47.583,53.344,43793
2024,59680162B86291828303656,Bade,Yobe,North East,12.788,10.655,91832,0,88.209,37.084,5.968,58.467,24.823,29.033,15.322,4,75.802,26.357,56.89,15.437,53.344,2.49,54.713,52.224,39.99,48987
2025,59680162B86291828303656,Bade,Yobe,North East,12.788,10.655,91832,0,91.532,41.272,2.604,42.777,46.038,23.609,18.253,6,54.503,25.111,75.413,33.647,39.99,5.07,42.778,37.709,,36724
2020,59680162B86357482908219,Lafia,Nasarawa,North Central,8.714,8.789,32221,0,78.021,86.559,3.962,30.504,44.843,51.809,26.535,3,42.213,23.271,64.806,10.148,38.478,2.77,40.003,37.231,31.189,12398
2021,59680162B86357482908219,Lafia,Nasarawa,North Central,8.714,8.789,32221,0,76.021,60.648,3.684,44.372,48.903,38.01,20.845,2,60.14,5.83,66.111,9.127,31.189,0.51,31.47,30.96,28.341,10049
2022,59680162B86357482908219,Lafia,Nasarawa,North Central,8.714,8.789,32221,0,73.778,65.603,2.019,22.605,52.467,46.485,19.815,4,61.138,12.072,42.006,19.553,28.341,-0.19,28.236,28.427,28.271,9132
2023,59680162B86357482908219,Lafia,Nasarawa,North Central,8.714,8.789,32221,0,65.025,57.38,2.673,62.421,65.604,64.597,13.662,0,33.163,6.774,65.854,15.951,28.271,-0.18,28.172,28.351,28.441,9109
2024,59680162B86357482908219,Lafia,Nasarawa,North Central,8.714,8.789,32221,0,72.83,51.252,1.075,49.938,67.906,57.39,22.351,3,40.811,16.832,67.734,27.538,28.441,0.71,28.833,28.12,26.083,9164
2025,59680162B86357482908219,Lafia,Nasarawa,North Central,8.714,8.789,32221,0,71.165,59.507,2.303,46.839,55.966,59.054,12.422,1,50.379,4.678,47.118,31.626,26.083,0.6,26.412,25.814,,8404
2020,59680162B86414227144381,Buji,Jigawa,North West,11.546,9.729,50881,0,88.726,33.207,7.04,57.363,35.935,29.07,35.536,4,44.982,35.841,36.893,11.903,55.507,2.44,56.847,54.411,48.592,28243
2021,59680162B86414227144381,Buji,Jigawa,North West,11.546,9.729,50881,0,88.675,40.877,5.412,56.783,23.852,44.177,38.468,4,57.708,35.4,42.557,11.61,48.592,2.6,50.024,47.42,45.93,24724
2022,59680162B86414227144381,Buji,Jigawa,North West,11.546,9.729,50881,0,84.664,23.228,5.421,62.291,26.741,49.238,22.129,2,65.259,30.202,53.771,12.223,45.93,0.92,46.438,45.514,51.52,23370
2023,59680162B86414227144381,Buji,Jigawa,North West,11.546,9.729,50881,0,93.335,36.366,4.411,54.166,37.238,52.892,42.046,1,55.456,53.522,58.557,15.577,51.52,2.77,53.044,50.272,51.098,26214
2024,59680162B86414227144381,Buji,Jigawa,North West,11.546,9.729,50881,0,85.993,39.752,4.957,62.032,17.974,49.163,34.607,2,70.896,24.05,41.608,19.36,51.098,1.84,52.11,50.27,43.161,25999
2025,59680162B86414227144381,Buji,Jigawa,North West,11.546,9.729,50881,0,89.101,26.129,3.04,50.341,36.656,39.731,30.174,0,58.882,30.409,53.64,23.749,43.161,-0.66,42.797,43.46,,21961
2020,59680162B86980115162892,Bekwarra,Cross River,South South,6.71,8.892,120704,1,62.74,92.378,1.683,48.106,72.172,75.096,30.259,2,44.618,6.285,83.206,13.309,22.009,-2.54,20.612,23.153,12.522,26566
2021,59680162B86980115162892,Bekwarra,Cross River,South South,6.71,8.892,120704,1,58.997,94.704,1.221,53.224,55.551,66.282,15.332,0,70.875,0.0,93.83,25.542,12.522,-1.16,11.884,13.044,16.317,15114
2022,59680162B86980115162892,Bekwarra,Cross River,South South,6.71,8.892,120704,1,65.491,99.0,1.898,46.135,72.65,74.017,13.371,3,50.034,0.0,91.746,41.981,16.317,-3.0,14.667,17.667,6.18,19695
2023,59680162B86980115162892,Bekwarra,Cross River,South South,6.71,8.892,120704,1,49.036,87.143,2.365,50.531,84.164,78.856,7.409,0,44.993,0.0,78.698,21.125,6.18,-0.77,5.757,6.525,7.504,7459
2024,59680162B86980115162892,Bekwarra,Cross River,South South,6.71,8.892,120704,1,66.974,96.364,0.2,43.225,69.266,72.82,20.949,2,55.966,0.0,87.283,12.932,7.504,-1.43,6.715,8.149,22.373,9058
2025,59680162B86980115162892,Bekwarra,Cross River,South South,6.71,8.892,120704,1,66.841,92.759,2.153,46.075,52.165,82.132,11.288,0,72.365,0.0,81.485,15.498,22.373,-0.52,22.087,22.607,,27005
2020,59680162B87049040782715,Isiala-Ngwa North,Abia,South East,5.382,7.418,36315,1,55.958,81.237,1.039,31.052,77.738,75.996,3.567,1,25.364,0.0,77.347,22.465,18.707,0.19,18.813,18.621,5.221,6793
2021,59680162B87049040782715,Isiala-Ngwa North,Abia,South East,5.382,7.418,36315,1,57.325,99.0,2.032,37.949,87.11,87.57,2.947,1,28.343,0.0,91.849,32.025,5.221,-0.58,4.903,5.481,13.485,1896
2022,59680162B87049040782715,Isiala-Ngwa North,Abia,South East,5.382,7.418,36315,1,51.113,87.523,0.516,52.707,67.986,99.0,2.686,0,31.74,4.754,99.0,25.224,13.485,-2.95,11.861,14.814,3.447,4897
2023,59680162B87049040782715,Isiala-Ngwa North,Abia,South East,5.382,7.418,36315,1,60.81,99.0,0.2,27.789,84.444,99.0,0.5,0,37.287,0.0,86.469,25.521,3.447,-1.69,2.519,4.206,0.8,1252
2024,59680162B87049040782715,Isiala-Ngwa North,Abia,South East,5.382,7.418,36315,1,52.529,94.861,0.78,24.242,79.454,71.322,0.5,0,24.779,0.0,95.336,32.846,0.8,-2.31,0.5,1.841,2.337,291
2025,59680162B87049040782715,Isiala-Ngwa North,Abia,South East,5.382,7.418,36315,1,47.859,96.129,0.742,24.878,84.694,99.0,11.952,0,42.801,0.159,83.769,57.103,2.337,-0.72,1.943,2.659,,849
2020,59680162B87154562016330,Rimi,Katsina,North West,12.89,7.714,25626,0,90.07,24.104,4.341,68.647,32.594,37.111,32.473,2,67.84,22.534,36.048,9.265,48.119,2.21,49.335,47.125,49.574,12331
2021,59680162B87154562016330,Rimi,Katsina,North West,12.89,7.714,25626,0,92.713,46.078,4.259,84.011,34.305,44.365,36.465,2,71.346,36.915,27.243,11.937,49.574,0.51,49.857,49.343,51.788,12704
2022,59680162B87154562016330,Rimi,Katsina,North West,12.89,7.714,25626,0,82.708,38.33,3.275,55.004,34.125,45.602,31.977,2,60.43,54.56,51.456,20.952,51.788,4.23,54.112,49.887,48.298,13271
2023,59680162B87154562016330,Rimi,Katsina,North West,12.89,7.714,25626,0,92.08,35.016,3.946,69.691,39.451,54.57,26.389,0,65.088,27.446,44.595,15.051,48.298,2.05,49.424,47.376,47.274,12377
2024,59680162B87154562016330,Rimi,Katsina,North West,12.89,7.714,25626,0,89.038,52.434,5.147,62.033,24.393,35.586,34.981,1,57.586,41.263,48.68,60.516,47.274,2.73,48.773,46.047,48.943,12114
2025,59680162B87154562016330,Rimi,Katsina,North West,12.89,7.714,25626,0,89.91,31.788,4.453,32.785,50.663,37.183,25.665,2,69.71,34.627,65.752,21.275,48.943,2.98,50.581,47.604,,12542
2020,59680162B87230656090923,Ika,Akwa Ibom,South South,5.024,7.554,58920,0,68.734,64.61,2.835,59.458,69.302,81.684,11.562,0,41.833,12.109,47.915,15.982,21.442,-0.45,21.197,21.643,21.074,12634
2021,59680162B87230656090923,Ika,Akwa Ibom,South South,5.024,7.554,58920,0,80.954,79.018,2.142,42.084,73.928,74.362,30.604,2,50.999,0.0,70.531,29.629,21.074,-0.97,20.538,21.512,23.58,12417
2022,59680162B87230656090923,Ika,Akwa Ibom,South South,5.024,7.554,58920,0,74.492,88.072,3.833,23.785,45.908,85.323,10.183,1,57.569,0.0,60.604,34.046,23.58,1.33,24.311,22.982,25.905,13893
2023,59680162B87230656090923,Ika,Akwa Ibom,South South,5.024,7.554,58920,0,83.45,84.31,3.52,39.099,64.624,73.676,18.374,1,61.57,15.359,77.652,26.163,25.905,-1.97,24.822,26.792,8.002,15263
2024,59680162B87230656090923,Ika,Akwa Ibom,South South,5.024,7.554,58920,0,64.764,76.291,1.008,49.808,74.424,55.238,11.017,0,40.719,0.0,90.058,30.735,8.002,-2.61,6.567,9.176,22.731,4715
2025,59680162B87230656090923,Ika,Akwa Ibom,South South,5.024,7.554,58920,0,67.741,78.997,2.392,41.676,62.988,83.224,16.197,2,67.94,0.0,42.49,16.391,22.731,-0.0,22.73,22.733,,13393
2020,59680162B87284296025200,Ngaski,Kebbi,North West,10.576,4.712,46460,0,88.506,53.116,6.848,49.012,17.615,18.261,34.2,0,51.029,38.975,71.914,22.46,60.865,-1.25,60.176,61.429,51.168,28278
2021,59680162B87284296025200,Ngaski,Kebbi,North West,10.576,4.712,46460,0,83.892,32.479,6.727,60.235,37.749,35.976,38.657,3,74.098,32.872,32.489,9.007,51.168,1.22,51.841,50.618,49.589,23773
2022,59680162B87284296025200,Ngaski,Kebbi,North West,10.576,4.712,46460,0,97.775,34.726,4.577,48.052,46.97,54.523,31.485,3,70.772,33.076,44.199,21.36,49.589,-1.54,48.741,50.282,52.681,23039
2023,59680162B87284296025200,Ngaski,Kebbi,North West,10.576,4.712,46460,0,89.65,48.481,4.982,55.859,18.885,45.696,41.483,2,50.87,31.463,68.44,16.685,52.681,0.24,52.814,52.572,46.263,24476
2024,59680162B87284296025200,Ngaski,Kebbi,North West,10.576,4.712,46460,0,85.09,31.0,4.901,66.726,42.794,59.172,21.633,1,62.015,24.179,48.25,30.531,46.263,1.41,47.038,45.629,44.483,21494
2025,59680162B87284296025200,Ngaski,Kebbi,North West,10.576,4.712,46460,0,85.574,38.815,3.484,61.386,39.103,20.506,33.914,0,76.372,36.889,32.973,25.033,44.483,-0.31,44.314,44.621,,20667
2020,59680162B87372052025364,Maradun,Zamfara,North West,12.713,6.326,132250,0,93.411,42.518,3.411,65.496,13.453,45.153,27.871,4,66.743,39.704,33.293,12.375,53.477,2.72,54.974,52.253,46.607,70723
2021,59680162B87372052025364,Maradun,Zamfara,North West,12.713,6.326,132250,0,96.053,37.98,3.862,66.089,34.637,49.308,35.9,3,73.513,39.848,43.485,17.61,46.607,-0.67,46.238,46.908,52.306,61638
2022,59680162B87372052025364,Maradun,Zamfara,North West,12.713,6.326,132250,0,81.998,35.081,4.303,73.429,7.825,37.768,29.262,4,70.819,29.668,50.571,37.387,52.306,2.01,53.412,51.401,48.135,69175
2023,59680162B87372052025364,Maradun,Zamfara,North West,12.713,6.326,132250,0,84.562,19.901,5.133,69.242,38.566,48.858,33.728,3,47.378,33.722,54.978,42.192,48.135,0.96,48.664,47.701,47.368,63658
2024,59680162B87372052025364,Maradun,Zamfara,North West,12.713,6.326,132250,0,94.402,35.059,4.852,62.059,46.219,29.765,31.264,2,77.139,23.883,36.561,11.555,47.368,2.45,48.714,46.266,34.449,62644
2025,59680162B87372052025364,Maradun,Zamfara,North West,12.713,6.326,132250,0,81.878,38.107,3.923,62.986,42.637,39.653,14.951,0,62.62,25.195,35.717,19.876,34.449,3.85,36.565,32.717,,45558
2020,59680162B87442417129591,Ini,Akwa Ibom,South South,5.403,7.751,74388,1,70.935,84.592,0.2,30.507,65.236,82.239,13.033,0,53.185,0.0,95.501,16.246,12.589,-0.52,12.302,12.823,20.103,9365
2021,59680162B87442417129591,Ini,Akwa Ibom,South South,5.403,7.751,74388,1,71.595,89.48,0.947,41.413,47.492,64.837,21.574,0,59.359,0.0,87.26,38.473,20.103,0.78,20.531,19.752,15.528,14954
2022,59680162B87442417129591,Ini,Akwa Ibom,South South,5.403,7.751,74388,1,62.456,82.932,2.891,41.184,75.087,93.805,12.09,3,52.71,0.0,76.569,24.794,15.528,-1.33,14.796,16.126,14.433,11551
2023,59680162B87442417129591,Ini,Akwa Ibom,South South,5.403,7.751,74388,1,55.067,95.263,2.83,46.514,62.935,72.365,2.406,1,56.906,0.0,88.512,21.719,14.433,-3.0,12.783,15.783,10.793,10736
2024,59680162B87442417129591,Ini,Akwa Ibom,South South,5.403,7.751,74388,1,60.631,93.211,0.2,51.235,70.048,66.272,15.313,0,62.336,0.0,90.723,17.741,10.793,-2.19,9.586,11.781,6.379,8029
2025,59680162B87442417129591,Ini,Akwa Ibom,South South,5.403,7.751,74388,1,49.405,99.0,0.673,44.33,83.635,91.974,13.677,1,56.211,3.166,95.945,21.988,6.379,-2.57,4.965,7.536,,4745
2020,59680162B87534880716336,Gashaka,Taraba,North East,7.497,11.342,34442,0,91.576,28.753,4.27,52.435,22.405,68.565,26.141,9,58.08,37.985,53.3,8.877,52.556,0.9,53.053,52.149,55.846,18101
2021,59680162B87534880716336,Gashaka,Taraba,North East,7.497,11.342,34442,0,96.98,51.409,5.229,54.763,53.241,32.899,27.219,2,82.307,14.735,54.451,18.979,55.846,4.23,58.174,53.941,52.028,19235
2022,59680162B87534880716336,Gashaka,Taraba,North East,7.497,11.342,34442,0,90.433,27.958,2.787,60.486,20.834,41.961,36.163,5,55.987,17.48,63.749,22.038,52.028,2.29,53.29,50.995,53.03,17919
2023,59680162B87534880716336,Gashaka,Taraba,North East,7.497,11.342,34442,0,74.062,39.459,5.556,49.585,42.53,39.765,35.262,8,53.717,20.832,31.713,13.764,53.03,1.68,53.956,52.272,52.857,18265
2024,59680162B87534880716336,Gashaka,Taraba,North East,7.497,11.342,34442,0,88.507,60.54,5.574,53.17,41.298,31.944,22.589,9,74.155,31.05,39.793,20.107,52.857,2.52,54.243,51.723,52.921,18205
2025,59680162B87534880716336,Gashaka,Taraba,North East,7.497,11.342,34442,0,90.323,28.139,1.676,49.519,36.284,41.843,31.785,6,63.191,28.925,22.047,35.126,52.921,-0.47,52.66,53.134,,18227
2020,59680162B87556890682936,Doma,Nasarawa,North Central,8.134,8.257,28854,0,87.401,71.479,3.894,43.316,54.538,40.165,20.717,4,46.483,1.623,57.995,24.533,31.936,-0.45,31.686,32.14,34.384,9215
2021,59680162B87556890682936,Doma,Nasarawa,North Central,8.134,8.257,28854,0,60.789,58.245,3.588,39.661,40.244,58.015,28.004,2,51.734,18.085,65.487,10.698,34.384,2.64,35.833,33.197,30.076,9921
2022,59680162B87556890682936,Doma,Nasarawa,North Central,8.134,8.257,28854,0,81.769,67.126,3.165,35.534,44.682,72.038,28.381,0,42.119,0.0,65.914,14.906,30.076,-0.12,30.011,30.13,29.052,8678
2023,59680162B87556890682936,Doma,Nasarawa,North Central,8.134,8.257,28854,0,71.625,63.999,3.813,49.126,51.832,68.895,12.279,1,44.896,18.021,65.961,33.086,29.052,-0.31,28.882,29.192,32.113,8383
2024,59680162B87556890682936,Doma,Nasarawa,North Central,8.134,8.257,28854,0,76.897,81.96,3.147,45.427,30.412,56.336,32.643,1,37.567,0.0,75.657,23.483,32.113,-1.66,31.2,32.859,33.221,9266
2025,59680162B87556890682936,Doma,Nasarawa,North Central,8.134,8.257,28854,0,75.49,67.572,3.536,44.185,56.446,66.041,19.958,3,42.525,12.732,69.881,26.95,33.221,3.31,35.041,31.731,,9585
2020,59680162B87731060313783,Sumaila,Kano,North West,11.256,8.862,10685,1,78.124,46.772,5.874,60.072,28.87,34.506,33.168,1,50.563,26.741,44.081,12.417,45.742,-0.08,45.697,45.778,32.612,4888
2021,59680162B87731060313783,Sumaila,Kano,North West,11.256,8.862,10685,1,76.157,55.592,1.293,67.329,27.466,54.307,23.903,1,55.875,38.048,72.055,18.823,32.612,1.87,33.641,31.769,43.22,3485
2022,59680162B87731060313783,Sumaila,Kano,North West,11.256,8.862,10685,1,91.096,39.946,2.846,65.557,22.069,34.834,22.779,4,64.197,36.559,40.451,13.365,43.22,0.37,43.425,43.052,42.787,4618
2023,59680162B87731060313783,Sumaila,Kano,North West,11.256,8.862,10685,1,79.111,60.386,3.737,62.979,18.561,54.289,21.146,1,81.088,16.959,41.555,16.083,42.787,1.15,43.417,42.271,42.031,4572
2024,59680162B87731060313783,Sumaila,Kano,North West,11.256,8.862,10685,1,79.528,44.866,4.908,55.549,36.543,69.131,25.588,0,51.654,32.289,48.774,19.597,42.031,1.85,43.047,41.199,40.16,4491
2025,59680162B87731060313783,Sumaila,Kano,North West,11.256,8.862,10685,1,84.656,56.638,2.587,64.072,27.743,54.233,25.362,3,53.003,13.226,58.289,16.36,40.16,0.58,40.48,39.898,,4291
2020,59680162B87797979497124,Brass,Bayelsa,South South,4.418,6.102,78265,1,65.676,83.657,0.2,41.147,57.242,76.777,0.545,0,49.308,4.116,98.962,32.588,15.466,2.04,16.586,14.55,10.322,12105
2021,59680162B87797979497124,Brass,Bayelsa,South South,4.418,6.102,78265,1,59.137,95.572,2.492,37.523,54.155,78.867,13.184,0,67.288,0.0,99.0,24.187,10.322,-1.08,9.73,10.807,10.305,8079
2022,59680162B87797979497124,Brass,Bayelsa,South South,4.418,6.102,78265,1,62.839,79.075,0.2,42.761,64.751,99.0,11.253,0,59.048,0.0,99.0,13.177,10.305,-0.62,9.965,10.584,28.755,8065
2023,59680162B87797979497124,Brass,Bayelsa,South South,4.418,6.102,78265,1,59.667,73.741,3.521,41.433,79.801,63.187,16.697,0,43.578,3.734,77.369,26.298,28.755,-0.6,28.424,29.026,11.696,22505
2024,59680162B87797979497124,Brass,Bayelsa,South South,4.418,6.102,78265,1,62.57,89.259,1.113,46.603,88.983,58.434,0.5,1,36.678,6.26,90.798,28.718,11.696,-2.12,10.531,12.65,9.124,9154
2025,59680162B87797979497124,Brass,Bayelsa,South South,4.418,6.102,78265,1,44.06,99.0,2.193,42.803,52.247,71.605,27.102,0,57.967,0.0,91.781,22.493,9.124,-1.32,8.396,9.72,,7141
2020,59680162B87872962443621,Mobbar,Borno,North East,13.07,12.669,34518,0,89.334,52.604,5.02,39.501,15.867,40.252,29.876,3,49.011,38.003,48.21,10.319,48.615,2.16,49.8,47.645,60.383,16781
2021,59680162B87872962443621,Mobbar,Borno,North East,13.07,12.669,34518,0,99.0,57.519,7.043,61.819,24.078,51.156,22.615,5,77.815,27.053,36.149,20.639,60.383,1.23,61.063,59.828,55.51,20843
2022,59680162B87872962443621,Mobbar,Borno,North East,13.07,12.669,34518,0,85.029,40.432,4.853,64.521,43.643,43.371,30.425,4,66.532,30.273,37.491,17.48,55.51,0.58,55.831,55.248,47.46,19161
2023,59680162B87872962443621,Mobbar,Borno,North East,13.07,12.669,34518,0,95.949,43.901,3.304,49.038,18.6,56.053,34.109,4,73.528,21.976,24.782,52.721,47.46,0.38,47.67,47.288,48.441,16382
2024,59680162B87872962443621,Mobbar,Borno,North East,13.07,12.669,34518,0,91.813,38.726,5.345,54.797,37.039,55.601,31.184,6,61.373,8.356,36.909,18.722,48.441,-1.62,47.549,49.171,53.497,16721
2025,59680162B87872962443621,Mobbar,Borno,North East,13.07,12.669,34518,0,93.678,33.457,4.669,52.824,43.882,33.657,22.785,4,68.031,49.937,53.807,21.264,53.497,2.29,54.758,52.466,,18466
2020,59680162B88090020431393,Okigwe,Imo,South East,5.822,7.325,38110,1,67.316,91.941,0.274,36.494,60.989,99.0,5.766,1,24.852,0.0,82.349,24.858,10.045,1.07,10.631,9.565,8.549,3828
2021,59680162B88090020431393,Okigwe,Imo,South East,5.822,7.325,38110,1,58.563,90.718,0.2,18.65,83.76,99.0,0.5,0,47.207,10.893,94.524,27.434,8.549,-1.5,7.725,9.223,5.414,3258
2022,59680162B88090020431393,Okigwe,Imo,South East,5.822,7.325,38110,1,57.299,99.0,0.2,40.002,94.018,99.0,0.5,0,29.875,0.0,72.568,12.049,5.414,-3.0,3.764,6.764,16.699,2063
2023,59680162B88090020431393,Okigwe,Imo,South East,5.822,7.325,38110,1,53.076,99.0,0.2,54.271,79.322,76.202,10.929,1,48.465,0.0,88.23,43.625,16.699,-0.65,16.342,16.991,9.152,6364
2024,59680162B88090020431393,Okigwe,Imo,South East,5.822,7.325,38110,1,61.322,99.0,0.2,40.826,92.093,99.0,17.331,2,32.899,9.018,78.186,29.475,9.152,-1.42,8.37,9.793,2.466,3488
2025,59680162B88090020431393,Okigwe,Imo,South East,5.822,7.325,38110,1,48.471,99.0,0.806,32.432,77.07,78.941,0.5,0,40.796,0.0,58.437,26.234,2.466,0.21,2.584,2.369,,940
2020,59680162B88243538379460,Rano,Kano,North West,11.488,8.518,22981,0,92.631,32.481,5.77,82.009,30.779,33.816,23.793,1,43.25,28.42,60.89,15.601,56.929,2.52,58.316,55.795,52.106,13083
2021,59680162B88243538379460,Rano,Kano,North West,11.488,8.518,22981,0,95.811,42.955,4.353,55.552,37.866,26.873,32.884,1,64.968,33.437,40.195,10.018,52.106,0.46,52.359,51.9,43.531,11975
2022,59680162B88243538379460,Rano,Kano,North West,11.488,8.518,22981,0,94.215,64.747,3.321,68.814,28.095,47.889,32.199,0,46.488,36.408,47.561,17.78,43.531,1.42,44.313,42.892,51.613,10004
2023,59680162B88243538379460,Rano,Kano,North West,11.488,8.518,22981,0,95.679,34.457,4.741,64.617,19.034,33.884,31.088,2,62.127,31.939,55.403,20.298,51.613,0.65,51.973,51.318,49.862,11861
2024,59680162B88243538379460,Rano,Kano,North West,11.488,8.518,22981,0,95.886,47.252,4.053,55.786,23.917,42.872,23.68,2,46.241,44.682,44.1,24.689,49.862,1.25,50.548,49.301,40.186,11459
2025,59680162B88243538379460,Rano,Kano,North West,11.488,8.518,22981,0,87.748,44.536,4.957,50.22,43.475,41.492,24.472,2,64.356,45.178,50.746,16.693,40.186,1.98,41.277,39.294,,9235
2020,59680162B88302028338466,Omumma,Rivers,South South,5.084,7.228,49611,0,65.486,80.997,1.273,29.624,60.479,41.096,22.978,1,40.568,0.0,74.519,53.934,26.272,0.36,26.472,26.109,30.296,13034
2021,59680162B88302028338466,Omumma,Rivers,South South,5.084,7.228,49611,0,75.969,79.446,3.195,42.981,81.882,75.041,11.006,1,47.624,1.227,50.286,15.426,30.296,-0.51,30.014,30.527,27.583,15030
2022,59680162B88302028338466,Omumma,Rivers,South South,5.084,7.228,49611,0,74.152,86.674,1.961,28.648,55.864,63.691,28.497,0,51.775,0.518,70.222,23.949,27.583,-1.12,26.967,28.086,15.601,13684
2023,59680162B88302028338466,Omumma,Rivers,South South,5.084,7.228,49611,0,61.601,80.259,0.811,33.282,65.261,82.362,24.086,1,46.122,0.0,69.668,47.606,15.601,-2.92,13.995,16.916,27.305,7740
2024,59680162B88302028338466,Omumma,Rivers,South South,5.084,7.228,49611,0,66.209,80.855,2.504,25.247,57.67,81.152,21.526,0,69.975,0.0,72.39,29.783,27.305,-2.25,26.066,28.319,23.068,13546
2025,59680162B88302028338466,Omumma,Rivers,South South,5.084,7.228,49611,0,74.881,91.899,2.53,42.955,80.885,71.832,16.507,2,52.78,0.0,98.147,20.563,23.068,-2.82,21.517,24.336,,11444
2020,59680162B88365177272018,Tsanyawa,Kano,North West,12.285,7.996,23667,0,90.263,40.192,4.538,61.875,20.3,37.608,28.792,2,56.314,27.06,56.545,10.307,48.923,4.2,51.232,47.034,45.267,11579
2021,59680162B88365177272018,Tsanyawa,Kano,North West,12.285,7.996,23667,0,94.157,46.908,4.443,76.048,30.484,24.03,35.179,0,59.52,25.898,79.994,48.806,45.267,2.75,46.781,44.028,58.575,10713
2022,59680162B88365177272018,Tsanyawa,Kano,North West,12.285,7.996,23667,0,93.122,40.772,5.381,68.437,18.601,41.614,39.785,1,62.201,31.095,56.251,9.289,58.575,2.06,59.708,57.649,43.601,13863
2023,59680162B88365177272018,Tsanyawa,Kano,North West,12.285,7.996,23667,0,87.954,34.947,3.737,66.068,48.0,52.654,42.777,0,57.692,29.651,42.047,24.199,43.601,1.55,44.456,42.901,59.235,10319
2024,59680162B88365177272018,Tsanyawa,Kano,North West,12.285,7.996,23667,0,96.58,33.304,5.847,59.777,21.899,43.878,23.729,1,62.679,37.203,55.384,16.81,59.235,4.03,61.453,57.421,54.117,14019
2025,59680162B88365177272018,Tsanyawa,Kano,North West,12.285,7.996,23667,0,82.92,28.435,5.068,40.05,18.788,28.721,41.419,1,53.424,32.975,39.676,19.819,54.117,1.89,55.158,53.265,,12808
2020,59680162B88504568355174,Konduga,Borno,North East,11.673,13.159,40208,1,86.174,40.956,2.42,50.605,38.333,70.132,26.858,2,52.668,8.293,74.663,16.723,40.373,0.34,40.558,40.223,40.845,16233
2021,59680162B88504568355174,Konduga,Borno,North East,11.673,13.159,40208,1,89.521,38.206,2.9,67.895,38.363,55.395,20.094,5,82.912,26.3,71.489,13.588,40.845,0.84,41.308,40.466,47.769,16423
2022,59680162B88504568355174,Konduga,Borno,North East,11.673,13.159,40208,1,73.82,51.33,4.539,57.98,42.871,65.155,30.57,7,57.671,29.397,40.815,15.098,47.769,1.9,48.816,46.912,38.648,19207
2023,59680162B88504568355174,Konduga,Borno,North East,11.673,13.159,40208,1,76.911,44.031,2.601,54.187,33.388,64.232,23.068,7,50.653,22.486,71.61,23.898,38.648,2.17,39.841,37.672,45.512,15539
2024,59680162B88504568355174,Konduga,Borno,North East,11.673,13.159,40208,1,81.205,70.949,3.076,57.805,28.439,76.327,25.56,7,63.14,24.896,55.478,18.348,45.512,0.04,45.534,45.494,44.799,18300
2025,59680162B88504568355174,Konduga,Borno,North East,11.673,13.159,40208,1,85.401,52.061,4.766,67.371,31.896,61.32,21.216,4,72.107,17.68,41.007,23.426,44.799,0.95,45.323,44.371,,18013
2020,59680162B88663407419721,Owo,Ondo,South West,7.095,5.594,32803,1,57.615,94.984,0.303,43.604,72.747,99.0,4.335,1,31.915,0.0,95.473,8.247,0.963,0.38,1.17,0.794,13.122,316
2021,59680162B88663407419721,Owo,Ondo,South West,7.095,5.594,32803,1,65.137,79.796,1.521,51.462,68.083,80.445,10.359,0,41.431,13.478,99.0,17.352,13.122,-0.14,13.043,13.186,12.636,4304
2022,59680162B88663407419721,Owo,Ondo,South West,7.095,5.594,32803,1,57.06,91.155,2.013,55.459,78.862,99.0,0.599,0,38.377,0.0,99.0,35.9,12.636,0.22,12.759,12.536,5.863,4145
2023,59680162B88663407419721,Owo,Ondo,South West,7.095,5.594,32803,1,60.467,95.546,0.2,28.709,80.364,91.092,0.5,1,49.436,0.0,93.687,26.698,5.863,-2.45,4.517,6.964,6.363,1923
2024,59680162B88663407419721,Owo,Ondo,South West,7.095,5.594,32803,1,59.588,92.883,0.2,48.307,95.347,99.0,13.729,0,49.325,0.516,81.726,25.611,6.363,0.13,6.436,6.303,0.8,2087
2025,59680162B88663407419721,Owo,Ondo,South West,7.095,5.594,32803,1,51.581,94.456,1.245,44.391,80.689,92.124,7.231,1,24.152,0.0,99.0,20.632,0.8,-3.0,0.5,2.15,,262
2020,59680162B8886032648131,Ogbomosho North,Oyo,South West,8.134,4.263,25704,1,59.17,69.73,0.257,34.917,79.75,63.383,16.794,1,67.388,0.0,79.307,13.854,15.611,-3.0,13.961,16.961,2.735,4013
2021,59680162B8886032648131,Ogbomosho North,Oyo,South West,8.134,4.263,25704,1,53.239,89.029,1.356,37.831,77.958,94.288,4.474,0,44.303,8.82,99.0,44.906,2.735,-3.0,1.085,4.085,3.332,703
2022,59680162B8886032648131,Ogbomosho North,Oyo,South West,8.134,4.263,25704,1,54.255,99.0,0.86,37.499,82.226,94.573,4.951,0,36.816,0.0,99.0,23.589,3.332,0.24,3.465,3.223,12.941,856
2023,59680162B8886032648131,Ogbomosho North,Oyo,South West,8.134,4.263,25704,1,48.81,79.674,1.452,45.995,66.333,85.906,17.168,1,23.781,8.429,97.426,27.421,12.941,0.77,13.365,12.595,0.8,3326
2024,59680162B8886032648131,Ogbomosho North,Oyo,South West,8.134,4.263,25704,1,39.652,98.299,1.217,40.688,89.182,99.0,7.263,0,26.482,3.147,99.0,20.714,0.8,-2.37,0.5,1.866,12.14,206
2025,59680162B8886032648131,Ogbomosho North,Oyo,South West,8.134,4.263,25704,1,53.909,96.503,1.817,38.756,65.612,90.775,1.784,1,43.478,0.0,99.0,21.956,12.14,0.02,12.151,12.131,,3120
2020,59680162B88881037507986,Kusada,Katsina,North West,12.457,7.95,54581,0,98.12,33.391,4.388,44.822,24.772,60.337,32.514,2,62.714,33.98,47.882,11.275,59.633,2.42,60.966,58.542,45.286,32548
2021,59680162B88881037507986,Kusada,Katsina,North West,12.457,7.95,54581,0,84.812,23.438,3.917,63.94,26.594,45.602,29.328,2,70.44,34.771,23.18,8.2,45.286,4.68,47.861,43.178,44.979,24717
2022,59680162B88881037507986,Kusada,Katsina,North West,12.457,7.95,54581,0,82.322,15.869,3.379,47.864,39.031,46.115,27.049,1,69.569,27.529,46.662,10.883,44.979,2.58,46.397,43.818,39.891,24550
2023,59680162B88881037507986,Kusada,Katsina,North West,12.457,7.95,54581,0,79.283,34.518,3.137,61.029,26.757,64.998,32.199,3,43.103,36.72,39.697,14.056,39.891,3.66,41.903,38.245,54.194,21773
2024,59680162B88881037507986,Kusada,Katsina,North West,12.457,7.95,54581,0,90.215,33.593,4.149,40.775,21.149,48.596,33.729,2,66.021,36.564,55.98,31.325,54.194,0.91,54.695,53.784,39.994,29579
2025,59680162B88881037507986,Kusada,Katsina,North West,12.457,7.95,54581,0,80.866,48.108,5.036,55.564,35.224,60.578,25.696,1,74.443,34.603,65.466,13.953,39.994,0.12,40.06,39.94,,21829
2020,59680162B88998270560680,Jos North,Plateau,North Central,9.937,8.892,22319,0,68.761,47.102,4.988,38.652,40.758,69.238,16.486,2,43.115,3.524,66.407,32.853,40.685,2.38,41.995,39.613,26.112,9080
2021,59680162B88998270560680,Jos North,Plateau,North Central,9.937,8.892,22319,0,73.601,61.572,5.768,53.278,54.959,54.038,16.507,2,42.159,0.0,61.221,34.13,26.112,0.52,26.396,25.879,32.077,5828
2022,59680162B88998270560680,Jos North,Plateau,North Central,9.937,8.892,22319,0,77.374,63.736,4.285,33.941,52.754,61.896,6.282,2,43.469,16.02,53.515,25.618,32.077,1.35,32.822,31.468,27.201,7159
2023,59680162B88998270560680,Jos North,Plateau,North Central,9.937,8.892,22319,0,75.766,70.994,1.618,55.04,43.089,55.993,27.498,1,39.645,2.066,77.887,16.287,27.201,-0.79,26.764,27.558,29.658,6071
2024,59680162B88998270560680,Jos North,Plateau,North Central,9.937,8.892,22319,0,70.702,62.473,4.536,32.056,53.338,63.102,14.544,2,41.204,14.722,54.495,23.604,29.658,0.07,29.697,29.626,27.652,6619
2025,59680162B88998270560680,Jos North,Plateau,North Central,9.937,8.892,22319,0,68.769,61.378,2.514,40.749,40.733,59.584,17.745,0,49.126,11.272,78.11,24.781,27.652,-2.82,26.099,28.924,,6172
2020,59680162B89203090045374,Lavun,Niger,North Central,9.468,5.618,96493,0,72.017,47.782,2.591,35.29,46.27,58.249,20.03,1,44.611,6.416,65.966,24.807,23.822,0.28,23.976,23.695,27.35,22986
2021,59680162B89203090045374,Lavun,Niger,North Central,9.468,5.618,96493,0,73.653,52.6,3.388,48.273,48.75,57.593,24.256,1,73.745,0.127,59.259,13.169,27.35,1.54,28.2,26.655,23.631,26391
2022,59680162B89203090045374,Lavun,Niger,North Central,9.468,5.618,96493,0,78.753,56.155,0.433,30.56,39.89,57.398,21.523,0,46.505,0.0,48.377,26.298,23.631,0.81,24.077,23.265,25.594,22802
2023,59680162B89203090045374,Lavun,Niger,North Central,9.468,5.618,96493,0,70.581,66.179,1.885,58.142,55.57,72.788,28.744,0,55.518,9.443,69.238,24.506,25.594,-0.48,25.331,25.81,25.427,24697
2024,59680162B89203090045374,Lavun,Niger,North Central,9.468,5.618,96493,0,53.061,69.28,2.877,36.298,38.931,72.464,22.203,1,38.771,12.901,84.645,29.862,25.427,1.26,26.121,24.86,25.988,24536
2025,59680162B89203090045374,Lavun,Niger,North Central,9.468,5.618,96493,0,70.737,39.2,2.134,36.932,34.253,54.63,6.28,1,61.216,14.98,64.183,23.368,25.988,4.35,28.381,24.029,,25076
2020,59680162B89324456878264,Isoko South,Delta,South South,5.383,6.217,94392,0,57.995,70.215,2.647,50.289,46.582,73.871,16.109,1,45.614,3.918,60.573,20.707,22.85,-2.01,21.743,23.755,29.083,21568
2021,59680162B89324456878264,Isoko South,Delta,South South,5.383,6.217,94392,0,71.775,72.598,2.056,49.036,52.873,78.583,32.105,0,46.933,9.233,68.611,17.589,29.083,1.04,29.657,28.614,23.636,27452
2022,59680162B89324456878264,Isoko South,Delta,South South,5.383,6.217,94392,0,64.065,80.972,2.549,46.618,65.42,48.53,12.132,0,65.68,13.564,67.059,18.629,23.636,-1.35,22.895,24.242,17.794,22310
2023,59680162B89324456878264,Isoko South,Delta,South South,5.383,6.217,94392,0,59.39,74.736,3.354,14.0,80.673,39.639,16.87,1,55.995,0.888,82.842,26.116,17.794,-1.62,16.905,18.521,15.237,16796
2024,59680162B89324456878264,Isoko South,Delta,South South,5.383,6.217,94392,0,77.753,90.967,0.392,27.174,86.938,91.04,17.571,1,70.022,9.911,73.174,35.052,15.237,-3.0,13.587,16.587,28.774,14383
2025,59680162B89324456878264,Isoko South,Delta,South South,5.383,6.217,94392,0,77.044,91.431,3.358,26.024,66.127,68.743,21.398,2,58.852,5.692,62.86,19.091,28.774,-1.7,27.84,29.538,,27160
2020,59680162B89342314449475,Esit Eket,Akwa Ibom,South South,4.643,8.08,15709,1,67.855,93.823,3.047,55.929,90.573,76.134,17.01,0,43.838,0.0,78.582,19.925,12.369,-0.29,12.207,12.502,7.894,1943
2021,59680162B89342314449475,Esit Eket,Akwa Ibom,South South,4.643,8.08,15709,1,59.474,90.733,0.2,49.12,59.086,98.653,20.062,1,47.966,0.934,99.0,44.267,7.894,-3.0,6.244,9.244,17.2,1240
2022,59680162B89342314449475,Esit Eket,Akwa Ibom,South South,4.643,8.08,15709,1,58.518,75.199,2.555,29.634,66.158,81.379,5.921,1,72.067,0.0,77.134,16.024,17.2,0.49,17.467,16.981,15.515,2702
2023,59680162B89342314449475,Esit Eket,Akwa Ibom,South South,4.643,8.08,15709,1,66.345,99.0,2.451,38.292,61.091,66.901,14.823,0,48.284,0.0,99.0,15.776,15.515,-1.58,14.646,16.225,5.152,2437
2024,59680162B89342314449475,Esit Eket,Akwa Ibom,South South,4.643,8.08,15709,1,63.024,95.733,0.636,37.295,46.364,76.471,10.643,0,44.276,0.0,99.0,23.139,5.152,2.77,6.675,3.907,10.659,809
2025,59680162B89342314449475,Esit Eket,Akwa Ibom,South South,4.643,8.08,15709,1,68.013,93.112,1.326,51.285,84.575,79.853,1.171,0,72.591,0.0,52.386,25.256,10.659,-1.53,9.816,11.349,,1674
2020,59680162B89355923746110,Abadam,Borno,North East,13.37,13.268,34319,1,75.948,53.538,1.98,76.076,45.454,34.599,32.108,3,51.27,17.353,48.825,14.212,40.487,0.27,40.633,40.367,40.966,13895
2021,59680162B89355923746110,Abadam,Borno,North East,13.37,13.268,34319,1,88.574,44.508,1.502,64.414,59.266,55.937,29.588,5,60.423,17.617,54.359,10.63,40.966,2.86,42.538,39.68,42.967,14059
2022,59680162B89355923746110,Abadam,Borno,North East,13.37,13.268,34319,1,82.863,51.447,3.067,55.298,45.812,60.163,25.379,5,52.724,31.412,53.394,33.192,42.967,2.61,44.401,41.793,45.792,14746
2023,59680162B89355923746110,Abadam,Borno,North East,13.37,13.268,34319,1,88.641,46.062,4.497,58.871,41.497,64.715,23.988,2,75.802,24.475,52.184,14.839,45.792,1.91,46.842,44.932,26.766,15715
2024,59680162B89355923746110,Abadam,Borno,North East,13.37,13.268,34319,1,71.323,73.969,3.052,63.576,63.241,66.105,22.447,2,40.181,9.254,60.569,17.121,26.766,-0.02,26.753,26.777,45.125,9186
2025,59680162B89355923746110,Abadam,Borno,North East,13.37,13.268,34319,1,82.397,46.554,5.198,47.096,35.296,82.604,22.866,4,57.128,30.879,40.368,25.483,45.125,0.8,45.565,44.764,,15486
2020,59680162B89388744582495,Southern Ijaw,Bayelsa,South South,4.714,5.88,27356,0,75.26,74.827,0.366,54.334,52.295,55.383,10.325,0,54.753,0.0,63.173,16.626,22.126,-0.03,22.109,22.14,19.295,6053
2021,59680162B89388744582495,Southern Ijaw,Bayelsa,South South,4.714,5.88,27356,0,57.683,55.752,2.141,38.399,66.659,44.192,15.315,1,40.216,1.019,66.308,26.096,19.295,1.03,19.864,18.829,17.922,5278
2022,59680162B89388744582495,Southern Ijaw,Bayelsa,South South,4.714,5.88,27356,0,51.54,67.66,0.24,25.746,61.034,66.119,9.527,1,65.269,8.723,54.868,15.025,17.922,-0.59,17.596,18.188,20.216,4903
2023,59680162B89388744582495,Southern Ijaw,Bayelsa,South South,4.714,5.88,27356,0,61.423,71.568,1.991,26.978,67.321,65.13,24.015,1,56.891,0.0,59.956,23.878,20.216,-2.69,18.739,21.425,24.713,5530
2024,59680162B89388744582495,Southern Ijaw,Bayelsa,South South,4.714,5.88,27356,0,62.897,73.51,3.145,34.79,63.309,49.298,7.206,2,42.344,0.0,99.0,19.577,24.713,-0.15,24.631,24.78,10.347,6761
2025,59680162B89388744582495,Southern Ijaw,Bayelsa,South South,4.714,5.88,27356,0,64.08,85.258,0.653,35.283,61.986,78.811,14.263,1,71.277,0.0,60.478,19.787,10.347,0.68,10.719,10.043,,2831
2020,59680162B89404589930000,Kagarko,Kaduna,North West,9.488,7.584,55172,0,97.929,39.306,3.419,64.503,26.054,36.214,16.811,1,59.577,28.851,44.836,43.547,49.185,3.95,51.359,47.407,51.036,27137
2021,59680162B89404589930000,Kagarko,Kaduna,North West,9.488,7.584,55172,0,94.452,31.997,5.989,54.07,36.206,23.404,25.722,1,71.757,33.216,39.054,19.769,51.036,1.69,51.965,50.277,44.611,28158
2022,59680162B89404589930000,Kagarko,Kaduna,North West,9.488,7.584,55172,0,83.127,29.913,5.161,62.898,34.964,49.252,24.198,0,42.632,30.831,41.743,14.372,44.611,-0.67,44.24,44.914,53.368,24613
2023,59680162B89404589930000,Kagarko,Kaduna,North West,9.488,7.584,55172,0,87.948,49.633,4.537,64.354,13.215,44.534,28.04,4,56.613,36.0,52.795,25.185,53.368,1.28,54.074,52.791,40.408,29444
2024,59680162B89404589930000,Kagarko,Kaduna,North West,9.488,7.584,55172,0,83.067,51.247,3.746,57.164,34.849,23.443,21.089,1,46.477,25.268,51.292,23.244,40.408,2.54,41.803,39.266,54.46,22294
2025,59680162B89404589930000,Kagarko,Kaduna,North West,9.488,7.584,55172,0,95.179,33.99,5.248,63.135,43.841,50.1,43.945,4,67.532,27.143,71.388,19.474,54.46,2.19,55.665,53.474,,30047
2020,59680162B89596725903657,Idah,Kogi,North Central,7.054,6.734,36233,0,71.06,51.24,2.175,44.546,38.561,44.574,16.525,2,45.079,26.273,55.854,18.559,34.068,-0.08,34.022,34.106,35.294,12344
2021,59680162B89596725903657,Idah,Kogi,North Central,7.054,6.734,36233,0,79.567,68.61,4.096,47.236,34.901,57.302,15.037,3,45.806,1.865,74.882,20.882,35.294,-2.65,33.836,36.487,19.245,12788
2022,59680162B89596725903657,Idah,Kogi,North Central,7.054,6.734,36233,0,69.425,58.214,2.894,45.07,41.158,65.573,21.425,1,38.441,8.601,62.812,36.502,19.245,1.02,19.805,18.786,29.675,6973
2023,59680162B89596725903657,Idah,Kogi,North Central,7.054,6.734,36233,0,65.335,66.856,1.454,46.89,48.292,82.866,4.783,3,41.955,8.068,99.0,16.44,29.675,1.09,30.271,29.186,28.677,10752
2024,59680162B89596725903657,Idah,Kogi,North Central,7.054,6.734,36233,0,81.803,59.145,2.627,47.628,48.008,54.053,15.331,1,35.002,3.669,52.949,35.751,28.677,-1.08,28.083,29.162,28.265,10390
2025,59680162B89596725903657,Idah,Kogi,North Central,7.054,6.734,36233,0,69.873,61.25,2.934,47.461,36.565,47.081,27.221,1,24.026,1.247,74.941,24.906,28.265,-0.34,28.077,28.419,,10241
2020,59680162B89634889188856,Esan West,Edo,South South,6.656,6.139,18379,1,65.618,92.1,0.677,47.558,50.211,88.12,16.004,1,49.145,0.0,61.683,25.257,16.787,-0.37,16.584,16.952,16.592,3085
2021,59680162B89634889188856,Esan West,Edo,South South,6.656,6.139,18379,1,66.893,94.211,3.068,53.238,77.277,99.0,19.986,0,80.038,2.219,81.572,30.594,16.592,-2.61,15.156,17.768,9.959,3050
2022,59680162B89634889188856,Esan West,Edo,South South,6.656,6.139,18379,1,63.794,78.998,1.481,43.509,84.416,85.339,9.741,0,60.324,0.0,88.314,32.927,9.959,-0.94,9.443,10.381,8.096,1830
2023,59680162B89634889188856,Esan West,Edo,South South,6.656,6.139,18379,1,61.062,99.0,0.2,36.664,65.469,98.031,12.012,0,39.775,0.0,85.099,44.057,8.096,-2.26,6.852,9.113,4.212,1488
2024,59680162B89634889188856,Esan West,Edo,South South,6.656,6.139,18379,1,52.928,86.028,1.803,28.35,56.081,62.395,6.512,1,61.789,0.0,70.786,16.749,4.212,0.78,4.639,3.862,11.467,774
2025,59680162B89634889188856,Esan West,Edo,South South,6.656,6.139,18379,1,51.453,99.0,1.035,49.385,78.204,75.453,12.966,0,70.189,8.112,77.273,44.934,11.467,-2.08,10.321,12.404,,2108
2020,59680162B89638160160445,Ibeju Lekki,Lagos,South West,6.456,3.852,83160,1,49.514,83.152,1.441,36.992,67.383,81.268,11.248,0,37.873,0.0,96.312,16.666,15.619,-0.62,15.279,15.896,1.47,12988
2021,59680162B89638160160445,Ibeju Lekki,Lagos,South West,6.456,3.852,83160,1,54.762,92.197,0.2,52.073,57.132,89.349,6.522,0,34.93,0.0,99.0,26.639,1.47,-1.0,0.919,1.92,8.796,1222
2022,59680162B89638160160445,Ibeju Lekki,Lagos,South West,6.456,3.852,83160,1,52.223,95.858,1.957,19.184,72.674,54.826,0.5,2,47.626,9.932,99.0,30.702,8.796,-1.14,8.167,9.311,6.366,7315
2023,59680162B89638160160445,Ibeju Lekki,Lagos,South West,6.456,3.852,83160,1,44.441,87.701,0.597,40.935,90.419,95.279,10.571,1,25.96,20.921,93.437,34.941,6.366,-1.54,5.52,7.058,0.958,5294
2024,59680162B89638160160445,Ibeju Lekki,Lagos,South West,6.456,3.852,83160,1,52.249,93.547,0.659,40.357,71.687,96.931,0.5,0,34.733,0.0,99.0,27.04,0.958,-0.26,0.813,1.076,0.8,796
2025,59680162B89638160160445,Ibeju Lekki,Lagos,South West,6.456,3.852,83160,1,41.076,99.0,1.098,42.739,61.283,99.0,4.032,1,38.576,0.0,99.0,16.275,0.8,-1.68,0.5,1.555,,665
2020,59680162B89640587380951,Jos East,Plateau,North Central,9.866,9.108,63542,0,72.607,64.154,3.458,33.729,69.982,55.799,27.02,1,64.168,10.753,53.733,40.49,28.475,-0.07,28.438,28.505,32.104,18094
2021,59680162B89640587380951,Jos East,Plateau,North Central,9.866,9.108,63542,0,71.761,54.423,3.883,55.931,57.721,41.465,20.064,1,58.893,5.055,54.292,24.954,32.104,-1.18,31.454,32.637,25.439,20400
2022,59680162B89640587380951,Jos East,Plateau,North Central,9.866,9.108,63542,0,68.231,60.491,2.692,51.259,50.662,90.599,16.008,0,52.863,3.3,56.093,17.522,25.439,-0.04,25.417,25.457,19.928,16164
2023,59680162B89640587380951,Jos East,Plateau,North Central,9.866,9.108,63542,0,72.633,47.859,1.805,54.773,69.275,81.485,22.833,0,38.394,13.575,83.285,25.665,19.928,-0.25,19.792,20.04,28.317,12663
2024,59680162B89640587380951,Jos East,Plateau,North Central,9.866,9.108,63542,0,67.895,63.28,3.253,50.884,67.872,67.562,19.325,0,40.85,23.589,70.732,47.384,28.317,0.97,28.85,27.881,20.489,17993
2025,59680162B89640587380951,Jos East,Plateau,North Central,9.866,9.108,63542,0,60.692,73.914,2.245,32.797,55.105,64.611,25.602,2,45.609,0.0,79.497,46.562,20.489,0.33,20.669,20.341,,13019
2020,59680162B89701706643364,Silame,Sokoto,North West,12.994,4.83,47156,1,86.862,28.756,3.417,40.823,57.043,65.701,23.446,4,52.186,33.97,77.9,10.334,36.04,1.26,36.731,35.475,44.906,16995
2021,59680162B89701706643364,Silame,Sokoto,North West,12.994,4.83,47156,1,74.709,47.649,3.49,71.505,28.183,46.136,22.273,5,57.384,31.601,73.359,18.264,44.906,0.17,45.001,44.828,48.55,21176
2022,59680162B89701706643364,Silame,Sokoto,North West,12.994,4.83,47156,1,83.912,33.665,3.134,64.866,48.243,50.715,37.264,0,81.752,23.121,63.036,27.847,48.55,2.83,50.107,47.276,49.719,22894
2023,59680162B89701706643364,Silame,Sokoto,North West,12.994,4.83,47156,1,77.343,40.249,4.915,70.229,27.124,29.44,28.243,1,82.06,30.809,73.0,25.557,49.719,0.6,50.047,49.45,33.827,23445
2024,59680162B89701706643364,Silame,Sokoto,North West,12.994,4.83,47156,1,81.088,55.307,3.305,68.05,60.995,75.625,15.966,1,61.517,26.581,40.347,11.058,33.827,0.44,34.07,33.628,30.002,15952
2025,59680162B89701706643364,Silame,Sokoto,North West,12.994,4.83,47156,1,74.06,32.136,4.366,59.614,57.684,53.806,28.852,1,58.058,13.744,75.295,34.473,30.002,-1.51,29.172,30.681,,14148
2020,59680162B89766877463651,Ganjuwa,Bauchi,North East,10.743,9.997,17145,0,81.779,44.769,4.833,46.718,44.555,65.579,35.602,3,60.551,19.562,48.757,14.85,44.182,1.75,45.143,43.396,45.53,7575
2021,59680162B89766877463651,Ganjuwa,Bauchi,North East,10.743,9.997,17145,0,87.322,41.679,2.995,31.475,13.368,43.836,37.189,3,65.423,34.868,37.778,28.734,45.53,3.22,47.299,44.082,44.349,7806
2022,59680162B89766877463651,Ganjuwa,Bauchi,North East,10.743,9.997,17145,0,89.307,50.061,4.898,66.664,54.096,57.731,34.402,7,77.119,21.726,29.1,16.378,44.349,0.7,44.733,44.036,39.14,7604
2023,59680162B89766877463651,Ganjuwa,Bauchi,North East,10.743,9.997,17145,0,92.488,25.508,3.117,55.027,23.145,52.217,21.816,2,48.778,19.725,52.322,15.062,39.14,1.41,39.913,38.507,46.041,6710
2024,59680162B89766877463651,Ganjuwa,Bauchi,North East,10.743,9.997,17145,0,80.033,49.007,4.07,62.635,6.4,46.161,26.868,5,56.31,21.043,64.264,14.48,46.041,1.22,46.713,45.491,53.087,7894
2025,59680162B89766877463651,Ganjuwa,Bauchi,North East,10.743,9.997,17145,0,83.721,38.666,5.667,64.993,26.466,34.32,18.879,7,72.527,11.68,71.318,17.464,53.087,3.29,54.897,51.606,,9102
2020,59680162B89921626898623,Sokoto South,Sokoto,North West,13.035,5.263,75929,0,87.541,38.719,4.231,68.964,44.093,34.826,22.288,2,66.197,50.644,54.238,8.274,52.34,-0.41,52.117,52.523,51.16,39741
2021,59680162B89921626898623,Sokoto South,Sokoto,North West,13.035,5.263,75929,0,88.302,38.215,6.401,52.828,40.903,25.738,34.624,0,68.92,31.304,33.841,19.293,51.16,0.52,51.448,50.924,46.436,38845
2022,59680162B89921626898623,Sokoto South,Sokoto,North West,13.035,5.263,75929,0,75.689,49.193,4.724,43.161,35.463,33.4,35.089,1,74.075,21.773,70.943,17.286,46.436,0.11,46.495,46.388,45.428,35259
2023,59680162B89921626898623,Sokoto South,Sokoto,North West,13.035,5.263,75929,0,87.737,41.142,4.039,63.931,50.295,31.868,25.115,2,52.036,29.647,33.301,18.754,45.428,4.07,47.667,43.595,47.922,34493
2024,59680162B89921626898623,Sokoto South,Sokoto,North West,13.035,5.263,75929,0,91.378,27.376,4.948,50.118,16.471,39.816,26.115,0,33.766,27.508,56.573,21.74,47.922,2.87,49.502,46.63,49.866,36387
2025,59680162B89921626898623,Sokoto South,Sokoto,North West,13.035,5.263,75929,0,89.042,28.757,6.399,55.263,33.625,34.063,23.403,1,52.397,42.85,54.513,13.144,49.866,0.24,49.997,49.76,,37863
2020,59680162B89970230221745,Takai,Kano,North West,11.48,9.151,52027,0,89.718,40.37,3.853,58.765,48.572,20.167,34.148,1,65.66,42.82,56.114,14.699,55.554,2.6,56.985,54.383,62.993,28903
2021,59680162B89970230221745,Takai,Kano,North West,11.48,9.151,52027,0,97.964,46.024,5.269,79.255,23.778,38.246,32.99,3,77.492,25.188,38.055,16.273,62.993,2.48,64.356,61.877,46.906,32773
2022,59680162B89970230221745,Takai,Kano,North West,11.48,9.151,52027,0,99.0,55.44,3.091,59.902,43.849,26.141,34.037,2,53.265,23.548,40.914,11.725,46.906,-0.56,46.601,47.156,54.848,24404
2023,59680162B89970230221745,Takai,Kano,North West,11.48,9.151,52027,0,97.037,33.217,5.928,64.936,27.401,41.005,27.167,2,55.173,34.455,56.155,13.949,54.848,3.22,56.621,53.398,59.659,28536
2024,59680162B89970230221745,Takai,Kano,North West,11.48,9.151,52027,0,96.306,35.993,5.31,58.478,50.737,58.041,42.018,2,41.613,30.78,74.477,18.657,59.659,-2.15,58.474,60.628,53.075,31039
2025,59680162B89970230221745,Takai,Kano,North West,11.48,9.151,52027,0,98.446,40.293,5.627,71.092,45.289,70.363,31.038,0,86.61,23.506,43.483,21.196,53.075,-0.03,53.057,53.09,,27613
2020,59680162B90037113183568,Gujba,Yobe,North East,11.342,11.895,36935,0,85.768,34.537,6.818,49.731,35.367,27.97,24.976,4,42.661,31.989,49.124,16.607,48.381,1.7,49.317,47.614,41.658,17869
2021,59680162B90037113183568,Gujba,Yobe,North East,11.342,11.895,36935,0,96.302,45.193,3.742,50.198,50.301,51.79,20.235,8,83.984,25.742,36.268,19.769,41.658,-0.1,41.603,41.704,42.399,15386
2022,59680162B90037113183568,Gujba,Yobe,North East,11.342,11.895,36935,0,93.07,28.331,2.937,58.189,32.98,55.755,19.69,5,67.739,16.759,69.658,15.965,42.399,2.08,43.544,41.462,42.464,15660
2023,59680162B90037113183568,Gujba,Yobe,North East,11.342,11.895,36935,0,90.044,30.048,3.93,63.072,40.92,38.156,38.027,4,52.234,31.241,56.119,24.83,42.464,0.54,42.761,42.222,39.971,15684
2024,59680162B90037113183568,Gujba,Yobe,North East,11.342,11.895,36935,0,77.014,47.148,3.568,57.429,64.185,44.553,33.78,7,51.819,13.331,41.073,29.297,39.971,3.69,41.998,38.312,50.703,14763
2025,59680162B90037113183568,Gujba,Yobe,North East,11.342,11.895,36935,0,78.776,18.475,4.931,53.036,52.613,48.004,30.598,4,66.866,29.111,49.444,26.71,50.703,0.22,50.823,50.605,,18727
2020,59680162B90439441381954,Kubau,Kaduna,North West,10.813,8.361,33283,1,77.911,40.709,5.566,70.073,35.74,61.832,19.101,1,52.706,22.663,44.136,15.755,43.899,0.97,44.431,43.464,34.854,14611
2021,59680162B90439441381954,Kubau,Kaduna,North West,10.813,8.361,33283,1,79.352,62.192,2.674,62.637,60.966,71.3,32.737,3,66.804,22.77,53.65,15.166,34.854,-0.19,34.749,34.941,38.171,11601
2022,59680162B90439441381954,Kubau,Kaduna,North West,10.813,8.361,33283,1,78.123,55.647,4.639,71.482,47.349,54.401,20.993,1,70.288,37.358,59.727,15.559,38.171,1.96,39.248,37.29,42.127,12704
2023,59680162B90439441381954,Kubau,Kaduna,North West,10.813,8.361,33283,1,83.752,40.243,4.143,70.566,43.733,48.79,19.256,1,43.515,24.51,77.094,18.759,42.127,-0.05,42.102,42.149,34.174,14021
2024,59680162B90439441381954,Kubau,Kaduna,North West,10.813,8.361,33283,1,78.876,38.66,3.71,58.713,54.625,49.614,27.701,1,71.591,30.551,56.435,17.983,34.174,0.88,34.658,33.778,43.921,11374
2025,59680162B90439441381954,Kubau,Kaduna,North West,10.813,8.361,33283,1,85.296,44.61,5.047,66.787,48.298,51.479,25.002,0,58.675,36.48,62.019,29.172,43.921,-1.13,43.298,44.43,,14618
2020,59680162B90522809362613,Owan East,Edo,South South,7.031,6.106,54018,1,60.913,85.927,1.334,40.356,66.013,81.562,4.703,1,55.24,1.67,77.063,13.765,6.757,-0.33,6.574,6.906,10.67,3650
2021,59680162B90522809362613,Owan East,Edo,South South,7.031,6.106,54018,1,70.133,83.625,0.715,37.887,87.373,70.058,7.39,1,44.448,0.0,78.962,20.775,10.67,-1.52,9.834,11.353,13.053,5763
2022,59680162B90522809362613,Owan East,Edo,South South,7.031,6.106,54018,1,57.377,75.79,0.41,41.991,77.462,85.584,9.027,1,44.269,0.0,86.738,25.8,13.053,0.61,13.39,12.777,11.18,7051
2023,59680162B90522809362613,Owan East,Edo,South South,7.031,6.106,54018,1,65.656,74.669,0.242,38.874,70.64,70.074,11.452,4,37.975,3.86,77.846,31.866,11.18,-1.6,10.299,11.901,9.46,6039
2024,59680162B90522809362613,Owan East,Edo,South South,7.031,6.106,54018,1,62.141,98.785,0.2,28.919,60.686,99.0,5.342,0,31.29,12.932,99.0,21.108,9.46,-1.6,8.579,10.181,12.575,5110
2025,59680162B90522809362613,Owan East,Edo,South South,7.031,6.106,54018,1,54.427,84.363,3.395,37.577,57.308,99.0,0.5,1,62.126,0.0,76.053,35.593,12.575,-2.38,11.269,13.645,,6793
2020,59680162B90533313280833,Nangere,Yobe,North East,11.807,11.07,29222,0,84.686,42.957,2.837,54.84,8.663,27.816,25.278,1,42.676,23.192,45.48,25.058,46.096,1.27,46.794,45.525,48.839,13470
2021,59680162B90533313280833,Nangere,Yobe,North East,11.807,11.07,29222,0,96.302,47.705,4.013,54.919,49.376,42.07,27.764,6,82.284,19.821,44.686,14.609,48.839,2.68,50.314,47.631,46.53,14272
2022,59680162B90533313280833,Nangere,Yobe,North East,11.807,11.07,29222,0,84.139,63.507,4.745,51.497,42.353,57.074,24.927,5,66.464,27.137,41.359,11.542,46.53,-2.06,45.396,47.457,42.806,13597
2023,59680162B90533313280833,Nangere,Yobe,North East,11.807,11.07,29222,0,84.312,26.919,4.321,28.884,26.687,45.61,21.994,4,48.046,28.307,48.39,22.765,42.806,1.34,43.545,42.201,49.116,12509
2024,59680162B90533313280833,Nangere,Yobe,North East,11.807,11.07,29222,0,77.806,36.07,1.704,73.456,35.925,22.659,37.872,6,51.949,39.25,39.654,13.905,49.116,1.53,49.96,48.425,53.057,14353
2025,59680162B90533313280833,Nangere,Yobe,North East,11.807,11.07,29222,0,84.377,31.812,3.215,80.787,33.995,42.674,12.269,4,52.972,40.153,59.883,16.766,53.057,1.44,53.849,52.409,,15504
2020,59680162B90577513466378,Andoni,Rivers,South South,4.512,7.374,24976,1,62.634,91.242,2.039,45.617,85.551,79.267,7.984,2,73.576,7.384,98.609,21.05,23.731,-0.65,23.373,24.025,18.132,5927
2021,59680162B90577513466378,Andoni,Rivers,South South,4.512,7.374,24976,1,56.04,89.933,2.197,55.057,78.72,76.706,4.035,1,56.155,1.986,75.338,20.12,18.132,-1.67,17.212,18.885,20.156,4529
2022,59680162B90577513466378,Andoni,Rivers,South South,4.512,7.374,24976,1,72.866,89.425,4.294,50.54,54.608,71.606,3.982,1,51.552,0.0,62.592,17.408,20.156,0.09,20.207,20.115,0.887,5034
2023,59680162B90577513466378,Andoni,Rivers,South South,4.512,7.374,24976,1,51.68,99.0,0.792,42.554,73.913,74.006,1.135,1,45.799,0.0,81.013,36.577,0.887,0.55,1.19,0.639,13.58,222
2024,59680162B90577513466378,Andoni,Rivers,South South,4.512,7.374,24976,1,62.55,99.0,1.255,44.143,89.117,88.457,0.89,0,32.439,0.0,79.203,16.702,13.58,-2.41,12.251,14.666,13.694,3392
2025,59680162B90577513466378,Andoni,Rivers,South South,4.512,7.374,24976,1,68.209,99.0,0.809,46.172,50.427,47.487,0.5,1,41.752,0.0,99.0,37.563,13.694,-0.92,13.187,14.108,,3420
2020,59680162B90615098764032,Okrika,Rivers,South South,4.623,7.072,9924,0,65.389,70.502,0.479,33.097,76.295,75.24,19.596,3,50.933,10.187,60.469,20.258,23.083,-1.43,22.298,23.725,22.422,2291
2021,59680162B90615098764032,Okrika,Rivers,South South,4.623,7.072,9924,0,72.315,78.115,1.723,28.336,61.425,72.952,10.162,1,55.971,6.153,74.318,29.59,22.422,-0.58,22.103,22.683,29.993,2225
2022,59680162B90615098764032,Okrika,Rivers,South South,4.623,7.072,9924,0,64.723,69.515,3.845,40.639,41.501,61.153,11.049,2,46.687,8.87,70.026,38.697,29.993,2.24,31.224,28.985,25.678,2976
2023,59680162B90615098764032,Okrika,Rivers,South South,4.623,7.072,9924,0,65.913,75.031,3.094,29.781,75.927,64.317,15.596,2,52.273,0.0,63.717,9.594,25.678,2.82,27.228,24.41,15.842,2548
2024,59680162B90615098764032,Okrika,Rivers,South South,4.623,7.072,9924,0,59.848,84.793,0.755,50.645,77.61,72.555,20.318,2,40.313,0.0,72.192,25.223,15.842,0.3,16.006,15.708,19.669,1572
2025,59680162B90615098764032,Okrika,Rivers,South South,4.623,7.072,9924,0,78.358,89.489,2.196,43.901,60.751,80.395,16.167,0,62.243,8.649,91.812,29.291,19.669,-1.82,18.668,20.488,,1952
2020,59680162B90895100901083,Itas/Gadau,Bauchi,North East,11.885,10.055,74455,0,92.922,60.173,4.822,59.408,35.658,43.726,29.318,14,55.532,8.977,50.505,20.595,57.828,0.12,57.895,57.774,48.061,43056
2021,59680162B90895100901083,Itas/Gadau,Bauchi,North East,11.885,10.055,74455,0,92.641,42.733,4.396,34.235,52.448,60.276,34.632,7,58.141,28.41,29.837,7.674,48.061,-2.38,46.753,49.132,42.168,35784
2022,59680162B90895100901083,Itas/Gadau,Bauchi,North East,11.885,10.055,74455,0,97.989,44.013,3.3,54.432,64.568,64.441,23.519,4,67.237,28.404,49.326,14.252,42.168,2.54,43.566,41.024,54.76,31396
2023,59680162B90895100901083,Itas/Gadau,Bauchi,North East,11.885,10.055,74455,0,88.368,45.103,4.817,73.288,41.518,33.883,26.507,9,63.564,23.563,56.908,14.9,54.76,1.64,55.66,54.023,46.785,40772
2024,59680162B90895100901083,Itas/Gadau,Bauchi,North East,11.885,10.055,74455,0,76.794,56.906,4.398,47.645,17.586,31.593,15.865,5,49.647,24.268,46.144,19.869,46.785,1.45,47.581,46.135,49.499,34834
2025,59680162B90895100901083,Itas/Gadau,Bauchi,North East,11.885,10.055,74455,0,93.83,42.445,2.415,51.21,36.153,44.329,31.102,6,69.069,38.965,44.192,28.104,49.499,3.3,51.314,48.013,,36854
2020,59680162B90915593246984,Obi,Nasarawa,North Central,8.376,8.758,17906,0,78.173,39.944,3.78,37.129,13.997,30.7,13.479,1,50.565,19.293,55.996,23.046,34.935,3.01,36.588,33.582,34.917,6255
2021,59680162B90915593246984,Obi,Nasarawa,North Central,8.376,8.758,17906,0,71.356,64.996,4.932,47.538,45.586,70.821,22.863,1,63.657,0.0,37.759,11.099,34.917,-0.83,34.463,35.289,28.361,6252
2022,59680162B90915593246984,Obi,Nasarawa,North Central,8.376,8.758,17906,0,66.893,54.672,3.471,45.991,47.594,75.037,33.805,2,46.343,2.074,66.298,53.376,28.361,0.15,28.445,28.292,31.437,5078
2023,59680162B90915593246984,Obi,Nasarawa,North Central,8.376,8.758,17906,0,71.715,53.212,2.401,48.278,42.214,71.202,23.672,4,34.854,2.351,58.105,14.078,31.437,1.26,32.132,30.868,35.291,5629
2024,59680162B90915593246984,Obi,Nasarawa,North Central,8.376,8.758,17906,0,71.213,62.271,6.292,49.107,53.105,41.55,31.009,0,40.96,8.872,43.463,23.902,35.291,-0.61,34.956,35.565,32.588,6319
2025,59680162B90915593246984,Obi,Nasarawa,North Central,8.376,8.758,17906,0,70.631,75.036,4.095,48.501,55.413,75.78,19.733,2,52.95,16.37,58.383,21.19,32.588,1.02,33.147,32.131,,5835
2020,59680162B90957738044815,Yankwashi,Jigawa,North West,12.74,8.56,17932,1,75.736,47.173,3.5,65.622,46.398,77.004,43.3,1,49.774,24.559,36.209,15.583,43.295,-0.89,42.805,43.696,42.346,7764
2021,59680162B90957738044815,Yankwashi,Jigawa,North West,12.74,8.56,17932,1,76.83,43.322,3.746,70.119,41.025,56.044,35.663,1,54.583,34.727,41.25,15.741,42.346,0.15,42.43,42.277,43.371,7593
2022,59680162B90957738044815,Yankwashi,Jigawa,North West,12.74,8.56,17932,1,87.198,60.548,3.546,68.646,62.265,48.515,22.185,3,76.322,42.534,74.517,15.802,43.371,-0.14,43.292,43.435,36.525,7777
2023,59680162B90957738044815,Yankwashi,Jigawa,North West,12.74,8.56,17932,1,74.474,24.707,5.284,66.591,47.181,56.342,24.452,0,48.375,14.52,46.06,11.546,36.525,0.96,37.053,36.093,39.194,6550
2024,59680162B90957738044815,Yankwashi,Jigawa,North West,12.74,8.56,17932,1,84.272,49.476,4.21,51.644,44.913,62.504,25.238,2,66.178,45.51,54.882,28.898,39.194,2.07,40.333,38.262,35.482,7028
2025,59680162B90957738044815,Yankwashi,Jigawa,North West,12.74,8.56,17932,1,74.929,35.705,2.468,71.992,48.394,57.252,35.54,0,48.424,19.763,53.76,21.33,35.482,2.98,37.123,34.139,,6363
2020,59680162B91029831757376,Dambam,Bauchi,North East,11.629,10.765,46628,0,99.0,40.461,2.171,58.909,51.997,39.148,22.032,3,47.947,46.428,55.588,9.888,44.854,2.45,46.199,43.754,44.4,20915
2021,59680162B91029831757376,Dambam,Bauchi,North East,11.629,10.765,46628,0,99.0,35.824,3.77,49.78,33.839,51.59,33.806,4,69.827,34.253,56.475,21.564,44.4,2.49,45.769,43.281,43.34,20703
2022,59680162B91029831757376,Dambam,Bauchi,North East,11.629,10.765,46628,0,99.0,49.764,3.189,44.291,43.135,48.397,23.337,4,79.825,36.023,63.635,8.769,43.34,2.87,44.921,42.046,41.266,20209
2023,59680162B91029831757376,Dambam,Bauchi,North East,11.629,10.765,46628,0,76.631,46.909,2.766,62.944,42.409,49.038,36.555,2,60.551,20.228,60.569,16.489,41.266,1.61,42.149,40.543,51.826,19241
2024,59680162B91029831757376,Dambam,Bauchi,North East,11.629,10.765,46628,0,94.584,55.251,5.887,49.355,30.783,35.666,26.992,3,81.975,22.58,49.391,13.66,51.826,-1.01,51.272,52.28,46.498,24166
2025,59680162B91029831757376,Dambam,Bauchi,North East,11.629,10.765,46628,0,83.331,54.663,5.899,56.046,51.9,27.026,17.758,9,60.118,29.981,73.204,23.663,46.498,-1.55,45.646,47.195,,21681
2020,59680162B9128777704300,Aba South,Abia,South East,5.078,7.349,18934,0,68.685,75.325,1.858,37.858,85.656,62.95,11.029,1,39.024,5.689,74.843,35.384,10.413,-2.02,9.3,11.325,13.29,1972
2021,59680162B9128777704300,Aba South,Abia,South East,5.078,7.349,18934,0,71.096,81.009,0.663,59.222,81.476,78.013,8.384,1,49.958,9.126,66.146,23.049,13.29,0.12,13.356,13.236,7.875,2516
2022,59680162B9128777704300,Aba South,Abia,South East,5.078,7.349,18934,0,62.291,78.666,0.759,37.868,80.876,99.0,1.605,2,47.073,0.436,99.0,28.651,7.875,-0.99,7.333,8.318,16.802,1491
2023,59680162B9128777704300,Aba South,Abia,South East,5.078,7.349,18934,0,67.0,78.013,0.339,17.704,69.228,71.653,20.801,0,26.818,15.283,69.854,17.875,16.802,-0.04,16.783,16.818,11.271,3181
2024,59680162B9128777704300,Aba South,Abia,South East,5.078,7.349,18934,0,67.872,98.152,0.2,34.846,75.757,81.399,15.23,2,16.658,0.0,88.035,36.338,11.271,-0.24,11.136,11.38,0.8,2134
2025,59680162B9128777704300,Aba South,Abia,South East,5.078,7.349,18934,0,63.278,84.419,0.2,32.99,81.534,99.0,6.085,0,45.792,0.0,73.955,24.036,0.8,-1.75,0.5,1.587,,151
2020,59680162B91304502238334,Katsina,Katsina,North West,13.018,7.627,39478,1,89.12,36.633,4.921,64.468,49.436,38.769,23.49,3,47.408,47.852,56.854,8.604,50.103,-0.95,49.581,50.53,47.042,19780
2021,59680162B91304502238334,Katsina,Katsina,North West,13.018,7.627,39478,1,82.272,39.165,4.059,65.847,42.907,60.829,30.643,0,62.347,31.033,69.572,11.987,47.042,-0.97,46.507,47.48,48.509,18571
2022,59680162B91304502238334,Katsina,Katsina,North West,13.018,7.627,39478,1,88.02,56.812,4.74,57.188,55.604,33.217,31.261,2,56.81,23.886,62.149,18.986,48.509,0.24,48.639,48.403,47.887,19150
2023,59680162B91304502238334,Katsina,Katsina,North West,13.018,7.627,39478,1,79.234,37.687,4.949,64.45,38.903,53.064,28.302,1,47.552,17.739,40.509,11.784,47.887,2.68,49.359,46.683,43.799,18905
2024,59680162B91304502238334,Katsina,Katsina,North West,13.018,7.627,39478,1,84.804,43.49,2.994,58.598,32.088,54.192,32.729,2,72.61,40.712,61.256,18.337,43.799,0.59,44.124,43.533,40.49,17291
2025,59680162B91304502238334,Katsina,Katsina,North West,13.018,7.627,39478,1,78.281,46.483,3.189,68.984,43.468,66.163,24.952,2,73.469,26.438,58.403,25.326,40.49,2.83,42.047,39.216,,15985
2020,59680162B9133954487337,Nasarawa,Nasarawa,North Central,8.331,7.758,9598,1,73.303,75.985,1.994,21.739,58.768,95.668,10.806,0,35.603,0.0,55.892,31.232,18.422,0.65,18.78,18.13,14.698,1768
2021,59680162B9133954487337,Nasarawa,Nasarawa,North Central,8.331,7.758,9598,1,69.922,85.235,2.768,37.316,74.094,78.836,17.158,1,62.986,4.41,75.267,30.857,14.698,-0.91,14.2,15.106,24.438,1411
2022,59680162B9133954487337,Nasarawa,Nasarawa,North Central,8.331,7.758,9598,1,69.138,77.34,2.331,33.992,62.368,44.28,22.089,1,46.543,11.798,90.172,22.787,24.438,-1.35,23.697,25.045,20.862,2346
2023,59680162B9133954487337,Nasarawa,Nasarawa,North Central,8.331,7.758,9598,1,62.01,61.859,1.837,59.489,74.197,70.453,15.78,2,37.323,10.706,65.121,27.197,20.862,-1.7,19.928,21.626,20.101,2002
2024,59680162B9133954487337,Nasarawa,Nasarawa,North Central,8.331,7.758,9598,1,59.316,76.342,1.466,59.908,66.124,90.535,0.5,1,45.287,0.0,99.0,18.235,20.101,-3.0,18.451,21.451,19.929,1929
2025,59680162B9133954487337,Nasarawa,Nasarawa,North Central,8.331,7.758,9598,1,58.737,79.728,0.2,34.652,48.592,74.291,12.805,5,66.752,0.0,73.18,23.32,19.929,-0.01,19.925,19.932,,1913
2020,59680162B91433810506609,Urue Offong/Oruko,Akwa Ibom,South South,4.731,8.16,37188,0,72.769,73.49,1.85,54.546,52.335,55.571,9.67,2,51.497,3.533,75.355,47.465,25.461,-1.17,24.82,25.986,22.529,9469
2021,59680162B91433810506609,Urue Offong/Oruko,Akwa Ibom,South South,4.731,8.16,37188,0,67.869,72.968,3.377,58.339,89.266,62.031,8.019,1,62.783,0.0,39.038,19.716,22.529,0.16,22.62,22.455,17.467,8378
2022,59680162B91433810506609,Urue Offong/Oruko,Akwa Ibom,South South,4.731,8.16,37188,0,81.748,76.872,2.091,38.418,67.962,63.508,15.543,0,58.554,0.0,53.444,20.043,17.467,0.56,17.775,17.215,21.861,6496
2023,59680162B91433810506609,Urue Offong/Oruko,Akwa Ibom,South South,4.731,8.16,37188,0,68.634,66.518,0.21,50.592,37.978,40.86,14.559,1,38.79,8.527,70.629,22.002,21.861,2.15,23.042,20.894,29.341,8130
2024,59680162B91433810506609,Urue Offong/Oruko,Akwa Ibom,South South,4.731,8.16,37188,0,65.799,79.027,1.794,46.866,56.545,57.271,15.543,1,61.428,7.375,69.289,42.356,29.341,-3.0,27.691,30.691,23.729,10911
2025,59680162B91433810506609,Urue Offong/Oruko,Akwa Ibom,South South,4.731,8.16,37188,0,68.421,89.942,2.085,36.541,63.902,74.491,17.349,1,83.203,0.0,67.486,65.205,23.729,0.23,23.856,23.626,,8824
2020,59680162B91454305469147,Zango,Katsina,North West,12.962,8.548,63871,0,88.299,42.463,5.33,67.155,27.009,38.116,34.285,0,57.904,31.757,43.498,6.497,49.934,2.51,51.316,48.803,42.294,31893
2021,59680162B91454305469147,Zango,Katsina,North West,12.962,8.548,63871,0,78.274,21.969,6.381,46.0,32.004,57.954,20.986,2,60.306,40.383,32.506,13.961,42.294,-0.03,42.278,42.307,60.369,27014
2022,59680162B91454305469147,Zango,Katsina,North West,12.962,8.548,63871,0,94.414,48.527,4.014,58.734,45.4,45.616,32.759,2,65.326,42.788,48.943,16.735,60.369,3.99,62.563,58.574,54.791,38559
2023,59680162B91454305469147,Zango,Katsina,North West,12.962,8.548,63871,0,91.443,40.587,3.939,43.479,18.41,35.377,31.72,1,52.813,35.769,50.448,25.234,54.791,0.68,55.164,54.485,52.262,34995
2024,59680162B91454305469147,Zango,Katsina,North West,12.962,8.548,63871,0,82.954,34.234,4.92,70.172,18.67,51.827,24.231,1,51.911,42.492,20.235,11.836,52.262,1.4,53.031,51.632,50.821,33380
2025,59680162B91454305469147,Zango,Katsina,North West,12.962,8.548,63871,0,87.531,23.744,4.025,53.295,61.791,35.359,15.16,0,62.292,27.954,74.556,20.128,50.821,2.7,52.306,49.606,,32460
2020,59680162B9145923747098,Giade,Bauchi,North East,11.417,10.235,56824,0,92.645,55.541,4.236,61.34,22.264,47.0,40.028,7,53.041,31.665,49.708,15.925,59.915,-1.1,59.311,60.409,54.648,34046
2021,59680162B9145923747098,Giade,Bauchi,North East,11.417,10.235,56824,0,86.443,40.565,3.589,53.772,33.999,26.028,30.14,4,65.048,43.976,40.484,10.405,54.648,2.77,56.169,53.404,48.249,31053
2022,59680162B9145923747098,Giade,Bauchi,North East,11.417,10.235,56824,0,99.0,32.971,2.731,51.841,49.512,52.883,26.409,4,63.296,18.381,39.997,7.286,48.249,0.87,48.729,47.857,42.945,27417
2023,59680162B9145923747098,Giade,Bauchi,North East,11.417,10.235,56824,0,85.117,56.063,3.845,49.55,36.888,59.138,24.028,6,42.716,32.473,27.959,18.909,42.945,1.37,43.696,42.33,49.62,24403
2024,59680162B9145923747098,Giade,Bauchi,North East,11.417,10.235,56824,0,92.982,55.918,5.519,53.042,38.24,29.181,34.013,5,64.919,12.798,49.339,32.454,49.62,1.76,50.589,48.828,50.168,28196
2025,59680162B9145923747098,Giade,Bauchi,North East,11.417,10.235,56824,0,78.759,38.962,5.549,35.637,34.52,38.454,38.376,5,93.859,26.686,54.125,22.465,50.168,-0.29,50.008,50.3,,28508
2020,59680162B91492845849591,Sokoto North,Sokoto,North West,13.066,5.231,21537,0,78.08,42.181,5.14,73.659,29.97,41.115,38.705,3,41.805,30.832,61.503,18.454,48.435,0.57,48.75,48.178,51.408,10432
2021,59680162B91492845849591,Sokoto North,Sokoto,North West,13.066,5.231,21537,0,88.319,52.861,3.965,66.888,37.41,24.971,34.608,2,72.977,36.663,61.455,14.551,51.408,3.38,53.266,49.888,61.657,11072
2022,59680162B91492845849591,Sokoto North,Sokoto,North West,13.066,5.231,21537,0,88.584,33.601,4.835,76.336,22.163,25.809,35.976,1,71.786,48.037,33.097,10.901,61.657,4.19,63.96,59.772,53.315,13279
2023,59680162B91492845849591,Sokoto North,Sokoto,North West,13.066,5.231,21537,0,89.558,29.593,4.206,58.471,44.33,18.988,35.491,7,64.636,43.99,63.092,17.133,53.315,0.66,53.68,53.016,60.352,11482
2024,59680162B91492845849591,Sokoto North,Sokoto,North West,13.066,5.231,21537,0,96.338,39.365,4.253,74.746,22.62,58.147,37.119,1,38.863,28.695,49.759,23.453,60.352,1.5,61.179,59.675,45.402,12998
2025,59680162B91492845849591,Sokoto North,Sokoto,North West,13.066,5.231,21537,0,81.959,35.898,3.848,60.278,23.744,54.223,22.612,1,80.67,30.957,46.588,24.133,45.402,1.75,46.365,44.614,,9778
2020,59680162B91711719497512,Jos South,Plateau,North Central,9.761,8.85,25062,0,73.066,65.447,2.551,54.419,55.381,43.132,21.173,5,46.558,8.093,65.596,17.396,27.777,1.92,28.831,26.916,33.719,6962
2021,59680162B91711719497512,Jos South,Plateau,North Central,9.761,8.85,25062,0,70.736,68.095,1.207,42.385,33.976,73.71,30.786,1,50.927,16.678,51.747,22.183,33.719,0.43,33.954,33.527,28.53,8451
2022,59680162B91711719497512,Jos South,Plateau,North Central,9.761,8.85,25062,0,64.543,62.835,1.597,44.628,58.909,65.735,33.817,2,67.916,17.768,67.608,29.688,28.53,2.74,30.037,27.297,37.616,7150
2023,59680162B91711719497512,Jos South,Plateau,North Central,9.761,8.85,25062,0,85.028,53.957,2.942,35.774,47.428,49.979,29.091,3,41.806,0.511,61.001,24.212,37.616,-0.63,37.273,37.898,27.371,9427
2024,59680162B91711719497512,Jos South,Plateau,North Central,9.761,8.85,25062,0,64.92,60.832,2.267,55.701,44.816,48.622,21.115,2,57.902,1.708,68.614,20.528,27.371,0.97,27.906,26.933,24.058,6860
2025,59680162B91711719497512,Jos South,Plateau,North Central,9.761,8.85,25062,0,69.316,61.174,3.801,39.904,66.711,55.167,17.708,0,45.61,6.973,59.549,23.196,24.058,-0.71,23.666,24.378,,6029
2020,59680162B91755424681987,Oru East,Imo,South East,5.723,6.953,30485,1,60.908,93.159,0.591,49.834,84.345,77.909,11.682,0,19.991,0.0,96.255,34.65,10.119,-1.28,9.415,10.695,7.295,3085
2021,59680162B91755424681987,Oru East,Imo,South East,5.723,6.953,30485,1,58.693,96.142,1.065,34.923,99.0,75.938,0.5,2,30.874,0.0,96.691,24.278,7.295,-0.39,7.078,7.472,5.959,2224
2022,59680162B91755424681987,Oru East,Imo,South East,5.723,6.953,30485,1,57.177,98.432,0.772,41.039,91.176,84.008,0.5,1,52.514,0.0,93.925,9.788,5.959,-0.89,5.471,6.359,8.771,1817
2023,59680162B91755424681987,Oru East,Imo,South East,5.723,6.953,30485,1,70.362,99.0,0.781,29.046,89.675,99.0,18.037,0,38.641,0.0,80.313,23.829,8.771,-3.0,7.121,10.121,9.938,2674
2024,59680162B91755424681987,Oru East,Imo,South East,5.723,6.953,30485,1,59.752,94.63,0.2,28.673,70.909,94.876,0.5,0,56.062,7.081,99.0,24.74,9.938,-2.57,8.527,11.092,9.864,3030
2025,59680162B91755424681987,Oru East,Imo,South East,5.723,6.953,30485,1,65.71,85.733,1.905,40.782,99.0,82.69,0.76,1,38.666,0.0,99.0,21.255,9.864,-2.14,8.69,10.825,,3007
2020,59680162B91872344495309,Suleja,Niger,North Central,9.219,7.154,39581,0,67.067,45.15,3.838,46.152,30.236,43.335,17.474,1,53.96,21.189,48.875,12.612,31.804,0.26,31.946,31.688,18.154,12588
2021,59680162B91872344495309,Suleja,Niger,North Central,9.219,7.154,39581,0,74.484,61.238,1.812,44.474,43.165,63.887,20.404,0,58.424,0.524,48.651,23.552,18.154,-0.47,17.898,18.364,41.212,7186
2022,59680162B91872344495309,Suleja,Niger,North Central,9.219,7.154,39581,0,72.918,78.669,2.692,45.532,15.135,61.634,23.173,4,61.549,17.426,76.505,19.272,41.212,-1.55,40.359,41.911,16.267,16312
2023,59680162B91872344495309,Suleja,Niger,North Central,9.219,7.154,39581,0,64.458,73.944,1.106,63.931,43.534,58.83,18.159,0,51.875,0.0,36.041,18.474,16.267,1.05,16.843,15.796,21.91,6439
2024,59680162B91872344495309,Suleja,Niger,North Central,9.219,7.154,39581,0,68.857,81.329,0.852,32.047,34.533,49.187,29.015,0,68.207,1.586,72.896,13.52,21.91,-0.11,21.849,21.959,19.568,8672
2025,59680162B91872344495309,Suleja,Niger,North Central,9.219,7.154,39581,0,62.39,73.403,2.009,52.047,42.832,53.25,14.65,0,60.33,4.319,60.168,22.911,19.568,1.74,20.524,18.785,,7745
2020,59680162B91981903970684,Oyi,Anambra,South East,6.226,6.89,29721,1,59.319,96.848,0.888,58.202,46.656,94.245,3.671,2,41.018,0.0,96.364,20.464,11.816,-0.97,11.283,12.252,13.282,3512
2021,59680162B91981903970684,Oyi,Anambra,South East,6.226,6.89,29721,1,70.587,95.193,0.2,35.272,91.823,91.161,16.326,1,28.757,0.887,99.0,33.622,13.282,1.81,14.276,12.469,2.413,3948
2022,59680162B91981903970684,Oyi,Anambra,South East,6.226,6.89,29721,1,54.184,99.0,0.2,32.362,97.59,99.0,12.222,0,42.417,0.0,99.0,33.034,2.413,-3.0,0.763,3.763,8.491,717
2023,59680162B91981903970684,Oyi,Anambra,South East,6.226,6.89,29721,1,59.616,99.0,1.997,31.657,96.73,85.283,5.057,0,31.077,0.0,95.058,10.561,8.491,-3.0,6.841,9.841,12.053,2524
2024,59680162B91981903970684,Oyi,Anambra,South East,6.226,6.89,29721,1,62.284,99.0,1.495,36.984,79.839,99.0,0.5,1,43.03,0.0,91.915,25.528,12.053,-2.34,10.767,13.105,16.982,3582
2025,59680162B91981903970684,Oyi,Anambra,South East,6.226,6.89,29721,1,56.793,99.0,0.2,36.708,78.387,79.094,4.129,1,56.278,0.0,99.0,25.808,16.982,-1.02,16.42,17.441,,5047
2020,59680162B92155854422456,Kabba/Bunu,Kogi,North Central,8.072,6.141,29052,0,76.086,65.586,4.719,49.035,27.551,57.838,28.454,1,27.007,13.302,69.35,13.296,38.864,-0.08,38.822,38.899,26.516,11291
2021,59680162B92155854422456,Kabba/Bunu,Kogi,North Central,8.072,6.141,29052,0,65.151,65.04,3.126,49.488,45.387,57.263,16.023,1,36.9,11.07,46.252,7.568,26.516,1.29,27.227,25.934,30.083,7703
2022,59680162B92155854422456,Kabba/Bunu,Kogi,North Central,8.072,6.141,29052,0,74.304,74.881,3.965,24.106,46.556,42.639,19.629,2,55.504,6.583,59.44,21.118,30.083,-2.5,28.706,31.209,36.281,8740
2023,59680162B92155854422456,Kabba/Bunu,Kogi,North Central,8.072,6.141,29052,0,75.531,62.1,3.591,42.862,54.689,55.523,29.469,2,42.092,0.0,79.459,16.063,36.281,0.75,36.694,35.943,35.286,10540
2024,59680162B92155854422456,Kabba/Bunu,Kogi,North Central,8.072,6.141,29052,0,75.665,44.58,3.286,38.575,44.945,66.674,17.856,1,41.778,21.851,85.577,40.208,35.286,0.47,35.545,35.075,36.388,10251
2025,59680162B92155854422456,Kabba/Bunu,Kogi,North Central,8.072,6.141,29052,0,74.961,66.31,1.989,38.78,42.754,70.763,18.299,3,59.595,8.685,76.536,26.907,36.388,2.51,37.769,35.258,,10571
2020,59680162B92640548002056,Anaocha,Anambra,South East,6.099,7.019,45876,1,66.095,88.258,0.2,32.848,74.223,85.958,7.945,1,10.97,3.494,78.818,40.553,11.207,-3.0,9.557,12.557,9.641,5141
2021,59680162B92640548002056,Anaocha,Anambra,South East,6.099,7.019,45876,1,52.804,99.0,0.2,54.966,61.769,97.54,1.713,0,31.323,0.0,94.423,22.928,9.641,-0.04,9.617,9.662,7.843,4423
2022,59680162B92640548002056,Anaocha,Anambra,South East,6.099,7.019,45876,1,60.2,99.0,0.741,37.403,81.381,99.0,19.453,1,37.697,0.0,99.0,27.823,7.843,-1.52,7.006,8.529,8.442,3598
2023,59680162B92640548002056,Anaocha,Anambra,South East,6.099,7.019,45876,1,55.646,99.0,2.528,29.551,88.088,98.089,0.5,0,26.74,0.0,79.718,36.643,8.442,-1.01,7.885,8.898,4.589,3873
2024,59680162B92640548002056,Anaocha,Anambra,South East,6.099,7.019,45876,1,63.811,99.0,1.556,27.191,99.0,99.0,0.5,0,39.023,0.0,99.0,34.093,4.589,-3.0,2.939,5.939,5.844,2105
2025,59680162B92640548002056,Anaocha,Anambra,South East,6.099,7.019,45876,1,67.427,96.014,0.382,55.638,84.466,92.154,15.803,0,37.268,0.0,94.24,39.749,5.844,-2.12,4.676,6.8,,2681
2020,59680162B92942987363648,Ife East,Osun,South West,7.389,4.581,48399,1,60.185,99.0,0.583,31.111,72.26,99.0,3.588,0,44.309,0.0,99.0,15.011,14.379,0.25,14.518,14.265,11.93,6959
2021,59680162B92942987363648,Ife East,Osun,South West,7.389,4.581,48399,1,55.89,99.0,0.584,39.592,81.949,90.915,10.978,1,41.998,14.817,99.0,14.01,11.93,-0.01,11.926,11.934,1.045,5774
2022,59680162B92942987363648,Ife East,Osun,South West,7.389,4.581,48399,1,53.448,86.178,0.932,21.869,98.912,99.0,0.682,1,32.422,0.0,99.0,34.748,1.045,-0.59,0.721,1.31,12.061,506
2023,59680162B92942987363648,Ife East,Osun,South West,7.389,4.581,48399,1,57.252,90.361,0.568,34.286,84.314,92.481,13.37,0,48.28,10.014,99.0,25.166,12.061,-2.39,10.749,13.135,13.383,5837
2024,59680162B92942987363648,Ife East,Osun,South West,7.389,4.581,48399,1,67.42,91.636,1.988,21.901,65.817,99.0,5.273,0,43.237,0.0,96.684,17.596,13.383,-1.94,12.314,14.257,4.735,6477
2025,59680162B92942987363648,Ife East,Osun,South West,7.389,4.581,48399,1,48.654,99.0,0.414,37.486,93.286,99.0,4.829,2,28.307,0.0,88.481,20.929,4.735,-2.0,3.636,5.634,,2292
2020,59680162B92999716235821,Dekina,Kogi,North Central,7.595,7.144,28336,0,91.236,63.84,3.212,59.512,33.588,58.502,32.415,2,54.508,23.731,57.178,9.135,38.807,2.02,39.916,37.899,26.218,10996
2021,59680162B92999716235821,Dekina,Kogi,North Central,7.595,7.144,28336,0,69.869,69.331,3.549,37.117,51.1,69.841,16.764,1,35.927,10.255,74.418,14.407,26.218,0.93,26.73,25.799,34.813,7429
2022,59680162B92999716235821,Dekina,Kogi,North Central,7.595,7.144,28336,0,70.161,61.118,4.027,42.523,49.576,51.896,21.417,0,60.092,12.797,60.105,29.287,34.813,1.97,35.896,33.927,29.164,9865
2023,59680162B92999716235821,Dekina,Kogi,North Central,7.595,7.144,28336,0,76.531,69.596,3.494,43.098,46.455,67.682,11.338,4,29.866,23.199,64.133,29.113,29.164,2.19,30.367,28.18,24.248,8264
2024,59680162B92999716235821,Dekina,Kogi,North Central,7.595,7.144,28336,0,60.806,54.167,1.599,49.049,52.29,67.085,15.897,1,37.684,15.443,62.735,34.925,24.248,1.77,25.221,23.452,29.455,6871
2025,59680162B92999716235821,Dekina,Kogi,North Central,7.595,7.144,28336,0,74.734,59.381,3.075,30.273,49.969,77.119,26.617,2,73.408,11.483,69.852,28.194,29.455,-0.46,29.2,29.663,,8346
2020,59680162B93100308813933,Maigatari,Jigawa,North West,12.7,9.608,60754,0,83.995,33.201,5.459,64.928,28.339,59.085,36.23,1,62.576,53.854,40.36,17.901,60.588,1.51,61.42,59.907,53.924,36810
2021,59680162B93100308813933,Maigatari,Jigawa,North West,12.7,9.608,60754,0,93.369,24.914,3.397,47.743,25.752,28.599,40.921,1,57.584,40.038,25.495,13.373,53.924,2.64,55.379,52.734,51.28,32761
2022,59680162B93100308813933,Maigatari,Jigawa,North West,12.7,9.608,60754,0,90.347,38.851,3.1,60.878,31.133,38.674,21.093,1,78.051,25.766,60.759,7.727,51.28,2.44,52.619,50.184,49.569,31154
2023,59680162B93100308813933,Maigatari,Jigawa,North West,12.7,9.608,60754,0,87.295,32.61,4.883,52.557,19.763,26.888,37.288,1,50.564,15.165,47.42,17.145,49.569,1.26,50.26,49.004,59.512,30115
2024,59680162B93100308813933,Maigatari,Jigawa,North West,12.7,9.608,60754,0,88.431,42.147,6.526,72.033,20.795,26.182,34.597,1,61.094,30.641,53.043,15.063,59.512,-1.67,58.591,60.265,51.416,36156
2025,59680162B93100308813933,Maigatari,Jigawa,North West,12.7,9.608,60754,0,91.307,35.191,4.69,70.516,39.739,30.294,27.938,2,62.644,35.696,45.712,25.386,51.416,1.04,51.987,50.948,,31237
2020,59680162B93345317219884,Idemili North,Anambra,South East,6.126,6.9,44209,0,65.295,93.632,2.358,38.857,66.089,83.745,5.133,0,32.568,0.0,64.147,17.573,16.205,-0.75,15.791,16.544,11.202,7164
2021,59680162B93345317219884,Idemili North,Anambra,South East,6.126,6.9,44209,0,66.249,93.843,0.384,47.945,68.199,74.064,17.133,1,36.022,0.0,93.82,52.276,11.202,0.13,11.275,11.143,18.169,4952
2022,59680162B93345317219884,Idemili North,Anambra,South East,6.126,6.9,44209,0,77.244,88.86,2.96,37.592,77.554,95.011,6.003,0,29.42,0.0,83.549,14.889,18.169,-1.1,17.567,18.662,13.569,8032
2023,59680162B93345317219884,Idemili North,Anambra,South East,6.126,6.9,44209,0,64.494,93.029,4.014,14.0,61.611,64.24,10.099,1,40.667,0.0,85.547,24.682,13.569,-2.58,12.149,14.731,4.876,5999
2024,59680162B93345317219884,Idemili North,Anambra,South East,6.126,6.9,44209,0,57.375,80.809,2.054,14.0,79.236,99.0,5.13,1,21.034,0.0,90.677,19.012,4.876,1.03,5.443,4.411,7.678,2155
2025,59680162B93345317219884,Idemili North,Anambra,South East,6.126,6.9,44209,0,62.379,96.652,3.699,14.492,89.505,94.27,0.5,1,59.9,10.771,88.551,27.231,7.678,-0.4,7.458,7.857,,3394
2020,59680162B93375949891062,Dan Musa,Katsina,North West,12.262,7.28,66042,0,76.914,44.112,3.58,57.749,9.234,42.61,35.947,2,55.823,35.546,45.309,8.127,56.195,3.32,58.023,54.699,50.705,37112
2021,59680162B93375949891062,Dan Musa,Katsina,North West,12.262,7.28,66042,0,83.415,39.21,2.899,63.603,16.015,46.091,25.232,1,67.079,42.48,35.908,29.204,50.705,3.1,52.413,49.308,47.827,33487
2022,59680162B93375949891062,Dan Musa,Katsina,North West,12.262,7.28,66042,0,79.965,43.234,2.596,59.403,50.083,42.619,45.942,1,52.229,33.49,38.269,10.55,47.827,2.45,49.173,46.725,50.477,31586
2023,59680162B93375949891062,Dan Musa,Katsina,North West,12.262,7.28,66042,0,90.145,31.563,5.525,68.88,32.691,46.674,29.68,1,61.991,19.175,54.166,10.38,50.477,2.41,51.801,49.394,38.986,33336
2024,59680162B93375949891062,Dan Musa,Katsina,North West,12.262,7.28,66042,0,88.544,42.147,3.447,53.614,10.375,36.151,19.938,2,52.659,16.975,61.925,14.842,38.986,2.79,40.522,37.73,54.331,25747
2025,59680162B93375949891062,Dan Musa,Katsina,North West,12.262,7.28,66042,0,88.026,36.291,4.902,69.696,19.509,34.382,39.981,1,62.261,36.544,35.119,15.275,54.331,4.23,56.657,52.428,,35881
2020,59680162B93423525469915,Etche,Rivers,South South,5.072,7.085,23466,1,74.746,94.462,2.313,48.817,67.941,97.951,9.833,2,71.493,0.993,89.396,28.73,27.901,-1.74,26.945,28.683,21.234,6547
2021,59680162B93423525469915,Etche,Rivers,South South,5.072,7.085,23466,1,58.487,94.839,3.022,52.301,59.035,81.697,11.593,0,43.477,5.032,90.214,21.403,21.234,-0.46,20.981,21.44,14.751,4983
2022,59680162B93423525469915,Etche,Rivers,South South,5.072,7.085,23466,1,63.566,97.495,2.382,38.731,66.155,85.811,6.214,1,54.375,0.0,82.154,20.737,14.751,-1.74,13.794,15.535,12.974,3462
2023,59680162B93423525469915,Etche,Rivers,South South,5.072,7.085,23466,1,61.063,99.0,2.998,37.682,68.394,79.159,10.512,2,42.944,0.0,92.006,50.744,12.974,-0.59,12.651,13.238,7.474,3044
2024,59680162B93423525469915,Etche,Rivers,South South,5.072,7.085,23466,1,48.05,99.0,0.272,37.352,78.5,88.592,7.213,1,37.823,9.61,71.804,40.504,7.474,0.14,7.552,7.41,11.304,1754
2025,59680162B93423525469915,Etche,Rivers,South South,5.072,7.085,23466,1,56.958,91.465,1.02,36.886,86.32,86.934,1.306,1,60.652,0.0,79.58,30.304,11.304,-0.58,10.982,11.566,,2653
2020,59680162B9357675593038,Ikole,Ekiti,South West,7.878,5.529,35996,1,61.468,99.0,0.242,38.101,97.471,90.558,14.628,0,32.092,0.0,99.0,41.19,8.333,-2.33,7.051,9.382,14.489,3000
2021,59680162B9357675593038,Ikole,Ekiti,South West,7.878,5.529,35996,1,56.889,86.335,1.691,49.029,99.0,87.531,11.113,0,51.151,10.066,99.0,19.087,14.489,-2.96,12.859,15.823,8.367,5216
2022,59680162B9357675593038,Ikole,Ekiti,South West,7.878,5.529,35996,1,57.939,84.233,0.2,34.006,74.949,79.119,17.798,1,24.341,0.0,89.265,44.449,8.367,0.46,8.62,8.16,5.463,3012
2023,59680162B9357675593038,Ikole,Ekiti,South West,7.878,5.529,35996,1,50.727,99.0,0.516,48.996,82.566,99.0,12.093,0,10.994,0.0,76.367,26.078,5.463,-1.87,4.435,6.304,9.696,1966
2024,59680162B9357675593038,Ikole,Ekiti,South West,7.878,5.529,35996,1,49.222,80.756,0.828,40.52,82.964,99.0,4.73,1,17.865,2.275,99.0,27.904,9.696,-0.21,9.581,9.791,2.929,3490
2025,59680162B9357675593038,Ikole,Ekiti,South West,7.878,5.529,35996,1,53.138,90.802,0.2,52.237,89.301,99.0,5.316,0,44.955,0.36,90.081,28.25,2.929,-1.98,1.838,3.822,,1054
2020,59680162B93651715341205,Warri North,Delta,South South,5.879,5.266,7030,1,57.689,99.0,1.019,37.367,68.319,61.884,6.056,3,47.738,0.0,88.954,33.981,14.546,-1.0,13.997,14.996,20.542,1023
2021,59680162B93651715341205,Warri North,Delta,South South,5.879,5.266,7030,1,74.101,77.812,1.49,46.351,67.821,64.037,10.113,0,60.102,2.879,85.727,13.491,20.542,-0.4,20.321,20.722,25.58,1444
2022,59680162B93651715341205,Warri North,Delta,South South,5.879,5.266,7030,1,73.671,86.267,1.109,28.432,73.935,57.51,17.389,1,58.279,0.0,86.492,12.231,25.58,-1.59,24.704,26.296,6.454,1798
2023,59680162B93651715341205,Warri North,Delta,South South,5.879,5.266,7030,1,40.869,76.3,1.412,36.185,59.943,73.044,0.5,0,54.433,0.0,53.018,36.168,6.454,0.74,6.862,6.121,16.191,454
2024,59680162B93651715341205,Warri North,Delta,South South,5.879,5.266,7030,1,53.185,91.234,0.616,50.613,74.447,83.667,0.78,0,46.47,0.0,98.401,14.146,16.191,-0.31,16.02,16.332,8.675,1138
2025,59680162B93651715341205,Warri North,Delta,South South,5.879,5.266,7030,1,55.701,89.196,3.433,39.423,99.0,97.557,16.027,0,55.697,0.0,87.36,33.375,8.675,-2.74,7.168,9.909,,610
2020,59680162B93998087230069,Bosso,Niger,North Central,9.645,6.357,52277,1,52.741,75.944,2.406,50.904,72.425,84.923,10.347,2,37.121,0.0,90.362,22.009,15.866,1.22,16.537,15.316,37.43,8294
2021,59680162B93998087230069,Bosso,Niger,North Central,9.645,6.357,52277,1,71.799,73.446,3.403,48.245,37.321,63.339,15.887,6,55.009,1.26,82.472,13.945,37.43,-0.99,36.889,37.874,23.024,19568
2022,59680162B93998087230069,Bosso,Niger,North Central,9.645,6.357,52277,1,56.618,78.156,2.503,46.101,64.419,78.261,17.757,0,49.08,0.0,95.257,24.713,23.024,-0.89,22.534,23.424,21.786,12036
2023,59680162B93998087230069,Bosso,Niger,North Central,9.645,6.357,52277,1,70.59,76.361,1.974,41.636,42.924,65.295,9.415,2,37.555,5.641,93.688,20.74,21.786,-0.23,21.658,21.891,21.035,11389
2024,59680162B93998087230069,Bosso,Niger,North Central,9.645,6.357,52277,1,64.171,61.703,2.804,37.37,50.546,75.335,11.275,4,50.939,15.403,79.803,13.763,21.035,1.74,21.993,20.252,26.665,10997
2025,59680162B93998087230069,Bosso,Niger,North Central,9.645,6.357,52277,1,60.91,57.973,3.266,39.935,30.472,86.783,1.631,0,33.823,0.0,98.049,15.299,26.665,0.28,26.817,26.54,,13939
2020,59680162B94034829608504,Ise/Orun,Ekiti,South West,7.421,5.383,25721,0,66.236,89.43,3.723,26.646,58.313,79.65,16.652,0,52.013,13.401,93.104,38.33,30.041,0.93,30.55,29.624,13.207,7727
2021,59680162B94034829608504,Ise/Orun,Ekiti,South West,7.421,5.383,25721,0,62.647,89.049,1.672,30.877,78.935,90.501,11.8,1,42.548,1.08,80.4,11.702,13.207,-1.57,12.341,13.916,18.49,3397
2022,59680162B94034829608504,Ise/Orun,Ekiti,South West,7.421,5.383,25721,0,70.991,88.055,0.328,48.256,72.811,75.352,0.5,1,36.563,2.92,81.451,42.688,18.49,-1.44,17.7,19.137,23.248,4756
2023,59680162B94034829608504,Ise/Orun,Ekiti,South West,7.421,5.383,25721,0,61.616,90.091,1.43,27.074,59.089,90.636,6.247,1,32.074,0.305,88.307,27.688,23.248,-0.86,22.776,23.635,10.109,5980
2024,59680162B94034829608504,Ise/Orun,Ekiti,South West,7.421,5.383,25721,0,74.776,87.594,1.999,31.306,74.126,83.088,2.197,0,29.701,0.0,77.485,49.059,10.109,-2.32,8.833,11.154,19.167,2600
2025,59680162B94034829608504,Ise/Orun,Ekiti,South West,7.421,5.383,25721,0,52.121,79.837,0.2,29.757,55.875,78.207,29.3,0,49.888,0.0,99.0,33.65,19.167,-2.68,17.692,20.373,,4930
2020,59680162B94225169025314,Owerri Municipal,Imo,South East,5.476,7.026,62913,0,59.398,99.0,1.508,36.725,90.361,99.0,20.351,1,22.294,0.0,91.476,27.193,13.296,-2.17,12.104,14.271,20.427,8365
2021,59680162B94225169025314,Owerri Municipal,Imo,South East,5.476,7.026,62913,0,63.022,97.936,1.159,30.966,63.72,72.793,14.332,0,52.158,0.0,72.811,18.652,20.427,-1.77,19.455,21.222,20.447,12851
2022,59680162B94225169025314,Owerri Municipal,Imo,South East,5.476,7.026,62913,0,65.812,76.933,2.858,31.973,66.967,63.948,9.827,2,41.127,0.0,68.501,15.858,20.447,-0.12,20.378,20.503,15.119,12864
2023,59680162B94225169025314,Owerri Municipal,Imo,South East,5.476,7.026,62913,0,71.09,86.867,0.21,35.604,53.946,68.599,0.5,3,22.406,2.099,77.524,21.966,15.119,-1.66,14.208,15.864,12.701,9512
2024,59680162B94225169025314,Owerri Municipal,Imo,South East,5.476,7.026,62913,0,56.02,84.782,3.486,30.839,92.096,96.389,8.973,2,36.339,0.0,87.573,19.381,12.701,-2.5,11.324,13.828,14.25,7991
2025,59680162B94225169025314,Owerri Municipal,Imo,South East,5.476,7.026,62913,0,66.576,78.89,2.371,16.302,60.363,93.271,20.481,0,48.417,0.0,91.026,35.838,14.25,0.51,14.528,14.023,,8965
2020,59680162B94327255764727,Ayedade,Osun,South West,7.334,4.356,35555,0,64.299,91.069,1.636,35.517,60.792,83.855,9.236,0,21.755,6.898,89.486,25.279,24.029,-1.15,23.399,24.544,16.824,8543
2021,59680162B94327255764727,Ayedade,Osun,South West,7.334,4.356,35555,0,62.99,82.557,0.933,42.135,58.953,59.614,18.91,0,59.014,3.688,81.953,24.503,16.824,1.19,17.478,16.289,15.297,5982
2022,59680162B94327255764727,Ayedade,Osun,South West,7.334,4.356,35555,0,71.961,70.645,2.068,25.766,61.251,90.872,11.685,0,38.178,0.0,91.463,26.605,15.297,-0.74,14.89,15.63,20.087,5439
2023,59680162B94327255764727,Ayedade,Osun,South West,7.334,4.356,35555,0,57.014,81.298,2.264,44.393,63.253,99.0,16.203,1,37.964,11.757,68.94,13.025,20.087,-0.12,20.02,20.141,20.081,7142
2024,59680162B94327255764727,Ayedade,Osun,South West,7.334,4.356,35555,0,71.183,93.974,1.916,14.171,47.268,88.3,3.562,0,31.15,4.895,81.1,18.391,20.081,-3.0,18.431,21.431,12.112,7140
2025,59680162B94327255764727,Ayedade,Osun,South West,7.334,4.356,35555,0,65.06,79.851,3.31,26.04,87.608,99.0,1.411,0,37.957,0.0,99.0,16.621,12.112,-1.36,11.364,12.724,,4306
2020,59680162B94433697734962,Daura,Katsina,North West,12.98,8.274,38898,0,93.868,27.926,8.077,61.989,43.897,34.871,23.41,2,46.946,45.379,45.919,10.033,62.131,0.92,62.635,61.718,39.698,24168
2021,59680162B94433697734962,Daura,Katsina,North West,12.98,8.274,38898,0,89.249,32.205,3.453,83.401,45.869,41.686,29.278,1,54.77,26.453,51.351,16.278,39.698,3.19,41.453,38.261,43.857,15442
2022,59680162B94433697734962,Daura,Katsina,North West,12.98,8.274,38898,0,97.02,48.755,3.265,74.39,25.221,47.413,9.445,2,58.783,45.898,58.586,29.328,43.857,1.36,44.603,43.248,53.846,17060
2023,59680162B94433697734962,Daura,Katsina,North West,12.98,8.274,38898,0,85.547,34.333,5.339,55.619,37.244,32.091,32.145,0,62.106,35.055,47.088,26.371,53.846,1.1,54.452,53.35,43.984,20945
2024,59680162B94433697734962,Daura,Katsina,North West,12.98,8.274,38898,0,89.482,9.768,4.419,66.386,31.749,50.6,38.838,1,57.707,31.123,73.869,19.009,43.984,3.16,45.724,42.56,38.441,17109
2025,59680162B94433697734962,Daura,Katsina,North West,12.98,8.274,38898,0,94.511,37.146,3.575,44.189,42.006,60.285,35.474,3,60.826,35.6,47.384,16.963,38.441,2.17,39.635,37.464,,14953
2020,59680162B94450341733030,Okpokwu,Benue,North Central,7.064,7.861,16199,0,73.044,39.603,1.793,60.06,43.09,50.523,21.968,4,43.645,9.666,64.164,12.845,35.3,0.64,35.652,35.012,32.676,5718
2021,59680162B94450341733030,Okpokwu,Benue,North Central,7.064,7.861,16199,0,79.63,60.28,3.195,48.489,66.786,67.124,21.552,1,53.966,3.224,83.663,19.822,32.676,-2.45,31.331,33.776,33.094,5293
2022,59680162B94450341733030,Okpokwu,Benue,North Central,7.064,7.861,16199,0,78.003,48.931,2.988,41.363,40.998,71.286,14.215,0,52.994,6.554,74.027,20.301,33.094,0.34,33.279,32.942,33.863,5361
2023,59680162B94450341733030,Okpokwu,Benue,North Central,7.064,7.861,16199,0,77.502,71.262,4.966,36.337,46.152,74.525,17.862,0,44.084,14.071,66.586,20.083,33.863,-0.44,33.619,34.063,30.497,5485
2024,59680162B94450341733030,Okpokwu,Benue,North Central,7.064,7.861,16199,0,79.544,73.39,3.127,40.139,45.913,56.109,15.925,3,45.097,6.576,34.106,20.934,30.497,2.02,31.606,29.59,30.195,4940
2025,59680162B94450341733030,Okpokwu,Benue,North Central,7.064,7.861,16199,0,71.635,54.347,3.946,47.145,68.551,54.215,11.482,1,50.893,6.217,62.502,14.528,30.195,1.1,30.801,29.7,,4891
2020,59680162B94527775336179,Ekiti,Kwara,North Central,8.113,5.352,26525,0,72.521,58.671,1.063,43.712,38.235,50.833,11.599,1,56.926,26.635,82.771,21.034,27.168,1.79,28.151,26.364,31.322,7206
2021,59680162B94527775336179,Ekiti,Kwara,North Central,8.113,5.352,26525,0,73.343,67.597,3.374,21.071,51.906,50.853,15.977,2,62.204,9.349,40.294,12.464,31.322,-1.64,30.42,32.061,38.03,8308
2022,59680162B94527775336179,Ekiti,Kwara,North Central,8.113,5.352,26525,0,69.304,51.228,3.359,50.372,37.397,54.344,32.423,2,62.937,10.215,69.22,20.037,38.03,1.07,38.616,37.55,25.131,10087
2023,59680162B94527775336179,Ekiti,Kwara,North Central,8.113,5.352,26525,0,68.86,55.882,3.307,33.626,47.725,62.997,17.094,1,35.041,12.43,45.65,26.038,25.131,2.91,26.73,23.822,27.477,6666
2024,59680162B94527775336179,Ekiti,Kwara,North Central,8.113,5.352,26525,0,82.626,50.601,1.901,40.732,61.74,65.17,21.993,2,46.27,20.617,60.376,15.67,27.477,1.06,28.06,26.999,28.443,7288
2025,59680162B94527775336179,Ekiti,Kwara,North Central,8.113,5.352,26525,0,80.656,54.455,2.403,38.73,58.688,78.527,19.01,2,61.704,4.184,79.222,32.711,28.443,-2.72,26.947,29.667,,7544
2020,59680162B94726154492089,Bassa,Plateau,North Central,10.054,8.81,57325,0,74.619,59.009,2.761,40.922,56.703,43.661,19.134,2,46.244,20.184,64.704,15.053,36.616,0.18,36.714,36.537,16.994,20990
2021,59680162B94726154492089,Bassa,Plateau,North Central,10.054,8.81,57325,0,63.913,63.77,1.266,44.849,45.507,48.801,9.304,1,40.557,1.897,51.841,8.661,16.994,-2.45,15.648,18.094,18.385,9742
2022,59680162B94726154492089,Bassa,Plateau,North Central,10.054,8.81,57325,0,70.462,54.972,2.774,28.002,59.371,58.974,0.719,4,42.809,10.563,59.146,25.565,18.385,-0.68,18.012,18.69,29.703,10539
2023,59680162B94726154492089,Bassa,Plateau,North Central,10.054,8.81,57325,0,63.943,46.205,1.461,54.817,43.29,42.255,7.122,5,51.064,15.451,66.748,19.567,29.703,-0.34,29.517,29.855,35.591,17027
2024,59680162B94726154492089,Bassa,Plateau,North Central,10.054,8.81,57325,0,69.346,54.84,3.348,48.995,58.032,74.814,8.205,3,56.313,22.039,76.539,23.656,35.591,-0.72,35.195,35.915,25.349,20403
2025,59680162B94726154492089,Bassa,Plateau,North Central,10.054,8.81,57325,0,73.472,63.929,4.529,34.514,51.431,34.987,14.799,3,55.129,0.0,64.198,22.621,25.349,1.14,25.974,24.837,,14531
2020,59680162B95103667512911,Kebbe,Sokoto,North West,11.886,4.743,21995,0,90.428,31.597,4.96,70.231,26.075,50.743,29.622,1,69.924,35.308,59.423,14.522,53.239,2.28,54.494,52.213,49.939,11710
2021,59680162B95103667512911,Kebbe,Sokoto,North West,11.886,4.743,21995,0,87.133,41.316,3.281,76.555,40.369,40.995,34.58,0,77.855,32.608,51.403,18.863,49.939,1.77,50.915,49.14,56.12,10984
2022,59680162B95103667512911,Kebbe,Sokoto,North West,11.886,4.743,21995,0,87.818,37.993,6.872,65.71,32.917,35.105,40.253,1,62.807,22.971,46.957,13.308,56.12,-0.08,56.078,56.155,48.122,12344
2023,59680162B95103667512911,Kebbe,Sokoto,North West,11.886,4.743,21995,0,89.893,32.26,4.985,53.343,29.731,38.757,31.516,2,59.932,27.838,32.954,26.79,48.122,0.38,48.329,47.953,51.115,10584
2024,59680162B95103667512911,Kebbe,Sokoto,North West,11.886,4.743,21995,0,82.289,29.429,4.86,63.31,37.623,40.042,26.12,2,49.977,33.07,16.221,26.099,51.115,0.81,51.559,50.752,45.789,11243
2025,59680162B95103667512911,Kebbe,Sokoto,North West,11.886,4.743,21995,0,75.077,39.567,4.163,62.614,31.894,43.184,34.252,2,55.122,34.268,47.134,20.702,45.789,3.28,47.594,44.311,,10071
2020,59680162B95139171035149,Akko,Gombe,North East,10.1,11.017,31552,1,83.492,58.931,3.51,53.401,42.944,58.395,27.024,2,54.584,32.923,52.541,16.332,43.483,-1.19,42.827,44.021,38.102,13720
2021,59680162B95139171035149,Akko,Gombe,North East,10.1,11.017,31552,1,80.499,62.829,2.089,55.269,60.31,41.313,27.426,4,71.461,30.837,51.128,10.607,38.102,2.02,39.211,37.194,35.216,12022
2022,59680162B95139171035149,Akko,Gombe,North East,10.1,11.017,31552,1,72.856,39.616,2.524,63.123,42.439,43.075,24.893,4,73.512,24.474,75.677,47.588,35.216,-1.04,34.644,35.684,37.194,11111
2023,59680162B95139171035149,Akko,Gombe,North East,10.1,11.017,31552,1,67.799,43.028,4.861,59.432,48.991,58.62,16.059,3,56.447,31.207,40.878,17.536,37.194,1.09,37.792,36.705,38.931,11736
2024,59680162B95139171035149,Akko,Gombe,North East,10.1,11.017,31552,1,72.977,65.299,4.221,55.02,53.23,50.463,20.394,2,49.943,27.427,62.108,18.348,38.931,-0.77,38.51,39.276,52.833,12284
2025,59680162B95139171035149,Akko,Gombe,North East,10.1,11.017,31552,1,69.046,42.914,3.432,69.456,43.735,58.491,31.769,6,99.439,37.751,59.809,15.154,52.833,1.6,53.715,52.111,,16670
2020,59680162B95147302907135,Obot Akara,Akwa Ibom,South South,5.255,7.615,12222,0,67.701,75.393,1.169,23.94,61.437,61.332,19.219,3,50.323,11.167,73.132,26.202,21.698,-1.71,20.757,22.467,4.103,2652
2021,59680162B95147302907135,Obot Akara,Akwa Ibom,South South,5.255,7.615,12222,0,69.624,74.998,0.412,18.151,85.01,71.489,2.304,3,42.904,2.288,76.363,30.01,4.103,-1.51,3.276,4.781,12.85,502
2022,59680162B95147302907135,Obot Akara,Akwa Ibom,South South,5.255,7.615,12222,0,66.804,85.606,1.282,32.84,66.263,52.026,12.66,1,72.384,0.0,65.857,41.768,12.85,0.89,13.337,12.451,20.378,1570
2023,59680162B95147302907135,Obot Akara,Akwa Ibom,South South,5.255,7.615,12222,0,61.606,73.879,1.427,31.964,63.198,80.334,8.886,2,40.824,0.516,68.915,15.282,20.378,-2.14,19.201,21.341,17.731,2491
2024,59680162B95147302907135,Obot Akara,Akwa Ibom,South South,5.255,7.615,12222,0,63.173,78.376,1.338,59.09,63.898,73.671,36.292,1,70.934,9.555,77.104,22.398,17.731,0.28,17.886,17.605,28.976,2167
2025,59680162B95147302907135,Obot Akara,Akwa Ibom,South South,5.255,7.615,12222,0,65.896,95.681,4.031,33.896,72.592,49.699,13.016,0,52.865,9.414,54.408,12.847,28.976,1.88,30.008,28.131,,3541
2020,59680162B95265909286240,Kiyawa,Jigawa,North West,11.8,9.521,50096,1,88.146,43.254,6.409,45.812,37.388,65.659,34.492,0,62.607,40.981,52.214,21.299,57.061,-1.29,56.35,57.644,26.507,28585
2021,59680162B95265909286240,Kiyawa,Jigawa,North West,11.8,9.521,50096,1,77.721,48.33,2.992,61.599,53.66,77.079,31.815,1,68.471,18.707,69.254,6.733,26.507,-0.15,26.427,26.573,50.472,13279
2022,59680162B95265909286240,Kiyawa,Jigawa,North West,11.8,9.521,50096,1,85.66,57.259,2.779,62.495,31.759,73.107,18.526,2,70.773,23.551,41.172,17.294,50.472,1.54,51.32,49.778,45.007,25284
2023,59680162B95265909286240,Kiyawa,Jigawa,North West,11.8,9.521,50096,1,79.734,30.609,3.719,73.274,45.042,56.787,26.709,0,49.565,47.538,61.29,19.639,45.007,1.77,45.979,44.213,42.124,22547
2024,59680162B95265909286240,Kiyawa,Jigawa,North West,11.8,9.521,50096,1,77.001,35.731,2.619,74.985,50.339,68.273,3.563,1,44.642,34.986,64.147,17.513,42.124,2.77,43.649,40.876,35.178,21102
2025,59680162B95265909286240,Kiyawa,Jigawa,North West,11.8,9.521,50096,1,80.105,60.086,3.875,59.472,56.676,50.323,23.7,2,60.299,15.809,74.591,12.532,35.178,-0.29,35.016,35.31,,17623
2020,59680162B95285688800937,Funtua,Katsina,North West,11.426,7.354,7122,0,79.596,37.23,4.09,73.769,34.836,56.446,35.721,5,64.424,44.068,61.419,10.9,54.212,1.28,54.916,53.635,54.845,3861
2021,59680162B95285688800937,Funtua,Katsina,North West,11.426,7.354,7122,0,72.561,55.091,5.662,65.19,32.788,50.167,37.372,1,68.348,47.069,49.822,13.485,54.845,1.02,55.404,54.388,54.403,3906
2022,59680162B95285688800937,Funtua,Katsina,North West,11.426,7.354,7122,0,95.609,27.706,5.361,59.799,36.727,29.616,40.162,1,59.787,46.109,24.028,10.184,54.403,3.65,56.409,52.762,48.373,3875
2023,59680162B95285688800937,Funtua,Katsina,North West,11.426,7.354,7122,0,83.541,31.492,4.808,68.883,28.401,51.585,30.767,2,60.399,32.95,45.835,33.418,48.373,1.52,49.21,47.688,51.174,3445
2024,59680162B95285688800937,Funtua,Katsina,North West,11.426,7.354,7122,0,95.92,44.446,3.686,60.613,25.961,32.413,32.103,0,62.132,33.479,33.328,14.018,51.174,1.25,51.863,50.61,50.048,3645
2025,59680162B95285688800937,Funtua,Katsina,North West,11.426,7.354,7122,0,90.69,45.87,4.406,60.632,30.357,49.737,39.141,2,76.229,26.282,49.905,23.17,50.048,0.96,50.573,49.618,,3564
2020,59680162B95372959647234,Ijebu Ode,Ogun,South West,6.782,3.949,92138,1,50.719,80.412,0.206,53.55,82.984,99.0,9.945,0,45.698,4.804,99.0,26.362,9.336,-1.26,8.645,9.901,11.868,8602
2021,59680162B95372959647234,Ijebu Ode,Ogun,South West,6.782,3.949,92138,1,54.673,92.162,1.361,60.287,67.47,83.156,6.282,0,35.025,0.0,79.329,28.919,11.868,0.51,12.149,11.639,12.32,10935
2022,59680162B95372959647234,Ijebu Ode,Ogun,South West,6.782,3.949,92138,1,54.408,99.0,0.2,46.306,72.715,99.0,5.318,0,40.218,0.0,99.0,19.697,12.32,-0.35,12.129,12.477,8.399,11352
2023,59680162B95372959647234,Ijebu Ode,Ogun,South West,6.782,3.949,92138,1,48.505,84.105,0.2,40.243,61.505,92.929,14.295,1,29.797,0.0,95.04,23.87,8.399,-3.0,6.749,9.749,14.53,7738
2024,59680162B95372959647234,Ijebu Ode,Ogun,South West,6.782,3.949,92138,1,54.476,98.905,2.492,40.632,86.025,99.0,17.102,1,7.28,0.0,99.0,32.292,14.53,-2.78,13.001,15.78,1.933,13387
2025,59680162B95372959647234,Ijebu Ode,Ogun,South West,6.782,3.949,92138,1,29.854,98.578,3.252,41.903,84.078,99.0,12.652,0,42.199,0.0,99.0,24.215,1.933,-2.48,0.568,3.05,,1781
2020,59680162B95469939765095,Ehime-Mbano,Imo,South East,5.671,7.302,19876,1,55.22,99.0,0.2,19.051,57.924,78.11,3.633,0,31.858,24.191,72.987,16.864,6.333,-1.49,5.514,7.004,6.683,1259
2021,59680162B95469939765095,Ehime-Mbano,Imo,South East,5.671,7.302,19876,1,53.919,99.0,2.509,45.023,68.537,99.0,13.194,0,34.68,0.0,99.0,15.062,6.683,-1.25,5.997,7.245,5.944,1328
2022,59680162B95469939765095,Ehime-Mbano,Imo,South East,5.671,7.302,19876,1,59.536,99.0,0.2,57.734,98.42,77.357,10.225,0,42.934,0.0,99.0,15.768,5.944,0.92,6.452,5.529,0.8,1182
2023,59680162B95469939765095,Ehime-Mbano,Imo,South East,5.671,7.302,19876,1,61.525,99.0,0.2,28.811,89.986,99.0,0.5,0,52.759,0.0,78.923,24.956,0.8,-2.3,0.5,1.837,11.04,159
2024,59680162B95469939765095,Ehime-Mbano,Imo,South East,5.671,7.302,19876,1,61.149,95.75,0.2,41.327,81.92,99.0,3.82,0,15.256,5.305,99.0,16.779,11.04,-0.55,10.74,11.286,10.446,2194
2025,59680162B95469939765095,Ehime-Mbano,Imo,South East,5.671,7.302,19876,1,65.879,96.804,0.2,38.989,85.002,92.102,8.708,0,32.33,9.953,99.0,27.234,10.446,-1.48,9.633,11.11,,2076
2020,59680162B95559320678868,Udung Uko,Akwa Ibom,South South,4.74,8.292,18190,0,72.868,73.039,5.013,28.594,48.645,75.62,9.211,5,37.432,0.0,46.057,22.671,27.51,1.25,28.195,26.95,30.701,5004
2021,59680162B95559320678868,Udung Uko,Akwa Ibom,South South,4.74,8.292,18190,0,73.328,67.301,3.661,47.901,65.472,64.234,18.573,3,46.931,1.585,60.304,11.181,30.701,0.01,30.705,30.698,18.379,5584
2022,59680162B95559320678868,Udung Uko,Akwa Ibom,South South,4.74,8.292,18190,0,69.623,75.931,2.622,29.341,63.159,57.156,10.055,1,46.976,0.0,78.096,28.517,18.379,-2.57,16.964,19.537,23.483,3343
2023,59680162B95559320678868,Udung Uko,Akwa Ibom,South South,4.74,8.292,18190,0,60.412,90.32,1.831,34.025,63.697,65.148,27.289,2,64.474,6.428,54.197,22.122,23.483,-1.71,22.54,24.254,14.752,4271
2024,59680162B95559320678868,Udung Uko,Akwa Ibom,South South,4.74,8.292,18190,0,60.969,84.996,2.305,24.405,39.477,68.173,13.765,1,49.962,6.988,73.989,19.702,14.752,0.45,15.0,14.549,19.198,2683
2025,59680162B95559320678868,Udung Uko,Akwa Ibom,South South,4.74,8.292,18190,0,79.522,87.307,0.2,36.801,52.996,82.215,18.52,4,63.378,20.508,89.255,29.681,19.198,-2.06,18.065,20.125,,3492
2020,59680162B9558481059390,Burutu,Delta,South South,5.215,5.556,18322,1,53.055,84.313,1.555,45.521,79.681,93.766,10.987,0,56.876,0.0,95.898,17.466,6.668,-2.16,5.479,7.641,26.842,1222
2021,59680162B9558481059390,Burutu,Delta,South South,5.215,5.556,18322,1,71.82,91.094,3.111,47.971,72.126,54.933,5.56,1,70.076,5.262,78.881,46.763,26.842,-0.34,26.657,26.993,15.091,4918
2022,59680162B9558481059390,Burutu,Delta,South South,5.215,5.556,18322,1,76.974,94.087,0.2,52.354,79.092,65.048,10.631,2,66.896,0.0,72.422,22.223,15.091,-1.54,14.241,15.785,5.238,2765
2023,59680162B9558481059390,Burutu,Delta,South South,5.215,5.556,18322,1,60.241,99.0,1.517,51.335,90.841,83.083,3.467,3,45.205,14.122,81.654,24.516,5.238,-0.1,5.183,5.284,14.637,960
2024,59680162B9558481059390,Burutu,Delta,South South,5.215,5.556,18322,1,54.786,89.592,1.504,46.864,74.302,54.565,13.283,0,48.717,0.0,98.484,25.056,14.637,-2.51,13.257,15.765,9.267,2682
2025,59680162B9558481059390,Burutu,Delta,South South,5.215,5.556,18322,1,57.492,73.833,1.363,64.834,99.0,73.925,12.447,0,63.595,20.487,99.0,23.533,9.267,-2.3,8.004,10.3,,1698
2020,59680162B95600296408215,Ezza North,Ebonyi,South East,6.264,7.984,21619,1,65.875,93.226,0.2,19.0,84.924,76.074,2.731,2,31.336,6.462,78.099,24.981,10.276,-2.24,9.045,11.283,9.666,2222
2021,59680162B95600296408215,Ezza North,Ebonyi,South East,6.264,7.984,21619,1,74.199,98.434,0.2,34.751,63.665,99.0,13.216,0,42.384,0.0,99.0,19.124,9.666,-3.0,8.016,11.016,9.958,2090
2022,59680162B95600296408215,Ezza North,Ebonyi,South East,6.264,7.984,21619,1,53.814,94.76,2.622,53.899,95.273,92.493,2.544,0,41.487,1.034,92.784,25.024,9.958,-3.0,8.308,11.308,12.682,2153
2023,59680162B95600296408215,Ezza North,Ebonyi,South East,6.264,7.984,21619,1,56.76,99.0,1.011,41.844,69.897,75.641,6.4,0,28.739,0.0,99.0,15.965,12.682,-1.92,11.627,13.545,1.988,2742
2024,59680162B95600296408215,Ezza North,Ebonyi,South East,6.264,7.984,21619,1,51.706,91.406,0.2,41.776,99.0,99.0,5.583,1,31.431,0.185,96.941,19.368,1.988,-0.08,1.946,2.022,7.2,430
2025,59680162B95600296408215,Ezza North,Ebonyi,South East,6.264,7.984,21619,1,53.736,97.077,0.2,43.243,77.23,99.0,0.5,0,35.398,0.0,99.0,18.744,7.2,0.47,7.459,6.988,,1557
2020,59680162B96182902271382,Gwarzo,Kano,North West,11.901,7.984,38304,0,91.639,33.23,8.362,58.739,42.445,32.365,25.909,2,37.791,49.957,27.211,14.404,60.958,1.21,61.621,60.416,52.32,23349
2021,59680162B96182902271382,Gwarzo,Kano,North West,11.901,7.984,38304,0,91.936,23.808,3.779,61.053,33.002,52.88,33.208,2,75.643,37.369,43.03,14.479,52.32,0.87,52.797,51.93,55.736,20041
2022,59680162B96182902271382,Gwarzo,Kano,North West,11.901,7.984,38304,0,84.805,39.24,4.116,60.566,32.011,45.583,39.491,0,93.836,27.826,58.251,21.992,55.736,-0.06,55.704,55.761,45.83,21349
2023,59680162B96182902271382,Gwarzo,Kano,North West,11.901,7.984,38304,0,83.877,32.934,5.992,48.275,29.934,57.514,31.1,0,50.751,41.965,35.71,35.934,45.83,1.19,46.486,45.292,53.026,17555
2024,59680162B96182902271382,Gwarzo,Kano,North West,11.901,7.984,38304,0,81.447,40.739,3.702,54.87,20.469,47.643,26.106,2,26.744,45.525,21.538,30.212,53.026,3.01,54.682,51.672,61.679,20311
2025,59680162B96182902271382,Gwarzo,Kano,North West,11.901,7.984,38304,0,92.888,46.508,6.918,85.224,29.129,35.541,27.144,1,80.45,28.356,41.498,19.766,61.679,1.45,62.477,61.026,,23625
2020,59680162B96484505623852,Bida,Niger,North Central,9.036,5.957,31152,1,81.584,60.639,0.315,35.572,65.422,74.846,18.526,3,40.46,4.973,93.843,16.614,24.258,1.74,25.213,23.477,25.592,7557
2021,59680162B96484505623852,Bida,Niger,North Central,9.036,5.957,31152,1,62.806,60.784,2.93,44.006,43.383,65.418,10.111,0,42.675,14.638,71.129,22.14,25.592,-0.52,25.305,25.827,25.823,7973
2022,59680162B96484505623852,Bida,Niger,North Central,9.036,5.957,31152,1,56.38,61.93,2.749,41.634,54.242,51.989,7.815,0,62.652,11.071,80.796,18.523,25.823,2.25,27.059,24.811,22.524,8044
2023,59680162B96484505623852,Bida,Niger,North Central,9.036,5.957,31152,1,60.684,80.373,1.723,43.694,52.133,80.019,14.886,1,46.493,9.681,87.164,15.289,22.524,1.55,23.376,21.827,20.867,7017
2024,59680162B96484505623852,Bida,Niger,North Central,9.036,5.957,31152,1,58.86,84.257,1.179,45.529,56.744,94.123,12.552,5,31.78,13.892,57.544,13.343,20.867,0.08,20.913,20.829,17.743,6500
2025,59680162B96484505623852,Bida,Niger,North Central,9.036,5.957,31152,1,75.19,73.555,2.247,38.833,71.585,75.27,9.709,1,47.903,0.0,78.881,28.283,17.743,-0.97,17.211,18.177,,5527
2020,59680162B96723309662383,Aboh-Mbaise,Imo,South East,5.422,7.259,24258,1,58.532,96.581,0.2,32.896,90.12,99.0,0.5,1,23.293,0.0,99.0,15.639,0.8,-1.38,0.5,1.421,13.795,194
2021,59680162B96723309662383,Aboh-Mbaise,Imo,South East,5.422,7.259,24258,1,77.507,99.0,0.2,29.209,67.937,90.446,7.05,2,42.467,2.037,99.0,19.723,13.795,-0.48,13.533,14.009,10.128,3346
2022,59680162B96723309662383,Aboh-Mbaise,Imo,South East,5.422,7.259,24258,1,57.508,87.134,2.034,24.471,99.0,86.805,0.5,1,43.015,0.0,67.002,30.32,10.128,-0.25,9.992,10.24,0.8,2457
2023,59680162B96723309662383,Aboh-Mbaise,Imo,South East,5.422,7.259,24258,1,57.192,99.0,0.2,38.444,94.454,99.0,11.997,3,11.02,0.0,99.0,62.928,0.8,-0.7,0.5,1.113,6.105,194
2024,59680162B96723309662383,Aboh-Mbaise,Imo,South East,5.422,7.259,24258,1,58.199,98.864,0.796,47.677,99.0,86.596,0.5,1,25.818,0.463,99.0,22.544,6.105,-2.8,4.564,7.366,0.8,1481
2025,59680162B96723309662383,Aboh-Mbaise,Imo,South East,5.422,7.259,24258,1,62.908,99.0,2.375,41.315,92.748,94.416,1.498,2,40.629,3.819,82.557,34.918,0.8,-1.51,0.5,1.48,,194
2020,59680162B96890005302109,Amuwo Odofin,Lagos,South West,6.449,3.274,42001,1,56.421,95.358,0.851,48.525,92.445,99.0,14.666,0,36.298,0.0,80.219,20.438,3.994,-2.25,2.757,5.006,12.906,1677
2021,59680162B96890005302109,Amuwo Odofin,Lagos,South West,6.449,3.274,42001,1,64.573,94.307,1.196,43.846,91.182,91.925,9.338,2,27.456,10.446,89.678,18.287,12.906,-1.76,11.94,13.696,11.626,5421
2022,59680162B96890005302109,Amuwo Odofin,Lagos,South West,6.449,3.274,42001,1,54.466,90.296,2.104,40.212,87.175,83.343,0.5,0,52.81,0.0,96.584,21.523,11.626,-0.02,11.615,11.635,7.767,4883
2023,59680162B96890005302109,Amuwo Odofin,Lagos,South West,6.449,3.274,42001,1,43.378,95.908,2.131,42.556,81.706,99.0,6.814,0,41.694,0.0,99.0,22.873,7.767,-1.48,6.954,8.433,0.8,3262
2024,59680162B96890005302109,Amuwo Odofin,Lagos,South West,6.449,3.274,42001,1,39.585,97.582,0.2,47.313,90.198,99.0,5.617,1,40.551,0.0,99.0,20.641,0.8,-1.33,0.5,1.4,12.972,336
2025,59680162B96890005302109,Amuwo Odofin,Lagos,South West,6.449,3.274,42001,1,60.659,81.89,0.2,40.94,76.897,88.779,0.5,0,36.522,0.0,94.313,32.402,12.972,-0.96,12.444,13.404,,5448
2020,59680162B96934818178887,Akinyele,Oyo,South West,7.544,3.903,17921,0,59.663,62.455,2.191,29.496,85.885,97.775,3.56,0,26.119,0.0,82.389,11.182,11.132,-1.95,10.06,12.009,16.825,1995
2021,59680162B96934818178887,Akinyele,Oyo,South West,7.544,3.903,17921,0,57.049,75.636,0.27,20.672,62.193,89.856,7.601,0,49.286,5.745,70.45,10.998,16.825,-1.6,15.945,17.545,24.209,3015
2022,59680162B96934818178887,Akinyele,Oyo,South West,7.544,3.903,17921,0,60.822,68.52,2.432,48.084,67.581,70.086,24.213,0,38.821,0.0,93.282,18.727,24.209,-3.0,22.559,25.559,16.993,4339
2023,59680162B96934818178887,Akinyele,Oyo,South West,7.544,3.903,17921,0,57.046,92.821,2.268,45.319,66.126,79.34,7.228,0,32.602,0.0,73.381,20.616,16.993,-3.0,15.343,18.343,12.761,3045
2024,59680162B96934818178887,Akinyele,Oyo,South West,7.544,3.903,17921,0,65.425,59.859,1.58,34.123,55.343,81.572,12.021,1,34.655,0.0,77.077,16.379,12.761,-0.78,12.331,13.113,8.321,2287
2025,59680162B96934818178887,Akinyele,Oyo,South West,7.544,3.903,17921,0,60.181,83.351,1.351,24.149,86.045,82.979,17.574,0,10.74,15.477,99.0,17.778,8.321,-1.19,7.668,8.855,,1491
2020,59680162B96971531554224,Taura,Jigawa,North West,12.272,9.363,34290,0,88.969,40.486,6.338,73.894,16.461,12.662,33.305,1,69.11,30.447,31.014,17.342,51.306,1.62,52.2,50.576,51.748,17593
2021,59680162B96971531554224,Taura,Jigawa,North West,12.272,9.363,34290,0,81.93,26.397,4.04,58.675,36.909,25.811,39.504,1,57.33,35.477,32.825,14.592,51.748,2.42,53.08,50.657,58.089,17744
2022,59680162B96971531554224,Taura,Jigawa,North West,12.272,9.363,34290,0,74.909,30.507,3.545,78.441,43.598,55.845,40.925,2,73.822,34.044,46.313,22.348,58.089,0.58,58.405,57.83,35.491,19919
2023,59680162B96971531554224,Taura,Jigawa,North West,12.272,9.363,34290,0,83.242,34.57,4.916,58.636,54.686,48.5,21.787,2,37.584,44.744,44.139,16.356,35.491,-2.6,34.06,36.662,44.177,12170
2024,59680162B96971531554224,Taura,Jigawa,North West,12.272,9.363,34290,0,93.0,18.956,3.393,56.76,35.263,46.411,28.379,0,47.952,38.307,59.776,20.976,44.177,1.55,45.031,43.478,46.458,15148
2025,59680162B96971531554224,Taura,Jigawa,North West,12.272,9.363,34290,0,87.336,58.062,2.214,50.14,55.959,39.808,26.928,2,72.898,32.924,45.855,12.387,46.458,0.45,46.706,46.255,,15930
2020,59680162B96995039930644,Dange Shuni,Sokoto,North West,12.816,5.424,81372,0,93.564,43.657,5.802,53.661,12.647,25.449,35.57,2,54.169,36.958,40.266,13.318,58.129,3.73,60.182,56.448,55.259,47300
2021,59680162B96995039930644,Dange Shuni,Sokoto,North West,12.816,5.424,81372,0,81.458,30.327,4.797,65.512,36.324,21.824,39.996,5,61.567,45.258,26.949,19.175,55.259,-1.01,54.703,55.715,47.21,44966
2022,59680162B96995039930644,Dange Shuni,Sokoto,North West,12.816,5.424,81372,0,89.873,33.387,5.08,71.316,27.392,48.651,33.183,1,54.755,19.64,52.583,15.989,47.21,0.48,47.476,46.993,48.557,38416
2023,59680162B96995039930644,Dange Shuni,Sokoto,North West,12.816,5.424,81372,0,96.888,32.953,4.137,49.807,25.758,36.127,43.429,1,75.9,27.27,58.76,11.531,48.557,1.92,49.615,47.691,50.297,39512
2024,59680162B96995039930644,Dange Shuni,Sokoto,North West,12.816,5.424,81372,0,89.565,25.71,3.522,44.754,28.334,40.194,26.529,1,58.326,40.595,30.392,23.546,50.297,3.84,52.411,48.567,52.67,40928
2025,59680162B96995039930644,Dange Shuni,Sokoto,North West,12.816,5.424,81372,0,95.788,19.499,3.302,44.385,47.928,45.649,37.721,2,73.039,34.465,59.105,10.621,52.67,2.39,53.987,51.593,,42859
2020,59680162B97039944509950,Eket,Akwa Ibom,South South,4.635,7.947,32630,1,67.138,99.0,1.715,49.494,58.061,71.924,3.722,0,63.221,3.371,79.016,29.741,15.812,-0.41,15.587,15.996,11.911,5159
2021,59680162B97039944509950,Eket,Akwa Ibom,South South,4.635,7.947,32630,1,57.134,80.732,2.504,35.408,87.578,82.89,4.319,1,61.551,0.0,99.0,22.972,11.911,-0.76,11.491,12.255,2.217,3887
2022,59680162B97039944509950,Eket,Akwa Ibom,South South,4.635,7.947,32630,1,44.797,84.645,0.879,56.847,81.18,66.157,3.408,1,48.039,5.508,91.068,19.318,2.217,-0.54,1.922,2.459,6.439,723
2023,59680162B97039944509950,Eket,Akwa Ibom,South South,4.635,7.947,32630,1,55.065,93.404,1.768,34.744,68.958,83.029,23.556,2,34.531,0.0,95.633,28.294,6.439,-2.67,4.972,7.639,11.94,2101
2024,59680162B97039944509950,Eket,Akwa Ibom,South South,4.635,7.947,32630,1,43.874,81.153,0.821,34.637,65.271,83.793,6.928,1,36.186,7.258,83.181,63.265,11.94,-0.08,11.896,11.977,12.574,3896
2025,59680162B97039944509950,Eket,Akwa Ibom,South South,4.635,7.947,32630,1,70.514,99.0,0.2,32.589,99.0,89.204,12.257,1,70.164,6.857,84.612,23.689,12.574,-2.47,11.214,13.688,,4103
2020,59680162B97170897047692,Ekiti East,Ekiti,South West,7.711,5.647,116973,1,63.944,98.88,0.752,28.071,50.573,99.0,6.854,2,18.448,0.0,99.0,11.473,3.898,-2.51,2.517,5.028,14.951,4560
2021,59680162B97170897047692,Ekiti East,Ekiti,South West,7.711,5.647,116973,1,55.597,85.667,0.2,40.04,74.162,92.171,8.237,0,54.836,4.398,93.279,42.884,14.951,-0.73,14.547,15.282,9.01,17489
2022,59680162B97170897047692,Ekiti East,Ekiti,South West,7.711,5.647,116973,1,53.464,99.0,1.671,30.626,64.596,99.0,0.5,0,30.966,0.0,99.0,23.597,9.01,-0.57,8.694,9.267,9.894,10539
2023,59680162B97170897047692,Ekiti East,Ekiti,South West,7.711,5.647,116973,1,49.245,90.958,0.346,46.191,77.549,88.684,10.916,0,34.506,0.0,77.71,35.791,9.894,-1.98,8.807,10.783,0.8,11573
2024,59680162B97170897047692,Ekiti East,Ekiti,South West,7.711,5.647,116973,1,44.515,99.0,1.099,42.978,61.553,94.142,7.513,0,31.007,0.0,99.0,18.824,0.8,-0.37,0.597,0.966,7.436,936
2025,59680162B97170897047692,Ekiti East,Ekiti,South West,7.711,5.647,116973,1,56.941,97.473,0.2,46.879,82.878,99.0,6.734,0,50.696,0.0,82.296,25.068,7.436,0.78,7.863,7.087,,8698
2020,59680162B97277051818349,Isin,Kwara,North Central,8.263,5.054,94417,0,73.896,59.416,2.558,42.768,64.643,33.464,25.893,2,42.191,16.296,60.622,23.042,36.682,-0.29,36.521,36.814,30.892,34634
2021,59680162B97277051818349,Isin,Kwara,North Central,8.263,5.054,94417,0,78.172,69.129,2.989,50.357,56.638,68.404,28.804,3,73.641,11.193,58.72,9.231,30.892,1.44,31.684,30.244,29.383,29167
2022,59680162B97277051818349,Isin,Kwara,North Central,8.263,5.054,94417,0,81.708,62.639,2.32,40.383,42.197,60.507,26.811,0,41.521,4.077,63.413,14.985,29.383,-1.36,28.635,29.996,32.476,27743
2023,59680162B97277051818349,Isin,Kwara,North Central,8.263,5.054,94417,0,76.219,54.249,4.504,49.513,52.079,65.793,21.339,2,41.258,8.011,79.994,26.578,32.476,-2.21,31.26,33.471,21.802,30663
2024,59680162B97277051818349,Isin,Kwara,North Central,8.263,5.054,94417,0,81.379,58.462,2.128,51.531,57.56,64.744,21.689,3,29.33,0.0,73.781,25.674,21.802,0.38,22.009,21.632,29.08,20585
2025,59680162B97277051818349,Isin,Kwara,North Central,8.263,5.054,94417,0,71.039,57.769,3.248,38.98,46.797,39.602,20.871,2,53.498,0.0,69.634,31.15,29.08,0.53,29.37,28.843,,27457
2020,59680162B97377368460903,Anambra West,Anambra,South East,6.388,6.775,92569,1,57.215,99.0,0.2,37.692,82.428,89.106,4.549,2,42.49,6.555,87.95,12.259,0.8,-2.95,0.5,2.128,0.962,741
2021,59680162B97377368460903,Anambra West,Anambra,South East,6.388,6.775,92569,1,70.512,99.0,0.2,26.685,79.699,99.0,14.661,0,41.557,0.779,98.237,10.801,0.962,-2.28,0.5,1.989,2.241,890
2022,59680162B97377368460903,Anambra West,Anambra,South East,6.388,6.775,92569,1,60.142,99.0,0.2,30.671,90.074,94.349,7.25,1,10.772,0.0,99.0,21.893,2.241,-2.95,0.617,3.57,7.805,2074
2023,59680162B97377368460903,Anambra West,Anambra,South East,6.388,6.775,92569,1,53.997,99.0,0.2,32.036,84.531,90.788,20.105,0,48.112,0.0,88.606,36.299,7.805,-1.07,7.218,8.286,8.738,7225
2024,59680162B97377368460903,Anambra West,Anambra,South East,6.388,6.775,92569,1,58.969,93.126,0.2,42.629,81.936,99.0,2.755,0,7.113,8.965,99.0,33.916,8.738,-0.97,8.205,9.174,0.8,8089
2025,59680162B97377368460903,Anambra West,Anambra,South East,6.388,6.775,92569,1,67.632,96.349,0.454,41.424,79.147,86.992,0.5,0,48.066,0.0,87.396,50.775,0.8,-3.0,0.5,2.15,,741
2020,59680162B97395677882832,Ogbaru,Anambra,South East,5.916,6.743,33717,1,62.083,99.0,1.645,51.365,99.0,90.772,7.005,1,38.371,6.627,99.0,30.937,13.193,-3.0,11.543,14.543,17.385,4448
2021,59680162B97395677882832,Ogbaru,Anambra,South East,5.916,6.743,33717,1,75.68,99.0,1.348,26.782,91.708,81.691,14.122,0,27.375,0.0,88.483,19.284,17.385,-2.14,16.21,18.346,7.845,5862
2022,59680162B97395677882832,Ogbaru,Anambra,South East,5.916,6.743,33717,1,66.587,99.0,0.2,26.237,69.741,99.0,4.042,0,35.761,0.0,97.701,36.292,7.845,-1.61,6.958,8.571,15.03,2645
2023,59680162B97395677882832,Ogbaru,Anambra,South East,5.916,6.743,33717,1,71.396,98.284,1.939,58.672,69.033,90.909,0.5,0,33.136,0.0,99.0,25.437,15.03,-2.27,13.778,16.053,10.701,5068
2024,59680162B97395677882832,Ogbaru,Anambra,South East,5.916,6.743,33717,1,52.001,99.0,0.2,39.334,79.526,99.0,14.98,1,39.961,0.0,99.0,30.479,10.701,-3.0,9.051,12.051,6.674,3608
2025,59680162B97395677882832,Ogbaru,Anambra,South East,5.916,6.743,33717,1,66.473,98.9,0.728,39.532,83.494,80.715,0.5,0,53.55,0.0,99.0,23.718,6.674,-0.52,6.391,6.906,,2250
2020,59680162B97490121732821,Yewa South,Ogun,South West,6.767,2.976,51610,0,68.208,77.933,1.618,26.86,90.745,70.364,17.969,0,46.564,0.0,85.561,15.221,23.575,-1.37,22.82,24.192,29.413,12167
2021,59680162B97490121732821,Yewa South,Ogun,South West,6.767,2.976,51610,0,57.575,76.171,3.089,31.978,57.018,73.22,14.822,1,31.056,0.0,74.664,21.101,29.413,2.87,30.992,28.122,21.986,15180
2022,59680162B97490121732821,Yewa South,Ogun,South West,6.767,2.976,51610,0,50.912,83.418,0.24,35.381,57.565,94.091,6.918,0,42.982,6.108,99.0,35.937,21.986,1.39,22.748,21.363,19.413,11347
2023,59680162B97490121732821,Yewa South,Ogun,South West,6.767,2.976,51610,0,58.543,75.814,1.378,25.84,82.374,90.317,22.484,1,30.55,0.0,99.0,17.204,19.413,-1.87,18.383,20.255,10.603,10019
2024,59680162B97490121732821,Yewa South,Ogun,South West,6.767,2.976,51610,0,68.219,81.728,3.174,31.655,98.574,99.0,12.897,0,30.325,0.0,87.959,22.574,10.603,-0.49,10.331,10.826,18.623,5472
2025,59680162B97490121732821,Yewa South,Ogun,South West,6.767,2.976,51610,0,52.172,79.999,2.174,30.227,75.835,85.29,17.27,0,27.286,0.0,79.691,33.369,18.623,-2.58,17.206,19.783,,9612
2020,59680162B97563361057366,Doguwa,Kano,North West,10.876,8.667,15695,0,96.25,38.345,4.432,73.37,35.209,34.409,42.833,0,62.803,17.931,44.747,19.067,55.048,1.77,56.021,54.252,54.765,8640
2021,59680162B97563361057366,Doguwa,Kano,North West,10.876,8.667,15695,0,88.667,44.61,5.757,57.315,6.376,66.139,27.096,1,66.95,36.964,44.364,18.758,54.765,1.89,55.803,53.915,45.908,8595
2022,59680162B97563361057366,Doguwa,Kano,North West,10.876,8.667,15695,0,94.862,50.76,2.532,45.727,22.361,52.024,29.051,2,56.978,23.507,57.814,34.975,45.908,1.09,46.51,45.416,67.037,7205
2023,59680162B97563361057366,Doguwa,Kano,North West,10.876,8.667,15695,0,91.236,25.71,7.285,66.784,21.643,42.632,35.881,1,43.549,37.447,37.427,14.825,67.037,3.1,68.744,65.64,51.497,10521
2024,59680162B97563361057366,Doguwa,Kano,North West,10.876,8.667,15695,0,87.803,40.976,2.373,68.431,28.823,21.069,28.304,2,58.701,36.094,58.871,12.304,51.497,2.52,52.882,50.364,55.198,8082
2025,59680162B97563361057366,Doguwa,Kano,North West,10.876,8.667,15695,0,98.446,44.715,5.903,42.325,40.452,40.109,31.481,2,68.134,34.756,31.18,18.855,55.198,-0.11,55.136,55.248,,8663
2020,59680162B97642938083661,Dawakin Tofa,Kano,North West,12.143,8.361,27034,0,99.0,24.86,3.788,51.53,31.811,45.913,25.809,0,50.039,20.463,35.235,10.982,44.164,-0.07,44.128,44.194,44.087,11939
2021,59680162B97642938083661,Dawakin Tofa,Kano,North West,12.143,8.361,27034,0,93.4,42.337,4.079,54.179,19.038,55.177,32.825,4,73.004,16.524,56.317,13.113,44.087,-0.57,43.775,44.343,57.552,11919
2022,59680162B97642938083661,Dawakin Tofa,Kano,North West,12.143,8.361,27034,0,89.187,33.727,6.59,64.129,11.835,26.844,24.622,0,67.929,29.45,50.489,12.022,57.552,2.18,58.754,56.569,51.093,15559
2023,59680162B97642938083661,Dawakin Tofa,Kano,North West,12.143,8.361,27034,0,95.486,30.618,4.392,64.492,40.275,34.237,32.071,1,63.8,35.174,41.28,19.815,51.093,3.29,52.9,49.614,49.387,13812
2024,59680162B97642938083661,Dawakin Tofa,Kano,North West,12.143,8.361,27034,0,92.147,38.682,4.627,62.958,21.389,27.081,23.893,2,54.144,39.008,60.866,18.424,49.387,1.69,50.316,48.626,49.011,13351
2025,59680162B97642938083661,Dawakin Tofa,Kano,North West,12.143,8.361,27034,0,85.029,44.867,5.069,48.21,28.959,44.183,27.172,1,47.083,30.234,36.328,23.212,49.011,-0.58,48.693,49.271,,13250
2020,59680162B97802053648263,Nkanu East,Enugu,South East,6.313,7.674,47980,0,61.406,76.027,2.308,29.599,42.745,61.089,1.596,1,28.812,9.62,68.707,28.079,19.656,-0.27,19.51,19.776,17.493,9431
2021,59680162B97802053648263,Nkanu East,Enugu,South East,6.313,7.674,47980,0,70.211,99.0,1.305,19.407,73.312,65.008,16.605,2,39.748,0.0,86.785,16.529,17.493,-3.0,15.843,18.843,17.382,8393
2022,59680162B97802053648263,Nkanu East,Enugu,South East,6.313,7.674,47980,0,70.81,81.946,2.393,33.416,84.97,99.0,21.932,1,48.148,12.924,76.681,52.206,17.382,0.93,17.896,16.962,3.351,8340
2023,59680162B97802053648263,Nkanu East,Enugu,South East,6.313,7.674,47980,0,53.831,99.0,1.341,35.959,65.851,71.617,0.5,0,34.184,0.0,99.0,68.58,3.351,-1.34,2.614,3.954,13.935,1608
2024,59680162B97802053648263,Nkanu East,Enugu,South East,6.313,7.674,47980,0,69.325,87.292,0.665,14.0,81.335,58.93,13.024,1,21.261,8.841,86.492,26.929,13.935,-0.12,13.871,13.987,13.521,6686
2025,59680162B97802053648263,Nkanu East,Enugu,South East,6.313,7.674,47980,0,65.528,99.0,2.701,35.882,58.125,67.448,1.762,0,34.821,0.0,80.381,63.142,13.521,-1.4,12.749,14.152,,6487
2020,59680162B97817900806996,Epe,Lagos,South West,6.529,4.049,64237,1,63.387,90.318,2.158,39.377,70.825,99.0,12.317,1,39.341,0.0,98.442,8.123,9.448,-0.18,9.348,9.53,0.8,6069
2021,59680162B97817900806996,Epe,Lagos,South West,6.529,4.049,64237,1,56.339,90.183,0.2,19.948,98.777,99.0,1.247,0,47.471,2.352,99.0,28.843,0.8,1.63,1.696,0.3,2.871,514
2022,59680162B97817900806996,Epe,Lagos,South West,6.529,4.049,64237,1,56.167,75.779,0.2,45.182,72.786,99.0,13.342,0,19.96,4.031,99.0,26.518,2.871,-1.05,2.291,3.345,5.482,1844
2023,59680162B97817900806996,Epe,Lagos,South West,6.529,4.049,64237,1,55.28,99.0,0.2,43.308,50.018,99.0,0.5,0,27.877,5.178,99.0,20.64,5.482,0.78,5.912,5.13,5.787,3521
2024,59680162B97817900806996,Epe,Lagos,South West,6.529,4.049,64237,1,55.992,92.341,0.212,48.897,71.61,85.454,6.719,0,37.062,0.0,99.0,32.183,5.787,0.39,6.003,5.611,5.467,3718
2025,59680162B97817900806996,Epe,Lagos,South West,6.529,4.049,64237,1,45.384,99.0,1.46,24.465,73.948,99.0,12.641,0,33.32,0.0,99.0,58.981,5.467,1.3,6.183,4.882,,3512
2020,59680162B97880726687240,Kumbotso,Kano,North West,11.916,8.519,25476,0,87.887,31.657,5.071,72.735,29.816,43.866,22.504,1,57.344,43.473,47.344,16.286,54.255,-0.02,54.243,54.266,56.571,13822
2021,59680162B97880726687240,Kumbotso,Kano,North West,11.916,8.519,25476,0,89.166,38.558,3.906,75.863,37.888,26.219,39.642,4,76.32,43.913,25.25,17.402,56.571,2.37,57.874,55.505,63.485,14412
2022,59680162B97880726687240,Kumbotso,Kano,North West,11.916,8.519,25476,0,95.192,41.351,5.385,69.03,25.049,46.149,36.512,1,64.837,39.35,44.034,18.302,63.485,1.93,64.545,62.618,51.986,16173
2023,59680162B97880726687240,Kumbotso,Kano,North West,11.916,8.519,25476,0,90.531,52.878,3.81,80.465,17.369,37.248,31.023,2,55.129,23.316,49.15,23.01,51.986,-0.16,51.895,52.06,44.054,13244
2024,59680162B97880726687240,Kumbotso,Kano,North West,11.916,8.519,25476,0,83.185,34.174,3.016,54.288,15.274,43.547,39.018,2,59.711,17.84,46.407,16.149,44.054,3.37,45.906,42.539,58.392,11223
2025,59680162B97880726687240,Kumbotso,Kano,North West,11.916,8.519,25476,0,96.943,24.205,5.07,70.251,25.747,33.726,32.986,0,49.207,31.02,18.492,15.719,58.392,0.91,58.894,57.982,,14876
2020,59680162B98184498564097,Nassarawa,Kano,North West,12.008,8.578,29411,0,99.0,42.466,5.242,58.687,30.025,58.0,36.971,2,59.778,30.994,34.901,24.139,54.019,1.95,55.093,53.14,56.453,15888
2021,59680162B98184498564097,Nassarawa,Kano,North West,12.008,8.578,29411,0,93.999,38.781,4.095,63.506,24.126,51.0,30.988,1,48.17,38.089,56.569,14.038,56.453,2.2,57.663,55.463,46.761,16603
2022,59680162B98184498564097,Nassarawa,Kano,North West,12.008,8.578,29411,0,99.0,44.455,3.311,51.784,40.429,54.019,38.591,2,43.319,20.038,59.784,13.068,46.761,1.02,47.321,46.303,52.242,13753
2023,59680162B98184498564097,Nassarawa,Kano,North West,12.008,8.578,29411,0,88.737,36.041,5.144,73.053,26.234,41.071,29.175,1,49.032,49.262,44.006,12.129,52.242,3.68,54.268,50.584,42.995,15365
2024,59680162B98184498564097,Nassarawa,Kano,North West,12.008,8.578,29411,0,98.996,50.08,2.787,59.509,37.393,29.252,14.906,2,49.633,33.319,59.125,16.994,42.995,-0.19,42.892,43.079,49.43,12645
2025,59680162B98184498564097,Nassarawa,Kano,North West,12.008,8.578,29411,0,85.298,57.024,4.258,47.795,9.65,38.905,20.907,0,64.873,53.203,60.235,33.718,49.43,2.56,50.839,48.277,,14538
2020,59680162B98222207712503,Bali,Taraba,North East,8.119,10.855,39980,0,84.333,34.386,5.38,52.974,2.0,35.346,27.764,4,63.486,26.785,44.299,20.251,50.621,2.23,51.849,49.617,57.385,20238
2021,59680162B98222207712503,Bali,Taraba,North East,8.119,10.855,39980,0,90.672,43.119,4.514,52.478,38.723,43.932,25.409,9,75.147,25.425,22.56,18.446,57.385,3.14,59.112,55.973,46.554,22943
2022,59680162B98222207712503,Bali,Taraba,North East,8.119,10.855,39980,0,81.362,43.397,3.403,58.309,29.666,62.739,32.626,4,58.426,34.746,65.291,32.141,46.554,3.99,48.751,44.757,52.245,18612
2023,59680162B98222207712503,Bali,Taraba,North East,8.119,10.855,39980,0,90.028,54.478,4.148,62.127,58.069,61.041,29.66,4,65.656,41.231,43.652,20.598,52.245,-0.26,52.103,52.361,44.886,20888
2024,59680162B98222207712503,Bali,Taraba,North East,8.119,10.855,39980,0,86.242,54.848,4.558,56.153,24.552,32.74,37.451,7,55.679,27.069,30.594,11.863,44.886,-1.04,44.312,45.356,38.629,17945
2025,59680162B98222207712503,Bali,Taraba,North East,8.119,10.855,39980,0,90.126,70.064,4.079,61.531,51.073,61.167,20.765,3,73.68,26.524,65.319,22.644,38.629,-2.89,37.039,39.93,,15444
2020,59680162B98234428566305,Ilesha West,Osun,South West,7.638,4.722,146857,1,44.365,97.617,0.2,41.171,68.21,97.55,4.43,0,31.093,6.623,96.316,13.641,16.564,-0.47,16.308,16.774,15.818,24326
2021,59680162B98234428566305,Ilesha West,Osun,South West,7.638,4.722,146857,1,57.724,76.326,1.02,40.295,73.261,99.0,0.5,1,39.866,16.516,99.0,21.133,15.818,0.49,16.089,15.597,0.8,23230
2022,59680162B98234428566305,Ilesha West,Osun,South West,7.638,4.722,146857,1,50.69,99.0,0.2,56.616,92.912,99.0,3.093,0,39.973,0.0,94.696,18.132,0.8,-1.99,0.5,1.695,14.83,1175
2023,59680162B98234428566305,Ilesha West,Osun,South West,7.638,4.722,146857,1,60.771,99.0,0.2,37.352,57.0,99.0,8.992,1,30.489,9.051,78.813,44.161,14.83,-0.4,14.607,15.012,8.533,21779
2024,59680162B98234428566305,Ilesha West,Osun,South West,7.638,4.722,146857,1,57.575,99.0,0.242,25.858,83.536,69.807,5.064,0,18.91,1.205,99.0,19.936,8.533,-0.29,8.373,8.664,5.455,12532
2025,59680162B98234428566305,Ilesha West,Osun,South West,7.638,4.722,146857,1,58.986,99.0,0.2,47.25,72.874,99.0,0.5,0,40.396,0.0,99.0,28.956,5.455,-2.35,4.16,6.515,,8011
2020,59680162B98306169506823,Moro,Kwara,North Central,8.854,4.515,53568,0,71.909,59.667,3.596,49.628,50.16,65.723,29.739,2,63.273,20.794,73.325,64.6,29.167,0.92,29.672,28.754,35.09,15624
2021,59680162B98306169506823,Moro,Kwara,North Central,8.854,4.515,53568,0,65.753,51.524,3.515,43.688,50.018,44.529,25.364,2,28.721,9.013,58.122,17.947,35.09,-1.92,34.033,35.955,26.062,18797
2022,59680162B98306169506823,Moro,Kwara,North Central,8.854,4.515,53568,0,79.73,64.657,4.025,35.371,48.393,40.259,18.884,2,46.826,4.049,58.51,43.335,26.062,0.83,26.519,25.688,40.166,13961
2023,59680162B98306169506823,Moro,Kwara,North Central,8.854,4.515,53568,0,83.431,59.788,2.651,55.328,46.124,38.089,33.279,1,62.829,21.413,65.464,12.785,40.166,2.31,41.438,39.125,28.503,21516
2024,59680162B98306169506823,Moro,Kwara,North Central,8.854,4.515,53568,0,72.633,71.524,3.775,16.924,60.877,36.727,15.245,2,49.585,8.511,65.146,24.523,28.503,0.62,28.845,28.223,23.855,15269
2025,59680162B98306169506823,Moro,Kwara,North Central,8.854,4.515,53568,0,66.478,71.895,1.589,62.074,59.092,64.701,22.836,1,55.282,12.169,79.904,18.962,23.855,-0.44,23.616,24.051,,12779
2020,59680162B98467355573765,Keana,Nasarawa,North Central,8.177,8.755,29134,1,74.46,62.527,1.316,58.602,57.438,72.387,17.943,1,53.423,0.818,69.989,45.13,23.461,2.26,24.701,22.445,24.578,6835
2021,59680162B98467355573765,Keana,Nasarawa,North Central,8.177,8.755,29134,1,67.856,76.891,1.358,62.462,51.464,80.825,9.288,1,49.598,6.502,65.788,18.874,24.578,-0.67,24.21,24.879,17.756,7161
2022,59680162B98467355573765,Keana,Nasarawa,North Central,8.177,8.755,29134,1,62.029,73.879,1.201,59.871,65.775,89.657,20.328,0,73.984,13.006,64.948,29.907,17.756,-2.04,16.634,18.674,20.164,5173
2023,59680162B98467355573765,Keana,Nasarawa,North Central,8.177,8.755,29134,1,63.56,72.246,0.696,48.938,58.848,76.684,21.47,2,39.404,1.452,59.046,10.39,20.164,-1.76,19.194,20.958,25.332,5875
2024,59680162B98467355573765,Keana,Nasarawa,North Central,8.177,8.755,29134,1,66.4,64.609,2.493,61.713,47.089,55.441,18.696,2,47.439,0.0,86.653,37.564,25.332,-0.68,24.96,25.636,22.496,7380
2025,59680162B98467355573765,Keana,Nasarawa,North Central,8.177,8.755,29134,1,75.836,81.938,0.992,48.154,66.388,99.0,23.372,1,46.037,4.957,91.672,20.322,22.496,-1.78,21.515,23.299,,6554
2020,59680162B98747212970025,Dambatta,Kano,North West,12.428,8.596,15689,0,93.936,26.162,5.861,62.371,27.56,43.102,37.899,1,53.776,37.937,55.362,15.833,56.426,3.47,58.334,54.866,59.455,8853
2021,59680162B98747212970025,Dambatta,Kano,North West,12.428,8.596,15689,0,82.217,39.278,5.848,74.5,27.752,37.486,37.126,0,65.736,39.993,60.133,15.719,59.455,5.69,62.585,56.894,53.876,9328
2022,59680162B98747212970025,Dambatta,Kano,North West,12.428,8.596,15689,0,90.968,38.634,1.883,65.746,31.502,64.586,37.75,2,65.051,47.461,35.261,17.394,53.876,0.81,54.324,53.509,52.255,8453
2023,59680162B98747212970025,Dambatta,Kano,North West,12.428,8.596,15689,0,99.0,46.984,4.406,59.099,13.664,60.018,29.768,0,59.656,26.509,32.006,35.626,52.255,1.54,53.1,51.563,50.403,8198
2024,59680162B98747212970025,Dambatta,Kano,North West,12.428,8.596,15689,0,90.766,35.176,6.298,60.569,38.533,42.745,27.718,3,59.07,25.014,66.684,27.827,50.403,2.67,51.87,49.202,46.419,7908
2025,59680162B98747212970025,Dambatta,Kano,North West,12.428,8.596,15689,0,83.311,28.308,6.562,71.173,47.327,49.743,31.856,2,72.667,25.718,28.49,25.788,46.419,0.64,46.77,46.131,,7283
2020,59680162B98903295811344,Shelleng,Adamawa,North East,9.939,12.102,61438,1,68.325,52.843,3.277,59.879,51.256,52.763,26.198,1,44.933,13.948,45.122,7.711,35.482,2.23,36.708,34.478,46.282,21799
2021,59680162B98903295811344,Shelleng,Adamawa,North East,9.939,12.102,61438,1,76.665,44.849,1.971,60.35,35.838,74.935,15.454,7,83.713,28.667,60.466,13.678,46.282,0.45,46.532,46.078,39.273,28435
2022,59680162B98903295811344,Shelleng,Adamawa,North East,9.939,12.102,61438,1,72.162,40.151,3.591,65.511,34.917,77.376,30.59,5,50.311,47.811,49.006,16.412,39.273,1.84,40.285,38.444,39.629,24128
2023,59680162B98903295811344,Shelleng,Adamawa,North East,9.939,12.102,61438,1,67.931,57.656,2.405,56.665,42.962,75.917,20.643,7,73.274,20.492,69.588,18.115,39.629,-1.41,38.854,40.264,42.992,24347
2024,59680162B98903295811344,Shelleng,Adamawa,North East,9.939,12.102,61438,1,85.667,58.471,3.028,73.405,34.339,82.79,30.466,4,40.136,26.503,56.856,17.436,42.992,0.4,43.213,42.812,39.066,26413
2025,59680162B98903295811344,Shelleng,Adamawa,North East,9.939,12.102,61438,1,72.708,48.393,2.431,55.577,33.484,41.177,23.728,5,56.541,12.98,63.382,33.351,39.066,1.06,39.65,38.588,,24001
2020,59680162B9896757167153,Mkpat Enin,Akwa Ibom,South South,4.712,7.758,14272,1,50.637,95.052,1.214,33.474,65.311,84.479,12.195,0,27.682,0.0,66.476,17.908,9.055,0.22,9.175,8.957,10.484,1292
2021,59680162B9896757167153,Mkpat Enin,Akwa Ibom,South South,4.712,7.758,14272,1,65.655,92.148,2.42,53.182,80.898,80.232,7.129,4,62.998,12.587,69.667,28.575,10.484,-0.75,10.073,10.821,14.307,1496
2022,59680162B9896757167153,Mkpat Enin,Akwa Ibom,South South,4.712,7.758,14272,1,66.013,94.067,0.2,34.264,73.248,86.03,6.773,2,70.809,0.0,59.217,7.403,14.307,-1.13,13.688,14.814,17.932,2042
2023,59680162B9896757167153,Mkpat Enin,Akwa Ibom,South South,4.712,7.758,14272,1,65.922,99.0,0.995,55.559,74.174,72.456,16.08,3,54.897,0.0,99.0,28.769,17.932,-1.25,17.246,18.494,7.463,2559
2024,59680162B9896757167153,Mkpat Enin,Akwa Ibom,South South,4.712,7.758,14272,1,69.22,87.637,0.939,59.708,85.11,80.111,0.568,0,29.414,0.0,87.205,29.988,7.463,0.58,7.782,7.201,6.037,1065
2025,59680162B9896757167153,Mkpat Enin,Akwa Ibom,South South,4.712,7.758,14272,1,60.632,99.0,1.967,35.281,70.466,78.7,7.599,0,84.924,0.0,77.479,26.515,6.037,-1.51,5.208,6.716,,862
2020,59680162B99039921741080,Buruku,Benue,North Central,7.361,9.277,55224,0,74.461,58.105,1.985,25.968,45.257,57.574,33.847,0,60.234,12.919,60.553,15.876,20.923,1.6,21.802,20.203,16.322,11554
2021,59680162B99039921741080,Buruku,Benue,North Central,7.361,9.277,55224,0,79.595,69.647,3.454,37.977,49.31,78.436,26.129,2,42.266,0.0,55.09,13.908,16.322,-2.35,15.028,17.381,23.717,9014
2022,59680162B99039921741080,Buruku,Benue,North Central,7.361,9.277,55224,0,75.731,47.088,2.976,35.384,49.528,54.535,20.196,1,42.361,13.21,91.441,19.508,23.717,0.55,24.022,23.469,28.115,13098
2023,59680162B99039921741080,Buruku,Benue,North Central,7.361,9.277,55224,0,65.704,56.777,1.927,38.665,29.373,67.682,30.785,3,50.758,16.177,69.403,20.376,28.115,3.35,29.959,26.605,33.408,15526
2024,59680162B99039921741080,Buruku,Benue,North Central,7.361,9.277,55224,0,67.125,65.979,2.539,59.053,54.305,63.593,16.133,1,37.414,28.326,54.167,27.96,33.408,0.23,33.535,33.304,26.159,18449
2025,59680162B99039921741080,Buruku,Benue,North Central,7.361,9.277,55224,0,69.969,61.845,3.252,54.927,48.991,57.262,18.565,3,45.88,4.119,66.171,30.975,26.159,0.32,26.336,26.014,,14446
2020,59680162B99060674505372,Ekwusigo,Anambra,South East,5.981,6.839,13374,0,72.008,88.196,0.3,56.061,79.631,65.725,5.589,1,13.736,13.151,96.264,17.905,13.475,-3.0,11.825,14.825,13.741,1802
2021,59680162B99060674505372,Ekwusigo,Anambra,South East,5.981,6.839,13374,0,73.327,82.497,1.169,17.421,69.136,97.544,17.466,1,47.951,0.0,86.764,20.133,13.741,-2.8,12.202,15.001,7.349,1838
2022,59680162B99060674505372,Ekwusigo,Anambra,South East,5.981,6.839,13374,0,71.662,94.236,0.9,14.3,82.47,71.846,5.415,0,30.19,16.181,74.725,22.676,7.349,-0.05,7.321,7.373,12.795,983
2023,59680162B99060674505372,Ekwusigo,Anambra,South East,5.981,6.839,13374,0,74.495,99.0,1.644,31.188,78.175,96.793,9.16,0,14.518,17.079,99.0,9.903,12.795,-3.0,11.145,14.145,3.308,1711
2024,59680162B99060674505372,Ekwusigo,Anambra,South East,5.981,6.839,13374,0,69.356,99.0,1.728,20.529,73.212,78.412,16.773,0,16.778,0.0,80.445,21.923,3.308,0.6,3.639,3.037,13.075,442
2025,59680162B99060674505372,Ekwusigo,Anambra,South East,5.981,6.839,13374,0,70.129,66.806,3.081,32.819,84.58,90.943,7.364,0,83.818,5.253,99.0,29.702,13.075,-1.2,12.418,13.613,,1749
2020,59680162B99262810585367,Ohaji/Egbema,Imo,South East,5.418,6.829,65067,0,73.796,68.763,1.522,15.0,53.362,57.821,6.184,0,12.021,15.923,80.255,18.032,15.85,0.56,16.16,15.596,16.708,10313
2021,59680162B99262810585367,Ohaji/Egbema,Imo,South East,5.418,6.829,65067,0,71.936,76.224,1.41,36.806,60.848,82.829,6.586,0,49.707,0.0,86.154,22.416,16.708,1.19,17.362,16.172,16.903,10871
2022,59680162B99262810585367,Ohaji/Egbema,Imo,South East,5.418,6.829,65067,0,71.342,76.076,0.24,47.858,68.272,83.363,16.023,1,43.731,0.0,85.33,18.725,16.903,-0.55,16.601,17.15,14.624,10998
2023,59680162B99262810585367,Ohaji/Egbema,Imo,South East,5.418,6.829,65067,0,63.443,99.0,2.792,37.379,59.63,85.884,8.331,1,20.239,7.992,96.619,24.791,14.624,-1.26,13.93,15.191,21.343,9515
2024,59680162B99262810585367,Ohaji/Egbema,Imo,South East,5.418,6.829,65067,0,62.129,99.0,0.604,39.358,79.951,75.009,16.412,0,16.487,13.206,86.449,22.21,21.343,-2.63,19.898,22.526,6.726,13887
2025,59680162B99262810585367,Ohaji/Egbema,Imo,South East,5.418,6.829,65067,0,57.195,83.81,0.51,18.12,68.232,89.566,15.241,0,47.521,0.0,65.769,28.084,6.726,-2.38,5.419,7.795,,4376
2020,59680162B99351931357354,Langtang South,Plateau,North Central,8.594,9.864,25029,1,64.247,65.392,3.927,50.307,54.754,99.0,3.882,2,38.879,13.019,72.385,35.1,25.367,0.3,25.531,25.232,13.529,6349
2021,59680162B99351931357354,Langtang South,Plateau,North Central,8.594,9.864,25029,1,58.547,56.449,1.637,54.106,66.156,53.542,12.008,0,37.201,0.0,82.789,17.752,13.529,-1.48,12.716,14.193,32.139,3386
2022,59680162B99351931357354,Langtang South,Plateau,North Central,8.594,9.864,25029,1,67.98,62.281,3.495,39.707,50.095,61.411,16.271,2,60.153,4.876,90.013,14.998,32.139,-0.81,31.691,32.506,24.488,8044
2023,59680162B99351931357354,Langtang South,Plateau,North Central,8.594,9.864,25029,1,61.906,65.84,1.226,46.914,63.884,90.869,17.28,1,49.654,22.68,65.8,25.878,24.488,0.41,24.714,24.303,17.414,6129
2024,59680162B99351931357354,Langtang South,Plateau,North Central,8.594,9.864,25029,1,56.555,83.268,3.145,47.999,66.327,87.716,7.541,3,70.421,0.0,89.823,21.013,17.414,-1.11,16.802,17.914,23.295,4358
2025,59680162B99351931357354,Langtang South,Plateau,North Central,8.594,9.864,25029,1,62.366,56.016,5.065,36.103,53.077,65.996,12.062,1,58.293,8.718,90.153,19.619,23.295,1.08,23.889,22.81,,5831
2020,59680162B9948554175301,Ilesha East,Osun,South West,7.591,4.765,31496,1,58.71,99.0,0.2,45.715,73.233,93.38,4.427,0,39.82,0.0,83.713,18.944,14.196,-1.75,13.231,14.985,15.73,4471
2021,59680162B9948554175301,Ilesha East,Osun,South West,7.591,4.765,31496,1,63.533,99.0,0.2,50.048,71.722,99.0,12.371,0,26.06,0.0,94.753,23.463,15.73,-0.19,15.624,15.817,12.877,4954
2022,59680162B9948554175301,Ilesha East,Osun,South West,7.591,4.765,31496,1,65.793,89.965,2.796,58.555,99.0,99.0,5.964,0,20.835,0.0,99.0,40.659,12.877,0.61,13.213,12.602,14.264,4056
2023,59680162B9948554175301,Ilesha East,Osun,South West,7.591,4.765,31496,1,49.887,97.312,0.733,39.285,71.328,95.136,0.5,0,38.83,1.019,99.0,27.047,14.264,-1.76,13.299,15.054,15.034,4493
2024,59680162B9948554175301,Ilesha East,Osun,South West,7.591,4.765,31496,1,59.277,99.0,0.2,25.674,55.477,82.45,5.04,1,37.849,0.194,99.0,24.638,15.034,-0.52,14.749,15.266,11.779,4735
2025,59680162B9948554175301,Ilesha East,Osun,South West,7.591,4.765,31496,1,54.946,99.0,2.538,24.159,95.432,99.0,0.5,0,16.365,5.388,98.14,27.511,11.779,-2.69,10.302,12.988,,3710
2020,59680162B9948575660850,Obudu,Cross River,South South,6.541,9.057,36666,1,73.752,92.708,1.672,50.036,53.867,71.978,3.78,1,47.481,7.84,96.951,29.422,12.97,2.3,14.235,11.935,11.026,4756
2021,59680162B9948575660850,Obudu,Cross River,South South,6.541,9.057,36666,1,55.533,91.95,1.84,51.239,75.4,77.586,3.219,0,64.951,0.224,81.466,23.326,11.026,0.41,11.25,10.843,17.09,4043
2022,59680162B9948575660850,Obudu,Cross River,South South,6.541,9.057,36666,1,64.389,96.107,0.2,44.801,78.196,92.252,13.893,1,56.154,0.0,62.645,30.087,17.09,-1.79,16.107,17.895,15.632,6266
2023,59680162B9948575660850,Obudu,Cross River,South South,6.541,9.057,36666,1,67.909,95.709,0.2,33.727,72.949,83.851,13.317,0,57.018,2.513,81.501,26.263,15.632,-2.4,14.31,16.714,14.485,5732
2024,59680162B9948575660850,Obudu,Cross River,South South,6.541,9.057,36666,1,57.892,99.0,0.2,51.946,66.078,85.489,4.537,1,28.84,13.297,50.41,17.901,14.485,-2.98,12.846,15.826,7.724,5311
2025,59680162B9948575660850,Obudu,Cross River,South South,6.541,9.057,36666,1,60.128,99.0,0.705,47.602,73.455,64.658,0.502,2,69.855,0.0,79.125,41.296,7.724,-1.05,7.145,8.198,,2832
2020,59680162B99535636657731,Egor,Edo,South South,6.343,5.561,25159,1,55.148,86.473,0.267,37.634,66.564,65.565,16.735,1,44.064,0.725,85.456,21.496,3.264,0.6,3.596,2.992,23.05,821
2021,59680162B99535636657731,Egor,Edo,South South,6.343,5.561,25159,1,75.888,99.0,2.118,39.898,84.866,71.462,16.477,3,50.547,0.0,76.774,29.145,23.05,-2.07,21.912,23.981,15.197,5799
2022,59680162B99535636657731,Egor,Edo,South South,6.343,5.561,25159,1,76.473,95.636,0.2,45.256,74.141,71.528,5.818,3,51.949,0.0,88.128,21.548,15.197,1.59,16.074,14.479,14.139,3823
2023,59680162B99535636657731,Egor,Edo,South South,6.343,5.561,25159,1,58.031,88.138,1.817,45.438,72.821,97.467,8.692,0,48.172,0.0,71.396,21.896,14.139,0.85,14.608,13.755,10.13,3557
2024,59680162B99535636657731,Egor,Edo,South South,6.343,5.561,25159,1,70.689,90.134,0.2,59.407,85.368,75.87,7.353,2,54.413,0.0,86.351,29.412,10.13,-1.84,9.118,10.959,19.218,2549
2025,59680162B99535636657731,Egor,Edo,South South,6.343,5.561,25159,1,54.768,88.944,0.573,49.502,44.072,69.352,11.141,2,39.892,0.17,73.064,27.7,19.218,-0.68,18.842,19.525,,4835
2020,59680162B99778789604362,Gwer East,Benue,North Central,7.352,8.39,34346,0,88.52,59.593,3.413,55.189,37.772,57.992,25.304,1,35.207,14.878,57.42,13.842,39.595,1.35,40.335,38.99,22.284,13599
2021,59680162B99778789604362,Gwer East,Benue,North Central,7.352,8.39,34346,0,78.598,52.114,3.382,58.395,51.201,62.84,6.754,0,56.916,12.187,61.885,23.471,22.284,2.68,23.76,21.077,23.488,7654
2022,59680162B99778789604362,Gwer East,Benue,North Central,7.352,8.39,34346,0,70.546,57.318,3.24,44.605,48.777,53.713,17.373,3,53.533,0.436,52.669,27.241,23.488,2.53,24.877,22.351,37.224,8067
2023,59680162B99778789604362,Gwer East,Benue,North Central,7.352,8.39,34346,0,72.292,43.904,3.443,62.356,49.627,61.277,25.502,0,65.392,23.102,63.626,18.275,37.224,2.8,38.764,35.964,20.193,12785
2024,59680162B99778789604362,Gwer East,Benue,North Central,7.352,8.39,34346,0,59.01,73.227,3.524,50.843,54.931,55.663,15.187,0,45.686,11.234,70.615,46.022,20.193,-1.42,19.411,20.832,39.066,6935
2025,59680162B99778789604362,Gwer East,Benue,North Central,7.352,8.39,34346,0,72.85,63.471,3.901,59.459,47.558,56.035,26.641,1,46.763,8.629,61.79,26.463,39.066,-0.43,38.831,39.259,,13418
2020,59680162B99837769325291,Borgu,Niger,North Central,10.189,4.107,32754,1,63.294,66.48,2.941,59.473,70.66,82.338,8.798,7,34.828,1.405,77.022,30.995,24.746,-3.0,23.096,26.096,29.184,8105
2021,59680162B99837769325291,Borgu,Niger,North Central,10.189,4.107,32754,1,60.772,68.292,3.583,47.642,48.727,67.149,18.427,2,52.489,12.745,76.331,26.345,29.184,2.86,30.755,27.899,27.377,9559
2022,59680162B99837769325291,Borgu,Niger,North Central,10.189,4.107,32754,1,65.588,66.703,2.806,37.514,55.706,69.951,18.06,3,54.811,24.839,75.005,21.92,27.377,0.72,27.771,27.055,18.141,8967
2023,59680162B99837769325291,Borgu,Niger,North Central,10.189,4.107,32754,1,64.056,66.349,0.759,61.177,72.68,82.844,15.108,2,26.214,0.458,62.939,31.387,18.141,0.46,18.394,17.935,26.876,5942
2024,59680162B99837769325291,Borgu,Niger,North Central,10.189,4.107,32754,1,62.613,84.061,1.332,58.94,72.239,73.285,21.664,2,54.95,2.252,73.06,14.131,26.876,-1.76,25.907,27.668,21.209,8803
2025,59680162B99837769325291,Borgu,Niger,North Central,10.189,4.107,32754,1,71.722,79.057,0.728,60.86,78.121,65.151,0.949,3,45.5,0.923,96.867,43.466,21.209,-0.19,21.105,21.293,,6947
2020,59680162B99856631560735,Ifedore,Ondo,South West,7.36,5.117,54087,1,59.933,85.763,0.2,31.003,79.13,83.778,8.393,0,37.419,0.0,93.488,13.985,3.509,-1.51,2.677,4.189,9.843,1898
2021,59680162B99856631560735,Ifedore,Ondo,South West,7.36,5.117,54087,1,50.226,91.519,0.2,37.918,77.079,97.346,8.42,1,37.251,9.734,91.482,20.059,9.843,-1.1,9.236,10.34,8.19,5324
2022,59680162B99856631560735,Ifedore,Ondo,South West,7.36,5.117,54087,1,55.51,99.0,2.545,44.428,99.0,82.957,6.718,0,33.231,8.772,89.971,19.189,8.19,-2.83,6.636,9.461,17.372,4430
2023,59680162B99856631560735,Ifedore,Ondo,South West,7.36,5.117,54087,1,53.668,89.055,2.669,51.027,83.965,99.0,7.328,1,12.049,0.0,86.29,19.822,17.372,-0.65,17.015,17.663,23.697,9396
2024,59680162B99856631560735,Ifedore,Ondo,South West,7.36,5.117,54087,1,53.601,93.548,2.74,55.69,69.173,98.318,22.267,0,23.839,1.588,94.498,16.945,23.697,-3.0,22.047,25.047,13.22,12817
2025,59680162B99856631560735,Ifedore,Ondo,South West,7.36,5.117,54087,1,69.353,89.043,1.169,33.595,74.602,99.0,9.624,0,37.229,0.0,71.621,33.562,13.22,-1.51,12.392,13.898,,7150
2020,59680162B99910214526625,Ibiono Ibom,Akwa Ibom,South South,5.181,7.893,31835,1,58.366,90.16,0.2,53.98,56.98,88.183,19.683,0,62.628,0.0,69.368,11.516,24.065,-1.44,23.274,24.712,21.402,7661
2021,59680162B99910214526625,Ibiono Ibom,Akwa Ibom,South South,5.181,7.893,31835,1,53.596,90.694,1.201,43.051,76.897,83.35,8.512,1,74.812,7.288,66.59,34.725,21.402,-1.13,20.782,21.909,9.269,6813
2022,59680162B99910214526625,Ibiono Ibom,Akwa Ibom,South South,5.181,7.893,31835,1,58.282,95.418,0.713,27.973,61.517,67.183,11.617,1,33.356,10.393,99.0,19.603,9.269,-3.0,7.619,10.619,22.263,2951
2023,59680162B99910214526625,Ibiono Ibom,Akwa Ibom,South South,5.181,7.893,31835,1,65.62,90.697,2.056,30.822,67.409,74.696,21.655,0,63.517,0.0,74.721,22.606,22.263,1.01,22.818,21.81,15.365,7088
2024,59680162B99910214526625,Ibiono Ibom,Akwa Ibom,South South,5.181,7.893,31835,1,59.282,91.296,0.2,45.882,78.613,73.859,5.466,0,61.728,0.0,70.474,51.871,15.365,-2.58,13.946,16.526,12.806,4891
2025,59680162B99910214526625,Ibiono Ibom,Akwa Ibom,South South,5.181,7.893,31835,1,38.223,98.593,1.757,43.918,78.974,85.127,3.353,2,64.665,0.0,77.417,21.329,12.806,0.23,12.931,12.704,,4077
