{"type":"FeatureCollection","features":[{"type":"Feature","properties":{"id":"59680162B7891718144591"},"geometry":{"type":"Polygon","coordinates":[[[7.562,4.514],[7.614,4.469],[7.667,4.495],[7.811,4.519],[7.804,4.571],[7.75,4.576],[7.724,4.541],[7.698,4.547],[7.674,4.528],[7.616,4.559],[7.581,4.547],[7.562,4.514]]]}},{"type":"Feature","properties":{"id":"59680162B22876202690460"},"geometry":{"type":"Polygon","coordinates":[[[5.993,4.893],[5.98,4.938],[5.992,5.048],[5.96,5.101],[5.975,5.138],[5.946,5.164],[5.928,5.161],[5.915,5.108],[5.878,5.105],[5.868,5.068],[5.791,5.086],[5.779,5.058],[5.736,5.057],[5.71,5.024],[5.667,5.028],[5.648,5.012],[5.503,5.092],[5.468,5.093],[5.448,5.134],[5.375,5.126],[5.442,4.976],[5.444,4.923],[5.532,4.752],[5.57,4.723],[5.598,4.745],[5.61,4.73],[5.645,4.738],[5.649,4.775],[5.69,4.777],[5.697,4.81],[5.745,4.795],[5.772,4.815],[5.797,4.806],[5.993,4.893]]]}},{"type":"Feature","properties":{"id":"59680162B23543460253472"},"geometry":{"type":"Polygon","coordinates":[[[6.858,4.398],[6.957,4.373],[7.025,4.384],[6.976,4.503],[6.985,4.637],[6.964,4.685],[6.985,4.704],[6.988,4.761],[6.942,4.79],[6.905,4.752],[6.913,4.657],[6.834,4.66],[6.799,4.724],[6.774,4.722],[6.787,4.666],[6.838,4.619],[6.812,4.543],[6.858,4.398]]]}},{"type":"Feature","properties":{"id":"59680162B90577513466378"},"geometry":{"type":"Polygon","coordinates":[[[7.325,4.439],[7.58,4.45],[7.589,4.49],[7.578,4.496],[7.564,4.47],[7.48,4.49],[7.481,4.515],[7.45,4.545],[7.477,4.584],[7.363,4.571],[7.337,4.597],[7.305,4.594],[7.262,4.502],[7.341,4.493],[7.325,4.439]]]}},{"type":"Feature","properties":{"id":"59680162B58958286313368"},"geometry":{"type":"Polygon","coordinates":[[[8.397,4.781],[8.434,4.843],[8.584,4.855],[8.584,4.887],[8.652,4.915],[8.651,4.943],[8.698,4.985],[8.685,5.0],[8.701,5.014],[8.604,5.042],[8.514,5.022],[8.472,5.035],[8.466,5.064],[8.394,5.124],[8.368,5.079],[8.395,5.071],[8.394,5.05],[8.362,5.035],[8.356,4.987],[8.4,4.965],[8.389,4.944],[8.363,4.953],[8.338,4.871],[8.302,4.844],[8.363,4.78],[8.397,4.781]]]}},{"type":"Feature","properties":{"id":"59680162B48458945930175"},"geometry":{"type":"Polygon","coordinates":[[[8.301,4.772],[8.302,4.817],[8.23,4.931],[8.196,4.954],[8.184,4.894],[8.214,4.862],[8.215,4.821],[8.187,4.816],[8.181,4.792],[8.301,4.772]]]}},{"type":"Feature","properties":{"id":"59680162B77398299052023"},"geometry":{"type":"Polygon","coordinates":[[[8.397,4.781],[8.397,4.735],[8.431,4.727],[8.461,4.755],[8.482,4.73],[8.454,4.699],[8.509,4.694],[8.503,4.708],[8.532,4.71],[8.522,4.734],[8.545,4.803],[8.588,4.801],[8.631,4.827],[8.604,4.869],[8.615,4.897],[8.584,4.887],[8.584,4.855],[8.434,4.843],[8.397,4.781]]]}},{"type":"Feature","properties":{"id":"59680162B50827827535662"},"geometry":{"type":"Polygon","coordinates":[[[8.356,4.987],[8.349,4.962],[8.316,4.951],[8.302,4.987],[8.222,4.934],[8.274,4.855],[8.302,4.844],[8.338,4.871],[8.363,4.953],[8.394,4.95],[8.398,4.976],[8.356,4.987]]]}},{"type":"Feature","properties":{"id":"59680162B95559320678868"},"geometry":{"type":"Polygon","coordinates":[[[8.225,4.778],[8.202,4.763],[8.202,4.705],[8.245,4.72],[8.24,4.736],[8.261,4.747],[8.32,4.716],[8.301,4.772],[8.225,4.778]]]}},{"type":"Feature","properties":{"id":"59680162B89388744582495"},"geometry":{"type":"Polygon","coordinates":[[[5.532,4.752],[5.7,4.517],[5.843,4.402],[5.953,4.37],[5.973,4.378],[5.995,4.453],[6.138,4.538],[6.193,4.618],[6.208,4.781],[6.238,4.852],[6.157,4.849],[6.142,4.999],[6.117,4.992],[6.075,5.06],[6.055,5.049],[6.09,4.977],[6.073,4.822],[5.989,4.814],[5.993,4.893],[5.797,4.806],[5.772,4.815],[5.745,4.795],[5.697,4.81],[5.69,4.777],[5.649,4.775],[5.645,4.738],[5.625,4.744],[5.627,4.73],[5.598,4.745],[5.57,4.723],[5.532,4.752]]]}},{"type":"Feature","properties":{"id":"59680162B76564266679550"},"geometry":{"type":"Polygon","coordinates":[[[3.353,7.836],[3.327,7.837],[3.304,7.873],[3.29,7.908],[3.303,7.93],[3.271,7.952],[3.294,7.983],[3.249,8.019],[3.259,8.039],[3.244,8.036],[3.219,8.089],[3.187,8.081],[3.202,8.12],[3.135,8.134],[3.134,8.155],[3.182,8.172],[3.181,8.19],[3.117,8.18],[3.115,8.213],[3.027,8.219],[2.96,8.262],[2.746,8.229],[2.695,7.882],[2.712,7.852],[2.816,7.952],[2.849,7.931],[2.931,7.928],[2.895,7.902],[2.881,7.857],[2.886,7.769],[2.919,7.755],[2.92,7.708],[2.961,7.744],[2.988,7.856],[3.033,7.796],[3.049,7.868],[3.084,7.875],[3.144,7.85],[3.136,7.809],[3.244,7.772],[3.282,7.78],[3.282,7.816],[3.32,7.804],[3.353,7.836]]]}},{"type":"Feature","properties":{"id":"59680162B62922932811240"},"geometry":{"type":"Polygon","coordinates":[[[3.049,7.868],[3.014,7.704],[2.989,7.682],[2.998,7.641],[2.973,7.606],[3.007,7.556],[3.064,7.52],[3.075,7.453],[3.106,7.462],[3.129,7.442],[3.185,7.47],[3.194,7.53],[3.285,7.507],[3.295,7.479],[3.341,7.501],[3.337,7.524],[3.36,7.548],[3.357,7.641],[3.321,7.718],[3.275,7.732],[3.282,7.78],[3.244,7.772],[3.136,7.809],[3.144,7.85],[3.084,7.875],[3.049,7.868]]]}},{"type":"Feature","properties":{"id":"59680162B90615098764032"},"geometry":{"type":"Polygon","coordinates":[[[6.964,4.685],[7.024,4.441],[7.159,4.464],[7.176,4.584],[7.15,4.641],[7.084,4.684],[7.086,4.723],[7.091,4.693],[7.123,4.67],[7.114,4.728],[7.139,4.734],[7.119,4.768],[7.09,4.772],[7.078,4.815],[7.061,4.807],[7.055,4.753],[7.025,4.756],[7.01,4.735],[6.988,4.761],[6.985,4.704],[6.964,4.685]]]}},{"type":"Feature","properties":{"id":"59680162B69679397491551"},"geometry":{"type":"Polygon","coordinates":[[[2.712,7.852],[2.743,7.796],[2.717,7.599],[2.736,7.318],[2.762,7.322],[2.781,7.361],[2.802,7.359],[2.842,7.334],[2.874,7.266],[2.938,7.261],[2.954,7.302],[2.913,7.355],[2.925,7.367],[3.013,7.345],[3.02,7.43],[3.075,7.453],[3.064,7.52],[3.007,7.556],[2.973,7.606],[2.998,7.641],[2.989,7.682],[3.014,7.704],[3.033,7.796],[2.987,7.855],[2.961,7.744],[2.92,7.708],[2.919,7.755],[2.886,7.769],[2.881,7.857],[2.895,7.902],[2.931,7.928],[2.849,7.931],[2.816,7.952],[2.712,7.852]]]}},{"type":"Feature","properties":{"id":"59680162B15406999540209"},"geometry":{"type":"Polygon","coordinates":[[[7.811,4.519],[8.027,4.543],[8.292,4.537],[8.301,4.555],[8.249,4.559],[8.217,4.594],[7.999,4.602],[7.941,4.558],[7.804,4.571],[7.811,4.519]]]}},{"type":"Feature","properties":{"id":"59680162B49362321791702"},"geometry":{"type":"MultiPolygon","coordinates":[[[[6.54,4.501],[6.474,4.613],[6.433,4.598],[6.481,4.575],[6.506,4.476],[6.525,4.47],[6.54,4.501]]],[[[6.16,4.567],[6.151,4.463],[6.247,4.4],[6.241,4.36],[6.27,4.391],[6.323,4.363],[6.427,4.386],[6.445,4.405],[6.438,4.5],[6.418,4.514],[6.386,4.62],[6.338,4.621],[6.305,4.659],[6.269,4.665],[6.202,4.642],[6.16,4.567]]]]}},{"type":"Feature","properties":{"id":"59680162B44253410475450"},"geometry":{"type":"Polygon","coordinates":[[[4.977,5.888],[5.047,6.014],[5.009,6.062],[4.977,6.054],[4.944,6.081],[4.841,6.226],[4.834,6.271],[4.869,6.328],[4.849,6.356],[4.87,6.435],[4.717,6.392],[4.665,6.421],[4.618,6.484],[4.564,6.499],[4.535,6.408],[4.504,6.416],[4.473,6.393],[4.586,6.376],[4.595,6.332],[4.572,6.297],[4.483,6.326],[4.75,6.121],[4.977,5.888]]]}},{"type":"Feature","properties":{"id":"59680162B87797979497124"},"geometry":{"type":"MultiPolygon","coordinates":[[[[5.843,4.402],[5.977,4.312],[6.088,4.27],[6.222,4.284],[6.215,4.336],[6.239,4.4],[6.151,4.463],[6.16,4.567],[6.076,4.488],[5.995,4.453],[5.964,4.371],[5.843,4.402]]],[[[6.54,4.501],[6.566,4.554],[6.543,4.568],[6.549,4.586],[6.512,4.643],[6.607,4.746],[6.579,4.758],[6.527,4.753],[6.461,4.713],[6.386,4.62],[6.444,4.478],[6.439,4.396],[6.354,4.366],[6.282,4.375],[6.234,4.299],[6.453,4.299],[6.465,4.315],[6.549,4.325],[6.545,4.355],[6.514,4.369],[6.525,4.47],[6.502,4.48],[6.492,4.551],[6.469,4.586],[6.433,4.598],[6.474,4.613],[6.54,4.501]]]]}},{"type":"Feature","properties":{"id":"59680162B93651715341205"},"geometry":{"type":"Polygon","coordinates":[[[4.977,5.888],[5.08,5.747],[5.121,5.643],[5.17,5.594],[5.247,5.622],[5.374,5.599],[5.399,5.637],[5.435,5.652],[5.457,5.685],[5.434,5.709],[5.324,5.729],[5.341,5.745],[5.334,5.791],[5.381,5.823],[5.455,5.825],[5.541,5.771],[5.571,5.778],[5.538,5.863],[5.548,5.887],[5.5,5.931],[5.47,5.931],[5.474,6.027],[5.443,6.041],[5.428,6.007],[5.402,6.023],[5.327,6.018],[5.327,5.983],[5.359,5.97],[5.276,5.907],[5.249,5.984],[5.27,6.054],[5.234,6.065],[5.222,6.148],[5.169,6.164],[5.146,6.142],[5.127,6.164],[4.977,5.888]]]}},{"type":"Feature","properties":{"id":"59680162B74748273614391"},"geometry":{"type":"Polygon","coordinates":[[[5.047,6.014],[5.136,6.187],[5.12,6.207],[5.092,6.198],[5.041,6.274],[4.996,6.3],[4.951,6.364],[4.929,6.443],[4.906,6.457],[4.865,6.438],[4.872,6.407],[4.849,6.356],[4.869,6.328],[4.835,6.246],[4.944,6.081],[4.977,6.054],[5.009,6.062],[5.047,6.014]]]}},{"type":"Feature","properties":{"id":"59680162B33993495702938"},"geometry":{"type":"Polygon","coordinates":[[[11.443,8.809],[11.482,8.841],[11.397,8.909],[11.389,8.97],[11.323,8.999],[11.264,9.056],[11.237,9.05],[11.215,8.991],[11.23,8.959],[11.324,8.92],[11.443,8.809]]]}},{"type":"Feature","properties":{"id":"59680162B9558481059390"},"geometry":{"type":"MultiPolygon","coordinates":[[[[5.868,5.068],[5.879,5.176],[5.819,5.189],[5.779,5.176],[5.761,5.199],[5.812,5.247],[5.808,5.265],[5.74,5.26],[5.745,5.303],[5.725,5.315],[5.704,5.414],[5.606,5.378],[5.527,5.407],[5.467,5.372],[5.321,5.364],[5.353,5.168],[5.388,5.139],[5.444,5.147],[5.468,5.093],[5.503,5.092],[5.533,5.063],[5.662,5.013],[5.667,5.028],[5.71,5.024],[5.731,5.054],[5.779,5.058],[5.791,5.086],[5.868,5.068]]],[[[5.431,5.386],[5.431,5.401],[5.3,5.467],[5.227,5.451],[5.355,5.39],[5.431,5.386]]]]}},{"type":"Feature","properties":{"id":"59680162B61760155439631"},"geometry":{"type":"Polygon","coordinates":[[[12.601,9.249],[12.649,9.299],[12.588,9.321],[12.619,9.382],[12.564,9.428],[12.648,9.562],[12.507,9.607],[12.382,9.613],[12.34,9.547],[12.272,9.522],[12.36,9.424],[12.37,9.364],[12.441,9.289],[12.465,9.289],[12.511,9.233],[12.601,9.249]]]}},{"type":"Feature","properties":{"id":"59680162B40051654285197"},"geometry":{"type":"Polygon","coordinates":[[[11.443,8.809],[11.531,8.667],[11.637,8.673],[11.758,8.617],[11.784,8.63],[11.788,8.643],[11.693,8.717],[11.654,8.776],[11.627,8.875],[11.556,8.967],[11.574,8.994],[11.658,9.027],[11.71,9.071],[11.698,9.144],[11.593,9.133],[11.507,9.067],[11.421,9.074],[11.336,8.992],[11.389,8.97],[11.397,8.909],[11.48,8.846],[11.443,8.809]]]}},{"type":"Feature","properties":{"id":"59680162B5954014037791"},"geometry":{"type":"Polygon","coordinates":[[[11.218,9.016],[11.126,9.043],[11.061,9.123],[10.966,9.02],[10.892,8.825],[11.029,8.732],[11.032,8.677],[11.059,8.653],[11.203,8.574],[11.276,8.588],[11.256,8.635],[11.279,8.691],[11.344,8.719],[11.395,8.694],[11.408,8.666],[11.433,8.677],[11.468,8.652],[11.531,8.667],[11.443,8.816],[11.324,8.92],[11.23,8.959],[11.218,9.016]]]}},{"type":"Feature","properties":{"id":"59680162B21673152212894"},"geometry":{"type":"Polygon","coordinates":[[[12.465,9.289],[12.407,9.294],[12.397,9.221],[12.462,9.216],[12.511,9.233],[12.465,9.289]]]}},{"type":"Feature","properties":{"id":"59680162B24147659958725"},"geometry":{"type":"Polygon","coordinates":[[[12.601,9.249],[12.462,9.216],[12.397,9.221],[12.407,9.294],[12.441,9.289],[12.313,9.44],[12.266,9.433],[12.232,9.369],[12.105,9.364],[12.077,9.315],[12.078,9.268],[12.116,9.274],[12.145,9.24],[12.202,9.259],[12.212,9.234],[12.263,9.261],[12.317,9.242],[12.375,9.167],[12.352,9.151],[12.365,9.108],[12.328,9.053],[12.353,9.044],[12.411,9.12],[12.584,9.109],[12.609,9.186],[12.601,9.249]]]}},{"type":"Feature","properties":{"id":"59680162B50421987640425"},"geometry":{"type":"Polygon","coordinates":[[[8.202,4.705],[8.219,4.676],[8.174,4.682],[8.154,4.667],[8.137,4.601],[8.217,4.594],[8.249,4.559],[8.301,4.555],[8.344,4.607],[8.324,4.71],[8.261,4.747],[8.24,4.736],[8.245,4.72],[8.202,4.705]]]}},{"type":"Feature","properties":{"id":"59680162B35636298384814"},"geometry":{"type":"Polygon","coordinates":[[[11.336,8.992],[11.421,9.074],[11.507,9.067],[11.593,9.133],[11.698,9.144],[11.678,9.211],[11.687,9.23],[11.648,9.305],[11.599,9.302],[11.531,9.326],[11.52,9.404],[11.491,9.367],[11.315,9.282],[11.26,9.21],[11.13,9.168],[11.061,9.123],[11.126,9.043],[11.218,9.016],[11.237,9.05],[11.264,9.056],[11.336,8.992]]]}},{"type":"Feature","properties":{"id":"59680162B68133263226567"},"geometry":{"type":"Polygon","coordinates":[[[3.075,7.453],[3.155,7.378],[3.249,7.367],[3.307,7.314],[3.376,7.387],[3.399,7.444],[3.375,7.498],[3.295,7.479],[3.285,7.507],[3.194,7.53],[3.185,7.47],[3.129,7.442],[3.106,7.462],[3.075,7.453]]]}},{"type":"Feature","properties":{"id":"59680162B29721937623471"},"geometry":{"type":"Polygon","coordinates":[[[2.995,7.342],[3.021,7.302],[3.044,7.316],[3.096,7.255],[3.082,7.239],[3.099,7.234],[3.095,7.168],[3.145,7.114],[3.127,7.062],[3.163,7.065],[3.193,7.044],[3.211,7.07],[3.24,7.066],[3.332,7.135],[3.332,7.156],[3.358,7.149],[3.342,7.167],[3.364,7.196],[3.342,7.209],[3.333,7.184],[3.314,7.187],[3.314,7.253],[3.262,7.253],[3.216,7.278],[3.172,7.336],[3.169,7.373],[3.075,7.453],[3.02,7.43],[3.016,7.349],[2.995,7.342]]]}},{"type":"Feature","properties":{"id":"59680162B83694422254145"},"geometry":{"type":"Polygon","coordinates":[[[7.262,4.502],[7.217,4.545],[7.217,4.521],[7.135,4.41],[7.137,4.375],[7.329,4.417],[7.341,4.493],[7.262,4.502]]]}},{"type":"Feature","properties":{"id":"59680162B46174350236230"},"geometry":{"type":"MultiPolygon","coordinates":[[[[5.606,5.378],[5.788,5.442],[5.749,5.469],[5.75,5.491],[5.673,5.467],[5.62,5.514],[5.52,5.501],[5.507,5.444],[5.548,5.394],[5.606,5.378]]],[[[5.431,5.386],[5.472,5.399],[5.524,5.513],[5.582,5.514],[5.467,5.631],[5.408,5.637],[5.387,5.586],[5.214,5.601],[5.164,5.555],[5.157,5.537],[5.227,5.451],[5.3,5.467],[5.431,5.401],[5.431,5.386]]],[[[5.435,5.652],[5.486,5.631],[5.507,5.647],[5.527,5.695],[5.502,5.752],[5.549,5.756],[5.455,5.825],[5.381,5.823],[5.334,5.791],[5.341,5.745],[5.324,5.729],[5.434,5.709],[5.457,5.685],[5.435,5.652]]]]}},{"type":"Feature","properties":{"id":"59680162B21053239387442"},"geometry":{"type":"Polygon","coordinates":[[[5.541,5.771],[5.54,5.752],[5.502,5.752],[5.527,5.695],[5.486,5.631],[5.511,5.596],[5.582,5.514],[5.62,5.514],[5.673,5.467],[5.779,5.491],[5.78,5.547],[5.732,5.557],[5.656,5.614],[5.68,5.651],[5.696,5.647],[5.692,5.662],[5.601,5.732],[5.598,5.781],[5.541,5.771]]]}},{"type":"Feature","properties":{"id":"59680162B59329233871626"},"geometry":{"type":"Polygon","coordinates":[[[6.793,4.728],[6.775,4.75],[6.785,4.821],[6.741,4.825],[6.734,4.767],[6.639,4.743],[6.622,4.706],[6.561,4.698],[6.512,4.643],[6.549,4.586],[6.543,4.568],[6.566,4.554],[6.513,4.432],[6.514,4.369],[6.545,4.355],[6.549,4.325],[6.641,4.312],[6.706,4.339],[6.682,4.409],[6.7,4.42],[6.69,4.519],[6.724,4.613],[6.732,4.572],[6.697,4.496],[6.717,4.35],[6.875,4.357],[6.817,4.502],[6.814,4.578],[6.84,4.602],[6.787,4.666],[6.774,4.722],[6.793,4.728]]]}},{"type":"Feature","properties":{"id":"59680162B6205124943279"},"geometry":{"type":"Polygon","coordinates":[[[4.082,7.201],[4.146,7.202],[4.261,7.242],[4.288,7.301],[4.227,7.364],[4.164,7.356],[4.135,7.403],[4.111,7.327],[4.131,7.3],[4.125,7.258],[4.082,7.201]]]}},{"type":"Feature","properties":{"id":"59680162B22633527707210"},"geometry":{"type":"Polygon","coordinates":[[[4.288,7.301],[4.321,7.354],[4.293,7.432],[4.305,7.461],[4.2,7.494],[4.136,7.471],[4.135,7.403],[4.158,7.363],[4.227,7.364],[4.288,7.301]]]}},{"type":"Feature","properties":{"id":"59680162B25032665557199"},"geometry":{"type":"Polygon","coordinates":[[[7.622,5.019],[7.699,5.061],[7.719,5.048],[7.726,5.076],[7.764,5.067],[7.788,5.091],[7.782,5.127],[7.755,5.142],[7.739,5.122],[7.681,5.156],[7.658,5.148],[7.651,5.176],[7.532,5.173],[7.546,5.086],[7.614,5.049],[7.622,5.019]]]}},{"type":"Feature","properties":{"id":"59680162B70948216254513"},"geometry":{"type":"Polygon","coordinates":[[[7.902,4.565],[7.876,4.676],[7.803,4.721],[7.803,4.681],[7.826,4.657],[7.804,4.571],[7.902,4.565]]]}},{"type":"Feature","properties":{"id":"59680162B44643250914735"},"geometry":{"type":"Polygon","coordinates":[[[7.688,6.853],[7.62,6.919],[7.578,6.933],[7.555,6.981],[7.476,6.911],[7.481,6.885],[7.42,6.863],[7.458,6.824],[7.554,6.809],[7.604,6.781],[7.616,6.842],[7.67,6.816],[7.688,6.853]]]}},{"type":"Feature","properties":{"id":"59680162B82820769085578"},"geometry":{"type":"Polygon","coordinates":[[[7.282,4.56],[7.236,4.625],[7.244,4.668],[7.212,4.731],[7.19,4.741],[7.14,4.694],[7.122,4.702],[7.123,4.67],[7.153,4.66],[7.217,4.545],[7.262,4.502],[7.282,4.56]]]}},{"type":"Feature","properties":{"id":"59680162B14374608149112"},"geometry":{"type":"Polygon","coordinates":[[[7.579,6.394],[7.572,6.413],[7.594,6.438],[7.543,6.455],[7.531,6.415],[7.491,6.434],[7.452,6.4],[7.469,6.375],[7.549,6.359],[7.579,6.394]]]}},{"type":"Feature","properties":{"id":"59680162B36804655757784"},"geometry":{"type":"Polygon","coordinates":[[[7.739,5.122],[7.771,5.166],[7.76,5.238],[7.722,5.277],[7.655,5.248],[7.658,5.148],[7.681,5.156],[7.739,5.122]]]}},{"type":"Feature","properties":{"id":"59680162B36558878931890"},"geometry":{"type":"Polygon","coordinates":[[[8.052,4.75],[8.022,4.752],[7.985,4.785],[7.976,4.838],[7.955,4.828],[7.954,4.778],[7.926,4.822],[7.868,4.792],[7.875,4.721],[7.934,4.723],[7.966,4.69],[8.034,4.682],[8.062,4.698],[8.052,4.75]]]}},{"type":"Feature","properties":{"id":"59680162B91433810506609"},"geometry":{"type":"Polygon","coordinates":[[[8.181,4.792],[8.162,4.768],[8.127,4.773],[8.102,4.718],[8.099,4.696],[8.154,4.667],[8.225,4.687],[8.202,4.705],[8.202,4.763],[8.225,4.778],[8.181,4.792]]]}},{"type":"Feature","properties":{"id":"59680162B70631413452384"},"geometry":{"type":"Polygon","coordinates":[[[7.685,5.044],[7.693,5.002],[7.734,4.989],[7.741,5.008],[7.784,4.979],[7.794,4.941],[7.776,4.903],[7.801,4.884],[7.834,5.034],[7.813,5.08],[7.778,5.096],[7.764,5.067],[7.726,5.076],[7.719,5.048],[7.699,5.061],[7.685,5.044]]]}},{"type":"Feature","properties":{"id":"59680162B97802053648263"},"geometry":{"type":"Polygon","coordinates":[[[7.572,6.413],[7.561,6.331],[7.589,6.326],[7.619,6.35],[7.639,6.328],[7.623,6.29],[7.56,6.267],[7.539,6.217],[7.559,6.208],[7.539,6.15],[7.555,6.129],[7.625,6.141],[7.662,6.061],[7.714,6.084],[7.726,6.115],[7.733,6.227],[7.708,6.298],[7.751,6.386],[7.726,6.56],[7.705,6.578],[7.634,6.567],[7.658,6.525],[7.606,6.478],[7.596,6.426],[7.572,6.413]]]}},{"type":"Feature","properties":{"id":"59680162B63088628372837"},"geometry":{"type":"Polygon","coordinates":[[[7.485,6.92],[7.458,6.93],[7.443,6.916],[7.424,6.952],[7.386,6.962],[7.373,6.999],[7.405,7.016],[7.395,7.031],[7.351,7.033],[7.316,7.011],[7.33,6.975],[7.3,6.941],[7.369,6.91],[7.362,6.889],[7.38,6.897],[7.423,6.864],[7.481,6.885],[7.485,6.92]]]}},{"type":"Feature","properties":{"id":"59680162B36149280961759"},"geometry":{"type":"Polygon","coordinates":[[[7.458,6.824],[7.3,6.941],[7.33,6.975],[7.316,7.011],[7.241,6.971],[7.235,6.933],[7.203,6.902],[7.304,6.851],[7.276,6.771],[7.302,6.737],[7.35,6.723],[7.381,6.747],[7.384,6.773],[7.414,6.769],[7.53,6.716],[7.598,6.656],[7.616,6.689],[7.596,6.723],[7.604,6.781],[7.554,6.809],[7.458,6.824]]]}},{"type":"Feature","properties":{"id":"59680162B30773772502776"},"geometry":{"type":"Polygon","coordinates":[[[7.234,4.695],[7.319,4.703],[7.344,4.724],[7.327,4.763],[7.256,4.793],[7.232,4.83],[7.185,4.808],[7.188,4.744],[7.234,4.695]]]}},{"type":"Feature","properties":{"id":"59680162B27814311157346"},"geometry":{"type":"Polygon","coordinates":[[[4.424,7.191],[4.47,7.249],[4.519,7.25],[4.495,7.269],[4.49,7.314],[4.548,7.414],[4.509,7.416],[4.503,7.44],[4.466,7.459],[4.489,7.551],[4.458,7.584],[4.439,7.582],[4.387,7.491],[4.372,7.422],[4.407,7.3],[4.398,7.247],[4.424,7.191]]]}},{"type":"Feature","properties":{"id":"59680162B94327255764727"},"geometry":{"type":"Polygon","coordinates":[[[4.082,7.201],[4.073,7.136],[4.169,7.174],[4.206,7.045],[4.285,7.092],[4.351,7.066],[4.41,7.128],[4.424,7.191],[4.398,7.247],[4.399,7.347],[4.374,7.375],[4.387,7.491],[4.439,7.582],[4.477,7.566],[4.508,7.601],[4.465,7.621],[4.411,7.612],[4.397,7.592],[4.33,7.635],[4.306,7.62],[4.347,7.584],[4.299,7.558],[4.271,7.503],[4.305,7.461],[4.293,7.432],[4.32,7.38],[4.304,7.307],[4.261,7.242],[4.146,7.202],[4.082,7.201]]]}},{"type":"Feature","properties":{"id":"59680162B61434523060701"},"geometry":{"type":"Polygon","coordinates":[[[4.294,7.472],[4.276,7.519],[4.299,7.558],[4.347,7.584],[4.336,7.607],[4.312,7.609],[4.3,7.654],[4.232,7.641],[4.213,7.61],[4.186,7.618],[4.142,7.593],[4.149,7.477],[4.2,7.494],[4.294,7.472]]]}},{"type":"Feature","properties":{"id":"59680162B72068294191364"},"geometry":{"type":"Polygon","coordinates":[[[6.668,4.888],[6.703,4.921],[6.664,4.932],[6.682,4.973],[6.673,4.997],[6.712,5.018],[6.699,5.056],[6.725,5.096],[6.695,5.141],[6.725,5.158],[6.676,5.179],[6.684,5.215],[6.661,5.233],[6.661,5.195],[6.623,5.201],[6.579,5.177],[6.576,5.027],[6.544,4.983],[6.609,4.977],[6.619,4.916],[6.668,4.888]]]}},{"type":"Feature","properties":{"id":"59680162B71074793306885"},"geometry":{"type":"Polygon","coordinates":[[[3.282,7.816],[3.275,7.732],[3.321,7.718],[3.357,7.641],[3.39,7.664],[3.414,7.658],[3.472,7.719],[3.508,7.697],[3.539,7.704],[3.578,7.795],[3.609,7.772],[3.606,7.742],[3.631,7.71],[3.684,7.696],[3.747,7.86],[3.712,7.982],[3.742,8.021],[3.737,8.066],[3.81,8.14],[3.853,8.223],[3.857,8.327],[3.688,8.406],[3.659,8.315],[3.628,8.307],[3.627,8.261],[3.592,8.212],[3.603,8.169],[3.575,8.093],[3.531,8.077],[3.521,8.095],[3.465,8.096],[3.465,7.968],[3.441,7.914],[3.34,7.81],[3.282,7.816]]]}},{"type":"Feature","properties":{"id":"59680162B74485110483501"},"geometry":{"type":"Polygon","coordinates":[[[3.23,8.071],[3.297,8.144],[3.292,8.191],[3.341,8.204],[3.361,8.177],[3.42,8.162],[3.414,8.083],[3.458,8.05],[3.465,8.096],[3.521,8.095],[3.531,8.077],[3.575,8.093],[3.603,8.169],[3.592,8.212],[3.627,8.261],[3.628,8.307],[3.659,8.315],[3.688,8.406],[3.548,8.398],[3.472,8.357],[3.479,8.334],[3.361,8.309],[3.252,8.371],[3.195,8.376],[3.172,8.369],[3.177,8.333],[3.067,8.315],[2.928,8.353],[2.868,8.312],[2.87,8.259],[2.897,8.246],[2.96,8.262],[3.027,8.219],[3.115,8.213],[3.117,8.18],[3.181,8.19],[3.182,8.172],[3.134,8.155],[3.135,8.134],[3.202,8.12],[3.187,8.081],[3.219,8.089],[3.23,8.071]]]}},{"type":"Feature","properties":{"id":"59680162B64506251287847"},"geometry":{"type":"Polygon","coordinates":[[[3.353,7.836],[3.441,7.914],[3.464,7.997],[3.458,8.05],[3.414,8.083],[3.43,8.149],[3.361,8.177],[3.341,8.204],[3.292,8.191],[3.297,8.144],[3.227,8.058],[3.294,7.983],[3.271,7.952],[3.303,7.93],[3.29,7.908],[3.304,7.873],[3.327,7.837],[3.353,7.836]]]}},{"type":"Feature","properties":{"id":"59680162B79793295224635"},"geometry":{"type":"Polygon","coordinates":[[[7.461,6.379],[7.423,6.356],[7.442,6.289],[7.504,6.272],[7.505,6.237],[7.539,6.217],[7.56,6.267],[7.623,6.29],[7.639,6.328],[7.619,6.35],[7.589,6.326],[7.561,6.331],[7.579,6.394],[7.549,6.359],[7.461,6.379]]]}},{"type":"Feature","properties":{"id":"59680162B68024378624756"},"geometry":{"type":"Polygon","coordinates":[[[7.97,5.768],[7.932,5.83],[7.959,5.843],[7.989,5.902],[8.005,5.9],[7.982,5.927],[7.991,5.998],[7.853,5.968],[7.838,5.945],[7.887,5.869],[7.89,5.77],[7.916,5.748],[7.951,5.775],[7.97,5.768]]]}},{"type":"Feature","properties":{"id":"59680162B72688070781247"},"geometry":{"type":"Polygon","coordinates":[[[10.755,7.617],[10.704,7.63],[10.562,7.563],[10.506,7.515],[10.44,7.5],[10.413,7.513],[10.359,7.573],[10.316,7.661],[10.369,7.718],[10.376,7.802],[10.324,8.026],[10.302,8.027],[10.272,8.067],[10.112,7.882],[9.949,7.731],[9.865,7.688],[9.798,7.615],[9.84,7.579],[9.904,7.608],[10.017,7.587],[10.227,7.449],[10.253,7.398],[10.232,7.346],[10.267,7.278],[10.323,7.247],[10.403,7.257],[10.439,7.338],[10.481,7.353],[10.562,7.449],[10.755,7.617]]]}},{"type":"Feature","properties":{"id":"59680162B15532351721986"},"geometry":{"type":"Polygon","coordinates":[[[7.29,6.278],[7.244,6.263],[7.16,6.303],[7.143,6.289],[7.143,6.236],[7.2,6.235],[7.261,6.079],[7.309,6.079],[7.304,6.045],[7.376,6.04],[7.403,6.015],[7.411,6.141],[7.374,6.205],[7.29,6.278]]]}},{"type":"Feature","properties":{"id":"59680162B5525087107293"},"geometry":{"type":"Polygon","coordinates":[[[4.666,8.043],[4.819,8.082],[4.8,8.164],[4.739,8.197],[4.738,8.231],[4.688,8.286],[4.691,8.315],[4.671,8.302],[4.638,8.327],[4.583,8.235],[4.595,8.171],[4.527,8.076],[4.569,8.055],[4.629,8.075],[4.666,8.043]],[[4.651,8.144],[4.694,8.217],[4.758,8.138],[4.685,8.125],[4.651,8.144]]]}},{"type":"Feature","properties":{"id":"59680162B61116944198945"},"geometry":{"type":"Polygon","coordinates":[[[6.202,4.642],[6.293,4.662],[6.338,4.621],[6.386,4.62],[6.451,4.693],[6.445,4.776],[6.43,4.766],[6.399,4.838],[6.441,4.943],[6.422,4.982],[6.293,4.876],[6.243,4.869],[6.208,4.781],[6.202,4.642]]]}},{"type":"Feature","properties":{"id":"59680162B173222965225"},"geometry":{"type":"Polygon","coordinates":[[[6.905,4.752],[6.877,4.776],[6.862,4.825],[6.813,4.843],[6.785,4.821],[6.776,4.747],[6.834,4.66],[6.913,4.657],[6.905,4.752]]]}},{"type":"Feature","properties":{"id":"59680162B78634023582239"},"geometry":{"type":"Polygon","coordinates":[[[7.829,4.986],[7.868,5.012],[7.892,4.991],[7.902,5.009],[7.991,4.951],[8.024,4.982],[8.032,5.021],[8.004,5.014],[7.985,5.06],[7.935,5.077],[7.895,5.031],[7.877,5.045],[7.857,5.026],[7.834,5.034],[7.829,4.986]]]}},{"type":"Feature","properties":{"id":"59680162B21074533395167"},"geometry":{"type":"Polygon","coordinates":[[[7.788,5.091],[7.813,5.08],[7.829,5.04],[7.844,5.247],[7.797,5.296],[7.721,5.297],[7.771,5.223],[7.755,5.136],[7.782,5.127],[7.788,5.091]]]}},{"type":"Feature","properties":{"id":"59680162B46396512293260"},"geometry":{"type":"Polygon","coordinates":[[[2.756,8.575],[2.802,8.61],[2.921,8.612],[3.014,8.71],[3.104,8.75],[3.164,8.809],[3.237,8.783],[3.388,8.842],[3.6,8.957],[3.596,8.999],[3.691,8.997],[3.743,9.047],[3.771,9.147],[3.724,9.365],[3.717,9.53],[3.677,9.632],[3.799,10.028],[3.797,10.066],[3.784,10.031],[3.743,10.084],[3.731,10.068],[3.684,10.157],[3.609,9.948],[3.525,9.844],[3.477,9.857],[3.367,9.837],[3.341,9.808],[3.331,9.756],[3.353,9.703],[3.142,9.441],[3.166,9.303],[3.095,9.091],[2.987,9.061],[2.968,9.081],[2.795,9.057],[2.743,8.771],[2.756,8.575]]]}},{"type":"Feature","properties":{"id":"59680162B50724647943907"},"geometry":{"type":"Polygon","coordinates":[[[4.137,7.459],[4.145,7.587],[4.063,7.651],[3.986,7.595],[3.977,7.561],[4.015,7.531],[3.999,7.514],[3.966,7.52],[3.981,7.492],[3.948,7.497],[3.929,7.449],[3.943,7.392],[4.023,7.432],[4.018,7.486],[4.054,7.471],[4.057,7.43],[4.094,7.434],[4.103,7.461],[4.137,7.459]],[[3.96,7.41],[3.963,7.425],[3.97,7.412],[3.96,7.41]]]}},{"type":"Feature","properties":{"id":"59680162B89596725903657"},"geometry":{"type":"Polygon","coordinates":[[[6.679,6.972],[6.723,7.022],[6.795,7.024],[6.789,7.122],[6.754,7.14],[6.716,7.123],[6.677,7.034],[6.679,6.972]]]}},{"type":"Feature","properties":{"id":"59680162B29257457515537"},"geometry":{"type":"Polygon","coordinates":[[[9.765,12.796],[9.787,12.814],[9.858,12.82],[9.915,12.863],[9.93,12.919],[9.943,12.911],[9.988,12.956],[10.051,12.953],[10.064,12.978],[10.089,12.984],[10.104,12.966],[10.099,12.986],[10.235,13.009],[10.261,13.089],[10.233,13.077],[10.214,13.091],[10.222,13.126],[10.179,13.165],[10.224,13.28],[10.148,13.26],[9.995,13.176],[9.873,13.075],[9.662,12.834],[9.765,12.796]]]}},{"type":"Feature","properties":{"id":"59680162B39308677673484"},"geometry":{"type":"Polygon","coordinates":[[[6.679,6.972],[6.611,6.822],[6.632,6.769],[6.618,6.705],[6.653,6.634],[6.662,6.558],[6.764,6.564],[6.808,6.58],[6.806,6.703],[6.897,6.792],[6.923,6.802],[6.93,6.786],[6.952,6.808],[6.964,6.962],[6.905,6.977],[6.901,7.016],[6.836,7.017],[6.809,7.061],[6.795,7.024],[6.723,7.022],[6.679,6.972]]]}},{"type":"Feature","properties":{"id":"59680162B38183120701356"},"geometry":{"type":"Polygon","coordinates":[[[7.478,8.631],[7.595,8.856],[7.589,9.101],[7.505,9.112],[7.505,9.1],[7.344,9.144],[7.282,9.136],[7.214,9.088],[7.208,9.043],[7.155,9.016],[7.17,9.006],[7.132,8.949],[7.106,8.95],[7.118,8.925],[7.165,8.909],[7.229,8.92],[7.327,8.884],[7.335,8.921],[7.412,8.909],[7.41,8.877],[7.482,8.868],[7.497,8.73],[7.389,8.729],[7.343,8.68],[7.335,8.64],[7.478,8.631]]]}},{"type":"Feature","properties":{"id":"59680162B83662033692716"},"geometry":{"type":"Polygon","coordinates":[[[3.771,9.147],[3.826,9.182],[3.921,9.173],[4.012,9.035],[4.253,8.967],[4.316,8.998],[4.335,8.981],[4.524,9.074],[4.604,9.084],[4.679,9.059],[4.683,9.073],[4.721,9.066],[4.749,9.088],[4.765,9.15],[4.738,9.269],[4.639,9.308],[4.61,9.362],[4.501,9.44],[4.351,9.588],[4.153,9.862],[4.119,9.856],[4.115,9.882],[4.083,9.852],[4.022,9.857],[4.002,9.907],[3.985,9.893],[3.936,9.916],[3.971,9.949],[3.935,9.967],[3.949,9.991],[3.887,9.988],[3.903,10.019],[3.799,10.071],[3.677,9.632],[3.717,9.53],[3.724,9.365],[3.771,9.147]]]}},{"type":"Feature","properties":{"id":"59680162B24502748844916"},"geometry":{"type":"Polygon","coordinates":[[[5.75,12.289],[5.824,12.242],[5.841,12.293],[5.899,12.321],[5.876,12.355],[5.903,12.448],[5.943,12.469],[5.949,12.512],[6.0,12.554],[6.007,12.597],[6.058,12.616],[6.064,12.642],[6.105,12.673],[6.091,12.707],[6.1,12.78],[6.034,12.784],[6.024,12.749],[5.962,12.755],[5.883,12.82],[5.848,12.811],[5.813,12.84],[5.734,12.827],[5.635,12.883],[5.588,12.804],[5.649,12.769],[5.686,12.714],[5.677,12.632],[5.723,12.621],[5.717,12.487],[5.773,12.383],[5.75,12.289]]]}},{"type":"Feature","properties":{"id":"59680162B38485988708032"},"geometry":{"type":"Polygon","coordinates":[[[10.235,13.009],[10.282,12.979],[10.264,12.955],[10.305,12.861],[10.291,12.815],[10.325,12.811],[10.331,12.847],[10.436,12.818],[10.524,12.864],[10.55,12.838],[10.604,12.869],[10.514,12.944],[10.469,12.942],[10.447,12.971],[10.47,13.03],[10.428,13.042],[10.393,13.091],[10.454,13.149],[10.261,13.089],[10.235,13.009]]]}},{"type":"Feature","properties":{"id":"59680162B37513478805829"},"geometry":{"type":"Polygon","coordinates":[[[5.271,11.78],[5.232,11.895],[5.248,11.921],[5.289,11.927],[5.306,11.962],[5.371,11.997],[5.347,12.133],[5.39,12.172],[5.403,12.266],[5.348,12.284],[5.312,12.356],[5.16,12.316],[5.117,12.283],[4.953,12.314],[4.95,12.231],[4.875,12.23],[4.862,12.16],[4.867,11.933],[4.968,11.876],[4.935,11.845],[4.92,11.79],[4.941,11.731],[5.007,11.75],[5.063,11.708],[5.081,11.732],[5.177,11.744],[5.178,11.792],[5.223,11.757],[5.271,11.78]]]}},{"type":"Feature","properties":{"id":"59680162B27639129809368"},"geometry":{"type":"Polygon","coordinates":[[[8.864,11.912],[8.957,11.947],[9.024,11.938],[9.039,11.916],[9.104,11.905],[9.076,11.839],[9.154,11.834],[9.162,11.88],[9.202,11.905],[9.201,11.962],[9.228,12.014],[9.214,12.054],[9.182,12.085],[9.156,12.068],[9.149,12.019],[9.133,12.035],[9.098,12.023],[9.074,12.074],[8.949,12.075],[8.866,11.975],[8.864,11.912]]]}},{"type":"Feature","properties":{"id":"59680162B27901935497545"},"geometry":{"type":"Polygon","coordinates":[[[6.958,4.775],[7.01,4.735],[7.025,4.756],[7.055,4.753],[7.069,4.802],[7.004,4.831],[6.958,4.775]]]}},{"type":"Feature","properties":{"id":"59680162B78681214723365"},"geometry":{"type":"Polygon","coordinates":[[[4.73,12.702],[4.807,12.819],[4.688,12.938],[4.646,12.949],[4.732,13.053],[4.683,13.079],[4.623,13.07],[4.555,13.111],[4.476,13.001],[4.482,12.978],[4.561,12.963],[4.544,12.919],[4.47,12.895],[4.452,12.855],[4.55,12.803],[4.558,12.758],[4.615,12.72],[4.73,12.702]]]}},{"type":"Feature","properties":{"id":"59680162B95103667512911"},"geometry":{"type":"Polygon","coordinates":[[[4.875,12.23],[4.703,12.225],[4.698,12.158],[4.665,12.17],[4.628,12.114],[4.634,12.064],[4.588,12.039],[4.551,11.892],[4.549,11.796],[4.436,11.711],[4.417,11.709],[4.394,11.757],[4.369,11.747],[4.375,11.715],[4.427,11.671],[4.419,11.614],[4.497,11.552],[4.483,11.532],[4.523,11.53],[4.57,11.574],[4.547,11.597],[4.546,11.634],[4.635,11.672],[4.667,11.668],[4.662,11.694],[4.677,11.682],[4.721,11.695],[4.815,11.766],[4.85,11.735],[4.889,11.75],[4.894,11.709],[4.943,11.727],[4.92,11.79],[4.935,11.845],[4.968,11.876],[4.867,11.933],[4.875,12.23]]]}},{"type":"Feature","properties":{"id":"59680162B17719625697929"},"geometry":{"type":"Polygon","coordinates":[[[4.569,8.055],[4.495,8.117],[4.48,8.211],[4.392,8.304],[4.321,8.269],[4.28,8.208],[4.308,8.207],[4.327,8.146],[4.317,8.081],[4.285,8.046],[4.34,7.943],[4.367,7.94],[4.422,7.888],[4.45,7.938],[4.55,7.971],[4.569,8.055]]]}},{"type":"Feature","properties":{"id":"59680162B52609098277437"},"geometry":{"type":"Polygon","coordinates":[[[9.223,11.99],[9.319,12.057],[9.32,12.1],[9.349,12.119],[9.336,12.166],[9.271,12.155],[9.273,12.192],[9.23,12.204],[9.202,12.25],[9.151,12.231],[9.164,12.274],[9.114,12.283],[9.146,12.326],[9.139,12.342],[8.91,12.301],[8.952,12.185],[8.915,12.076],[9.074,12.074],[9.085,12.027],[9.133,12.035],[9.149,12.019],[9.156,12.068],[9.194,12.085],[9.228,12.014],[9.223,11.99]]]}},{"type":"Feature","properties":{"id":"59680162B36304665045822"},"geometry":{"type":"MultiPolygon","coordinates":[[[[6.929,4.782],[6.924,4.843],[6.891,4.885],[6.898,4.91],[6.868,4.913],[6.846,4.953],[6.846,5.026],[6.725,5.096],[6.699,5.056],[6.712,5.018],[6.673,4.997],[6.682,4.973],[6.664,4.932],[6.703,4.921],[6.669,4.885],[6.69,4.866],[6.726,4.868],[6.741,4.825],[6.799,4.822],[6.813,4.843],[6.862,4.825],[6.877,4.776],[6.905,4.752],[6.929,4.782]]],[[[6.722,5.105],[6.754,5.158],[6.784,5.128],[6.831,5.172],[6.817,5.259],[6.761,5.316],[6.72,5.287],[6.72,5.242],[6.684,5.215],[6.676,5.179],[6.725,5.158],[6.695,5.141],[6.698,5.116],[6.722,5.105]]]]}},{"type":"Feature","properties":{"id":"59680162B86026568122675"},"geometry":{"type":"Polygon","coordinates":[[[7.616,6.842],[7.596,6.723],[7.616,6.689],[7.554,6.594],[7.589,6.562],[7.705,6.578],[7.691,6.638],[7.818,6.638],[7.903,6.781],[7.888,6.789],[7.888,6.854],[7.819,6.892],[7.786,6.873],[7.714,6.871],[7.67,6.816],[7.616,6.842]]]}},{"type":"Feature","properties":{"id":"59680162B64829234996535"},"geometry":{"type":"Polygon","coordinates":[[[6.238,4.852],[6.418,4.972],[6.412,5.005],[6.486,5.153],[6.559,5.198],[6.549,5.213],[6.567,5.237],[6.531,5.285],[6.487,5.241],[6.389,5.194],[6.4,5.146],[6.358,5.094],[6.322,5.086],[6.305,5.05],[6.274,5.056],[6.249,5.01],[6.147,4.941],[6.157,4.849],[6.238,4.852]]]}},{"type":"Feature","properties":{"id":"59680162B49050440888294"},"geometry":{"type":"MultiPolygon","coordinates":[[[[4.533,8.524],[4.568,8.493],[4.567,8.472],[4.599,8.474],[4.558,8.551],[4.553,8.528],[4.533,8.524]]],[[[4.768,8.479],[4.746,8.511],[4.764,8.543],[4.854,8.554],[4.865,8.573],[4.893,8.554],[4.974,8.667],[4.896,8.747],[4.861,8.737],[4.679,8.574],[4.602,8.536],[4.634,8.509],[4.668,8.517],[4.699,8.486],[4.768,8.479]]]]}},{"type":"Feature","properties":{"id":"59680162B61092998371306"},"geometry":{"type":"Polygon","coordinates":[[[10.917,9.555],[10.99,9.641],[10.957,9.669],[10.957,9.711],[10.982,9.775],[10.945,9.88],[10.717,10.05],[10.712,10.076],[10.738,10.121],[10.807,10.138],[10.855,10.241],[10.757,10.236],[10.703,10.271],[10.638,10.214],[10.581,10.255],[10.272,10.28],[10.247,10.228],[10.215,10.232],[10.207,10.2],[10.18,10.191],[10.191,10.16],[10.158,10.113],[10.095,10.09],[10.084,10.006],[10.017,10.025],[9.973,9.965],[9.986,9.949],[9.923,9.897],[9.894,9.934],[9.821,9.911],[9.85,9.852],[9.914,9.849],[9.924,9.825],[9.886,9.763],[9.93,9.715],[9.973,9.7],[10.071,9.731],[10.103,9.72],[10.109,9.691],[10.152,9.679],[10.261,9.687],[10.373,9.603],[10.489,9.553],[10.523,9.488],[10.618,9.463],[10.774,9.447],[10.917,9.555]]]}},{"type":"Feature","properties":{"id":"59680162B88302028338466"},"geometry":{"type":"Polygon","coordinates":[[[7.184,4.95],[7.235,4.981],[7.279,5.117],[7.293,5.173],[7.264,5.216],[7.208,5.163],[7.211,5.12],[7.178,5.037],[7.184,4.95]]]}},{"type":"Feature","properties":{"id":"59680162B7272699675434"},"geometry":{"type":"Polygon","coordinates":[[[9.626,11.237],[9.661,11.285],[9.644,11.366],[9.604,11.365],[9.581,11.393],[9.598,11.416],[9.599,11.383],[9.641,11.389],[9.649,11.461],[9.703,11.479],[9.697,11.492],[9.65,11.472],[9.631,11.572],[9.61,11.593],[9.673,11.656],[9.695,11.657],[9.697,11.681],[9.661,11.681],[9.664,11.727],[9.64,11.733],[9.537,11.683],[9.524,11.649],[9.42,11.558],[9.36,11.561],[9.331,11.517],[9.284,11.503],[9.232,11.45],[9.232,11.406],[9.195,11.327],[9.346,11.347],[9.412,11.3],[9.498,11.278],[9.512,11.313],[9.609,11.315],[9.594,11.257],[9.626,11.237]]]}},{"type":"Feature","properties":{"id":"59680162B27926848768432"},"geometry":{"type":"Polygon","coordinates":[[[9.84,7.579],[9.885,7.508],[9.889,7.462],[9.825,7.255],[9.835,7.199],[9.738,7.078],[9.646,6.895],[9.646,6.739],[9.598,6.5],[9.638,6.523],[9.709,6.521],[9.796,6.802],[9.875,6.776],[10.101,6.968],[10.066,6.965],[10.061,6.997],[9.966,7.023],[9.948,7.085],[9.926,7.092],[9.896,7.052],[9.823,7.082],[9.828,7.098],[9.885,7.094],[9.902,7.23],[9.915,7.244],[9.995,7.217],[10.029,7.256],[10.074,7.247],[10.088,7.269],[10.16,7.285],[10.235,7.207],[10.267,7.278],[10.232,7.346],[10.253,7.398],[10.227,7.449],[10.017,7.587],[9.904,7.608],[9.84,7.579]]]}},{"type":"Feature","properties":{"id":"59680162B32427656470349"},"geometry":{"type":"Polygon","coordinates":[[[6.624,6.794],[6.431,6.776],[6.435,6.72],[6.373,6.704],[6.377,6.676],[6.339,6.668],[6.35,6.627],[6.335,6.59],[6.262,6.527],[6.297,6.479],[6.281,6.432],[6.306,6.414],[6.282,6.36],[6.413,6.396],[6.523,6.488],[6.669,6.501],[6.653,6.634],[6.618,6.705],[6.624,6.794]]]}},{"type":"Feature","properties":{"id":"59680162B7861486631755"},"geometry":{"type":"Polygon","coordinates":[[[4.947,7.902],[5.031,7.977],[5.056,8.031],[5.044,8.07],[5.01,8.05],[4.971,7.981],[4.938,7.982],[4.923,7.951],[4.947,7.902]]]}},{"type":"Feature","properties":{"id":"59680162B81796058650879"},"geometry":{"type":"Polygon","coordinates":[[[3.853,8.223],[3.899,8.187],[3.989,8.189],[3.981,8.139],[4.034,8.093],[4.008,8.034],[4.046,8.04],[4.045,7.979],[4.104,7.935],[4.13,7.956],[4.115,7.985],[4.139,8.023],[4.131,8.041],[4.198,8.127],[4.204,8.206],[4.28,8.208],[4.321,8.269],[4.392,8.304],[4.269,8.556],[4.188,8.5],[4.048,8.506],[3.931,8.469],[3.904,8.373],[3.857,8.327],[3.853,8.223]]]}},{"type":"Feature","properties":{"id":"59680162B15317000449503"},"geometry":{"type":"Polygon","coordinates":[[[4.747,8.21],[4.798,8.248],[4.82,8.359],[4.857,8.368],[4.998,8.346],[5.135,8.364],[5.178,8.292],[5.176,8.252],[5.246,8.257],[5.306,8.301],[5.348,8.383],[5.446,8.48],[5.421,8.534],[5.414,8.686],[5.356,8.677],[5.339,8.709],[5.274,8.656],[5.237,8.66],[5.099,8.729],[5.051,8.817],[4.976,8.821],[4.96,8.853],[4.878,8.87],[4.864,8.901],[4.908,8.994],[4.89,9.057],[4.878,9.021],[4.813,8.975],[4.781,8.922],[4.881,8.746],[4.906,8.742],[4.974,8.667],[4.893,8.554],[4.865,8.573],[4.854,8.554],[4.752,8.531],[4.762,8.439],[4.783,8.413],[4.724,8.381],[4.68,8.416],[4.668,8.396],[4.594,8.436],[4.618,8.381],[4.662,8.359],[4.638,8.327],[4.671,8.302],[4.691,8.315],[4.688,8.286],[4.747,8.21]]]}},{"type":"Feature","properties":{"id":"59680162B87372052025364"},"geometry":{"type":"Polygon","coordinates":[[[6.091,12.707],[6.127,12.623],[6.171,12.616],[6.148,12.595],[6.141,12.544],[6.168,12.434],[6.22,12.45],[6.284,12.423],[6.29,12.403],[6.381,12.382],[6.397,12.355],[6.445,12.367],[6.457,12.41],[6.501,12.447],[6.463,12.464],[6.449,12.496],[6.392,12.502],[6.42,12.567],[6.417,12.64],[6.532,12.652],[6.567,12.739],[6.499,12.761],[6.421,12.718],[6.375,12.723],[6.421,12.777],[6.489,12.787],[6.456,12.868],[6.438,12.869],[6.43,12.832],[6.404,12.832],[6.342,12.902],[6.423,12.927],[6.421,12.947],[6.37,12.954],[6.365,12.977],[6.455,12.998],[6.436,13.033],[6.22,13.015],[6.144,13.079],[6.047,13.031],[6.055,12.967],[6.044,12.938],[6.006,12.919],[6.009,12.88],[6.034,12.784],[6.1,12.78],[6.091,12.707]]]}},{"type":"Feature","properties":{"id":"59680162B49286325204061"},"geometry":{"type":"Polygon","coordinates":[[[7.535,6.174],[7.513,6.181],[7.5,6.137],[7.554,6.078],[7.513,6.021],[7.573,5.969],[7.705,5.929],[7.711,5.971],[7.676,6.01],[7.669,6.064],[7.638,6.093],[7.625,6.141],[7.555,6.129],[7.535,6.174]]]}},{"type":"Feature","properties":{"id":"59680162B3222658090770"},"geometry":{"type":"Polygon","coordinates":[[[8.033,6.204],[8.04,6.169],[8.071,6.177],[8.085,6.205],[8.128,6.181],[8.188,6.215],[8.22,6.182],[8.302,6.218],[8.317,6.209],[8.313,6.231],[8.34,6.262],[8.401,6.217],[8.417,6.273],[8.381,6.314],[8.321,6.318],[8.158,6.282],[8.171,6.327],[8.144,6.333],[8.137,6.357],[8.102,6.31],[8.075,6.321],[8.083,6.266],[8.033,6.204]]]}},{"type":"Feature","properties":{"id":"59680162B29829764060990"},"geometry":{"type":"Polygon","coordinates":[[[5.446,8.48],[5.513,8.539],[5.705,8.446],[6.078,8.398],[6.111,8.431],[6.125,8.556],[6.209,8.732],[6.15,8.721],[6.132,8.752],[6.084,8.761],[5.796,8.742],[5.728,8.82],[5.642,8.835],[5.549,8.912],[5.43,8.849],[5.423,8.829],[5.462,8.74],[5.414,8.686],[5.421,8.534],[5.446,8.48]]]}},{"type":"Feature","properties":{"id":"59680162B74336355497846"},"geometry":{"type":"Polygon","coordinates":[[[9.765,12.796],[9.862,12.665],[9.853,12.625],[9.89,12.62],[9.893,12.64],[9.971,12.63],[10.051,12.653],[10.085,12.687],[10.105,12.674],[10.188,12.695],[10.196,12.719],[10.364,12.787],[10.363,12.806],[10.291,12.815],[10.305,12.861],[10.264,12.955],[10.282,12.979],[10.224,13.015],[10.099,12.986],[10.104,12.966],[10.089,12.984],[10.064,12.978],[10.051,12.953],[9.988,12.956],[9.943,12.911],[9.93,12.919],[9.915,12.863],[9.858,12.82],[9.787,12.814],[9.765,12.796]]]}},{"type":"Feature","properties":{"id":"59680162B61170702756328"},"geometry":{"type":"Polygon","coordinates":[[[10.101,6.968],[10.165,7.021],[10.213,7.094],[10.235,7.207],[10.16,7.285],[10.088,7.269],[10.074,7.247],[10.029,7.256],[9.995,7.217],[9.915,7.244],[9.893,7.21],[9.885,7.094],[9.828,7.098],[9.823,7.082],[9.896,7.052],[9.926,7.092],[9.948,7.085],[9.966,7.023],[10.061,6.997],[10.066,6.965],[10.101,6.968]]]}},{"type":"Feature","properties":{"id":"59680162B89701706643364"},"geometry":{"type":"Polygon","coordinates":[[[4.775,12.855],[4.861,12.874],[4.913,12.934],[4.964,12.931],[4.983,13.021],[5.013,13.014],[5.016,13.079],[4.89,13.094],[4.885,13.124],[4.854,13.124],[4.745,13.105],[4.702,13.073],[4.732,13.053],[4.646,12.949],[4.688,12.938],[4.775,12.855]]]}},{"type":"Feature","properties":{"id":"59680162B89970230221745"},"geometry":{"type":"Polygon","coordinates":[[[9.36,11.561],[9.327,11.577],[9.192,11.55],[9.169,11.574],[9.182,11.598],[9.16,11.653],[9.134,11.653],[9.077,11.613],[9.063,11.552],[9.031,11.556],[9.043,11.486],[9.028,11.455],[9.061,11.444],[9.047,11.422],[9.06,11.397],[9.113,11.363],[9.142,11.316],[9.175,11.306],[9.222,11.374],[9.232,11.45],[9.284,11.503],[9.331,11.517],[9.36,11.561]]]}},{"type":"Feature","properties":{"id":"59680162B85175001165051"},"geometry":{"type":"Polygon","coordinates":[[[7.589,9.101],[7.668,9.304],[7.724,9.329],[7.647,9.409],[7.542,9.387],[7.509,9.355],[7.379,9.336],[7.218,9.101],[7.249,9.102],[7.282,9.136],[7.344,9.144],[7.505,9.1],[7.505,9.112],[7.589,9.101]]]}},{"type":"Feature","properties":{"id":"59680162B33186191897384"},"geometry":{"type":"Polygon","coordinates":[[[5.414,8.686],[5.462,8.74],[5.43,8.785],[5.43,8.849],[5.549,8.912],[5.54,8.931],[5.37,8.996],[5.238,9.019],[5.159,9.107],[5.016,9.205],[4.877,9.161],[4.908,9.02],[4.864,8.901],[4.878,8.87],[4.96,8.853],[4.976,8.821],[5.051,8.817],[5.099,8.729],[5.237,8.66],[5.274,8.656],[5.339,8.709],[5.356,8.677],[5.414,8.686]]]}},{"type":"Feature","properties":{"id":"59680162B37059166930142"},"geometry":{"type":"Polygon","coordinates":[[[8.087,9.231],[8.13,9.215],[8.247,9.239],[8.267,9.28],[8.413,9.369],[8.448,9.434],[8.516,9.493],[8.578,9.499],[8.556,9.582],[8.499,9.576],[8.454,9.533],[8.412,9.55],[8.351,9.543],[8.312,9.612],[8.287,9.6],[8.28,9.568],[8.241,9.575],[8.245,9.532],[8.227,9.505],[8.165,9.551],[8.146,9.534],[8.152,9.507],[8.07,9.495],[8.075,9.46],[8.105,9.448],[8.045,9.394],[8.059,9.358],[8.03,9.362],[8.036,9.341],[8.008,9.323],[7.941,9.314],[8.061,9.266],[8.087,9.231]]]}},{"type":"Feature","properties":{"id":"59680162B20002653395444"},"geometry":{"type":"Polygon","coordinates":[[[9.432,12.555],[9.498,12.601],[9.499,12.623],[9.439,12.706],[9.316,12.662],[9.317,12.593],[9.357,12.558],[9.344,12.54],[9.432,12.555]]]}},{"type":"Feature","properties":{"id":"59680162B68799842423101"},"geometry":{"type":"Polygon","coordinates":[[[4.702,13.073],[4.745,13.105],[4.854,13.124],[4.885,13.124],[4.89,13.094],[4.985,13.085],[4.966,13.116],[5.071,13.173],[4.967,13.223],[4.941,13.258],[4.965,13.286],[4.953,13.297],[4.86,13.309],[4.854,13.334],[4.728,13.351],[4.695,13.255],[4.601,13.24],[4.498,13.16],[4.623,13.07],[4.702,13.073]]]}},{"type":"Feature","properties":{"id":"59680162B33139882700556"},"geometry":{"type":"Polygon","coordinates":[[[5.54,12.981],[5.514,13.034],[5.479,13.036],[5.478,13.105],[5.389,13.078],[5.361,13.113],[5.327,13.118],[5.348,13.183],[5.337,13.227],[5.296,13.216],[5.317,13.27],[5.289,13.265],[5.286,13.331],[5.224,13.346],[5.168,13.336],[5.135,13.25],[5.179,13.238],[5.226,13.179],[5.278,13.181],[5.229,13.107],[5.268,13.061],[5.299,13.055],[5.292,13.03],[5.35,12.969],[5.398,12.998],[5.448,12.964],[5.54,12.981]]]}},{"type":"Feature","properties":{"id":"59680162B46976557303871"},"geometry":{"type":"Polygon","coordinates":[[[3.995,11.999],[4.081,12.072],[4.105,12.074],[4.099,12.116],[4.132,12.138],[4.115,12.17],[4.16,12.25],[4.125,12.261],[4.096,12.219],[4.047,12.244],[4.005,12.215],[3.987,12.222],[3.976,12.246],[4.003,12.261],[4.0,12.308],[3.972,12.357],[4.009,12.404],[3.92,12.406],[3.88,12.427],[3.826,12.377],[3.835,12.339],[3.814,12.307],[3.833,12.285],[3.821,12.241],[3.782,12.218],[3.797,12.139],[3.764,12.099],[3.939,12.071],[3.995,11.999]]]}},{"type":"Feature","properties":{"id":"59680162B35933805912396"},"geometry":{"type":"Polygon","coordinates":[[[5.835,7.924],[5.908,7.999],[5.991,8.135],[6.071,8.163],[6.055,8.211],[6.073,8.228],[6.087,8.354],[5.962,8.313],[5.826,8.176],[5.76,8.003],[5.835,7.924]]]}},{"type":"Feature","properties":{"id":"59680162B91492845849591"},"geometry":{"type":"Polygon","coordinates":[[[5.257,13.09],[5.222,13.088],[5.191,13.076],[5.223,13.043],[5.228,13.065],[5.271,13.065],[5.257,13.09]]]}},{"type":"Feature","properties":{"id":"59680162B51512347513243"},"geometry":{"type":"Polygon","coordinates":[[[7.494,12.086],[7.513,12.032],[7.541,12.049],[7.564,12.031],[7.536,12.014],[7.517,11.962],[7.571,11.962],[7.559,11.981],[7.595,11.957],[7.62,12.042],[7.65,12.058],[7.708,12.042],[7.728,12.061],[7.737,12.009],[7.866,12.021],[7.88,12.044],[7.854,12.155],[7.871,12.224],[7.831,12.267],[7.799,12.264],[7.779,12.247],[7.793,12.206],[7.672,12.165],[7.669,12.146],[7.574,12.133],[7.494,12.086]]]}},{"type":"Feature","properties":{"id":"59680162B36658267128816"},"geometry":{"type":"Polygon","coordinates":[[[5.894,5.799],[5.921,5.877],[5.833,5.941],[5.812,5.984],[5.669,6.052],[5.657,6.033],[5.583,6.011],[5.567,5.96],[5.579,5.926],[5.61,5.914],[5.641,5.946],[5.696,5.892],[5.728,5.898],[5.721,5.863],[5.772,5.853],[5.778,5.812],[5.822,5.772],[5.894,5.799]]]}},{"type":"Feature","properties":{"id":"59680162B77807256215392"},"geometry":{"type":"MultiPolygon","coordinates":[[[[7.865,6.557],[7.836,6.538],[7.858,6.523],[7.854,6.489],[7.89,6.503],[7.946,6.481],[7.865,6.557]]],[[[7.733,6.227],[7.796,6.232],[7.792,6.199],[7.81,6.201],[7.818,6.223],[7.893,6.267],[7.903,6.282],[7.883,6.317],[7.92,6.348],[7.92,6.439],[7.869,6.454],[7.855,6.44],[7.798,6.473],[7.818,6.542],[7.794,6.552],[7.846,6.598],[7.832,6.638],[7.72,6.647],[7.688,6.629],[7.726,6.56],[7.749,6.447],[7.751,6.386],[7.708,6.298],[7.733,6.227]]]]}},{"type":"Feature","properties":{"id":"59680162B48034518845808"},"geometry":{"type":"Polygon","coordinates":[[[5.333,11.356],[5.389,11.231],[5.413,11.121],[5.394,11.118],[5.389,11.037],[5.431,10.991],[5.501,10.975],[5.515,10.994],[5.556,10.947],[5.578,10.969],[5.68,10.976],[5.729,10.998],[5.8,11.083],[5.868,11.107],[5.794,11.135],[5.812,11.205],[5.758,11.205],[5.777,11.168],[5.717,11.169],[5.603,11.248],[5.485,11.255],[5.5,11.284],[5.473,11.304],[5.49,11.349],[5.418,11.372],[5.414,11.402],[5.344,11.391],[5.333,11.356]]]}},{"type":"Feature","properties":{"id":"59680162B63511927639310"},"geometry":{"type":"Polygon","coordinates":[[[7.625,11.216],[7.725,11.199],[7.714,11.236],[7.746,11.245],[7.77,11.18],[7.835,11.156],[7.841,11.199],[7.809,11.216],[7.814,11.29],[7.878,11.287],[7.8,11.377],[7.789,11.36],[7.769,11.379],[7.72,11.37],[7.716,11.318],[7.619,11.278],[7.625,11.216]]]}},{"type":"Feature","properties":{"id":"59680162B32850327292174"},"geometry":{"type":"Polygon","coordinates":[[[7.251,9.521],[7.29,9.514],[7.309,9.573],[7.431,9.591],[7.448,9.616],[7.512,9.587],[7.53,9.602],[7.567,9.577],[7.648,9.627],[7.734,9.609],[7.749,9.677],[7.816,9.648],[7.847,9.695],[7.9,9.674],[7.921,9.637],[7.958,9.634],[8.007,9.576],[8.079,9.582],[8.133,9.669],[8.071,9.733],[8.068,9.772],[8.023,9.784],[8.09,9.886],[8.042,9.949],[8.011,9.949],[8.029,10.037],[7.983,10.08],[7.999,10.118],[7.949,10.131],[7.895,10.067],[7.82,10.069],[7.798,10.052],[7.802,10.0],[7.748,9.978],[7.721,10.02],[7.691,10.005],[7.627,10.017],[7.62,10.045],[7.637,10.038],[7.619,10.095],[7.598,10.1],[7.556,10.172],[7.511,10.195],[7.445,10.184],[7.372,10.082],[7.254,10.039],[7.278,10.016],[7.291,9.8],[7.274,9.783],[7.224,9.788],[7.205,9.758],[7.276,9.69],[7.306,9.628],[7.234,9.565],[7.251,9.521]]]}},{"type":"Feature","properties":{"id":"59680162B48318677941344"},"geometry":{"type":"Polygon","coordinates":[[[6.011,13.469],[6.1,13.356],[6.116,13.367],[6.16,13.338],[6.21,13.359],[6.211,13.305],[6.406,13.309],[6.417,13.291],[6.494,13.32],[6.552,13.309],[6.653,13.371],[6.495,13.568],[6.296,13.679],[6.156,13.645],[5.982,13.713],[5.939,13.648],[5.912,13.647],[5.889,13.62],[5.924,13.622],[5.915,13.565],[5.962,13.488],[6.011,13.469]]]}},{"type":"Feature","properties":{"id":"59680162B64770944232121"},"geometry":{"type":"Polygon","coordinates":[[[7.203,6.902],[7.156,6.883],[7.055,6.786],[6.986,6.789],[6.978,6.85],[6.945,6.799],[6.93,6.786],[6.912,6.801],[6.861,6.753],[6.91,6.696],[6.991,6.713],[7.129,6.659],[7.109,6.593],[7.055,6.545],[7.05,6.474],[7.033,6.464],[7.139,6.52],[7.188,6.503],[7.236,6.573],[7.222,6.677],[7.298,6.679],[7.3,6.749],[7.276,6.771],[7.306,6.847],[7.203,6.902]]]}},{"type":"Feature","properties":{"id":"59680162B63355484795141"},"geometry":{"type":"Polygon","coordinates":[[[8.146,9.534],[8.173,9.582],[8.117,9.625],[8.094,9.619],[8.079,9.582],[8.038,9.568],[8.007,9.576],[7.948,9.635],[7.927,9.615],[7.926,9.575],[7.944,9.56],[7.933,9.538],[7.956,9.461],[7.939,9.443],[7.959,9.398],[7.907,9.33],[7.941,9.314],[8.008,9.323],[8.036,9.341],[8.03,9.362],[8.059,9.358],[8.045,9.394],[8.105,9.448],[8.075,9.46],[8.07,9.495],[8.152,9.507],[8.146,9.534]]]}},{"type":"Feature","properties":{"id":"59680162B22561739962750"},"geometry":{"type":"Polygon","coordinates":[[[7.955,4.828],[8.03,4.857],[8.008,4.869],[8.008,4.934],[7.934,5.001],[7.898,5.008],[7.892,4.974],[7.939,4.849],[7.926,4.822],[7.954,4.778],[7.955,4.828]]]}},{"type":"Feature","properties":{"id":"59680162B89921626898623"},"geometry":{"type":"Polygon","coordinates":[[[5.299,13.055],[5.228,13.065],[5.247,13.006],[5.292,13.03],[5.299,13.055]]]}},{"type":"Feature","properties":{"id":"59680162B68131021355449"},"geometry":{"type":"Polygon","coordinates":[[[4.75,12.751],[4.88,12.72],[4.868,12.629],[4.934,12.646],[4.957,12.608],[4.961,12.636],[5.004,12.672],[5.041,12.666],[5.043,12.688],[5.102,12.67],[5.079,12.709],[5.095,12.752],[5.054,12.785],[5.059,12.835],[5.103,12.857],[5.058,12.934],[4.913,12.934],[4.861,12.874],[4.775,12.855],[4.806,12.804],[4.77,12.789],[4.75,12.751]]]}},{"type":"Feature","properties":{"id":"59680162B27422550871896"},"geometry":{"type":"Polygon","coordinates":[[[12.452,10.738],[12.547,10.811],[12.588,10.757],[12.666,10.782],[12.616,10.832],[12.66,10.916],[12.677,11.017],[12.729,11.002],[12.751,10.974],[12.828,10.964],[13.087,10.94],[13.099,10.97],[13.147,10.963],[13.161,10.959],[13.151,10.861],[13.209,10.861],[13.237,10.898],[13.328,10.865],[13.314,10.914],[13.219,10.944],[13.143,11.125],[13.217,11.173],[13.192,11.321],[13.1,11.34],[12.904,11.275],[12.829,11.358],[12.806,11.307],[12.751,11.301],[12.635,11.212],[12.54,11.2],[12.467,11.266],[12.49,11.325],[12.441,11.39],[12.248,11.34],[12.202,11.357],[12.187,11.302],[12.103,11.248],[12.121,11.14],[12.314,11.022],[12.437,10.832],[12.452,10.738]]]}},{"type":"Feature","properties":{"id":"59680162B62360966111253"},"geometry":{"type":"Polygon","coordinates":[[[7.799,12.264],[7.773,12.303],[7.717,12.303],[7.652,12.344],[7.516,12.367],[7.545,12.271],[7.525,12.107],[7.669,12.146],[7.672,12.165],[7.793,12.206],[7.779,12.247],[7.799,12.264]]]}},{"type":"Feature","properties":{"id":"59680162B54666922464494"},"geometry":{"type":"Polygon","coordinates":[[[8.242,12.826],[8.337,12.836],[8.435,12.815],[8.502,12.834],[8.464,12.845],[8.448,12.9],[8.47,12.926],[8.413,13.038],[8.356,13.011],[8.343,12.921],[8.264,12.901],[8.242,12.826]]]}},{"type":"Feature","properties":{"id":"59680162B19433829654146"},"geometry":{"type":"Polygon","coordinates":[[[7.864,13.09],[7.905,13.006],[7.899,12.978],[7.935,12.968],[7.955,12.914],[7.978,12.932],[8.038,12.916],[8.064,12.94],[8.048,13.003],[8.161,13.038],[8.155,13.076],[8.115,13.113],[8.121,13.164],[8.062,13.317],[7.82,13.352],[7.818,13.286],[7.848,13.28],[7.861,13.24],[7.944,13.24],[7.942,13.182],[7.864,13.09]]]}},{"type":"Feature","properties":{"id":"59680162B93375949891062"},"geometry":{"type":"Polygon","coordinates":[[[7.525,12.107],[7.542,12.269],[7.443,12.258],[7.421,12.277],[7.4,12.264],[7.387,12.304],[7.348,12.321],[7.295,12.313],[7.264,12.348],[7.197,12.338],[7.172,12.451],[7.066,12.432],[7.093,12.283],[7.15,12.232],[7.157,12.185],[7.117,12.094],[7.136,12.086],[7.13,12.068],[7.254,12.102],[7.28,12.154],[7.319,12.153],[7.359,12.118],[7.434,12.142],[7.463,12.097],[7.494,12.086],[7.525,12.107]]]}},{"type":"Feature","properties":{"id":"59680162B62375507242594"},"geometry":{"type":"Polygon","coordinates":[[[8.472,11.717],[8.53,11.773],[8.567,11.782],[8.585,11.744],[8.618,11.752],[8.604,11.8],[8.523,11.821],[8.51,11.846],[8.44,11.846],[8.379,11.758],[8.423,11.748],[8.426,11.725],[8.463,11.737],[8.472,11.717]]]}},{"type":"Feature","properties":{"id":"59680162B33448314455063"},"geometry":{"type":"Polygon","coordinates":[[[8.818,10.38],[8.749,10.441],[8.777,10.479],[8.783,10.597],[8.711,10.543],[8.644,10.63],[8.523,10.638],[8.481,10.716],[8.414,10.737],[8.369,10.707],[8.371,10.674],[8.337,10.657],[8.334,10.626],[8.364,10.588],[8.345,10.577],[8.367,10.573],[8.392,10.494],[8.422,10.468],[8.422,10.435],[8.407,10.403],[8.363,10.394],[8.33,10.354],[8.328,10.246],[8.396,10.294],[8.424,10.209],[8.415,10.189],[8.44,10.176],[8.45,10.142],[8.486,10.131],[8.501,10.092],[8.451,10.045],[8.455,10.018],[8.434,9.994],[8.477,9.985],[8.488,10.019],[8.538,10.032],[8.611,10.001],[8.68,10.011],[8.686,10.211],[8.734,10.275],[8.799,10.303],[8.818,10.38]]]}},{"type":"Feature","properties":{"id":"59680162B91454305469147"},"geometry":{"type":"Polygon","coordinates":[[[8.464,12.845],[8.552,12.832],[8.553,12.866],[8.593,12.863],[8.626,12.883],[8.715,12.845],[8.708,12.93],[8.664,12.943],[8.615,13.022],[8.542,13.075],[8.434,13.082],[8.413,13.038],[8.47,12.926],[8.447,12.891],[8.464,12.845]]]}},{"type":"Feature","properties":{"id":"59680162B797578221173"},"geometry":{"type":"Polygon","coordinates":[[[5.361,13.113],[5.468,13.165],[5.516,13.152],[5.509,13.174],[5.634,13.257],[5.861,13.221],[5.852,13.291],[5.805,13.31],[5.712,13.289],[5.609,13.302],[5.59,13.287],[5.539,13.318],[5.524,13.306],[5.485,13.377],[5.429,13.31],[5.394,13.31],[5.337,13.245],[5.348,13.183],[5.327,13.118],[5.361,13.113]]]}},{"type":"Feature","properties":{"id":"59680162B43671986122418"},"geometry":{"type":"Polygon","coordinates":[[[4.695,13.255],[4.761,13.447],[4.764,13.516],[4.727,13.519],[4.723,13.543],[4.759,13.595],[4.704,13.651],[4.808,13.712],[4.801,13.769],[4.708,13.759],[4.394,13.653],[4.232,13.499],[4.126,13.468],[4.126,13.25],[4.3,13.26],[4.374,13.201],[4.498,13.16],[4.601,13.24],[4.695,13.255]]]}},{"type":"Feature","properties":{"id":"59680162B64636531363939"},"geometry":{"type":"Polygon","coordinates":[[[8.242,12.826],[8.128,12.801],[8.152,12.797],[8.182,12.75],[8.185,12.732],[8.145,12.721],[8.154,12.691],[8.208,12.679],[8.252,12.694],[8.262,12.673],[8.284,12.673],[8.283,12.651],[8.33,12.644],[8.403,12.706],[8.398,12.826],[8.242,12.826]]]}},{"type":"Feature","properties":{"id":"59680162B77130024076735"},"geometry":{"type":"Polygon","coordinates":[[[4.392,12.411],[4.487,12.411],[4.455,12.445],[4.471,12.451],[4.448,12.494],[4.447,12.559],[4.403,12.57],[4.368,12.533],[4.359,12.589],[4.287,12.58],[4.288,12.546],[4.259,12.547],[4.173,12.656],[4.088,12.574],[4.05,12.565],[4.088,12.485],[4.043,12.446],[4.086,12.416],[4.106,12.371],[4.135,12.4],[4.171,12.399],[4.17,12.379],[4.199,12.395],[4.201,12.357],[4.228,12.356],[4.236,12.332],[4.318,12.327],[4.404,12.352],[4.392,12.411]]]}},{"type":"Feature","properties":{"id":"59680162B61567493958965"},"geometry":{"type":"Polygon","coordinates":[[[4.081,12.072],[3.969,11.981],[3.96,11.881],[3.969,11.837],[4.015,11.786],[4.016,11.731],[3.99,11.717],[3.962,11.617],[3.944,11.641],[3.887,11.64],[3.837,11.619],[3.836,11.59],[3.806,11.574],[3.989,11.501],[4.016,11.562],[4.059,11.582],[4.068,11.61],[4.108,11.617],[4.104,11.648],[4.144,11.662],[4.184,11.642],[4.209,11.674],[4.215,11.658],[4.255,11.662],[4.257,11.687],[4.301,11.733],[4.277,11.799],[4.312,11.848],[4.278,11.92],[4.237,11.926],[4.201,12.048],[4.166,12.052],[4.152,12.074],[4.081,12.072]]]}},{"type":"Feature","properties":{"id":"59680162B26521045145337"},"geometry":{"type":"Polygon","coordinates":[[[11.64,9.307],[11.634,9.347],[11.716,9.327],[11.828,9.389],[11.833,9.427],[11.862,9.447],[11.94,9.406],[11.989,9.43],[12.028,9.427],[12.071,9.626],[12.015,9.632],[12.015,9.612],[11.96,9.598],[11.979,9.552],[11.961,9.506],[11.908,9.501],[11.874,9.521],[11.714,9.498],[11.524,9.396],[11.531,9.326],[11.599,9.302],[11.64,9.307]]]}},{"type":"Feature","properties":{"id":"59680162B23952502219543"},"geometry":{"type":"Polygon","coordinates":[[[12.153,11.12],[12.168,11.08],[12.15,11.048],[12.043,11.049],[11.947,10.952],[11.908,10.939],[11.9,10.969],[11.855,10.935],[11.783,10.937],[11.722,10.896],[11.64,10.876],[11.634,10.833],[11.75,10.815],[11.764,10.738],[11.817,10.725],[11.904,10.577],[11.98,10.582],[11.992,10.646],[12.073,10.666],[12.1,10.596],[12.189,10.583],[12.208,10.542],[12.225,10.538],[12.261,10.624],[12.315,10.66],[12.333,10.596],[12.37,10.574],[12.438,10.575],[12.439,10.618],[12.465,10.639],[12.407,10.686],[12.452,10.738],[12.437,10.832],[12.314,11.022],[12.153,11.12]]]}},{"type":"Feature","properties":{"id":"59680162B16574916896740"},"geometry":{"type":"Polygon","coordinates":[[[7.378,10.49],[7.404,10.475],[7.405,10.435],[7.432,10.444],[7.441,10.488],[7.419,10.502],[7.427,10.55],[7.412,10.56],[7.378,10.49]]]}},{"type":"Feature","properties":{"id":"59680162B86155479852967"},"geometry":{"type":"Polygon","coordinates":[[[13.786,11.749],[13.921,11.744],[14.067,11.78],[14.265,11.786],[14.316,12.091],[14.279,12.1],[14.279,12.076],[14.2,12.024],[14.101,12.024],[14.071,12.037],[14.03,12.104],[14.057,12.134],[14.046,12.146],[13.956,12.166],[13.965,12.126],[13.953,12.112],[13.917,12.132],[13.86,12.019],[13.852,11.902],[13.786,11.749]]]}},{"type":"Feature","properties":{"id":"59680162B50201894093674"},"geometry":{"type":"Polygon","coordinates":[[[7.792,10.923],[7.817,10.961],[7.8,11.011],[7.82,11.035],[7.773,11.137],[7.741,11.12],[7.741,11.084],[7.646,11.131],[7.64,11.074],[7.601,11.084],[7.6,11.068],[7.517,11.063],[7.5,11.044],[7.523,10.971],[7.597,11.007],[7.642,10.969],[7.668,11.0],[7.73,10.962],[7.767,10.968],[7.765,10.943],[7.792,10.923]]]}},{"type":"Feature","properties":{"id":"59680162B5199404243189"},"geometry":{"type":"Polygon","coordinates":[[[4.16,12.25],[4.184,12.285],[4.244,12.307],[4.228,12.356],[4.201,12.357],[4.199,12.395],[4.17,12.379],[4.171,12.399],[4.135,12.4],[4.106,12.371],[4.086,12.416],[4.043,12.446],[4.088,12.485],[4.07,12.536],[4.054,12.556],[4.004,12.549],[3.985,12.468],[3.88,12.427],[3.92,12.406],[4.009,12.404],[3.972,12.357],[4.0,12.308],[4.003,12.261],[3.976,12.246],[3.985,12.224],[4.005,12.215],[4.047,12.244],[4.096,12.219],[4.125,12.261],[4.16,12.25]]]}},{"type":"Feature","properties":{"id":"59680162B90957738044815"},"geometry":{"type":"Polygon","coordinates":[[[8.398,12.826],[8.403,12.706],[8.465,12.719],[8.498,12.749],[8.546,12.713],[8.554,12.676],[8.524,12.675],[8.538,12.647],[8.585,12.667],[8.595,12.696],[8.623,12.685],[8.669,12.719],[8.604,12.737],[8.589,12.809],[8.563,12.834],[8.435,12.815],[8.398,12.826]]]}},{"type":"Feature","properties":{"id":"59680162B84224544107566"},"geometry":{"type":"Polygon","coordinates":[[[8.556,9.582],[8.58,9.673],[8.599,9.679],[8.599,9.728],[8.528,9.755],[8.528,9.737],[8.501,9.741],[8.478,9.689],[8.401,9.704],[8.379,9.727],[8.352,9.707],[8.368,9.679],[8.33,9.649],[8.338,9.625],[8.312,9.612],[8.351,9.543],[8.412,9.55],[8.454,9.533],[8.499,9.576],[8.556,9.582]]]}},{"type":"Feature","properties":{"id":"59680162B57364751970918"},"geometry":{"type":"Polygon","coordinates":[[[11.524,9.396],[11.714,9.498],[11.874,9.521],[11.908,9.501],[11.961,9.506],[11.979,9.554],[11.901,9.671],[11.871,9.676],[11.835,9.636],[11.825,9.696],[11.757,9.719],[11.634,9.627],[11.614,9.656],[11.563,9.605],[11.484,9.604],[11.444,9.576],[11.43,9.55],[11.44,9.494],[11.484,9.464],[11.524,9.396]]]}},{"type":"Feature","properties":{"id":"59680162B31936578466171"},"geometry":{"type":"Polygon","coordinates":[[[13.47,12.257],[13.441,12.293],[13.479,12.323],[13.675,12.345],[13.67,12.369],[13.716,12.42],[13.774,12.548],[13.89,12.649],[14.153,12.77],[14.116,12.936],[13.885,12.713],[13.835,12.746],[13.683,12.737],[13.656,12.693],[13.565,12.727],[13.553,12.685],[13.493,12.656],[13.494,12.607],[13.47,12.611],[13.429,12.552],[13.347,12.519],[13.367,12.395],[13.287,12.373],[13.31,12.319],[13.251,12.293],[13.271,12.252],[13.359,12.258],[13.403,12.219],[13.47,12.257]]]}},{"type":"Feature","properties":{"id":"59680162B73078519517404"},"geometry":{"type":"Polygon","coordinates":[[[7.593,6.432],[7.606,6.478],[7.658,6.525],[7.634,6.567],[7.646,6.57],[7.589,6.562],[7.495,6.64],[7.426,6.613],[7.415,6.509],[7.451,6.5],[7.442,6.476],[7.511,6.477],[7.593,6.432]]]}},{"type":"Feature","properties":{"id":"59680162B65219804693248"},"geometry":{"type":"Polygon","coordinates":[[[14.316,12.091],[14.397,12.135],[14.427,12.206],[14.377,12.241],[14.396,12.27],[14.382,12.289],[14.323,12.313],[14.321,12.371],[14.228,12.362],[14.176,12.41],[14.197,12.449],[14.182,12.447],[14.176,12.479],[14.2,12.501],[14.203,12.538],[14.172,12.678],[14.045,12.611],[14.032,12.47],[13.981,12.426],[13.947,12.352],[13.992,12.339],[13.995,12.235],[13.94,12.193],[13.972,12.155],[14.046,12.146],[14.057,12.134],[14.03,12.104],[14.071,12.037],[14.101,12.024],[14.2,12.024],[14.279,12.076],[14.279,12.1],[14.316,12.091]]]}},{"type":"Feature","properties":{"id":"59680162B83800309048446"},"geometry":{"type":"Polygon","coordinates":[[[12.419,12.524],[12.464,12.54],[12.467,12.512],[12.547,12.518],[12.575,12.439],[12.603,12.445],[12.633,12.416],[12.753,12.413],[12.87,12.308],[12.873,12.388],[12.903,12.445],[12.883,12.461],[12.93,12.481],[12.908,12.497],[12.944,12.516],[13.0,12.604],[13.02,12.61],[13.083,12.793],[12.964,12.806],[12.885,12.9],[12.893,12.931],[12.868,13.022],[12.825,13.035],[12.737,12.898],[12.532,12.745],[12.536,12.721],[12.499,12.71],[12.501,12.675],[12.465,12.614],[12.428,12.602],[12.444,12.561],[12.419,12.524]]]}},{"type":"Feature","properties":{"id":"59680162B47068494760958"},"geometry":{"type":"Polygon","coordinates":[[[5.688,8.453],[5.701,8.293],[5.644,8.188],[5.633,8.121],[5.644,8.074],[5.66,8.07],[5.64,8.054],[5.668,8.002],[5.645,7.963],[5.599,7.952],[5.631,7.835],[5.737,7.821],[5.835,7.924],[5.76,8.003],[5.826,8.176],[5.962,8.313],[6.087,8.354],[6.083,8.402],[6.041,8.393],[5.688,8.453]]]}},{"type":"Feature","properties":{"id":"59680162B32856652540007"},"geometry":{"type":"Polygon","coordinates":[[[12.616,10.832],[12.733,10.721],[12.9,10.703],[12.94,10.657],[12.991,10.672],[12.998,10.726],[13.089,10.842],[13.087,10.94],[12.751,10.974],[12.729,11.002],[12.677,11.017],[12.66,10.916],[12.616,10.832]]]}},{"type":"Feature","properties":{"id":"59680162B25728635468586"},"geometry":{"type":"Polygon","coordinates":[[[5.675,12.735],[5.619,12.681],[5.577,12.679],[5.576,12.751],[5.533,12.784],[5.488,12.692],[5.496,12.671],[5.449,12.601],[5.374,12.621],[5.374,12.685],[5.354,12.622],[5.291,12.623],[5.272,12.605],[5.262,12.452],[5.333,12.457],[5.338,12.438],[5.315,12.368],[5.295,12.375],[5.276,12.342],[5.312,12.356],[5.385,12.324],[5.422,12.353],[5.47,12.253],[5.541,12.273],[5.567,12.352],[5.751,12.324],[5.773,12.383],[5.717,12.487],[5.723,12.621],[5.677,12.632],[5.694,12.689],[5.675,12.735]]]}},{"type":"Feature","properties":{"id":"59680162B87534880716336"},"geometry":{"type":"Polygon","coordinates":[[[11.853,7.391],[11.772,7.488],[11.758,7.725],[11.633,7.75],[11.646,7.866],[11.59,7.908],[11.552,7.903],[11.514,7.816],[11.49,7.8],[11.332,8.021],[11.172,8.005],[11.127,7.984],[11.034,7.895],[10.967,7.796],[10.881,7.755],[10.879,7.698],[10.789,7.64],[10.891,7.548],[10.967,7.321],[10.999,7.309],[11.07,7.359],[11.122,7.337],[11.128,7.317],[11.1,7.271],[11.136,7.263],[11.134,7.196],[11.304,7.018],[11.403,7.006],[11.393,7.055],[11.534,7.079],[11.565,7.07],[11.579,7.0],[11.619,7.013],[11.694,6.973],[11.763,7.003],[11.864,7.085],[11.882,7.132],[11.795,7.25],[11.75,7.265],[11.799,7.297],[11.853,7.391]]]}},{"type":"Feature","properties":{"id":"59680162B24167581171767"},"geometry":{"type":"Polygon","coordinates":[[[10.28,10.28],[10.265,10.308],[10.211,10.317],[10.242,10.442],[10.216,10.461],[10.138,10.447],[10.089,10.471],[10.068,10.428],[10.015,10.428],[10.003,10.41],[10.017,10.38],[9.917,10.369],[9.914,10.386],[9.851,10.388],[9.854,10.439],[9.811,10.463],[9.805,10.545],[9.779,10.547],[9.722,10.608],[9.661,10.612],[9.616,10.565],[9.642,10.463],[9.694,10.433],[9.678,10.393],[9.693,10.325],[9.66,10.291],[9.65,10.243],[9.606,10.233],[9.653,10.204],[9.617,10.163],[9.633,10.1],[9.702,10.028],[9.708,9.985],[9.791,9.956],[9.821,9.911],[9.894,9.934],[9.923,9.897],[9.986,9.949],[9.973,9.965],[10.017,10.025],[10.084,10.006],[10.095,10.09],[10.158,10.113],[10.191,10.16],[10.18,10.191],[10.207,10.2],[10.204,10.224],[10.247,10.228],[10.257,10.269],[10.28,10.28]]]}},{"type":"Feature","properties":{"id":"59680162B65118596491840"},"geometry":{"type":"Polygon","coordinates":[[[11.968,10.584],[11.999,10.534],[11.99,10.483],[12.057,10.473],[12.026,10.382],[12.041,10.365],[12.009,10.347],[11.983,10.272],[12.035,10.277],[12.082,10.251],[12.161,10.302],[12.18,10.34],[12.206,10.333],[12.246,10.368],[12.28,10.329],[12.306,10.336],[12.313,10.315],[12.387,10.317],[12.379,10.35],[12.422,10.371],[12.557,10.395],[12.571,10.482],[12.592,10.49],[12.518,10.624],[12.465,10.639],[12.439,10.618],[12.438,10.575],[12.37,10.574],[12.333,10.596],[12.315,10.66],[12.261,10.624],[12.225,10.538],[12.189,10.583],[12.1,10.596],[12.085,10.664],[11.992,10.646],[11.987,10.588],[11.968,10.584]]]}},{"type":"Feature","properties":{"id":"59680162B72404517830917"},"geometry":{"type":"Polygon","coordinates":[[[7.991,4.951],[8.006,4.907],[8.1,4.884],[8.091,4.934],[8.123,4.966],[8.161,4.969],[8.135,4.973],[8.103,5.024],[8.084,5.126],[8.065,5.131],[8.02,5.101],[8.015,5.117],[7.983,5.118],[7.939,5.093],[7.935,5.077],[7.985,5.06],[8.004,5.014],[8.032,5.021],[8.024,4.982],[7.991,4.951]]]}},{"type":"Feature","properties":{"id":"59680162B66628176907248"},"geometry":{"type":"Polygon","coordinates":[[[11.758,8.617],[11.793,8.564],[11.807,8.568],[11.829,8.628],[11.886,8.646],[12.043,8.801],[12.197,8.916],[12.172,8.94],[12.204,8.97],[12.2,8.998],[12.147,9.021],[12.098,8.988],[12.063,9.025],[12.065,9.058],[12.09,9.083],[12.224,9.112],[12.202,9.259],[12.142,9.241],[12.116,9.274],[12.078,9.268],[12.081,9.307],[12.06,9.312],[12.02,9.292],[12.018,9.273],[11.951,9.252],[11.887,9.179],[11.848,9.167],[11.826,9.209],[11.783,9.198],[11.679,9.224],[11.707,9.074],[11.831,9.008],[11.874,8.938],[11.843,8.867],[11.827,8.739],[11.769,8.712],[11.743,8.678],[11.789,8.641],[11.758,8.617]]]}},{"type":"Feature","properties":{"id":"59680162B11164722545286"},"geometry":{"type":"Polygon","coordinates":[[[13.279,10.066],[13.318,10.1],[13.398,10.111],[13.469,10.186],[13.411,10.211],[13.402,10.25],[13.311,10.285],[13.296,10.267],[13.23,10.268],[13.254,10.253],[13.235,10.216],[13.187,10.217],[13.131,10.244],[13.122,10.224],[13.183,10.173],[13.181,10.127],[13.222,10.125],[13.279,10.066]]]}},{"type":"Feature","properties":{"id":"59680162B35912483761792"},"geometry":{"type":"Polygon","coordinates":[[[6.251,6.836],[6.272,6.792],[6.303,6.828],[6.399,6.812],[6.483,6.925],[6.381,6.93],[6.355,6.972],[6.362,7.048],[6.42,7.101],[6.415,7.167],[6.257,7.208],[6.18,7.113],[6.219,7.012],[6.215,6.94],[6.167,6.824],[6.251,6.836]]]}},{"type":"Feature","properties":{"id":"59680162B1470225488806"},"geometry":{"type":"Polygon","coordinates":[[[11.245,11.657],[11.29,11.616],[11.291,11.543],[11.316,11.529],[11.303,11.495],[11.357,11.501],[11.36,11.474],[11.322,11.417],[11.381,11.387],[11.508,11.455],[11.564,11.457],[11.626,11.422],[11.682,11.517],[11.806,11.633],[11.849,11.62],[11.813,11.685],[11.851,11.744],[11.842,11.785],[11.801,11.813],[11.787,11.904],[11.713,11.959],[11.723,12.014],[11.607,12.046],[11.613,12.118],[11.565,12.164],[11.416,12.186],[11.425,12.32],[11.335,12.338],[11.312,12.391],[11.226,12.348],[11.13,12.248],[11.148,12.227],[11.066,12.178],[10.959,12.07],[10.996,12.021],[10.976,12.004],[11.033,11.965],[11.056,11.894],[11.108,11.837],[11.133,11.855],[11.244,11.858],[11.223,11.794],[11.25,11.796],[11.271,11.771],[11.245,11.657]]]}},{"type":"Feature","properties":{"id":"59680162B87872962443621"},"geometry":{"type":"Polygon","coordinates":[[[12.856,13.032],[12.914,13.173],[12.968,13.137],[13.084,13.113],[12.939,13.393],[12.83,13.424],[12.773,13.394],[12.736,13.348],[12.739,13.326],[12.708,13.324],[12.719,13.309],[12.682,13.321],[12.692,13.303],[12.676,13.276],[12.644,13.289],[12.646,13.308],[12.626,13.279],[12.591,13.283],[12.593,13.255],[12.534,13.207],[12.559,13.201],[12.556,13.161],[12.508,13.14],[12.459,13.066],[12.43,13.073],[12.395,12.916],[12.409,12.86],[12.485,12.802],[12.499,12.71],[12.536,12.721],[12.532,12.745],[12.737,12.898],[12.825,13.035],[12.856,13.032]]]}},{"type":"Feature","properties":{"id":"59680162B46130456424051"},"geometry":{"type":"Polygon","coordinates":[[[11.222,11.802],[11.167,11.735],[11.115,11.747],[11.086,11.73],[11.073,11.755],[11.034,11.762],[11.013,11.733],[11.028,11.729],[11.035,11.676],[11.02,11.628],[11.055,11.624],[11.056,11.597],[11.137,11.604],[11.154,11.595],[11.15,11.571],[11.236,11.604],[11.22,11.636],[11.264,11.701],[11.271,11.771],[11.222,11.802]]]}},{"type":"Feature","properties":{"id":"59680162B2846194934808"},"geometry":{"type":"Polygon","coordinates":[[[13.328,10.865],[13.35,10.932],[13.389,10.896],[13.383,10.878],[13.585,10.949],[13.67,10.945],[13.751,10.914],[13.811,11.052],[14.004,11.283],[13.921,11.326],[13.765,11.335],[13.598,11.388],[13.594,11.435],[13.542,11.415],[13.512,11.376],[13.506,11.316],[13.402,11.324],[13.347,11.382],[13.25,11.379],[13.192,11.321],[13.217,11.173],[13.143,11.125],[13.219,10.944],[13.314,10.914],[13.328,10.865]]]}},{"type":"Feature","properties":{"id":"59680162B36028411577107"},"geometry":{"type":"Polygon","coordinates":[[[13.606,12.721],[13.601,12.752],[13.555,12.775],[13.516,12.753],[13.496,12.812],[13.46,12.849],[13.359,12.896],[13.367,12.909],[13.291,12.926],[13.271,12.966],[13.283,13.013],[13.19,13.056],[13.172,13.086],[12.968,13.137],[12.914,13.173],[12.856,13.032],[12.892,12.938],[12.885,12.9],[12.964,12.806],[13.142,12.798],[13.198,12.773],[13.206,12.732],[13.25,12.713],[13.21,12.656],[13.224,12.622],[13.31,12.628],[13.359,12.652],[13.324,12.557],[13.337,12.546],[13.387,12.583],[13.402,12.547],[13.429,12.552],[13.47,12.611],[13.494,12.607],[13.493,12.656],[13.553,12.685],[13.565,12.727],[13.606,12.721]]]}},{"type":"Feature","properties":{"id":"59680162B24409102010221"},"geometry":{"type":"Polygon","coordinates":[[[13.122,10.224],[13.119,10.168],[13.08,10.076],[13.09,10.057],[13.047,10.0],[13.069,9.965],[13.059,9.845],[13.092,9.774],[13.075,9.631],[13.087,9.512],[13.196,9.531],[13.244,9.588],[13.26,9.752],[13.235,9.908],[13.286,9.971],[13.244,10.032],[13.279,10.066],[13.222,10.125],[13.181,10.127],[13.183,10.173],[13.122,10.224]]]}},{"type":"Feature","properties":{"id":"59680162B10585943230735"},"geometry":{"type":"Polygon","coordinates":[[[11.999,10.998],[11.98,11.137],[11.954,11.172],[11.93,11.168],[11.919,11.222],[11.843,11.217],[11.79,11.24],[11.72,11.209],[11.688,11.172],[11.658,11.196],[11.663,11.236],[11.632,11.268],[11.541,11.208],[11.522,11.172],[11.551,11.128],[11.516,11.072],[11.528,11.056],[11.473,11.018],[11.53,10.935],[11.539,10.851],[11.517,10.732],[11.517,10.57],[11.714,10.634],[11.754,10.663],[11.767,10.723],[11.756,10.804],[11.729,10.825],[11.634,10.833],[11.64,10.876],[11.722,10.896],[11.783,10.937],[11.855,10.935],[11.9,10.969],[11.908,10.939],[11.936,10.947],[11.999,10.998]]]}},{"type":"Feature","properties":{"id":"59680162B60568566930973"},"geometry":{"type":"Polygon","coordinates":[[[11.743,8.678],[11.769,8.712],[11.827,8.739],[11.843,8.867],[11.874,8.938],[11.831,9.008],[11.71,9.071],[11.658,9.027],[11.574,8.994],[11.556,8.967],[11.627,8.875],[11.654,8.776],[11.743,8.678]]]}},{"type":"Feature","properties":{"id":"59680162B54897023187709"},"geometry":{"type":"Polygon","coordinates":[[[3.593,8.995],[3.617,8.929],[3.608,8.897],[3.661,8.839],[3.664,8.769],[3.874,8.556],[3.905,8.645],[3.878,8.692],[3.886,8.725],[3.977,8.876],[3.884,8.916],[3.877,8.952],[3.841,8.977],[3.717,8.969],[3.687,9.003],[3.617,9.003],[3.593,8.995]]]}},{"type":"Feature","properties":{"id":"59680162B17891920174093"},"geometry":{"type":"Polygon","coordinates":[[[7.926,4.822],[7.939,4.849],[7.908,4.914],[7.916,4.939],[7.892,4.991],[7.862,5.01],[7.818,4.967],[7.849,4.962],[7.844,4.911],[7.872,4.893],[7.865,4.81],[7.875,4.798],[7.926,4.822]]]}},{"type":"Feature","properties":{"id":"59680162B6607126567740"},"geometry":{"type":"Polygon","coordinates":[[[12.601,9.249],[12.609,9.186],[12.584,9.109],[12.411,9.12],[12.353,9.044],[12.328,9.053],[12.365,9.108],[12.352,9.151],[12.375,9.167],[12.317,9.242],[12.251,9.259],[12.209,9.231],[12.224,9.112],[12.09,9.083],[12.065,9.058],[12.063,9.025],[12.098,8.988],[12.147,9.021],[12.2,8.998],[12.204,8.97],[12.172,8.94],[12.252,8.842],[12.31,8.802],[12.351,8.831],[12.447,8.771],[12.621,8.819],[12.752,8.89],[12.79,8.954],[12.925,8.993],[12.942,9.063],[12.898,9.348],[12.988,9.47],[13.087,9.512],[13.075,9.631],[13.09,9.709],[12.955,9.725],[12.945,9.697],[12.889,9.677],[12.829,9.694],[12.749,9.675],[12.772,9.627],[12.761,9.578],[12.716,9.55],[12.719,9.577],[12.676,9.595],[12.569,9.445],[12.564,9.428],[12.619,9.382],[12.588,9.321],[12.649,9.299],[12.601,9.249]]]}},{"type":"Feature","properties":{"id":"59680162B9896757167153"},"geometry":{"type":"Polygon","coordinates":[[[7.804,4.571],[7.826,4.657],[7.803,4.681],[7.808,4.745],[7.786,4.796],[7.831,4.825],[7.801,4.884],[7.695,4.743],[7.711,4.738],[7.702,4.629],[7.719,4.59],[7.684,4.577],[7.698,4.547],[7.724,4.541],[7.75,4.576],[7.804,4.571]]]}},{"type":"Feature","properties":{"id":"59680162B12689851933854"},"geometry":{"type":"Polygon","coordinates":[[[6.045,6.777],[6.045,6.85],[6.019,6.848],[5.973,6.947],[5.984,7.046],[5.853,7.094],[5.824,7.081],[5.793,7.022],[5.8,6.921],[5.77,6.84],[5.778,6.818],[5.752,6.782],[5.802,6.812],[6.045,6.777]]]}},{"type":"Feature","properties":{"id":"59680162B15311652495769"},"geometry":{"type":"Polygon","coordinates":[[[12.829,11.358],[12.735,11.508],[12.745,11.652],[12.703,11.807],[12.621,11.873],[12.62,11.914],[12.656,11.942],[12.656,11.965],[12.672,11.949],[12.696,11.959],[12.684,11.998],[12.562,11.99],[12.468,11.916],[12.274,11.977],[12.256,11.886],[12.27,11.826],[12.221,11.756],[12.199,11.642],[12.224,11.633],[12.275,11.694],[12.3,11.609],[12.374,11.55],[12.322,11.451],[12.246,11.399],[12.221,11.359],[12.248,11.34],[12.441,11.39],[12.49,11.325],[12.467,11.266],[12.54,11.2],[12.635,11.212],[12.751,11.301],[12.806,11.307],[12.829,11.358]]]}},{"type":"Feature","properties":{"id":"59680162B13157392837231"},"geometry":{"type":"Polygon","coordinates":[[[11.061,9.123],[11.13,9.168],[11.26,9.21],[11.315,9.282],[11.491,9.367],[11.526,9.408],[11.444,9.488],[11.43,9.55],[11.278,9.548],[11.222,9.569],[11.114,9.526],[11.076,9.551],[10.992,9.559],[10.969,9.615],[10.917,9.555],[10.774,9.447],[10.541,9.484],[10.579,9.439],[10.56,9.351],[10.58,9.327],[10.58,9.246],[10.636,9.127],[10.627,9.019],[10.597,8.976],[10.427,8.948],[10.246,8.804],[10.313,8.742],[10.355,8.74],[10.384,8.684],[10.544,8.719],[10.59,8.757],[10.661,8.745],[10.674,8.727],[10.765,8.726],[10.882,8.811],[10.966,9.02],[11.061,9.123]]]}},{"type":"Feature","properties":{"id":"59680162B26946733152657"},"geometry":{"type":"Polygon","coordinates":[[[14.116,12.936],[14.083,13.083],[13.762,13.529],[13.648,13.396],[13.456,13.323],[13.469,13.183],[13.4,13.128],[13.346,13.047],[13.283,13.013],[13.271,12.966],[13.291,12.926],[13.367,12.909],[13.359,12.896],[13.46,12.849],[13.496,12.812],[13.516,12.753],[13.555,12.775],[13.656,12.693],[13.683,12.737],[13.835,12.746],[13.885,12.713],[14.116,12.936]]]}},{"type":"Feature","properties":{"id":"59680162B13073760931893"},"geometry":{"type":"Polygon","coordinates":[[[12.257,10.36],[12.213,10.281],[12.278,10.227],[12.207,10.194],[12.214,10.167],[12.172,10.129],[12.201,10.09],[12.165,10.06],[12.164,10.02],[12.222,9.926],[12.277,9.945],[12.311,10.004],[12.338,9.965],[12.354,10.019],[12.57,10.045],[12.568,10.096],[12.588,10.113],[12.634,10.034],[12.716,10.049],[12.721,10.106],[12.752,10.116],[12.767,10.153],[12.775,10.211],[12.754,10.244],[12.791,10.255],[12.784,10.299],[12.729,10.341],[12.677,10.345],[12.596,10.444],[12.612,10.448],[12.595,10.49],[12.571,10.482],[12.557,10.395],[12.422,10.371],[12.379,10.35],[12.387,10.317],[12.313,10.315],[12.306,10.336],[12.28,10.329],[12.257,10.36]]]}},{"type":"Feature","properties":{"id":"59680162B83966420631158"},"geometry":{"type":"Polygon","coordinates":[[[11.871,9.676],[12.011,9.642],[11.981,9.682],[12.011,9.724],[11.962,9.739],[12.005,9.791],[11.999,9.889],[11.977,9.927],[12.003,10.022],[11.989,10.038],[11.836,10.034],[11.83,10.016],[11.835,9.93],[11.801,9.841],[11.852,9.814],[11.855,9.793],[11.776,9.707],[11.825,9.696],[11.835,9.636],[11.871,9.676]]]}},{"type":"Feature","properties":{"id":"59680162B84327981884458"},"geometry":{"type":"Polygon","coordinates":[[[8.643,11.14],[8.683,11.139],[8.777,11.209],[8.716,11.214],[8.706,11.254],[8.779,11.314],[8.795,11.414],[8.772,11.47],[8.745,11.468],[8.717,11.408],[8.672,11.407],[8.672,11.388],[8.615,11.35],[8.562,11.342],[8.493,11.404],[8.467,11.392],[8.433,11.423],[8.373,11.362],[8.301,11.347],[8.256,11.301],[8.298,11.234],[8.428,11.229],[8.483,11.162],[8.519,11.162],[8.584,11.221],[8.629,11.224],[8.643,11.14]]]}},{"type":"Feature","properties":{"id":"59680162B14133510851755"},"geometry":{"type":"Polygon","coordinates":[[[2.756,8.575],[2.752,8.462],[2.725,8.431],[2.958,8.509],[3.053,8.502],[3.145,8.44],[3.197,8.444],[3.193,8.481],[3.211,8.485],[3.221,8.516],[3.275,8.534],[3.335,8.523],[3.361,8.551],[3.324,8.58],[3.39,8.581],[3.443,8.551],[3.532,8.586],[3.419,8.862],[3.237,8.783],[3.164,8.809],[3.104,8.75],[3.014,8.71],[2.921,8.612],[2.802,8.61],[2.756,8.575]]]}},{"type":"Feature","properties":{"id":"59680162B46313771844948"},"geometry":{"type":"Polygon","coordinates":[[[11.853,7.391],[12.044,7.578],[12.025,7.661],[12.033,7.715],[12.221,7.995],[12.202,8.107],[12.256,8.213],[12.198,8.221],[12.152,8.262],[12.062,8.186],[11.972,8.226],[11.959,8.253],[11.852,8.276],[11.82,8.331],[11.696,8.391],[11.721,8.442],[11.699,8.469],[11.613,8.404],[11.63,8.387],[11.546,8.246],[11.363,8.064],[11.342,8.019],[11.49,7.8],[11.514,7.816],[11.552,7.903],[11.59,7.908],[11.646,7.866],[11.633,7.75],[11.758,7.725],[11.772,7.488],[11.853,7.391]]]}},{"type":"Feature","properties":{"id":"59680162B70529740290920"},"geometry":{"type":"Polygon","coordinates":[[[6.574,4.705],[6.622,4.706],[6.624,4.735],[6.739,4.775],[6.726,4.868],[6.69,4.866],[6.619,4.916],[6.609,4.977],[6.553,4.972],[6.547,4.934],[6.577,4.899],[6.574,4.855],[6.518,4.868],[6.444,4.934],[6.398,4.864],[6.461,4.713],[6.527,4.753],[6.598,4.753],[6.574,4.705]]]}},{"type":"Feature","properties":{"id":"59680162B44112457363104"},"geometry":{"type":"Polygon","coordinates":[[[6.457,12.41],[6.438,12.183],[6.385,12.153],[6.367,12.09],[6.381,12.067],[6.355,12.039],[6.457,12.018],[6.504,11.894],[6.404,11.805],[6.403,11.784],[6.402,11.74],[6.461,11.571],[6.499,11.569],[6.501,11.599],[6.549,11.63],[6.568,11.668],[6.593,11.952],[6.577,11.963],[6.568,12.118],[6.591,12.199],[6.655,12.221],[6.686,12.193],[6.743,12.202],[6.757,12.138],[6.827,12.077],[6.878,12.079],[6.87,12.095],[6.907,12.16],[6.869,12.241],[6.898,12.275],[6.804,12.279],[6.737,12.314],[6.684,12.313],[6.686,12.347],[6.639,12.337],[6.598,12.448],[6.501,12.447],[6.457,12.41]]]}},{"type":"Feature","properties":{"id":"59680162B31817043180897"},"geometry":{"type":"Polygon","coordinates":[[[12.009,10.347],[11.95,10.347],[11.84,10.304],[11.801,10.272],[11.795,10.23],[11.762,10.242],[11.687,10.19],[11.79,10.039],[11.921,10.025],[11.991,10.035],[12.019,10.067],[12.087,10.06],[12.103,10.093],[12.089,10.143],[12.136,10.237],[12.213,10.281],[12.257,10.36],[12.235,10.364],[12.206,10.333],[12.18,10.34],[12.161,10.302],[12.082,10.251],[12.035,10.277],[11.983,10.272],[12.009,10.347]]]}},{"type":"Feature","properties":{"id":"59680162B23595872951211"},"geometry":{"type":"Polygon","coordinates":[[[5.276,12.342],[5.295,12.375],[5.315,12.368],[5.338,12.438],[5.333,12.457],[5.262,12.452],[5.272,12.605],[5.291,12.623],[5.2,12.677],[5.181,12.765],[5.14,12.777],[5.13,12.799],[5.085,12.774],[5.099,12.739],[5.079,12.709],[5.098,12.667],[5.043,12.688],[5.041,12.666],[5.004,12.672],[4.961,12.636],[4.957,12.608],[4.934,12.646],[4.829,12.617],[4.83,12.564],[4.873,12.553],[4.905,12.428],[4.948,12.4],[4.959,12.526],[5.016,12.529],[5.061,12.492],[5.072,12.418],[5.122,12.414],[5.136,12.396],[5.119,12.347],[5.124,12.286],[5.16,12.316],[5.276,12.342]]]}},{"type":"Feature","properties":{"id":"59680162B1638752109374"},"geometry":{"type":"Polygon","coordinates":[[[12.43,13.073],[12.281,13.097],[12.259,13.118],[12.233,13.106],[12.2,13.13],[12.09,13.122],[11.82,13.273],[11.452,13.377],[11.334,13.379],[11.321,13.347],[11.347,13.263],[11.323,13.245],[11.361,13.166],[11.426,13.144],[11.428,13.111],[11.393,13.088],[11.446,13.072],[11.445,13.021],[11.558,13.0],[11.584,12.979],[11.587,12.947],[11.663,12.918],[11.682,12.872],[11.72,12.852],[11.872,12.904],[11.906,12.879],[11.901,12.894],[11.917,12.899],[11.893,12.922],[11.898,12.944],[11.955,13.007],[11.978,12.932],[11.967,12.902],[12.014,12.86],[12.052,12.905],[12.108,12.856],[12.171,12.857],[12.215,12.901],[12.293,12.918],[12.344,12.985],[12.408,13.023],[12.43,13.073]]]}},{"type":"Feature","properties":{"id":"59680162B41420170912929"},"geometry":{"type":"Polygon","coordinates":[[[11.793,8.564],[11.78,8.514],[11.716,8.465],[11.696,8.391],[11.82,8.331],[11.852,8.276],[11.959,8.253],[11.972,8.226],[12.062,8.186],[12.152,8.262],[12.198,8.221],[12.256,8.213],[12.237,8.31],[12.267,8.449],[12.252,8.5],[12.286,8.498],[12.277,8.513],[12.312,8.558],[12.298,8.594],[12.264,8.599],[12.24,8.648],[12.227,8.635],[12.178,8.664],[12.156,8.643],[12.142,8.581],[12.166,8.54],[12.143,8.533],[12.12,8.461],[12.093,8.492],[12.035,8.466],[11.999,8.52],[12.01,8.597],[11.982,8.649],[11.941,8.635],[11.939,8.676],[11.897,8.641],[11.829,8.628],[11.813,8.572],[11.793,8.564]]]}},{"type":"Feature","properties":{"id":"59680162B17489209533224"},"geometry":{"type":"Polygon","coordinates":[[[11.886,8.646],[11.939,8.676],[11.941,8.635],[11.982,8.649],[12.016,8.576],[11.999,8.52],[12.035,8.466],[12.093,8.492],[12.12,8.461],[12.143,8.533],[12.166,8.54],[12.143,8.612],[12.178,8.664],[12.227,8.635],[12.24,8.648],[12.264,8.599],[12.298,8.594],[12.312,8.558],[12.277,8.513],[12.286,8.498],[12.252,8.5],[12.267,8.449],[12.251,8.421],[12.296,8.434],[12.336,8.42],[12.441,8.455],[12.586,8.465],[12.603,8.493],[12.681,8.467],[12.731,8.512],[12.755,8.572],[12.826,8.565],[12.817,8.65],[12.857,8.686],[12.879,8.75],[12.881,8.846],[12.844,8.969],[12.79,8.954],[12.752,8.89],[12.621,8.819],[12.453,8.772],[12.351,8.831],[12.302,8.805],[12.197,8.916],[12.043,8.801],[11.886,8.646]]]}},{"type":"Feature","properties":{"id":"59680162B98222207712503"},"geometry":{"type":"Polygon","coordinates":[[[11.637,8.673],[11.468,8.652],[11.433,8.677],[11.408,8.666],[11.373,8.71],[11.306,8.708],[11.279,8.691],[11.256,8.635],[11.276,8.588],[11.234,8.571],[11.11,8.631],[11.071,8.541],[11.021,8.485],[10.919,8.43],[10.863,8.362],[10.683,8.22],[10.654,8.209],[10.609,8.227],[10.568,8.147],[10.479,8.174],[10.316,8.141],[10.27,8.104],[10.274,8.061],[10.302,8.027],[10.319,8.031],[10.359,7.971],[10.34,7.93],[10.376,7.752],[10.362,7.703],[10.316,7.661],[10.359,7.573],[10.413,7.513],[10.44,7.5],[10.506,7.515],[10.562,7.563],[10.704,7.63],[10.771,7.624],[10.879,7.698],[10.881,7.755],[10.967,7.796],[11.034,7.895],[11.127,7.984],[11.172,8.005],[11.354,8.027],[11.363,8.064],[11.546,8.246],[11.63,8.387],[11.613,8.404],[11.679,8.463],[11.73,8.471],[11.791,8.531],[11.79,8.573],[11.758,8.617],[11.637,8.673]]]}},{"type":"Feature","properties":{"id":"59680162B98903295811344"},"geometry":{"type":"Polygon","coordinates":[[[12.015,9.632],[12.093,9.618],[12.107,9.647],[12.252,9.666],[12.212,9.708],[12.168,9.813],[12.232,9.859],[12.226,9.938],[12.164,10.02],[12.165,10.06],[12.201,10.09],[12.172,10.129],[12.214,10.167],[12.207,10.194],[12.278,10.227],[12.213,10.281],[12.136,10.237],[12.089,10.143],[12.097,10.068],[12.019,10.067],[11.991,10.035],[12.003,10.022],[11.977,9.927],[11.999,9.889],[12.005,9.791],[11.962,9.739],[12.011,9.724],[11.981,9.682],[12.011,9.642],[11.901,9.671],[11.96,9.598],[12.015,9.612],[12.015,9.632]]]}},{"type":"Feature","properties":{"id":"59680162B5540117047510"},"geometry":{"type":"Polygon","coordinates":[[[4.855,6.431],[4.828,6.47],[4.868,6.537],[4.868,6.587],[4.811,6.584],[4.713,6.733],[4.633,6.737],[4.583,6.642],[4.601,6.618],[4.588,6.532],[4.605,6.492],[4.71,6.394],[4.807,6.405],[4.855,6.431]]]}},{"type":"Feature","properties":{"id":"59680162B41297071563530"},"geometry":{"type":"Polygon","coordinates":[[[11.764,10.738],[11.754,10.663],[11.583,10.594],[11.573,10.573],[11.6,10.534],[11.663,10.497],[11.656,10.461],[11.603,10.427],[11.597,10.395],[11.552,10.369],[11.529,10.314],[11.59,10.283],[11.623,10.21],[11.687,10.19],[11.762,10.242],[11.795,10.23],[11.801,10.272],[11.84,10.304],[11.819,10.322],[11.827,10.368],[11.808,10.432],[11.745,10.476],[11.725,10.465],[11.704,10.528],[11.712,10.541],[11.794,10.527],[11.786,10.59],[11.839,10.665],[11.817,10.725],[11.764,10.738]]]}},{"type":"Feature","properties":{"id":"59680162B30032590265448"},"geometry":{"type":"Polygon","coordinates":[[[7.698,4.547],[7.684,4.577],[7.719,4.59],[7.702,4.629],[7.709,4.711],[7.612,4.661],[7.526,4.664],[7.547,4.585],[7.528,4.55],[7.552,4.52],[7.616,4.559],[7.674,4.528],[7.698,4.547]]]}},{"type":"Feature","properties":{"id":"59680162B20780696540875"},"geometry":{"type":"Polygon","coordinates":[[[13.092,11.835],[13.102,11.807],[13.076,11.787],[13.104,11.754],[13.127,11.793],[13.184,11.807],[13.18,11.857],[13.152,11.901],[13.113,11.885],[13.083,11.911],[13.077,11.895],[13.108,11.862],[13.092,11.835]]]}},{"type":"Feature","properties":{"id":"59680162B90037113183568"},"geometry":{"type":"Polygon","coordinates":[[[12.202,11.357],[12.246,11.399],[12.322,11.451],[12.374,11.55],[12.3,11.609],[12.275,11.694],[12.224,11.633],[12.193,11.659],[12.114,11.601],[12.049,11.622],[12.002,11.564],[11.944,11.611],[11.877,11.598],[11.806,11.633],[11.682,11.517],[11.608,11.393],[11.559,11.221],[11.632,11.268],[11.663,11.236],[11.658,11.196],[11.688,11.172],[11.72,11.209],[11.79,11.24],[11.843,11.217],[11.919,11.222],[11.93,11.168],[11.954,11.172],[11.98,11.137],[11.999,10.998],[12.043,11.049],[12.126,11.038],[12.162,11.062],[12.153,11.12],[12.115,11.156],[12.103,11.248],[12.187,11.302],[12.202,11.357]]]}},{"type":"Feature","properties":{"id":"59680162B23598949397905"},"geometry":{"type":"Polygon","coordinates":[[[6.53,6.793],[6.522,6.882],[6.483,6.925],[6.407,6.819],[6.379,6.814],[6.375,6.764],[6.239,6.738],[6.264,6.648],[6.373,6.673],[6.373,6.704],[6.43,6.714],[6.431,6.776],[6.53,6.793]]]}},{"type":"Feature","properties":{"id":"59680162B48786148420785"},"geometry":{"type":"Polygon","coordinates":[[[9.85,9.852],[9.791,9.956],[9.708,9.985],[9.702,10.028],[9.633,10.1],[9.625,10.187],[9.601,10.216],[9.601,10.189],[9.572,10.158],[9.524,10.151],[9.518,10.113],[9.619,10.034],[9.576,9.986],[9.623,9.974],[9.635,9.93],[9.681,9.93],[9.674,9.896],[9.651,9.882],[9.63,9.906],[9.625,9.885],[9.603,9.893],[9.572,9.868],[9.566,9.911],[9.536,9.894],[9.484,9.911],[9.371,9.868],[9.349,9.902],[9.296,9.898],[9.288,9.85],[9.236,9.79],[9.15,9.748],[9.217,9.684],[9.267,9.68],[9.285,9.698],[9.29,9.614],[9.327,9.596],[9.309,9.599],[9.304,9.572],[9.351,9.532],[9.397,9.531],[9.425,9.477],[9.569,9.473],[9.59,9.512],[9.577,9.523],[9.541,9.51],[9.486,9.53],[9.405,9.592],[9.438,9.655],[9.461,9.642],[9.475,9.686],[9.509,9.714],[9.433,9.718],[9.408,9.732],[9.418,9.754],[9.514,9.749],[9.524,9.768],[9.539,9.747],[9.613,9.724],[9.642,9.737],[9.753,9.69],[9.802,9.689],[9.808,9.58],[9.839,9.601],[9.962,9.613],[9.991,9.638],[9.973,9.7],[9.93,9.715],[9.886,9.763],[9.924,9.825],[9.914,9.849],[9.85,9.852]]]}},{"type":"Feature","properties":{"id":"59680162B90533313280833"},"geometry":{"type":"Polygon","coordinates":[[[10.967,12.085],[10.916,12.086],[10.91,12.055],[10.867,12.006],[10.822,11.988],[10.8,11.946],[10.817,11.886],[10.878,11.829],[10.905,11.827],[10.928,11.777],[10.93,11.516],[10.952,11.543],[11.056,11.58],[11.055,11.624],[11.019,11.632],[11.035,11.676],[11.028,11.729],[11.013,11.733],[11.034,11.762],[11.073,11.755],[11.086,11.73],[11.115,11.747],[11.17,11.736],[11.205,11.763],[11.244,11.858],[11.133,11.855],[11.108,11.837],[11.056,11.894],[11.033,11.965],[10.976,12.004],[10.996,12.021],[10.959,12.07],[10.967,12.085]]]}},{"type":"Feature","properties":{"id":"59680162B87230656090923"},"geometry":{"type":"Polygon","coordinates":[[[7.546,5.086],[7.519,5.053],[7.533,5.042],[7.471,4.996],[7.46,4.978],[7.474,4.965],[7.521,4.96],[7.588,4.999],[7.604,5.05],[7.546,5.086]]]}},{"type":"Feature","properties":{"id":"59680162B91029831757376"},"geometry":{"type":"Polygon","coordinates":[[[10.878,11.829],[10.854,11.795],[10.825,11.801],[10.805,11.761],[10.757,11.749],[10.736,11.784],[10.687,11.809],[10.632,11.705],[10.582,11.698],[10.557,11.663],[10.597,11.66],[10.599,11.568],[10.638,11.565],[10.708,11.493],[10.718,11.428],[10.77,11.433],[10.835,11.479],[10.856,11.479],[10.88,11.445],[10.934,11.468],[10.928,11.777],[10.905,11.827],[10.878,11.829]]]}},{"type":"Feature","properties":{"id":"59680162B89766877463651"},"geometry":{"type":"Polygon","coordinates":[[[10.242,10.442],[10.323,10.491],[10.305,10.537],[10.337,10.556],[10.346,10.591],[10.427,10.615],[10.467,10.607],[10.5,10.712],[10.527,10.737],[10.502,10.775],[10.441,10.773],[10.452,10.809],[10.489,10.807],[10.516,10.84],[10.471,10.849],[10.422,10.832],[10.477,10.898],[10.435,10.918],[10.351,10.868],[10.281,10.9],[10.259,10.93],[10.324,10.96],[10.335,11.084],[10.277,11.107],[10.248,11.079],[10.218,11.095],[10.189,11.082],[10.154,11.014],[10.222,10.954],[10.173,10.942],[10.12,10.954],[10.112,10.992],[9.986,10.958],[9.929,10.992],[9.881,10.989],[9.832,11.03],[9.786,11.008],[9.769,11.048],[9.725,11.034],[9.628,11.052],[9.639,10.963],[9.606,10.935],[9.598,10.859],[9.418,10.789],[9.446,10.759],[9.603,10.684],[9.605,10.662],[9.674,10.601],[9.722,10.608],[9.779,10.547],[9.805,10.545],[9.811,10.463],[9.848,10.452],[9.862,10.383],[9.914,10.386],[9.917,10.369],[10.011,10.377],[10.015,10.428],[10.068,10.428],[10.105,10.476],[10.138,10.447],[10.216,10.461],[10.242,10.442]]]}},{"type":"Feature","properties":{"id":"59680162B84828583281462"},"geometry":{"type":"Polygon","coordinates":[[[13.402,12.547],[13.387,12.583],[13.337,12.546],[13.324,12.557],[13.359,12.652],[13.31,12.628],[13.224,12.622],[13.21,12.656],[13.25,12.713],[13.206,12.732],[13.198,12.773],[13.158,12.793],[13.083,12.793],[13.02,12.61],[13.0,12.604],[12.944,12.516],[12.908,12.497],[12.93,12.481],[12.883,12.461],[12.903,12.445],[12.873,12.388],[12.87,12.308],[13.136,12.366],[13.134,12.289],[13.111,12.255],[13.263,12.087],[13.286,12.095],[13.271,12.252],[13.251,12.293],[13.31,12.319],[13.287,12.373],[13.367,12.395],[13.347,12.519],[13.402,12.547]]]}},{"type":"Feature","properties":{"id":"59680162B31457176745984"},"geometry":{"type":"Polygon","coordinates":[[[6.579,5.177],[6.535,5.187],[6.493,5.163],[6.41,4.991],[6.437,4.966],[6.434,4.93],[6.466,4.927],[6.518,4.868],[6.56,4.851],[6.579,4.866],[6.577,4.899],[6.547,4.934],[6.558,4.963],[6.544,4.983],[6.576,5.027],[6.579,5.177]]]}},{"type":"Feature","properties":{"id":"59680162B82996162763265"},"geometry":{"type":"Polygon","coordinates":[[[12.648,9.562],[12.676,9.595],[12.719,9.577],[12.716,9.55],[12.736,9.551],[12.773,9.613],[12.749,9.675],[12.795,9.694],[12.889,9.677],[12.945,9.697],[12.955,9.725],[13.09,9.709],[13.092,9.774],[13.055,9.872],[13.069,9.965],[13.047,9.994],[13.054,10.02],[12.96,9.993],[12.896,10.025],[12.832,10.006],[12.821,10.083],[12.782,10.089],[12.762,10.139],[12.721,10.106],[12.716,10.049],[12.634,10.034],[12.588,10.113],[12.568,10.096],[12.57,10.045],[12.354,10.019],[12.338,9.965],[12.311,10.004],[12.277,9.945],[12.222,9.926],[12.232,9.859],[12.168,9.813],[12.212,9.708],[12.252,9.666],[12.227,9.656],[12.23,9.591],[12.272,9.522],[12.34,9.547],[12.382,9.613],[12.507,9.607],[12.648,9.562]]]}},{"type":"Feature","properties":{"id":"59680162B77604659700593"},"geometry":{"type":"Polygon","coordinates":[[[6.576,6.495],[6.567,6.318],[6.634,6.236],[6.61,6.193],[6.61,6.138],[6.645,6.101],[6.688,6.108],[6.714,6.156],[6.687,6.189],[6.706,6.262],[6.723,6.266],[6.713,6.353],[6.669,6.501],[6.576,6.495]]]}},{"type":"Feature","properties":{"id":"59680162B60219664923389"},"geometry":{"type":"Polygon","coordinates":[[[7.282,4.56],[7.331,4.656],[7.357,4.658],[7.361,4.688],[7.332,4.71],[7.234,4.695],[7.248,4.598],[7.282,4.56]]]}},{"type":"Feature","properties":{"id":"59680162B43558777101724"},"geometry":{"type":"Polygon","coordinates":[[[5.751,12.324],[5.567,12.352],[5.541,12.273],[5.47,12.253],[5.439,12.343],[5.396,12.345],[5.385,12.324],[5.312,12.356],[5.348,12.284],[5.403,12.266],[5.39,12.172],[5.347,12.133],[5.374,12.015],[5.36,11.98],[5.306,11.962],[5.284,11.925],[5.248,11.921],[5.231,11.885],[5.271,11.78],[5.288,11.769],[5.316,11.791],[5.296,11.755],[5.328,11.772],[5.35,11.709],[5.44,11.709],[5.46,11.673],[5.497,11.656],[5.564,11.684],[5.67,11.661],[5.705,11.688],[5.761,11.687],[5.871,11.618],[5.913,11.636],[5.949,11.768],[5.855,11.888],[5.819,12.019],[5.747,12.046],[5.738,12.088],[5.694,12.089],[5.682,12.13],[5.721,12.16],[5.723,12.243],[5.752,12.254],[5.751,12.324]]]}},{"type":"Feature","properties":{"id":"59680162B76704120420691"},"geometry":{"type":"Polygon","coordinates":[[[11.813,11.685],[11.877,11.598],[11.944,11.611],[12.002,11.564],[12.049,11.622],[12.114,11.601],[12.196,11.658],[12.244,11.809],[12.27,11.826],[12.256,11.886],[12.281,11.995],[12.238,12.09],[12.236,12.137],[12.162,12.112],[12.076,12.144],[12.041,12.099],[12.062,12.075],[11.978,11.995],[11.909,11.998],[11.891,11.976],[11.884,12.008],[11.837,11.976],[11.775,12.019],[11.723,12.014],[11.713,11.959],[11.787,11.904],[11.801,11.813],[11.842,11.785],[11.851,11.744],[11.813,11.685]]]}},{"type":"Feature","properties":{"id":"59680162B70118559758614"},"geometry":{"type":"Polygon","coordinates":[[[12.501,12.675],[12.485,12.802],[12.409,12.86],[12.395,12.916],[12.408,13.023],[12.344,12.985],[12.281,12.91],[12.215,12.901],[12.171,12.857],[12.108,12.856],[12.052,12.905],[12.014,12.86],[11.967,12.902],[11.978,12.932],[11.955,13.007],[11.898,12.944],[11.893,12.922],[11.917,12.899],[11.901,12.894],[11.906,12.879],[11.872,12.904],[11.788,12.867],[11.757,12.877],[11.751,12.859],[11.72,12.852],[11.682,12.872],[11.661,12.855],[11.698,12.802],[11.765,12.779],[11.787,12.751],[11.772,12.726],[11.809,12.692],[11.791,12.674],[11.816,12.632],[11.806,12.593],[11.722,12.502],[11.715,12.394],[11.74,12.38],[11.742,12.448],[11.928,12.484],[11.984,12.4],[12.043,12.395],[12.177,12.438],[12.283,12.41],[12.353,12.46],[12.377,12.52],[12.419,12.524],[12.436,12.548],[12.428,12.602],[12.465,12.614],[12.501,12.675]]]}},{"type":"Feature","properties":{"id":"59680162B67238968218645"},"geometry":{"type":"Polygon","coordinates":[[[11.723,12.014],[11.775,12.019],[11.837,11.976],[11.884,12.008],[11.891,11.976],[11.909,11.998],[11.978,11.995],[12.062,12.075],[12.041,12.099],[12.076,12.144],[12.162,12.112],[12.236,12.137],[12.264,12.179],[12.25,12.213],[12.285,12.266],[12.285,12.315],[12.268,12.323],[12.286,12.33],[12.283,12.41],[12.177,12.438],[12.043,12.395],[11.984,12.4],[11.928,12.484],[11.742,12.448],[11.74,12.38],[11.715,12.394],[11.724,12.515],[11.678,12.492],[11.614,12.507],[11.571,12.479],[11.565,12.495],[11.543,12.482],[11.517,12.503],[11.491,12.472],[11.48,12.483],[11.453,12.452],[11.317,12.399],[11.335,12.338],[11.425,12.32],[11.416,12.186],[11.565,12.164],[11.613,12.118],[11.607,12.046],[11.723,12.014]]]}},{"type":"Feature","properties":{"id":"59680162B31090464189446"},"geometry":{"type":"Polygon","coordinates":[[[13.35,10.932],[13.321,10.744],[13.334,10.726],[13.391,10.704],[13.398,10.719],[13.433,10.713],[13.456,10.687],[13.467,10.706],[13.56,10.64],[13.751,10.914],[13.67,10.945],[13.585,10.949],[13.383,10.878],[13.389,10.896],[13.35,10.932]]]}},{"type":"Feature","properties":{"id":"59680162B49393703134220"},"geometry":{"type":"Polygon","coordinates":[[[13.321,10.744],[13.233,10.589],[13.249,10.511],[13.359,10.517],[13.357,10.486],[13.455,10.423],[13.525,10.425],[13.558,10.648],[13.505,10.673],[13.501,10.693],[13.467,10.706],[13.456,10.687],[13.398,10.719],[13.391,10.704],[13.321,10.744]]]}},{"type":"Feature","properties":{"id":"59680162B22484757822523"},"geometry":{"type":"Polygon","coordinates":[[[13.469,10.186],[13.464,10.217],[13.508,10.214],[13.517,10.257],[13.488,10.278],[13.492,10.39],[13.519,10.394],[13.532,10.454],[13.525,10.425],[13.487,10.417],[13.357,10.486],[13.359,10.517],[13.249,10.511],[13.204,10.384],[13.218,10.362],[13.185,10.348],[13.221,10.315],[13.23,10.276],[13.212,10.273],[13.182,10.308],[13.164,10.286],[13.175,10.252],[13.237,10.22],[13.254,10.253],[13.23,10.268],[13.296,10.267],[13.311,10.285],[13.402,10.25],[13.411,10.211],[13.469,10.186]]]}},{"type":"Feature","properties":{"id":"59680162B90522809362613"},"geometry":{"type":"Polygon","coordinates":[[[6.219,7.037],[6.162,7.169],[6.101,7.203],[6.066,7.247],[5.992,7.226],[5.909,7.278],[5.897,7.258],[5.894,7.183],[5.843,7.11],[5.992,7.035],[5.973,6.947],[6.019,6.848],[6.045,6.85],[6.045,6.777],[6.114,6.817],[6.167,6.824],[6.215,6.94],[6.219,7.037]]]}},{"type":"Feature","properties":{"id":"59680162B84612216171504"},"geometry":{"type":"Polygon","coordinates":[[[13.237,10.22],[13.18,10.246],[13.164,10.286],[13.182,10.308],[13.212,10.273],[13.23,10.276],[13.221,10.315],[13.185,10.348],[13.218,10.362],[13.204,10.384],[13.232,10.429],[13.235,10.463],[13.191,10.41],[13.052,10.464],[12.959,10.548],[12.761,10.583],[12.728,10.568],[12.652,10.439],[12.596,10.444],[12.677,10.345],[12.729,10.341],[12.784,10.299],[12.791,10.255],[12.754,10.244],[12.775,10.211],[12.762,10.139],[12.782,10.089],[12.821,10.083],[12.832,10.006],[12.896,10.025],[12.96,9.993],[13.054,10.02],[13.09,10.057],[13.08,10.076],[13.131,10.244],[13.187,10.217],[13.237,10.22]]]}},{"type":"Feature","properties":{"id":"59680162B98184498564097"},"geometry":{"type":"Polygon","coordinates":[[[8.534,11.989],[8.595,11.962],[8.601,11.998],[8.62,12.004],[8.549,12.053],[8.534,11.989]]]}},{"type":"Feature","properties":{"id":"59680162B20254719160886"},"geometry":{"type":"Polygon","coordinates":[[[6.889,11.384],[7.006,11.362],[7.009,11.294],[6.976,11.239],[7.069,11.203],[7.144,11.13],[7.2,11.152],[7.22,11.194],[7.193,11.274],[7.133,11.357],[7.125,11.382],[7.151,11.391],[7.12,11.428],[7.071,11.444],[7.112,11.476],[7.108,11.551],[7.074,11.562],[7.04,11.533],[7.004,11.535],[6.901,11.492],[6.889,11.384]]]}},{"type":"Feature","properties":{"id":"59680162B76130047047659"},"geometry":{"type":"Polygon","coordinates":[[[7.669,6.064],[7.667,6.03],[7.711,5.971],[7.707,5.933],[7.727,5.908],[7.756,5.923],[7.778,5.969],[7.803,5.956],[7.807,5.981],[7.858,5.961],[7.891,5.979],[7.913,5.969],[7.836,6.078],[7.816,6.047],[7.726,6.115],[7.714,6.084],[7.669,6.064]]]}},{"type":"Feature","properties":{"id":"59680162B64690225464412"},"geometry":{"type":"Polygon","coordinates":[[[6.501,12.447],[6.598,12.448],[6.639,12.337],[6.686,12.347],[6.684,12.313],[6.737,12.314],[6.838,12.278],[6.833,12.335],[6.767,12.373],[6.772,12.387],[6.701,12.396],[6.669,12.461],[6.692,12.481],[6.656,12.552],[6.698,12.592],[6.743,12.587],[6.763,12.621],[6.753,12.637],[6.727,12.626],[6.56,12.679],[6.54,12.676],[6.532,12.652],[6.417,12.64],[6.42,12.567],[6.392,12.502],[6.449,12.496],[6.463,12.464],[6.501,12.447]]]}},{"type":"Feature","properties":{"id":"59680162B60349541451220"},"geometry":{"type":"Polygon","coordinates":[[[8.263,12.856],[8.221,12.963],[8.161,13.038],[8.048,13.003],[8.049,12.955],[8.084,12.924],[8.074,12.877],[8.092,12.864],[8.095,12.81],[8.242,12.826],[8.263,12.856]]]}},{"type":"Feature","properties":{"id":"59680162B55022918372626"},"geometry":{"type":"Polygon","coordinates":[[[8.282,11.821],[8.262,11.872],[8.289,11.876],[8.255,11.932],[8.218,11.909],[8.123,12.012],[8.086,11.962],[8.077,11.98],[8.038,11.983],[8.007,11.951],[8.112,11.932],[8.123,11.9],[8.085,11.891],[8.079,11.848],[8.129,11.852],[8.141,11.79],[8.191,11.8],[8.223,11.772],[8.282,11.821]]]}},{"type":"Feature","properties":{"id":"59680162B23965546094498"},"geometry":{"type":"Polygon","coordinates":[[[7.195,11.258],[7.308,11.293],[7.309,11.374],[7.295,11.384],[7.319,11.432],[7.246,11.508],[7.237,11.468],[7.233,11.484],[7.185,11.499],[7.177,11.576],[7.135,11.578],[7.108,11.551],[7.112,11.476],[7.071,11.444],[7.12,11.428],[7.151,11.391],[7.125,11.382],[7.133,11.357],[7.195,11.258]]]}},{"type":"Feature","properties":{"id":"59680162B97642938083661"},"geometry":{"type":"Polygon","coordinates":[[[8.388,12.022],[8.441,12.093],[8.514,12.144],[8.491,12.166],[8.497,12.201],[8.522,12.204],[8.493,12.217],[8.515,12.265],[8.447,12.229],[8.415,12.254],[8.352,12.188],[8.296,12.185],[8.291,12.147],[8.225,12.172],[8.206,12.161],[8.329,12.077],[8.349,12.097],[8.355,12.05],[8.388,12.022]]]}},{"type":"Feature","properties":{"id":"59680162B10012275275709"},"geometry":{"type":"Polygon","coordinates":[[[8.599,11.97],[8.632,11.962],[8.693,12.011],[8.736,11.962],[8.838,11.974],[8.823,11.992],[8.841,12.018],[8.828,12.061],[8.802,12.063],[8.793,12.1],[8.763,12.119],[8.779,12.158],[8.64,12.128],[8.648,12.083],[8.604,12.026],[8.589,12.034],[8.62,12.004],[8.601,11.998],[8.599,11.97]]]}},{"type":"Feature","properties":{"id":"59680162B56562801938729"},"geometry":{"type":"Polygon","coordinates":[[[5.085,12.774],[5.13,12.799],[5.14,12.777],[5.181,12.765],[5.2,12.677],[5.225,12.652],[5.309,12.618],[5.354,12.622],[5.383,12.727],[5.275,12.813],[5.236,12.932],[5.188,12.95],[5.151,12.993],[5.108,12.992],[5.12,12.976],[5.106,12.931],[5.058,12.934],[5.103,12.857],[5.059,12.835],[5.054,12.785],[5.085,12.774]]]}},{"type":"Feature","properties":{"id":"59680162B55239717258244"},"geometry":{"type":"Polygon","coordinates":[[[6.55,12.678],[6.727,12.626],[6.753,12.637],[6.751,12.58],[6.782,12.589],[6.784,12.62],[6.817,12.643],[6.989,12.673],[7.061,12.74],[7.051,12.995],[6.933,12.997],[6.793,13.132],[6.743,13.118],[6.688,13.133],[6.683,13.107],[6.607,13.047],[6.737,13.006],[6.747,12.935],[6.563,12.89],[6.527,12.917],[6.465,12.925],[6.437,12.965],[6.404,12.961],[6.423,12.927],[6.342,12.902],[6.404,12.832],[6.43,12.832],[6.438,12.869],[6.456,12.868],[6.489,12.787],[6.421,12.777],[6.375,12.723],[6.421,12.718],[6.499,12.761],[6.567,12.739],[6.55,12.678]]]}},{"type":"Feature","properties":{"id":"59680162B63361885953813"},"geometry":{"type":"Polygon","coordinates":[[[8.864,11.961],[8.8,11.98],[8.736,11.962],[8.693,12.011],[8.632,11.962],[8.632,11.937],[8.673,11.937],[8.674,11.908],[8.714,11.92],[8.738,11.887],[8.707,11.862],[8.725,11.84],[8.747,11.824],[8.774,11.835],[8.827,11.795],[8.872,11.867],[8.864,11.961]]]}},{"type":"Feature","properties":{"id":"59680162B53228015633193"},"geometry":{"type":"Polygon","coordinates":[[[5.071,13.173],[5.107,13.19],[5.135,13.25],[5.072,13.31],[5.071,13.333],[5.126,13.335],[5.121,13.381],[5.151,13.379],[5.154,13.399],[5.119,13.408],[5.119,13.425],[5.168,13.428],[5.18,13.474],[5.184,13.52],[5.153,13.631],[5.158,13.743],[4.95,13.734],[4.874,13.781],[4.801,13.769],[4.808,13.712],[4.704,13.651],[4.759,13.595],[4.723,13.543],[4.727,13.519],[4.764,13.516],[4.761,13.447],[4.728,13.351],[4.854,13.334],[4.86,13.309],[4.953,13.297],[4.965,13.286],[4.941,13.258],[4.967,13.223],[5.071,13.173]]]}},{"type":"Feature","properties":{"id":"59680162B93100308813933"},"geometry":{"type":"Polygon","coordinates":[[[9.662,12.834],[9.635,12.802],[9.335,12.823],[9.351,12.782],[9.32,12.755],[9.356,12.704],[9.35,12.682],[9.439,12.706],[9.444,12.684],[9.471,12.681],[9.499,12.623],[9.498,12.601],[9.476,12.593],[9.509,12.577],[9.566,12.602],[9.563,12.579],[9.612,12.563],[9.698,12.564],[9.781,12.62],[9.799,12.655],[9.765,12.717],[9.749,12.715],[9.729,12.784],[9.662,12.834]]]}},{"type":"Feature","properties":{"id":"59680162B42687104490462"},"geometry":{"type":"Polygon","coordinates":[[[7.751,11.371],[7.695,11.431],[7.668,11.406],[7.635,11.418],[7.599,11.391],[7.588,11.414],[7.533,11.436],[7.478,11.428],[7.504,11.464],[7.5,11.517],[7.456,11.544],[7.401,11.527],[7.388,11.421],[7.37,11.409],[7.387,11.371],[7.468,11.378],[7.489,11.352],[7.52,11.362],[7.522,11.34],[7.574,11.319],[7.608,11.272],[7.706,11.31],[7.72,11.37],[7.751,11.371]]]}},{"type":"Feature","properties":{"id":"59680162B24316958669382"},"geometry":{"type":"Polygon","coordinates":[[[8.551,12.053],[8.511,12.073],[8.49,12.053],[8.466,12.065],[8.535,11.991],[8.551,12.053]]]}},{"type":"Feature","properties":{"id":"59680162B54988677972163"},"geometry":{"type":"Polygon","coordinates":[[[7.061,12.74],[7.111,12.78],[7.124,12.865],[7.101,12.898],[7.106,12.933],[7.14,12.942],[7.185,13.001],[7.245,13.021],[7.282,13.0],[7.371,12.996],[7.4,12.942],[7.399,12.898],[7.416,12.894],[7.48,12.955],[7.567,12.992],[7.56,13.024],[7.577,13.058],[7.601,13.061],[7.6,13.119],[7.656,13.127],[7.632,13.159],[7.646,13.206],[7.615,13.236],[7.38,13.1],[7.219,13.126],[7.091,12.995],[7.051,12.995],[7.061,12.74]]]}},{"type":"Feature","properties":{"id":"59680162B65190975434062"},"geometry":{"type":"Polygon","coordinates":[[[7.114,4.728],[7.14,4.694],[7.19,4.741],[7.185,4.808],[7.148,4.794],[7.168,4.82],[7.159,4.86],[7.127,4.833],[7.093,4.856],[7.07,4.831],[7.09,4.772],[7.119,4.768],[7.139,4.734],[7.114,4.728]]]}},{"type":"Feature","properties":{"id":"59680162B69796164397605"},"geometry":{"type":"Polygon","coordinates":[[[8.433,11.423],[8.425,11.463],[8.397,11.468],[8.426,11.505],[8.416,11.535],[8.434,11.582],[8.404,11.575],[8.366,11.619],[8.336,11.67],[8.332,11.727],[8.279,11.732],[8.232,11.713],[8.212,11.685],[8.216,11.647],[8.233,11.644],[8.189,11.608],[8.215,11.58],[8.205,11.443],[8.249,11.457],[8.273,11.438],[8.274,11.375],[8.314,11.345],[8.373,11.362],[8.433,11.423]]]}},{"type":"Feature","properties":{"id":"59680162B88243538379460"},"geometry":{"type":"Polygon","coordinates":[[[8.615,11.35],[8.563,11.419],[8.604,11.467],[8.639,11.456],[8.603,11.511],[8.615,11.548],[8.645,11.544],[8.639,11.598],[8.672,11.634],[8.616,11.618],[8.592,11.631],[8.593,11.589],[8.567,11.588],[8.545,11.618],[8.515,11.595],[8.523,11.575],[8.493,11.572],[8.486,11.555],[8.442,11.558],[8.434,11.577],[8.416,11.535],[8.426,11.505],[8.397,11.468],[8.425,11.463],[8.428,11.429],[8.467,11.392],[8.493,11.404],[8.572,11.339],[8.615,11.35]]]}},{"type":"Feature","properties":{"id":"59680162B24840578600877"},"geometry":{"type":"Polygon","coordinates":[[[8.534,11.989],[8.536,11.933],[8.593,11.956],[8.595,11.962],[8.534,11.989]]]}},{"type":"Feature","properties":{"id":"59680162B79884468001879"},"geometry":{"type":"Polygon","coordinates":[[[7.876,4.676],[7.892,4.714],[7.87,4.735],[7.872,4.893],[7.844,4.911],[7.837,4.971],[7.798,4.89],[7.831,4.825],[7.786,4.796],[7.803,4.721],[7.876,4.676]]]}},{"type":"Feature","properties":{"id":"59680162B97490121732821"},"geometry":{"type":"Polygon","coordinates":[[[3.082,6.762],[3.057,6.804],[3.055,6.856],[3.093,6.904],[3.052,6.945],[3.027,6.938],[2.99,6.966],[2.975,6.939],[2.91,6.943],[2.91,6.874],[2.837,6.861],[2.836,6.819],[2.807,6.774],[2.851,6.778],[2.884,6.741],[2.866,6.723],[2.873,6.684],[2.838,6.678],[2.826,6.644],[2.874,6.57],[2.926,6.595],[2.956,6.687],[3.01,6.672],[3.05,6.752],[3.082,6.762]]]}},{"type":"Feature","properties":{"id":"59680162B80605638185127"},"geometry":{"type":"Polygon","coordinates":[[[4.452,12.855],[4.378,12.838],[4.34,12.767],[4.206,12.7],[4.173,12.656],[4.259,12.547],[4.288,12.546],[4.287,12.58],[4.359,12.589],[4.368,12.533],[4.403,12.57],[4.447,12.559],[4.457,12.62],[4.567,12.668],[4.618,12.66],[4.661,12.587],[4.708,12.628],[4.757,12.637],[4.73,12.702],[4.584,12.735],[4.551,12.769],[4.55,12.803],[4.452,12.855]]]}},{"type":"Feature","properties":{"id":"59680162B20086286793745"},"geometry":{"type":"Polygon","coordinates":[[[8.301,11.347],[8.274,11.375],[8.273,11.438],[8.249,11.457],[8.202,11.45],[8.215,11.58],[8.189,11.608],[8.233,11.644],[8.216,11.647],[8.212,11.685],[8.228,11.709],[8.271,11.718],[8.244,11.735],[8.256,11.789],[8.223,11.772],[8.191,11.8],[8.134,11.789],[8.07,11.737],[8.048,11.68],[7.959,11.693],[7.982,11.668],[7.954,11.655],[7.955,11.614],[7.979,11.591],[7.986,11.541],[8.029,11.539],[8.041,11.487],[8.102,11.524],[8.162,11.506],[8.143,11.42],[8.114,11.408],[8.123,11.387],[8.207,11.319],[8.264,11.313],[8.301,11.347]]]}},{"type":"Feature","properties":{"id":"59680162B37340403082689"},"geometry":{"type":"Polygon","coordinates":[[[7.416,12.894],[7.413,12.863],[7.481,12.859],[7.475,12.814],[7.515,12.807],[7.518,12.71],[7.579,12.702],[7.575,12.755],[7.664,12.828],[7.647,12.861],[7.667,12.917],[7.693,12.931],[7.687,12.951],[7.748,12.952],[7.761,13.004],[7.718,13.008],[7.715,13.04],[7.687,13.024],[7.67,12.975],[7.595,12.952],[7.556,12.977],[7.513,12.968],[7.416,12.894]]]}},{"type":"Feature","properties":{"id":"59680162B43870676483034"},"geometry":{"type":"Polygon","coordinates":[[[5.928,5.161],[5.839,5.243],[5.845,5.288],[5.795,5.315],[5.818,5.342],[5.805,5.359],[5.728,5.328],[5.745,5.303],[5.74,5.26],[5.808,5.265],[5.812,5.247],[5.758,5.21],[5.779,5.176],[5.819,5.189],[5.879,5.176],[5.885,5.1],[5.915,5.108],[5.928,5.161]]]}},{"type":"Feature","properties":{"id":"59680162B43497988326934"},"geometry":{"type":"Polygon","coordinates":[[[11.839,10.665],[11.786,10.59],[11.794,10.527],[11.712,10.541],[11.704,10.528],[11.725,10.465],[11.745,10.476],[11.808,10.432],[11.822,10.315],[11.856,10.306],[11.95,10.347],[12.038,10.36],[12.043,10.376],[12.026,10.382],[12.057,10.473],[11.99,10.483],[11.999,10.534],[11.97,10.582],[11.904,10.577],[11.87,10.652],[11.839,10.665]]]}},{"type":"Feature","properties":{"id":"59680162B4108100426512"},"geometry":{"type":"Polygon","coordinates":[[[7.302,6.737],[7.298,6.679],[7.341,6.626],[7.392,6.661],[7.426,6.613],[7.495,6.64],[7.554,6.594],[7.596,6.644],[7.53,6.716],[7.414,6.769],[7.384,6.773],[7.381,6.747],[7.35,6.723],[7.302,6.737]]]}},{"type":"Feature","properties":{"id":"59680162B97563361057366"},"geometry":{"type":"Polygon","coordinates":[[[8.783,10.597],[8.822,10.672],[8.852,10.686],[8.851,10.72],[8.786,10.797],[8.766,10.851],[8.746,10.857],[8.767,10.942],[8.645,11.114],[8.629,11.224],[8.584,11.221],[8.519,11.166],[8.506,11.132],[8.607,11.071],[8.615,11.018],[8.568,10.907],[8.585,10.861],[8.559,10.789],[8.572,10.748],[8.481,10.716],[8.514,10.643],[8.644,10.63],[8.711,10.543],[8.783,10.597]]]}},{"type":"Feature","properties":{"id":"59680162B86291828303656"},"geometry":{"type":"MultiPolygon","coordinates":[[[[11.166,12.533],[11.244,12.509],[11.263,12.599],[11.193,12.608],[11.187,12.664],[11.163,12.699],[11.172,12.722],[11.143,12.739],[11.147,12.773],[11.109,12.803],[11.061,12.798],[11.033,12.762],[11.064,12.751],[11.082,12.689],[11.041,12.674],[11.035,12.647],[10.999,12.625],[10.993,12.591],[11.028,12.578],[11.03,12.508],[11.047,12.492],[11.065,12.531],[11.087,12.528],[11.068,12.494],[11.139,12.508],[11.166,12.533]]],[[[11.035,12.81],[11.035,12.833],[11.093,12.848],[11.066,12.889],[11.086,12.92],[11.052,12.939],[11.004,12.874],[10.947,12.862],[10.873,12.896],[10.804,12.876],[10.763,12.887],[10.707,12.861],[10.615,12.868],[10.582,12.85],[10.559,12.805],[10.6,12.695],[10.581,12.648],[10.648,12.65],[10.659,12.702],[10.696,12.693],[10.722,12.773],[10.791,12.81],[10.826,12.807],[10.832,12.826],[10.872,12.837],[10.892,12.813],[10.927,12.839],[11.01,12.85],[11.035,12.81]]]]}},{"type":"Feature","properties":{"id":"59680162B41031546236215"},"geometry":{"type":"Polygon","coordinates":[[[7.884,5.027],[7.983,5.118],[8.015,5.117],[8.02,5.101],[8.065,5.131],[8.084,5.126],[8.065,5.145],[8.065,5.199],[8.028,5.244],[7.939,5.176],[7.92,5.082],[7.87,5.053],[7.884,5.027]]]}},{"type":"Feature","properties":{"id":"59680162B41357004175190"},"geometry":{"type":"Polygon","coordinates":[[[13.921,11.744],[13.709,11.748],[13.585,11.651],[13.663,11.616],[13.659,11.575],[13.685,11.542],[13.647,11.502],[13.605,11.532],[13.573,11.522],[13.598,11.388],[13.765,11.335],[13.921,11.326],[14.158,11.234],[14.411,11.404],[14.499,11.435],[14.467,11.479],[14.234,11.621],[14.265,11.786],[14.067,11.78],[13.921,11.744]]]}},{"type":"Feature","properties":{"id":"59680162B52281011363885"},"geometry":{"type":"Polygon","coordinates":[[[5.982,13.713],[5.53,13.886],[5.42,13.86],[5.445,13.759],[5.49,13.775],[5.449,13.698],[5.469,13.671],[5.527,13.655],[5.514,13.652],[5.531,13.518],[5.559,13.494],[5.574,13.536],[5.545,13.569],[5.642,13.619],[5.696,13.592],[5.676,13.583],[5.702,13.484],[5.774,13.503],[5.8,13.577],[5.915,13.565],[5.924,13.622],[5.889,13.628],[5.939,13.648],[5.982,13.713]]]}},{"type":"Feature","properties":{"id":"59680162B80813578140782"},"geometry":{"type":"MultiPolygon","coordinates":[[[[6.497,11.592],[6.563,11.565],[6.714,11.594],[6.723,11.671],[6.682,11.715],[6.704,11.826],[6.665,11.895],[6.74,11.95],[6.745,12.0],[6.785,11.985],[6.78,12.001],[6.805,12.003],[6.827,12.077],[6.757,12.138],[6.743,12.202],[6.686,12.193],[6.655,12.221],[6.591,12.199],[6.568,12.118],[6.577,11.963],[6.593,11.952],[6.568,11.668],[6.497,11.592]]],[[[7.066,12.432],[6.979,12.416],[6.949,12.328],[6.903,12.297],[6.896,12.258],[6.869,12.241],[6.907,12.16],[6.886,12.105],[6.923,12.081],[6.967,12.067],[7.0,12.097],[7.117,12.094],[7.146,12.147],[7.15,12.232],[7.093,12.283],[7.066,12.432]]]]}},{"type":"Feature","properties":{"id":"59680162B78639882894514"},"geometry":{"type":"Polygon","coordinates":[[[3.379,6.466],[3.405,6.515],[3.376,6.529],[3.363,6.49],[3.379,6.466]]]}},{"type":"Feature","properties":{"id":"59680162B53208862785263"},"geometry":{"type":"Polygon","coordinates":[[[7.82,13.352],[7.615,13.236],[7.646,13.206],[7.632,13.159],[7.656,13.127],[7.6,13.119],[7.601,13.061],[7.642,13.055],[7.643,13.086],[7.666,13.083],[7.662,13.029],[7.693,13.02],[7.715,13.04],[7.762,13.027],[7.818,13.084],[7.864,13.09],[7.919,13.145],[7.942,13.182],[7.944,13.24],[7.861,13.24],[7.848,13.28],[7.818,13.286],[7.82,13.352]]]}},{"type":"Feature","properties":{"id":"59680162B51390103580898"},"geometry":{"type":"Polygon","coordinates":[[[8.507,12.131],[8.543,12.137],[8.58,12.096],[8.637,12.099],[8.647,12.135],[8.719,12.156],[8.733,12.2],[8.713,12.211],[8.717,12.253],[8.733,12.269],[8.705,12.265],[8.704,12.288],[8.674,12.306],[8.647,12.255],[8.575,12.254],[8.546,12.282],[8.494,12.23],[8.498,12.207],[8.523,12.214],[8.497,12.201],[8.507,12.131]]]}},{"type":"Feature","properties":{"id":"59680162B87442417129591"},"geometry":{"type":"Polygon","coordinates":[[[7.807,5.289],[7.849,5.344],[7.902,5.336],[7.876,5.369],[7.884,5.385],[7.861,5.421],[7.793,5.44],[7.749,5.516],[7.696,5.518],[7.7,5.432],[7.658,5.446],[7.62,5.372],[7.661,5.367],[7.709,5.297],[7.807,5.289]]]}},{"type":"Feature","properties":{"id":"59680162B53803782710688"},"geometry":{"type":"Polygon","coordinates":[[[5.886,12.314],[5.91,12.141],[5.948,12.127],[5.959,12.156],[5.999,12.154],[6.014,12.176],[6.054,12.121],[6.095,12.122],[6.163,12.194],[6.175,12.188],[6.207,12.299],[6.239,12.321],[6.244,12.363],[6.286,12.418],[6.22,12.45],[6.168,12.434],[6.141,12.544],[6.148,12.595],[6.171,12.616],[6.127,12.623],[6.105,12.673],[6.064,12.642],[6.058,12.616],[6.007,12.597],[6.0,12.554],[5.949,12.512],[5.943,12.469],[5.903,12.448],[5.876,12.355],[5.899,12.321],[5.886,12.314]]]}},{"type":"Feature","properties":{"id":"59680162B64610537243626"},"geometry":{"type":"Polygon","coordinates":[[[4.475,12.406],[4.494,12.348],[4.527,12.332],[4.537,12.301],[4.593,12.347],[4.588,12.396],[4.63,12.433],[4.691,12.4],[4.709,12.365],[4.754,12.364],[4.757,12.45],[4.812,12.504],[4.757,12.637],[4.708,12.628],[4.661,12.587],[4.618,12.66],[4.589,12.666],[4.457,12.62],[4.448,12.494],[4.471,12.451],[4.455,12.445],[4.487,12.411],[4.475,12.406]]]}},{"type":"Feature","properties":{"id":"59680162B42162352171568"},"geometry":{"type":"Polygon","coordinates":[[[6.898,12.275],[6.949,12.328],[6.979,12.416],[7.066,12.432],[7.044,12.659],[6.989,12.673],[6.817,12.643],[6.784,12.62],[6.782,12.589],[6.698,12.592],[6.656,12.552],[6.692,12.481],[6.669,12.461],[6.701,12.396],[6.772,12.387],[6.767,12.373],[6.833,12.335],[6.838,12.278],[6.898,12.275]]]}},{"type":"Feature","properties":{"id":"59680162B7876035432306"},"geometry":{"type":"Polygon","coordinates":[[[7.866,12.021],[7.884,12.021],[7.889,11.99],[7.921,11.96],[7.983,11.973],[8.003,11.999],[8.03,11.979],[8.077,11.98],[8.086,11.962],[8.125,12.033],[8.112,12.069],[8.016,12.06],[7.984,12.098],[8.001,12.121],[7.994,12.192],[7.945,12.178],[7.876,12.235],[7.863,12.233],[7.854,12.155],[7.88,12.044],[7.866,12.021]]]}},{"type":"Feature","properties":{"id":"59680162B53174064204838"},"geometry":{"type":"Polygon","coordinates":[[[7.751,11.371],[7.879,11.386],[7.894,11.427],[7.942,11.463],[8.036,11.493],[8.029,11.539],[7.983,11.544],[7.954,11.655],[7.927,11.642],[7.871,11.659],[7.84,11.632],[7.767,11.629],[7.705,11.592],[7.719,11.569],[7.68,11.524],[7.675,11.483],[7.694,11.42],[7.722,11.416],[7.751,11.371]]]}},{"type":"Feature","properties":{"id":"59680162B85415328791745"},"geometry":{"type":"Polygon","coordinates":[[[7.043,12.72],[7.122,12.704],[7.134,12.664],[7.279,12.714],[7.296,12.677],[7.382,12.684],[7.423,12.887],[7.399,12.898],[7.382,12.984],[7.245,13.021],[7.185,13.001],[7.14,12.942],[7.106,12.933],[7.101,12.898],[7.124,12.865],[7.111,12.78],[7.043,12.72]]]}},{"type":"Feature","properties":{"id":"59680162B97039944509950"},"geometry":{"type":"Polygon","coordinates":[[[8.003,4.602],[8.005,4.645],[8.034,4.682],[7.966,4.69],[7.934,4.723],[7.892,4.714],[7.876,4.676],[7.902,4.565],[7.941,4.558],[8.003,4.602]]]}},{"type":"Feature","properties":{"id":"59680162B18997887117478"},"geometry":{"type":"Polygon","coordinates":[[[8.196,4.954],[8.123,4.966],[8.083,4.918],[8.1,4.882],[8.081,4.835],[8.088,4.793],[8.049,4.735],[8.078,4.676],[8.103,4.675],[8.127,4.773],[8.175,4.775],[8.187,4.816],[8.215,4.821],[8.214,4.862],[8.184,4.894],[8.196,4.954]]]}},{"type":"Feature","properties":{"id":"59680162B28367664307560"},"geometry":{"type":"Polygon","coordinates":[[[8.535,11.991],[8.517,12.01],[8.517,11.982],[8.498,11.972],[8.517,11.955],[8.535,11.991]]]}},{"type":"Feature","properties":{"id":"59680162B10627743467335"},"geometry":{"type":"Polygon","coordinates":[[[11.226,12.348],[11.331,12.413],[11.453,12.452],[11.48,12.483],[11.491,12.472],[11.517,12.503],[11.543,12.482],[11.565,12.495],[11.571,12.479],[11.614,12.507],[11.678,12.492],[11.733,12.509],[11.806,12.593],[11.816,12.632],[11.791,12.674],[11.809,12.692],[11.772,12.726],[11.787,12.751],[11.765,12.779],[11.698,12.802],[11.661,12.855],[11.682,12.872],[11.674,12.907],[11.587,12.947],[11.584,12.979],[11.558,13.0],[11.459,13.024],[11.434,13.011],[11.434,12.983],[11.314,12.962],[11.278,12.971],[11.258,12.951],[11.229,12.973],[11.206,12.966],[11.211,12.943],[11.151,12.947],[11.086,12.92],[11.066,12.889],[11.093,12.848],[11.035,12.833],[11.046,12.788],[11.109,12.803],[11.147,12.773],[11.143,12.739],[11.172,12.722],[11.163,12.699],[11.187,12.664],[11.193,12.608],[11.263,12.599],[11.244,12.509],[11.196,12.52],[11.191,12.471],[11.226,12.348]]]}},{"type":"Feature","properties":{"id":"59680162B34961354684930"},"geometry":{"type":"Polygon","coordinates":[[[4.551,11.892],[4.468,11.865],[4.449,11.885],[4.445,11.97],[4.408,11.961],[4.383,11.987],[4.389,12.036],[4.366,12.053],[4.385,12.137],[4.366,12.193],[4.323,12.159],[4.18,12.142],[4.169,12.182],[4.23,12.194],[4.234,12.245],[4.251,12.211],[4.291,12.242],[4.274,12.299],[4.262,12.283],[4.244,12.307],[4.184,12.285],[4.146,12.243],[4.146,12.206],[4.114,12.166],[4.132,12.135],[4.099,12.116],[4.096,12.093],[4.105,12.074],[4.152,12.074],[4.166,12.052],[4.201,12.048],[4.237,11.926],[4.263,11.932],[4.292,11.9],[4.312,11.848],[4.277,11.799],[4.301,11.733],[4.318,11.722],[4.327,11.742],[4.343,11.726],[4.355,11.749],[4.381,11.74],[4.378,11.763],[4.417,11.709],[4.487,11.741],[4.549,11.796],[4.551,11.892]]]}},{"type":"Feature","properties":{"id":"59680162B72688390978538"},"geometry":{"type":"Polygon","coordinates":[[[3.403,6.439],[3.407,6.457],[3.381,6.464],[3.381,6.454],[3.403,6.439]]]}},{"type":"Feature","properties":{"id":"59680162B5579026585541"},"geometry":{"type":"Polygon","coordinates":[[[8.51,11.846],[8.497,11.87],[8.383,11.912],[8.341,11.856],[8.267,11.81],[8.244,11.735],[8.351,11.725],[8.44,11.846],[8.51,11.846]]]}},{"type":"Feature","properties":{"id":"59680162B14319741144045"},"geometry":{"type":"Polygon","coordinates":[[[9.77,12.126],[9.767,12.15],[9.789,12.15],[9.82,12.202],[9.86,12.223],[9.82,12.305],[9.795,12.313],[9.778,12.285],[9.742,12.305],[9.684,12.287],[9.685,12.316],[9.65,12.333],[9.554,12.294],[9.566,12.266],[9.528,12.218],[9.58,12.161],[9.611,12.138],[9.725,12.146],[9.734,12.124],[9.77,12.126]]]}},{"type":"Feature","properties":{"id":"59680162B87154562016330"},"geometry":{"type":"Polygon","coordinates":[[[7.581,12.721],[7.63,12.745],[7.682,12.716],[7.725,12.747],[7.751,12.706],[7.788,12.695],[7.775,12.757],[7.794,12.755],[7.78,12.801],[7.797,12.826],[7.766,12.883],[7.808,12.943],[7.795,13.02],[7.842,13.082],[7.818,13.084],[7.77,13.03],[7.714,13.025],[7.718,13.008],[7.761,13.004],[7.748,12.952],[7.687,12.951],[7.693,12.931],[7.667,12.917],[7.647,12.861],[7.664,12.828],[7.575,12.755],[7.581,12.721]]]}},{"type":"Feature","properties":{"id":"59680162B83052310642670"},"geometry":{"type":"Polygon","coordinates":[[[8.946,12.072],[8.915,12.076],[8.952,12.185],[8.91,12.301],[8.84,12.308],[8.775,12.275],[8.724,12.295],[8.733,12.269],[8.713,12.211],[8.733,12.2],[8.719,12.156],[8.779,12.158],[8.763,12.119],[8.793,12.1],[8.802,12.063],[8.828,12.061],[8.841,12.018],[8.823,11.992],[8.848,11.961],[8.946,12.072]]]}},{"type":"Feature","properties":{"id":"59680162B45442733436767"},"geometry":{"type":"Polygon","coordinates":[[[4.361,12.337],[4.372,12.285],[4.448,12.224],[4.549,12.251],[4.557,12.29],[4.52,12.34],[4.498,12.342],[4.475,12.406],[4.392,12.411],[4.404,12.352],[4.361,12.337]]]}},{"type":"Feature","properties":{"id":"59680162B36976404849364"},"geometry":{"type":"Polygon","coordinates":[[[8.561,12.035],[8.604,12.026],[8.634,12.061],[8.641,12.097],[8.58,12.096],[8.543,12.137],[8.494,12.13],[8.388,12.022],[8.417,11.979],[8.403,11.948],[8.464,11.979],[8.484,12.032],[8.466,12.065],[8.49,12.053],[8.505,12.058],[8.497,12.07],[8.547,12.065],[8.561,12.035]]]}},{"type":"Feature","properties":{"id":"59680162B21010588258079"},"geometry":{"type":"Polygon","coordinates":[[[5.124,12.286],[5.119,12.347],[5.136,12.396],[5.122,12.414],[5.072,12.418],[5.071,12.476],[5.016,12.529],[4.966,12.529],[4.945,12.505],[4.948,12.4],[4.905,12.428],[4.873,12.553],[4.83,12.564],[4.828,12.582],[4.829,12.617],[4.868,12.629],[4.88,12.72],[4.75,12.751],[4.732,12.672],[4.795,12.575],[4.796,12.512],[4.812,12.504],[4.757,12.45],[4.754,12.364],[4.709,12.365],[4.691,12.4],[4.63,12.433],[4.588,12.396],[4.593,12.347],[4.549,12.301],[4.549,12.251],[4.521,12.251],[4.562,12.23],[4.552,12.098],[4.588,12.039],[4.634,12.064],[4.628,12.114],[4.665,12.17],[4.698,12.158],[4.703,12.225],[4.95,12.231],[4.953,12.314],[5.124,12.286]]]}},{"type":"Feature","properties":{"id":"59680162B13498430232382"},"geometry":{"type":"Polygon","coordinates":[[[4.588,12.039],[4.552,12.098],[4.562,12.23],[4.487,12.238],[4.448,12.224],[4.372,12.285],[4.361,12.337],[4.236,12.332],[4.257,12.284],[4.274,12.299],[4.291,12.242],[4.251,12.211],[4.234,12.245],[4.23,12.194],[4.169,12.182],[4.18,12.142],[4.323,12.159],[4.366,12.193],[4.385,12.137],[4.366,12.053],[4.389,12.036],[4.383,11.987],[4.408,11.961],[4.445,11.97],[4.449,11.885],[4.468,11.865],[4.551,11.892],[4.588,12.039]]]}},{"type":"Feature","properties":{"id":"59680162B91304502238334"},"geometry":{"type":"Polygon","coordinates":[[[7.556,12.977],[7.595,12.952],[7.67,12.975],[7.691,13.027],[7.662,13.029],[7.669,13.081],[7.643,13.086],[7.642,13.055],[7.577,13.058],[7.556,12.977]]]}},{"type":"Feature","properties":{"id":"59680162B24430291126178"},"geometry":{"type":"Polygon","coordinates":[[[8.595,11.809],[8.632,11.727],[8.652,11.729],[8.675,11.659],[8.7,11.676],[8.688,11.697],[8.706,11.77],[8.773,11.759],[8.821,11.798],[8.774,11.835],[8.747,11.824],[8.725,11.84],[8.707,11.862],[8.738,11.887],[8.714,11.92],[8.674,11.908],[8.673,11.937],[8.632,11.937],[8.611,11.891],[8.523,11.89],[8.502,11.864],[8.523,11.821],[8.595,11.809]]]}},{"type":"Feature","properties":{"id":"59680162B65662189989638"},"geometry":{"type":"Polygon","coordinates":[[[4.555,13.111],[4.468,13.181],[4.374,13.201],[4.3,13.26],[4.126,13.25],[4.142,13.162],[4.105,12.996],[3.953,12.749],[3.658,12.529],[3.666,12.207],[3.628,12.125],[3.71,12.146],[3.764,12.099],[3.797,12.139],[3.782,12.218],[3.821,12.241],[3.833,12.285],[3.814,12.307],[3.835,12.339],[3.826,12.377],[3.937,12.461],[3.985,12.468],[4.004,12.549],[4.047,12.548],[4.064,12.575],[4.088,12.574],[4.206,12.7],[4.34,12.767],[4.378,12.838],[4.452,12.855],[4.47,12.895],[4.544,12.919],[4.561,12.963],[4.482,12.978],[4.476,13.001],[4.555,13.111]]]}},{"type":"Feature","properties":{"id":"59680162B44584437839531"},"geometry":{"type":"Polygon","coordinates":[[[7.604,5.05],[7.573,4.982],[7.49,4.96],[7.477,4.908],[7.491,4.865],[7.564,4.938],[7.637,4.96],[7.687,4.952],[7.717,4.981],[7.684,5.011],[7.685,5.044],[7.622,5.019],[7.604,5.05]]]}},{"type":"Feature","properties":{"id":"59680162B46612932493253"},"geometry":{"type":"Polygon","coordinates":[[[9.327,11.577],[9.269,11.627],[9.274,11.644],[9.241,11.645],[9.233,11.677],[9.249,11.697],[9.226,11.736],[9.174,11.703],[9.157,11.719],[9.04,11.69],[9.014,11.696],[9.024,11.728],[9.002,11.741],[8.918,11.718],[8.954,11.694],[8.961,11.657],[8.931,11.614],[8.968,11.571],[9.021,11.577],[9.031,11.556],[9.063,11.552],[9.077,11.613],[9.134,11.653],[9.16,11.653],[9.182,11.598],[9.169,11.574],[9.192,11.55],[9.327,11.577]]]}},{"type":"Feature","properties":{"id":"59680162B30227281044650"},"geometry":{"type":"Polygon","coordinates":[[[13.953,12.112],[13.94,12.193],[13.995,12.235],[13.996,12.322],[13.992,12.339],[13.947,12.352],[13.953,12.386],[14.032,12.47],[14.045,12.611],[14.172,12.678],[14.153,12.77],[13.89,12.649],[13.774,12.548],[13.716,12.42],[13.67,12.369],[13.675,12.345],[13.541,12.339],[13.479,12.323],[13.441,12.293],[13.598,12.162],[13.654,12.137],[13.654,12.21],[13.679,12.241],[13.701,12.215],[13.87,12.174],[13.91,12.121],[13.953,12.112]]]}},{"type":"Feature","properties":{"id":"59680162B97880726687240"},"geometry":{"type":"Polygon","coordinates":[[[8.632,11.962],[8.536,11.933],[8.53,11.967],[8.478,11.934],[8.487,11.963],[8.457,11.953],[8.444,11.971],[8.403,11.948],[8.404,11.91],[8.431,11.883],[8.502,11.864],[8.523,11.89],[8.581,11.882],[8.635,11.918],[8.632,11.962]]]}},{"type":"Feature","properties":{"id":"59680162B26576505992161"},"geometry":{"type":"Polygon","coordinates":[[[8.347,12.672],[8.36,12.609],[8.386,12.61],[8.399,12.587],[8.492,12.602],[8.641,12.593],[8.658,12.659],[8.701,12.687],[8.669,12.719],[8.623,12.685],[8.595,12.696],[8.585,12.667],[8.538,12.647],[8.524,12.675],[8.554,12.676],[8.546,12.713],[8.492,12.75],[8.465,12.719],[8.347,12.672]]]}},{"type":"Feature","properties":{"id":"59680162B59256397716169"},"geometry":{"type":"Polygon","coordinates":[[[7.556,11.98],[7.577,11.94],[7.637,11.91],[7.643,11.845],[7.598,11.816],[7.521,11.815],[7.52,11.792],[7.426,11.814],[7.402,11.805],[7.45,11.698],[7.495,11.671],[7.537,11.662],[7.522,11.672],[7.544,11.692],[7.55,11.74],[7.59,11.692],[7.653,11.71],[7.677,11.751],[7.67,11.786],[7.694,11.803],[7.679,11.826],[7.711,11.852],[7.765,11.858],[7.853,11.824],[7.865,11.873],[7.826,11.953],[7.866,12.021],[7.737,12.009],[7.728,12.061],[7.708,12.042],[7.65,12.058],[7.62,12.042],[7.599,11.96],[7.556,11.98]]]}},{"type":"Feature","properties":{"id":"59680162B18977545928744"},"geometry":{"type":"Polygon","coordinates":[[[7.469,6.417],[7.427,6.442],[7.452,6.498],[7.415,6.509],[7.426,6.613],[7.411,6.651],[7.392,6.661],[7.341,6.626],[7.298,6.679],[7.222,6.677],[7.236,6.573],[7.263,6.549],[7.275,6.481],[7.29,6.468],[7.323,6.492],[7.348,6.418],[7.376,6.419],[7.387,6.381],[7.361,6.361],[7.344,6.305],[7.322,6.312],[7.29,6.278],[7.294,6.261],[7.365,6.214],[7.424,6.285],[7.423,6.356],[7.461,6.379],[7.452,6.4],[7.469,6.417]]]}},{"type":"Feature","properties":{"id":"59680162B76882427234764"},"geometry":{"type":"Polygon","coordinates":[[[9.202,11.905],[9.227,11.909],[9.23,11.895],[9.19,11.838],[9.144,11.827],[9.157,11.719],[9.174,11.703],[9.226,11.736],[9.249,11.697],[9.233,11.677],[9.241,11.645],[9.274,11.644],[9.269,11.627],[9.319,11.581],[9.42,11.558],[9.481,11.614],[9.458,11.625],[9.447,11.677],[9.421,11.675],[9.428,11.703],[9.363,11.786],[9.41,11.849],[9.397,11.876],[9.447,11.893],[9.454,11.913],[9.392,11.908],[9.408,11.945],[9.38,12.016],[9.337,12.026],[9.319,12.057],[9.201,11.962],[9.202,11.905]]]}},{"type":"Feature","properties":{"id":"59680162B43366957039329"},"geometry":{"type":"Polygon","coordinates":[[[9.626,11.237],[9.684,11.222],[9.825,11.28],[9.861,11.198],[9.881,11.196],[9.889,11.094],[9.853,11.066],[9.869,11.0],[10.006,10.956],[10.01,10.97],[10.112,10.992],[10.12,10.954],[10.173,10.942],[10.222,10.954],[10.156,11.006],[10.169,11.058],[10.21,11.092],[10.27,11.088],[10.314,11.131],[10.334,11.118],[10.367,11.202],[10.279,11.203],[10.12,11.237],[10.084,11.27],[10.012,11.261],[9.969,11.279],[9.941,11.314],[9.912,11.317],[9.918,11.347],[9.883,11.359],[9.878,11.448],[9.856,11.466],[9.716,11.436],[9.684,11.403],[9.681,11.371],[9.646,11.356],[9.661,11.285],[9.626,11.237]]]}},{"type":"Feature","properties":{"id":"59680162B76884691739548"},"geometry":{"type":"Polygon","coordinates":[[[8.287,9.6],[8.338,9.625],[8.33,9.649],[8.368,9.679],[8.352,9.707],[8.379,9.727],[8.43,9.695],[8.486,9.692],[8.51,9.865],[8.433,9.887],[8.42,9.918],[8.43,10.004],[8.383,10.014],[8.37,10.043],[8.335,10.017],[8.272,10.022],[8.272,10.055],[8.221,10.104],[8.24,10.119],[8.169,10.19],[8.194,10.219],[8.145,10.25],[8.144,10.282],[8.117,10.288],[8.128,10.249],[8.093,10.222],[8.065,10.239],[8.083,10.261],[8.071,10.286],[8.039,10.283],[7.992,10.195],[7.996,10.15],[7.952,10.131],[7.999,10.118],[7.983,10.08],[8.028,10.04],[8.011,9.949],[8.042,9.949],[8.09,9.886],[8.023,9.784],[8.079,9.757],[8.071,9.733],[8.133,9.669],[8.117,9.625],[8.173,9.582],[8.165,9.551],[8.207,9.511],[8.227,9.505],[8.245,9.532],[8.241,9.575],[8.28,9.568],[8.287,9.6]]]}},{"type":"Feature","properties":{"id":"59680162B95265909286240"},"geometry":{"type":"Polygon","coordinates":[[[9.64,11.733],[9.62,11.754],[9.67,11.784],[9.679,11.865],[9.708,11.85],[9.834,11.89],[9.899,11.938],[9.888,11.96],[9.794,11.964],[9.615,11.93],[9.586,11.943],[9.582,11.98],[9.541,11.974],[9.473,11.935],[9.447,11.893],[9.397,11.876],[9.41,11.849],[9.364,11.796],[9.428,11.703],[9.421,11.675],[9.447,11.677],[9.458,11.625],[9.481,11.614],[9.537,11.683],[9.64,11.733]]]}},{"type":"Feature","properties":{"id":"59680162B26282391091652"},"geometry":{"type":"Polygon","coordinates":[[[10.167,12.059],[10.189,12.078],[10.231,12.078],[10.178,11.985],[10.189,11.967],[10.21,11.98],[10.219,11.968],[10.211,11.938],[10.255,11.944],[10.275,11.913],[10.302,11.912],[10.303,11.873],[10.337,11.856],[10.358,11.889],[10.339,11.91],[10.383,11.883],[10.414,11.915],[10.46,11.907],[10.417,11.975],[10.438,11.986],[10.41,12.002],[10.395,12.049],[10.44,12.094],[10.419,12.131],[10.402,12.129],[10.395,12.161],[10.31,12.185],[10.32,12.232],[10.367,12.267],[10.355,12.283],[10.411,12.306],[10.43,12.272],[10.431,12.297],[10.447,12.296],[10.442,12.259],[10.486,12.258],[10.504,12.293],[10.527,12.295],[10.497,12.319],[10.52,12.361],[10.559,12.33],[10.621,12.321],[10.721,12.37],[10.764,12.37],[10.751,12.476],[10.691,12.514],[10.614,12.532],[10.591,12.518],[10.606,12.515],[10.591,12.505],[10.602,12.485],[10.452,12.439],[10.394,12.465],[10.339,12.441],[10.258,12.46],[10.225,12.434],[10.254,12.391],[10.208,12.355],[10.195,12.328],[10.207,12.312],[10.148,12.238],[10.17,12.165],[10.153,12.102],[10.167,12.059]]]}},{"type":"Feature","properties":{"id":"59680162B46802984315739"},"geometry":{"type":"Polygon","coordinates":[[[7.578,4.496],[7.533,4.526],[7.521,4.555],[7.544,4.58],[7.529,4.596],[7.477,4.584],[7.453,4.556],[7.48,4.49],[7.564,4.47],[7.578,4.496]]]}},{"type":"Feature","properties":{"id":"59680162B33775428128459"},"geometry":{"type":"Polygon","coordinates":[[[10.146,11.241],[10.134,11.256],[10.161,11.309],[10.114,11.341],[10.138,11.36],[10.126,11.398],[10.146,11.399],[10.148,11.419],[10.181,11.418],[10.193,11.441],[10.243,11.431],[10.257,11.451],[10.187,11.49],[10.176,11.507],[10.19,11.52],[10.164,11.556],[10.18,11.568],[10.152,11.572],[10.101,11.632],[10.093,11.669],[10.065,11.679],[10.061,11.643],[10.008,11.65],[9.998,11.67],[9.964,11.662],[9.938,11.612],[9.896,11.586],[9.924,11.563],[9.92,11.532],[9.904,11.553],[9.858,11.553],[9.848,11.575],[9.82,11.58],[9.831,11.54],[9.788,11.505],[9.785,11.468],[9.801,11.443],[9.856,11.466],[9.875,11.453],[9.883,11.359],[9.918,11.347],[9.912,11.317],[9.941,11.314],[9.999,11.265],[10.084,11.27],[10.12,11.237],[10.146,11.241]]]}},{"type":"Feature","properties":{"id":"59680162B55124041708975"},"geometry":{"type":"Polygon","coordinates":[[[9.518,10.113],[9.43,10.15],[9.389,10.117],[9.346,10.028],[9.374,9.942],[9.369,9.911],[9.349,9.902],[9.36,9.872],[9.484,9.911],[9.536,9.894],[9.566,9.911],[9.572,9.868],[9.603,9.893],[9.625,9.885],[9.63,9.906],[9.651,9.882],[9.674,9.896],[9.681,9.93],[9.635,9.93],[9.623,9.974],[9.576,9.986],[9.619,10.034],[9.518,10.113]]]}},{"type":"Feature","properties":{"id":"59680162B72641942292242"},"geometry":{"type":"Polygon","coordinates":[[[7.54,6.455],[7.511,6.477],[7.442,6.476],[7.427,6.442],[7.469,6.417],[7.491,6.434],[7.531,6.415],[7.54,6.455]]]}},{"type":"Feature","properties":{"id":"59680162B86414227144381"},"geometry":{"type":"Polygon","coordinates":[[[9.646,11.356],[9.681,11.371],[9.684,11.403],[9.716,11.436],[9.788,11.463],[9.788,11.505],[9.831,11.54],[9.82,11.58],[9.835,11.599],[9.811,11.622],[9.826,11.627],[9.831,11.685],[9.802,11.691],[9.78,11.737],[9.664,11.727],[9.661,11.681],[9.697,11.681],[9.695,11.657],[9.673,11.656],[9.61,11.593],[9.631,11.572],[9.65,11.472],[9.703,11.492],[9.649,11.461],[9.641,11.389],[9.599,11.383],[9.598,11.416],[9.581,11.393],[9.604,11.365],[9.637,11.373],[9.646,11.356]]]}},{"type":"Feature","properties":{"id":"59680162B24434385919413"},"geometry":{"type":"Polygon","coordinates":[[[7.741,5.008],[7.693,4.953],[7.637,4.96],[7.54,4.923],[7.524,4.881],[7.491,4.865],[7.512,4.793],[7.56,4.803],[7.598,4.841],[7.63,4.814],[7.672,4.873],[7.645,4.898],[7.758,4.999],[7.741,5.008]]]}},{"type":"Feature","properties":{"id":"59680162B6425058524044"},"geometry":{"type":"Polygon","coordinates":[[[6.408,8.603],[6.486,8.579],[6.536,8.628],[6.535,8.749],[6.576,8.787],[6.599,8.843],[6.579,8.933],[6.595,8.98],[6.545,9.067],[6.526,9.162],[6.535,9.221],[6.488,9.296],[6.426,9.305],[6.4,9.3],[6.37,9.234],[6.328,9.235],[6.31,9.209],[6.316,9.176],[6.272,9.179],[6.325,9.056],[6.293,9.05],[6.253,9.078],[6.248,9.032],[6.265,9.029],[6.264,8.958],[6.28,8.937],[6.26,8.852],[6.308,8.863],[6.342,8.834],[6.317,8.787],[6.334,8.775],[6.315,8.719],[6.359,8.685],[6.408,8.603]]]}},{"type":"Feature","properties":{"id":"59680162B58679994750141"},"geometry":{"type":"Polygon","coordinates":[[[8.142,11.993],[8.172,12.013],[8.247,12.017],[8.269,12.075],[8.251,12.12],[8.183,12.161],[8.174,12.208],[8.158,12.19],[8.131,12.21],[8.122,12.188],[8.042,12.182],[8.033,12.152],[8.005,12.144],[7.992,12.161],[7.993,12.084],[8.032,12.055],[8.039,12.069],[8.049,12.053],[8.112,12.069],[8.142,11.993]]]}},{"type":"Feature","properties":{"id":"59680162B79502957035648"},"geometry":{"type":"Polygon","coordinates":[[[7.952,10.131],[7.996,10.15],[7.992,10.195],[8.039,10.283],[8.071,10.286],[8.083,10.261],[8.065,10.239],[8.093,10.222],[8.128,10.249],[8.098,10.312],[8.033,10.302],[8.039,10.343],[8.0,10.45],[8.011,10.475],[7.932,10.466],[7.87,10.527],[7.829,10.498],[7.74,10.488],[7.691,10.432],[7.695,10.412],[7.596,10.395],[7.615,10.345],[7.604,10.309],[7.59,10.308],[7.589,10.281],[7.558,10.29],[7.538,10.275],[7.517,10.231],[7.511,10.195],[7.556,10.172],[7.598,10.1],[7.619,10.095],[7.637,10.038],[7.62,10.045],[7.627,10.017],[7.691,10.005],[7.721,10.02],[7.748,9.978],[7.802,10.0],[7.798,10.052],[7.82,10.069],[7.895,10.067],[7.952,10.131]]]}},{"type":"Feature","properties":{"id":"59680162B69752440983216"},"geometry":{"type":"Polygon","coordinates":[[[6.15,8.721],[6.268,8.739],[6.315,8.719],[6.33,8.756],[6.317,8.787],[6.342,8.834],[6.308,8.863],[6.26,8.852],[6.28,8.937],[6.264,8.958],[6.265,9.029],[6.248,9.032],[6.253,9.078],[6.293,9.05],[6.325,9.056],[6.267,9.163],[6.272,9.179],[6.316,9.176],[6.31,9.209],[6.328,9.235],[6.379,9.242],[6.4,9.3],[6.488,9.296],[6.503,9.314],[6.506,9.376],[6.477,9.441],[6.395,9.367],[6.236,9.467],[6.158,9.447],[6.163,9.339],[6.137,9.261],[6.221,9.231],[6.143,9.139],[6.093,9.022],[6.126,8.927],[6.127,8.753],[6.15,8.721]]]}},{"type":"Feature","properties":{"id":"59680162B10083289652159"},"geometry":{"type":"Polygon","coordinates":[[[7.695,11.431],[7.675,11.483],[7.68,11.524],[7.719,11.569],[7.707,11.595],[7.767,11.629],[7.902,11.653],[7.853,11.824],[7.765,11.858],[7.711,11.852],[7.679,11.826],[7.694,11.803],[7.67,11.786],[7.677,11.751],[7.653,11.71],[7.59,11.692],[7.55,11.74],[7.544,11.692],[7.522,11.672],[7.553,11.647],[7.553,11.619],[7.581,11.636],[7.614,11.627],[7.644,11.57],[7.633,11.553],[7.585,11.574],[7.584,11.496],[7.555,11.511],[7.507,11.49],[7.478,11.428],[7.533,11.436],[7.588,11.414],[7.599,11.391],[7.635,11.418],[7.668,11.406],[7.695,11.431]]]}},{"type":"Feature","properties":{"id":"59680162B4050907661224"},"geometry":{"type":"MultiPolygon","coordinates":[[[[5.868,11.107],[5.978,11.167],[6.016,11.138],[6.059,11.23],[6.047,11.163],[6.106,11.183],[6.109,11.238],[6.136,11.295],[6.191,11.334],[6.175,11.359],[6.201,11.39],[6.08,11.388],[6.01,11.463],[5.968,11.467],[5.934,11.437],[5.835,11.435],[5.816,11.515],[5.829,11.625],[5.78,11.684],[5.705,11.688],[5.67,11.661],[5.564,11.684],[5.528,11.661],[5.516,11.671],[5.497,11.613],[5.515,11.574],[5.509,11.488],[5.406,11.452],[5.402,11.424],[5.425,11.393],[5.418,11.372],[5.49,11.349],[5.473,11.304],[5.5,11.284],[5.485,11.255],[5.603,11.248],[5.717,11.169],[5.777,11.168],[5.758,11.205],[5.812,11.205],[5.794,11.135],[5.868,11.107]]],[[[4.941,11.731],[4.936,11.657],[5.053,11.587],[5.086,11.541],[5.106,11.55],[5.125,11.506],[5.166,11.556],[5.262,11.532],[5.296,11.546],[5.307,11.574],[5.369,11.551],[5.46,11.673],[5.44,11.709],[5.35,11.709],[5.328,11.772],[5.296,11.755],[5.318,11.778],[5.31,11.794],[5.238,11.756],[5.178,11.792],[5.177,11.744],[5.081,11.732],[5.063,11.708],[5.007,11.75],[4.941,11.731]]]]}},{"type":"Feature","properties":{"id":"59680162B96484505623852"},"geometry":{"type":"Polygon","coordinates":[[[6.126,9.078],[6.055,9.09],[6.017,9.152],[5.997,9.135],[5.91,9.159],[5.837,9.132],[5.81,9.046],[5.818,9.0],[5.88,8.927],[5.979,8.917],[6.026,8.932],[6.098,8.913],[6.113,8.965],[6.093,9.022],[6.126,9.078]]]}},{"type":"Feature","properties":{"id":"59680162B60638866528984"},"geometry":{"type":"Polygon","coordinates":[[[10.855,10.241],[10.863,10.268],[10.819,10.313],[10.835,10.4],[10.804,10.424],[10.81,10.448],[10.791,10.435],[10.73,10.487],[10.662,10.491],[10.558,10.601],[10.563,10.642],[10.529,10.65],[10.494,10.688],[10.467,10.607],[10.427,10.615],[10.346,10.591],[10.337,10.556],[10.305,10.537],[10.323,10.491],[10.227,10.429],[10.237,10.377],[10.213,10.359],[10.211,10.317],[10.265,10.308],[10.295,10.27],[10.416,10.279],[10.519,10.252],[10.581,10.255],[10.638,10.214],[10.703,10.271],[10.757,10.236],[10.855,10.241]]]}},{"type":"Feature","properties":{"id":"59680162B35628626888177"},"geometry":{"type":"Polygon","coordinates":[[[3.764,12.099],[3.71,12.146],[3.628,12.125],[3.672,11.976],[3.619,11.908],[3.632,11.825],[3.663,11.798],[3.664,11.755],[3.628,11.709],[3.643,11.665],[3.806,11.605],[3.826,11.581],[3.837,11.619],[3.887,11.64],[3.944,11.641],[3.962,11.617],[3.99,11.717],[4.016,11.731],[4.015,11.786],[3.969,11.837],[3.96,11.881],[3.969,11.981],[3.995,11.999],[3.939,12.071],[3.764,12.099]]]}},{"type":"Feature","properties":{"id":"59680162B25890229119009"},"geometry":{"type":"Polygon","coordinates":[[[3.806,11.574],[3.806,11.605],[3.643,11.665],[3.628,11.709],[3.526,11.679],[3.511,11.67],[3.511,11.525],[3.475,11.43],[3.492,11.3],[3.565,11.253],[3.663,11.148],[3.722,11.132],[3.717,11.02],[3.77,10.92],[3.802,10.946],[3.933,10.943],[3.993,11.016],[4.1,11.026],[4.267,11.025],[4.257,10.99],[4.277,10.954],[4.314,10.95],[4.329,11.002],[4.305,11.145],[4.333,11.158],[4.338,11.182],[4.308,11.172],[4.262,11.203],[4.235,11.268],[4.183,11.293],[4.177,11.331],[4.201,11.356],[4.26,11.359],[4.407,11.438],[4.372,11.492],[4.406,11.5],[4.394,11.558],[4.247,11.612],[4.213,11.674],[4.184,11.642],[4.144,11.662],[4.104,11.648],[4.108,11.617],[4.068,11.61],[4.059,11.582],[4.016,11.562],[3.989,11.501],[3.806,11.574]]]}},{"type":"Feature","properties":{"id":"59680162B8390528040617"},"geometry":{"type":"Polygon","coordinates":[[[7.494,12.086],[7.463,12.097],[7.434,12.142],[7.359,12.118],[7.291,12.154],[7.254,12.102],[7.13,12.068],[7.309,11.851],[7.417,11.803],[7.426,11.814],[7.52,11.792],[7.521,11.815],[7.598,11.816],[7.635,11.838],[7.645,11.887],[7.571,11.962],[7.515,11.963],[7.536,12.014],[7.564,12.031],[7.541,12.049],[7.513,12.032],[7.494,12.086]]]}},{"type":"Feature","properties":{"id":"59680162B90895100901083"},"geometry":{"type":"Polygon","coordinates":[[[9.664,11.727],[9.78,11.737],[9.802,11.691],[9.828,11.692],[9.835,11.726],[9.912,11.738],[9.935,11.77],[9.98,11.748],[9.993,11.769],[10.054,11.776],[10.092,11.81],[10.119,11.811],[10.14,11.757],[10.216,11.779],[10.246,11.739],[10.384,11.785],[10.391,11.824],[10.36,11.84],[10.367,11.856],[10.45,11.869],[10.474,11.895],[10.414,11.915],[10.383,11.883],[10.339,11.91],[10.358,11.889],[10.337,11.856],[10.303,11.873],[10.302,11.912],[10.275,11.913],[10.255,11.944],[10.211,11.938],[10.219,11.968],[10.178,11.983],[10.231,12.078],[10.202,12.081],[10.17,12.064],[10.176,12.043],[10.155,12.023],[10.097,12.019],[10.089,11.992],[9.889,11.937],[9.834,11.89],[9.754,11.862],[9.708,11.85],[9.679,11.865],[9.67,11.784],[9.641,11.779],[9.619,11.745],[9.664,11.727]]]}},{"type":"Feature","properties":{"id":"59680162B5781056238943"},"geometry":{"type":"Polygon","coordinates":[[[3.364,6.476],[3.339,6.475],[3.356,6.455],[3.332,6.43],[3.377,6.398],[3.4,6.41],[3.403,6.439],[3.364,6.476]]]}},{"type":"Feature","properties":{"id":"59680162B42065071303183"},"geometry":{"type":"Polygon","coordinates":[[[4.911,6.958],[4.99,6.9],[5.007,6.98],[4.992,7.064],[5.003,7.2],[4.877,7.187],[4.88,7.104],[4.924,7.083],[4.911,6.958]]]}},{"type":"Feature","properties":{"id":"59680162B82946706311025"},"geometry":{"type":"Polygon","coordinates":[[[9.615,11.24],[9.63,11.196],[9.621,11.155],[9.657,11.112],[9.628,11.052],[9.725,11.034],[9.769,11.048],[9.786,11.008],[9.858,11.023],[9.855,11.077],[9.889,11.094],[9.881,11.196],[9.861,11.198],[9.825,11.28],[9.684,11.222],[9.615,11.24]]]}},{"type":"Feature","properties":{"id":"59680162B44758551949173"},"geometry":{"type":"Polygon","coordinates":[[[10.597,11.66],[10.508,11.689],[10.501,11.723],[10.472,11.708],[10.462,11.735],[10.485,11.745],[10.486,11.796],[10.475,11.818],[10.43,11.827],[10.408,11.866],[10.36,11.84],[10.391,11.824],[10.384,11.785],[10.307,11.752],[10.246,11.739],[10.216,11.779],[10.14,11.757],[10.119,11.811],[10.092,11.81],[10.054,11.776],[9.993,11.769],[9.975,11.747],[9.983,11.707],[10.002,11.701],[10.065,11.72],[10.077,11.671],[10.093,11.669],[10.101,11.632],[10.152,11.572],[10.187,11.566],[10.249,11.607],[10.339,11.628],[10.332,11.574],[10.37,11.573],[10.376,11.558],[10.405,11.568],[10.356,11.509],[10.394,11.445],[10.501,11.512],[10.539,11.492],[10.558,11.509],[10.576,11.488],[10.6,11.517],[10.622,11.551],[10.594,11.591],[10.606,11.607],[10.597,11.66]]]}},{"type":"Feature","properties":{"id":"59680162B59976260592487"},"geometry":{"type":"Polygon","coordinates":[[[7.905,13.006],[7.849,13.097],[7.798,13.028],[7.808,12.943],[7.766,12.879],[7.824,12.789],[7.886,12.795],[7.884,12.82],[7.921,12.819],[7.944,12.85],[8.018,12.843],[8.0,12.76],[7.927,12.752],[7.955,12.722],[7.964,12.743],[7.993,12.741],[8.015,12.705],[8.068,12.768],[8.107,12.781],[8.092,12.864],[8.074,12.877],[8.084,12.924],[8.064,12.94],[8.038,12.916],[7.978,12.932],[7.955,12.914],[7.935,12.968],[7.899,12.978],[7.905,13.006]]]}},{"type":"Feature","properties":{"id":"59680162B60875368726655"},"geometry":{"type":"Polygon","coordinates":[[[8.087,9.231],[8.062,9.052],[8.138,9.036],[8.192,9.052],[8.233,9.105],[8.258,9.183],[8.343,9.194],[8.387,9.176],[8.447,9.113],[8.504,9.001],[8.533,9.004],[8.576,9.034],[8.567,9.061],[8.65,9.173],[8.698,9.321],[8.695,9.378],[8.642,9.401],[8.578,9.499],[8.516,9.493],[8.448,9.434],[8.413,9.369],[8.267,9.28],[8.247,9.239],[8.13,9.215],[8.087,9.231]]]}},{"type":"Feature","properties":{"id":"59680162B11671066128606"},"geometry":{"type":"Polygon","coordinates":[[[9.577,9.523],[9.579,9.552],[9.651,9.522],[9.761,9.539],[9.808,9.58],[9.802,9.689],[9.753,9.69],[9.642,9.737],[9.613,9.724],[9.539,9.747],[9.524,9.768],[9.514,9.749],[9.418,9.754],[9.408,9.732],[9.433,9.718],[9.509,9.714],[9.475,9.686],[9.461,9.642],[9.438,9.655],[9.405,9.592],[9.486,9.53],[9.541,9.51],[9.577,9.523]]]}},{"type":"Feature","properties":{"id":"59680162B28106531466158"},"geometry":{"type":"Polygon","coordinates":[[[11.245,11.657],[11.22,11.636],[11.236,11.604],[11.179,11.579],[11.15,11.571],[11.154,11.595],[11.137,11.604],[11.056,11.597],[11.056,11.58],[10.952,11.543],[10.93,11.516],[10.91,11.331],[10.933,11.315],[10.917,11.271],[10.944,11.276],[10.926,11.251],[10.982,11.179],[11.077,11.287],[11.092,11.226],[11.182,11.199],[11.224,11.165],[11.249,11.184],[11.311,11.169],[11.319,11.186],[11.371,11.098],[11.484,11.021],[11.528,11.056],[11.516,11.072],[11.551,11.128],[11.522,11.172],[11.572,11.247],[11.571,11.3],[11.626,11.422],[11.564,11.457],[11.471,11.441],[11.381,11.387],[11.322,11.417],[11.36,11.474],[11.357,11.501],[11.303,11.495],[11.316,11.529],[11.291,11.543],[11.29,11.616],[11.245,11.657]]]}},{"type":"Feature","properties":{"id":"59680162B82387239737873"},"geometry":{"type":"Polygon","coordinates":[[[7.116,8.926],[7.103,8.906],[7.187,8.838],[7.189,8.809],[7.106,8.754],[7.1,8.726],[7.126,8.705],[7.125,8.674],[7.04,8.617],[6.978,8.52],[6.981,8.444],[7.08,8.443],[7.084,8.419],[7.124,8.423],[7.133,8.449],[7.365,8.488],[7.478,8.631],[7.335,8.64],[7.343,8.68],[7.389,8.729],[7.497,8.73],[7.5,8.76],[7.48,8.784],[7.482,8.868],[7.41,8.877],[7.412,8.909],[7.335,8.921],[7.327,8.884],[7.273,8.913],[7.191,8.907],[7.116,8.926]]]}},{"type":"Feature","properties":{"id":"59680162B44120553871969"},"geometry":{"type":"Polygon","coordinates":[[[9.356,12.664],[9.356,12.704],[9.32,12.755],[9.351,12.782],[9.335,12.823],[9.041,12.846],[9.055,12.8],[9.087,12.774],[9.06,12.71],[9.013,12.69],[9.043,12.662],[9.039,12.628],[9.0,12.587],[9.1,12.523],[9.124,12.543],[9.167,12.535],[9.225,12.464],[9.242,12.472],[9.26,12.43],[9.309,12.435],[9.399,12.409],[9.407,12.453],[9.384,12.472],[9.406,12.55],[9.344,12.54],[9.357,12.558],[9.317,12.593],[9.316,12.662],[9.356,12.664]]]}},{"type":"Feature","properties":{"id":"59680162B74859155842016"},"geometry":{"type":"Polygon","coordinates":[[[3.94,7.42],[3.899,7.379],[3.926,7.364],[3.915,7.337],[3.94,7.358],[3.928,7.393],[3.94,7.42]]]}},{"type":"Feature","properties":{"id":"59680162B3936014826761"},"geometry":{"type":"Polygon","coordinates":[[[7.788,12.709],[7.815,12.684],[7.782,12.69],[7.76,12.667],[7.792,12.658],[7.8,12.625],[7.83,12.627],[7.865,12.602],[7.897,12.609],[7.91,12.565],[7.954,12.595],[7.984,12.577],[7.999,12.617],[7.955,12.627],[7.963,12.731],[7.945,12.726],[7.927,12.752],[8.0,12.76],[8.025,12.838],[7.944,12.85],[7.921,12.819],[7.884,12.82],[7.886,12.795],[7.824,12.789],[7.797,12.826],[7.78,12.801],[7.794,12.755],[7.775,12.757],[7.788,12.709]]]}},{"type":"Feature","properties":{"id":"59680162B63804955714699"},"geometry":{"type":"MultiPolygon","coordinates":[[[[4.553,8.5],[4.561,8.481],[4.568,8.493],[4.553,8.5]]],[[[4.567,8.472],[4.658,8.398],[4.68,8.416],[4.724,8.381],[4.783,8.413],[4.762,8.439],[4.768,8.479],[4.699,8.486],[4.668,8.517],[4.608,8.519],[4.586,8.572],[4.479,8.561],[4.479,8.508],[4.569,8.544],[4.57,8.507],[4.599,8.474],[4.567,8.472]]]]}},{"type":"Feature","properties":{"id":"59680162B43637132059207"},"geometry":{"type":"Polygon","coordinates":[[[10.802,11.936],[10.827,12.096],[10.799,12.128],[10.764,12.37],[10.721,12.37],[10.621,12.321],[10.559,12.33],[10.52,12.361],[10.497,12.319],[10.527,12.295],[10.504,12.293],[10.486,12.258],[10.442,12.259],[10.447,12.296],[10.431,12.297],[10.43,12.272],[10.411,12.306],[10.355,12.283],[10.367,12.267],[10.32,12.232],[10.31,12.185],[10.395,12.161],[10.402,12.129],[10.419,12.131],[10.44,12.094],[10.395,12.049],[10.41,12.002],[10.438,11.986],[10.416,11.979],[10.439,11.927],[10.474,11.895],[10.45,11.869],[10.408,11.866],[10.43,11.827],[10.475,11.818],[10.49,11.771],[10.462,11.735],[10.472,11.708],[10.501,11.723],[10.526,11.674],[10.557,11.663],[10.582,11.698],[10.632,11.705],[10.687,11.809],[10.736,11.784],[10.757,11.749],[10.805,11.761],[10.825,11.801],[10.85,11.793],[10.869,11.81],[10.878,11.829],[10.817,11.886],[10.802,11.936]]]}},{"type":"Feature","properties":{"id":"59680162B31389051207927"},"geometry":{"type":"Polygon","coordinates":[[[9.764,12.146],[9.803,12.027],[9.823,12.024],[9.81,11.964],[9.878,11.963],[9.899,11.938],[10.089,11.992],[10.097,12.019],[10.155,12.023],[10.176,12.043],[10.152,12.09],[10.17,12.165],[10.148,12.238],[10.205,12.324],[10.102,12.387],[10.017,12.374],[9.958,12.316],[9.956,12.279],[9.82,12.202],[9.804,12.163],[9.764,12.146]]]}},{"type":"Feature","properties":{"id":"59680162B74094197759690"},"geometry":{"type":"Polygon","coordinates":[[[2.887,6.567],[2.892,6.511],[3.077,6.492],[3.16,6.508],[3.201,6.533],[3.193,6.578],[3.238,6.62],[3.238,6.661],[3.258,6.697],[3.278,6.694],[3.282,6.73],[3.246,6.774],[3.219,6.751],[3.123,6.749],[3.108,6.728],[3.082,6.762],[3.05,6.752],[3.01,6.672],[2.956,6.687],[2.926,6.595],[2.887,6.567]]]}},{"type":"Feature","properties":{"id":"59680162B51570410917379"},"geometry":{"type":"Polygon","coordinates":[[[9.033,11.528],[9.021,11.577],[8.968,11.571],[8.946,11.608],[8.911,11.621],[8.889,11.604],[8.86,11.613],[8.898,11.624],[8.912,11.655],[8.905,11.692],[8.881,11.691],[8.862,11.734],[8.82,11.714],[8.824,11.69],[8.788,11.705],[8.791,11.722],[8.756,11.726],[8.769,11.68],[8.752,11.608],[8.77,11.553],[8.758,11.528],[8.795,11.414],[8.786,11.395],[8.85,11.429],[8.827,11.455],[8.846,11.497],[8.879,11.506],[8.881,11.556],[8.934,11.574],[8.943,11.555],[9.002,11.547],[9.005,11.525],[9.033,11.528]]]}},{"type":"Feature","properties":{"id":"59680162B90439441381954"},"geometry":{"type":"Polygon","coordinates":[[[8.481,10.716],[8.572,10.748],[8.559,10.789],[8.585,10.861],[8.568,10.907],[8.615,11.018],[8.607,11.071],[8.506,11.132],[8.412,11.108],[8.402,11.154],[8.319,11.185],[8.302,11.162],[8.311,11.127],[8.289,11.105],[8.223,11.104],[8.228,11.133],[8.213,11.14],[8.167,11.125],[8.166,11.08],[8.217,11.023],[8.25,10.937],[8.183,10.896],[8.145,10.797],[8.127,10.809],[8.063,10.781],[8.087,10.74],[8.075,10.706],[8.091,10.674],[8.182,10.68],[8.212,10.651],[8.24,10.663],[8.25,10.597],[8.314,10.565],[8.32,10.494],[8.349,10.493],[8.416,10.444],[8.422,10.468],[8.392,10.494],[8.367,10.573],[8.345,10.577],[8.364,10.588],[8.334,10.651],[8.371,10.674],[8.369,10.707],[8.399,10.732],[8.481,10.716]]]}},{"type":"Feature","properties":{"id":"59680162B18982121994254"},"geometry":{"type":"Polygon","coordinates":[[[10.272,8.067],[10.27,8.104],[10.332,8.145],[10.31,8.228],[10.246,8.257],[10.033,8.237],[9.973,8.296],[9.899,8.256],[9.836,8.116],[9.804,8.091],[9.725,8.083],[9.633,8.106],[9.537,8.092],[9.179,7.908],[9.116,7.808],[9.13,7.788],[9.387,7.845],[9.602,7.83],[9.798,7.615],[9.865,7.688],[9.949,7.731],[10.112,7.882],[10.272,8.067]]]}},{"type":"Feature","properties":{"id":"59680162B96182902271382"},"geometry":{"type":"Polygon","coordinates":[[[8.03,11.979],[8.003,11.999],[7.983,11.973],[7.921,11.96],[7.889,11.99],[7.884,12.021],[7.866,12.021],[7.826,11.953],[7.865,11.873],[7.858,11.795],[7.899,11.78],[7.905,11.813],[8.026,11.833],[8.085,11.891],[8.123,11.9],[8.112,11.932],[8.086,11.926],[8.047,11.952],[8.006,11.941],[8.03,11.979]]]}},{"type":"Feature","properties":{"id":"59680162B52775693188226"},"geometry":{"type":"Polygon","coordinates":[[[7.327,4.763],[7.38,4.827],[7.445,4.822],[7.497,4.781],[7.511,4.807],[7.416,4.867],[7.32,4.88],[7.218,4.857],[7.094,4.904],[7.127,4.833],[7.135,4.854],[7.172,4.851],[7.148,4.794],[7.232,4.83],[7.256,4.793],[7.327,4.763]]]}},{"type":"Feature","properties":{"id":"59680162B30773939854921"},"geometry":{"type":"Polygon","coordinates":[[[5.975,5.138],[5.99,5.186],[6.071,5.208],[6.007,5.246],[6.028,5.327],[5.981,5.431],[5.994,5.475],[5.969,5.482],[5.965,5.505],[5.909,5.504],[5.928,5.534],[5.917,5.546],[5.82,5.562],[5.89,5.483],[5.886,5.431],[5.841,5.409],[5.788,5.442],[5.702,5.41],[5.722,5.335],[5.805,5.359],[5.818,5.342],[5.795,5.315],[5.845,5.288],[5.839,5.243],[5.857,5.218],[5.975,5.138]]]}},{"type":"Feature","properties":{"id":"59680162B55504856664882"},"geometry":{"type":"Polygon","coordinates":[[[4.483,11.532],[4.497,11.495],[4.616,11.533],[4.638,11.479],[4.703,11.477],[4.776,11.399],[4.766,11.359],[4.791,11.327],[4.879,11.355],[4.898,11.391],[4.959,11.369],[4.988,11.313],[5.011,11.332],[5.102,11.339],[5.142,11.394],[5.144,11.411],[5.123,11.413],[5.133,11.453],[5.163,11.469],[5.106,11.55],[5.086,11.541],[5.053,11.587],[4.936,11.657],[4.934,11.722],[4.894,11.709],[4.889,11.75],[4.85,11.735],[4.82,11.767],[4.721,11.695],[4.677,11.682],[4.662,11.694],[4.667,11.668],[4.635,11.672],[4.546,11.634],[4.547,11.597],[4.57,11.574],[4.523,11.53],[4.483,11.532]]]}},{"type":"Feature","properties":{"id":"59680162B31064170938287"},"geometry":{"type":"Polygon","coordinates":[[[9.681,12.821],[9.729,12.784],[9.796,12.638],[9.698,12.564],[9.664,12.563],[9.643,12.476],[9.666,12.466],[9.648,12.429],[9.579,12.391],[9.611,12.324],[9.672,12.334],[9.684,12.287],[9.742,12.305],[9.778,12.285],[9.795,12.313],[9.829,12.305],[9.843,12.335],[9.897,12.35],[9.891,12.383],[9.939,12.414],[9.892,12.439],[9.79,12.403],[9.749,12.429],[9.742,12.443],[9.802,12.492],[9.784,12.512],[9.827,12.527],[9.822,12.577],[9.856,12.589],[9.862,12.665],[9.765,12.796],[9.681,12.821]]]}},{"type":"Feature","properties":{"id":"59680162B14396821090751"},"geometry":{"type":"Polygon","coordinates":[[[6.251,6.836],[6.209,6.789],[6.221,6.764],[6.17,6.714],[6.194,6.642],[6.135,6.589],[6.143,6.578],[6.208,6.593],[6.264,6.648],[6.244,6.742],[6.378,6.767],[6.379,6.814],[6.303,6.828],[6.272,6.792],[6.251,6.836]]]}},{"type":"Feature","properties":{"id":"59680162B20432910054227"},"geometry":{"type":"Polygon","coordinates":[[[5.915,13.565],[5.8,13.577],[5.774,13.503],[5.702,13.484],[5.676,13.583],[5.689,13.601],[5.642,13.619],[5.545,13.569],[5.575,13.505],[5.485,13.377],[5.524,13.306],[5.539,13.318],[5.59,13.287],[5.609,13.302],[5.712,13.289],[5.805,13.31],[5.852,13.291],[5.861,13.221],[5.722,13.238],[5.705,13.185],[5.721,13.107],[5.854,13.121],[6.023,13.085],[5.983,13.254],[5.992,13.315],[6.057,13.394],[6.011,13.469],[5.962,13.488],[5.915,13.565]]]}},{"type":"Feature","properties":{"id":"59680162B5704166644463"},"geometry":{"type":"Polygon","coordinates":[[[3.341,7.501],[3.375,7.498],[3.372,7.481],[3.399,7.444],[3.396,7.459],[3.453,7.495],[3.483,7.417],[3.474,7.389],[3.546,7.441],[3.548,7.479],[3.578,7.499],[3.611,7.583],[3.589,7.682],[3.631,7.71],[3.596,7.786],[3.578,7.795],[3.539,7.704],[3.508,7.697],[3.472,7.719],[3.414,7.658],[3.39,7.664],[3.357,7.641],[3.36,7.548],[3.337,7.524],[3.341,7.501]]]}},{"type":"Feature","properties":{"id":"59680162B29680565367836"},"geometry":{"type":"Polygon","coordinates":[[[5.443,6.041],[5.513,6.035],[5.546,5.985],[5.669,6.052],[5.764,5.998],[5.727,6.095],[5.768,6.216],[5.824,6.236],[5.807,6.283],[5.763,6.315],[5.765,6.282],[5.69,6.323],[5.706,6.37],[5.65,6.378],[5.628,6.237],[5.571,6.207],[5.516,6.093],[5.464,6.099],[5.443,6.041]]]}},{"type":"Feature","properties":{"id":"59680162B11400589438827"},"geometry":{"type":"Polygon","coordinates":[[[7.559,6.208],[7.505,6.237],[7.504,6.272],[7.442,6.289],[7.432,6.312],[7.367,6.218],[7.413,6.134],[7.404,6.012],[7.513,6.021],[7.554,6.078],[7.5,6.137],[7.513,6.181],[7.55,6.173],[7.559,6.208]]]}},{"type":"Feature","properties":{"id":"59680162B59717618896779"},"geometry":{"type":"MultiPolygon","coordinates":[[[[4.139,8.023],[4.153,8.018],[4.168,8.028],[4.151,8.044],[4.139,8.023]]],[[[4.21,8.97],[4.127,8.906],[3.977,8.876],[3.897,8.75],[3.878,8.692],[3.905,8.645],[3.874,8.554],[3.931,8.469],[4.048,8.506],[4.188,8.5],[4.269,8.556],[4.209,8.681],[4.195,8.816],[4.258,8.901],[4.335,8.958],[4.335,8.981],[4.316,8.998],[4.253,8.967],[4.21,8.97]]]]}},{"type":"Feature","properties":{"id":"59680162B92155854422456"},"geometry":{"type":"Polygon","coordinates":[[[6.083,8.402],[6.089,8.325],[6.067,8.264],[6.073,8.228],[6.055,8.211],[6.071,8.163],[6.027,8.155],[6.08,8.012],[6.054,7.93],[6.067,7.863],[6.037,7.871],[6.022,7.841],[6.054,7.79],[6.054,7.747],[6.086,7.739],[6.122,7.682],[6.186,7.718],[6.268,7.706],[6.268,7.783],[6.323,7.843],[6.327,7.916],[6.249,7.997],[6.22,8.069],[6.23,8.095],[6.287,8.095],[6.388,8.002],[6.418,8.02],[6.464,8.006],[6.447,8.063],[6.496,8.163],[6.396,8.329],[6.268,8.449],[6.193,8.465],[6.113,8.441],[6.083,8.402]]]}},{"type":"Feature","properties":{"id":"59680162B85522063023223"},"geometry":{"type":"Polygon","coordinates":[[[9.195,11.327],[9.175,11.306],[9.13,11.329],[9.102,11.307],[9.085,11.315],[8.92,11.177],[8.893,11.117],[8.856,11.098],[8.805,11.104],[8.78,11.019],[8.789,10.942],[8.767,10.942],[8.746,10.857],[8.907,10.835],[8.961,10.806],[9.021,10.813],[9.043,10.775],[9.035,10.738],[9.191,10.696],[9.355,10.745],[9.437,10.808],[9.597,10.858],[9.606,10.935],[9.639,10.963],[9.625,11.061],[9.657,11.093],[9.614,11.177],[9.63,11.196],[9.615,11.24],[9.594,11.257],[9.609,11.315],[9.512,11.313],[9.498,11.278],[9.412,11.3],[9.346,11.347],[9.195,11.327]]]}},{"type":"Feature","properties":{"id":"59680162B29995960925404"},"geometry":{"type":"Polygon","coordinates":[[[10.267,7.278],[10.238,7.241],[10.232,7.141],[10.165,7.021],[10.195,6.918],[10.238,6.878],[10.513,6.878],[10.56,7.022],[10.615,7.069],[10.767,6.956],[10.842,6.958],[10.93,7.031],[10.993,7.138],[10.995,7.278],[10.929,7.406],[10.91,7.506],[10.891,7.548],[10.789,7.64],[10.562,7.449],[10.481,7.353],[10.439,7.338],[10.403,7.257],[10.323,7.247],[10.267,7.278]]]}},{"type":"Feature","properties":{"id":"59680162B75348496545912"},"geometry":{"type":"Polygon","coordinates":[[[7.507,11.49],[7.555,11.511],[7.584,11.496],[7.585,11.574],[7.633,11.553],[7.644,11.57],[7.62,11.622],[7.581,11.636],[7.553,11.619],[7.553,11.647],[7.45,11.698],[7.394,11.822],[7.302,11.862],[7.302,11.776],[7.284,11.748],[7.337,11.672],[7.318,11.614],[7.343,11.598],[7.304,11.566],[7.325,11.559],[7.34,11.513],[7.456,11.544],[7.5,11.517],[7.507,11.49]]]}},{"type":"Feature","properties":{"id":"59680162B33769534671223"},"geometry":{"type":"Polygon","coordinates":[[[8.052,4.75],[8.088,4.793],[8.081,4.835],[8.1,4.884],[8.019,4.907],[8.008,4.869],[8.03,4.857],[7.976,4.838],[7.975,4.801],[8.022,4.752],[8.052,4.75]]]}},{"type":"Feature","properties":{"id":"59680162B50176982462081"},"geometry":{"type":"Polygon","coordinates":[[[7.863,12.233],[7.878,12.253],[7.865,12.281],[7.903,12.332],[7.858,12.338],[7.845,12.317],[7.794,12.358],[7.798,12.372],[7.837,12.377],[7.842,12.354],[7.879,12.373],[7.881,12.391],[7.859,12.394],[7.878,12.444],[7.849,12.453],[7.85,12.475],[7.943,12.558],[7.918,12.578],[7.899,12.57],[7.911,12.594],[7.897,12.609],[7.865,12.602],[7.83,12.627],[7.771,12.608],[7.777,12.596],[7.713,12.612],[7.711,12.579],[7.725,12.579],[7.738,12.525],[7.757,12.523],[7.715,12.499],[7.736,12.46],[7.699,12.377],[7.676,12.393],[7.68,12.413],[7.649,12.428],[7.633,12.417],[7.609,12.343],[7.674,12.337],[7.717,12.303],[7.773,12.303],[7.79,12.269],[7.831,12.267],[7.863,12.233]]]}},{"type":"Feature","properties":{"id":"59680162B30447030328077"},"geometry":{"type":"Polygon","coordinates":[[[9.4,12.56],[9.41,12.537],[9.384,12.472],[9.407,12.453],[9.399,12.409],[9.421,12.384],[9.535,12.367],[9.648,12.429],[9.666,12.466],[9.643,12.476],[9.664,12.563],[9.563,12.579],[9.566,12.602],[9.509,12.577],[9.463,12.591],[9.432,12.555],[9.4,12.56]]]}},{"type":"Feature","properties":{"id":"59680162B9145923747098"},"geometry":{"type":"Polygon","coordinates":[[[10.334,11.206],[10.333,11.26],[10.297,11.323],[10.299,11.352],[10.339,11.377],[10.338,11.402],[10.319,11.402],[10.306,11.464],[10.406,11.557],[10.332,11.574],[10.339,11.628],[10.249,11.607],[10.164,11.558],[10.19,11.52],[10.176,11.507],[10.187,11.49],[10.239,11.471],[10.257,11.443],[10.148,11.419],[10.123,11.379],[10.138,11.36],[10.114,11.341],[10.161,11.309],[10.134,11.256],[10.159,11.231],[10.334,11.206]]]}},{"type":"Feature","properties":{"id":"59680162B67610911656226"},"geometry":{"type":"Polygon","coordinates":[[[6.339,6.668],[6.285,6.664],[6.218,6.619],[6.207,6.586],[6.223,6.498],[6.114,6.481],[6.132,6.404],[6.216,6.421],[6.282,6.36],[6.306,6.414],[6.281,6.432],[6.297,6.479],[6.262,6.527],[6.335,6.59],[6.35,6.627],[6.339,6.668]]]}},{"type":"Feature","properties":{"id":"59680162B82334724733824"},"geometry":{"type":"Polygon","coordinates":[[[5.214,7.252],[5.249,7.202],[5.316,7.162],[5.365,7.093],[5.45,7.065],[5.487,7.093],[5.477,7.114],[5.428,7.121],[5.419,7.25],[5.358,7.296],[5.32,7.441],[5.192,7.437],[5.214,7.252]]]}},{"type":"Feature","properties":{"id":"59680162B16294292751838"},"geometry":{"type":"Polygon","coordinates":[[[7.363,4.571],[7.529,4.596],[7.516,4.663],[7.542,4.73],[7.532,4.768],[7.431,4.827],[7.367,4.823],[7.357,4.782],[7.327,4.763],[7.357,4.658],[7.331,4.656],[7.305,4.594],[7.337,4.597],[7.363,4.571]]]}},{"type":"Feature","properties":{"id":"59680162B34726688570577"},"geometry":{"type":"Polygon","coordinates":[[[7.758,4.999],[7.645,4.898],[7.672,4.873],[7.63,4.814],[7.598,4.841],[7.56,4.803],[7.512,4.793],[7.542,4.73],[7.526,4.664],[7.612,4.661],[7.703,4.714],[7.711,4.738],[7.695,4.743],[7.79,4.882],[7.776,4.903],[7.79,4.967],[7.758,4.999]]]}},{"type":"Feature","properties":{"id":"59680162B30906229675123"},"geometry":{"type":"Polygon","coordinates":[[[10.638,11.565],[10.576,11.488],[10.558,11.509],[10.539,11.492],[10.501,11.512],[10.394,11.445],[10.352,11.512],[10.306,11.464],[10.319,11.402],[10.338,11.402],[10.339,11.377],[10.299,11.352],[10.297,11.323],[10.333,11.26],[10.334,11.206],[10.45,11.221],[10.526,11.266],[10.562,11.255],[10.569,11.315],[10.587,11.314],[10.605,11.369],[10.588,11.384],[10.602,11.407],[10.718,11.428],[10.708,11.493],[10.638,11.565]]]}},{"type":"Feature","properties":{"id":"59680162B30593466404451"},"geometry":{"type":"Polygon","coordinates":[[[6.147,4.941],[6.249,5.01],[6.274,5.056],[6.305,5.05],[6.322,5.086],[6.358,5.094],[6.4,5.146],[6.389,5.194],[6.254,5.171],[6.148,5.015],[6.147,4.941]]]}},{"type":"Feature","properties":{"id":"59680162B44599338364171"},"geometry":{"type":"Polygon","coordinates":[[[8.077,11.88],[8.026,11.833],[7.905,11.813],[7.899,11.78],[7.858,11.795],[7.901,11.65],[7.927,11.642],[7.982,11.668],[7.959,11.693],[8.048,11.68],[8.081,11.751],[8.141,11.79],[8.129,11.852],[8.079,11.848],[8.077,11.88]]]}},{"type":"Feature","properties":{"id":"59680162B84100135495566"},"geometry":{"type":"Polygon","coordinates":[[[5.98,4.938],[5.989,4.814],[6.073,4.822],[6.09,4.977],[6.055,5.049],[6.075,5.06],[6.117,4.992],[6.142,4.999],[6.254,5.171],[6.401,5.195],[6.487,5.241],[6.563,5.32],[6.57,5.372],[6.485,5.379],[6.494,5.326],[6.45,5.328],[6.409,5.305],[6.334,5.318],[6.285,5.279],[6.29,5.234],[6.213,5.239],[6.196,5.223],[6.191,5.159],[6.166,5.161],[6.13,5.129],[6.086,5.151],[6.055,5.097],[6.005,5.104],[5.975,5.138],[5.96,5.101],[5.992,5.048],[5.98,4.938]]]}},{"type":"Feature","properties":{"id":"59680162B71065109904105"},"geometry":{"type":"Polygon","coordinates":[[[9.146,12.326],[9.217,12.335],[9.249,12.306],[9.283,12.317],[9.336,12.285],[9.367,12.336],[9.401,12.337],[9.417,12.315],[9.535,12.367],[9.421,12.384],[9.346,12.428],[9.26,12.43],[9.242,12.472],[9.225,12.464],[9.167,12.535],[9.124,12.543],[9.1,12.523],[9.0,12.587],[8.936,12.568],[8.93,12.535],[8.862,12.458],[8.878,12.428],[8.804,12.393],[8.78,12.341],[8.756,12.344],[8.724,12.295],[8.775,12.275],[8.84,12.308],[8.93,12.298],[9.139,12.342],[9.146,12.326]]]}},{"type":"Feature","properties":{"id":"59680162B73440349718888"},"geometry":{"type":"Polygon","coordinates":[[[8.413,13.038],[8.434,13.082],[8.123,13.303],[8.062,13.317],[8.121,13.164],[8.115,13.113],[8.155,13.076],[8.172,13.013],[8.207,13.029],[8.199,13.005],[8.219,12.981],[8.247,12.988],[8.243,13.016],[8.371,13.082],[8.366,13.017],[8.413,13.038]]]}},{"type":"Feature","properties":{"id":"59680162B95600296408215"},"geometry":{"type":"Polygon","coordinates":[[[8.086,6.324],[8.035,6.373],[8.006,6.348],[7.911,6.349],[7.883,6.317],[7.903,6.282],[7.852,6.242],[7.877,6.227],[7.879,6.18],[7.899,6.194],[7.922,6.154],[7.959,6.153],[7.996,6.197],[8.028,6.197],[8.083,6.266],[8.071,6.305],[8.086,6.324]]]}},{"type":"Feature","properties":{"id":"59680162B80393484388201"},"geometry":{"type":"Polygon","coordinates":[[[10.246,8.804],[9.998,8.541],[9.869,8.431],[9.761,8.37],[9.62,8.383],[9.61,8.291],[9.483,8.306],[9.39,8.349],[9.363,8.341],[9.323,8.253],[9.412,8.177],[9.387,8.149],[9.415,8.062],[9.336,7.986],[9.563,8.102],[9.766,8.082],[9.836,8.116],[9.899,8.256],[10.013,8.337],[10.105,8.482],[10.231,8.596],[10.261,8.653],[10.31,8.678],[10.384,8.684],[10.355,8.74],[10.313,8.742],[10.246,8.804]]]}},{"type":"Feature","properties":{"id":"59680162B69944768623609"},"geometry":{"type":"Polygon","coordinates":[[[7.45,7.513],[7.524,7.529],[7.566,7.587],[7.556,7.643],[7.588,7.656],[7.595,7.641],[7.652,7.696],[7.753,7.708],[7.745,7.769],[7.664,7.906],[7.677,8.017],[7.446,8.047],[7.351,7.9],[7.355,7.827],[7.442,7.688],[7.461,7.553],[7.45,7.513]]]}},{"type":"Feature","properties":{"id":"59680162B60046857326615"},"geometry":{"type":"Polygon","coordinates":[[[5.003,7.2],[5.032,7.231],[5.042,7.288],[5.03,7.381],[5.006,7.392],[4.943,7.37],[4.755,7.361],[4.735,7.284],[4.747,7.223],[4.709,7.165],[4.672,7.166],[4.673,7.14],[4.617,7.085],[4.88,7.104],[4.877,7.187],[5.003,7.2]]]}},{"type":"Feature","properties":{"id":"59680162B19484855656708"},"geometry":{"type":"Polygon","coordinates":[[[8.552,12.832],[8.589,12.809],[8.604,12.737],[8.652,12.733],[8.688,12.688],[8.745,12.667],[8.865,12.669],[8.951,12.738],[8.983,12.807],[9.047,12.816],[9.041,12.846],[8.984,12.836],[8.708,12.93],[8.715,12.845],[8.626,12.883],[8.593,12.863],[8.553,12.866],[8.552,12.832]]]}},{"type":"Feature","properties":{"id":"59680162B60516342630503"},"geometry":{"type":"Polygon","coordinates":[[[7.609,12.343],[7.641,12.425],[7.643,12.542],[7.615,12.566],[7.556,12.543],[7.526,12.564],[7.468,12.561],[7.444,12.512],[7.404,12.525],[7.422,12.5],[7.399,12.476],[7.417,12.445],[7.416,12.352],[7.335,12.32],[7.387,12.304],[7.4,12.264],[7.421,12.277],[7.443,12.258],[7.5,12.256],[7.503,12.271],[7.545,12.271],[7.516,12.367],[7.609,12.343]]]}},{"type":"Feature","properties":{"id":"59680162B15998169506024"},"geometry":{"type":"Polygon","coordinates":[[[5.87,6.797],[5.791,6.596],[5.644,6.454],[5.64,6.41],[5.645,6.37],[5.706,6.37],[5.69,6.323],[5.765,6.282],[5.763,6.315],[5.807,6.283],[5.824,6.236],[5.915,6.204],[5.913,6.241],[5.94,6.253],[5.984,6.324],[6.139,6.388],[6.073,6.549],[6.095,6.682],[6.012,6.774],[5.87,6.797]]]}},{"type":"Feature","properties":{"id":"59680162B96971531554224"},"geometry":{"type":"Polygon","coordinates":[[[9.336,12.166],[9.342,12.183],[9.374,12.178],[9.396,12.199],[9.422,12.176],[9.532,12.208],[9.566,12.266],[9.554,12.294],[9.61,12.331],[9.579,12.391],[9.417,12.315],[9.401,12.337],[9.367,12.336],[9.336,12.285],[9.283,12.317],[9.249,12.306],[9.217,12.335],[9.166,12.34],[9.125,12.308],[9.114,12.283],[9.164,12.274],[9.151,12.231],[9.202,12.25],[9.23,12.204],[9.273,12.192],[9.271,12.155],[9.336,12.166]]]}},{"type":"Feature","properties":{"id":"59680162B70966513794539"},"geometry":{"type":"Polygon","coordinates":[[[6.071,5.208],[6.161,5.236],[6.095,5.319],[6.088,5.404],[6.056,5.469],[6.078,5.521],[6.117,5.548],[6.115,5.585],[6.211,5.622],[6.15,5.756],[6.113,5.752],[6.041,5.686],[6.058,5.622],[5.99,5.557],[5.923,5.563],[5.911,5.601],[5.861,5.621],[5.846,5.587],[5.85,5.556],[5.928,5.534],[5.909,5.504],[5.965,5.505],[5.969,5.482],[5.994,5.475],[5.981,5.431],[6.028,5.327],[6.007,5.246],[6.071,5.208]]]}},{"type":"Feature","properties":{"id":"59680162B17520648889441"},"geometry":{"type":"Polygon","coordinates":[[[6.282,6.36],[6.225,6.418],[6.152,6.417],[6.133,6.405],[6.132,6.377],[5.984,6.324],[5.94,6.253],[5.913,6.241],[5.915,6.204],[5.824,6.236],[5.754,6.195],[5.727,6.095],[5.739,6.063],[5.764,5.998],[5.812,5.984],[5.833,5.941],[5.921,5.877],[5.894,5.799],[5.925,5.748],[5.982,5.748],[6.094,5.794],[6.229,5.936],[6.257,6.017],[6.233,6.034],[6.245,6.054],[6.196,6.054],[6.169,6.083],[6.134,6.136],[6.112,6.241],[6.077,6.279],[6.127,6.356],[6.213,6.279],[6.282,6.36]]]}},{"type":"Feature","properties":{"id":"59680162B47761767082139"},"geometry":{"type":"Polygon","coordinates":[[[7.844,11.169],[7.773,11.137],[7.82,11.035],[7.8,11.011],[7.817,10.961],[7.792,10.923],[7.834,10.873],[7.816,10.831],[7.856,10.794],[7.879,10.795],[7.886,10.764],[7.851,10.748],[7.873,10.7],[7.889,10.678],[7.945,10.715],[7.954,10.692],[7.977,10.713],[8.089,10.681],[8.074,10.719],[8.087,10.74],[8.063,10.781],[8.127,10.809],[8.145,10.797],[8.183,10.896],[8.25,10.937],[8.217,11.023],[8.133,11.148],[8.071,11.171],[7.994,11.233],[7.925,11.221],[7.885,11.192],[7.841,11.199],[7.844,11.169]]]}},{"type":"Feature","properties":{"id":"59680162B67680561366569"},"geometry":{"type":"Polygon","coordinates":[[[10.436,12.818],[10.475,12.79],[10.513,12.82],[10.559,12.805],[10.582,12.85],[10.615,12.868],[10.707,12.861],[10.77,12.888],[10.804,12.876],[10.885,12.895],[10.947,12.862],[11.004,12.874],[11.042,12.937],[11.086,12.92],[11.151,12.947],[11.211,12.943],[11.194,12.987],[11.109,12.96],[10.994,12.995],[10.991,12.968],[10.95,12.968],[10.931,12.935],[10.901,12.987],[10.904,13.02],[10.878,13.032],[10.89,13.08],[10.935,13.105],[10.923,13.183],[10.897,13.184],[10.798,13.158],[10.751,13.084],[10.717,13.087],[10.717,13.047],[10.696,13.036],[10.587,13.029],[10.536,13.062],[10.47,13.03],[10.446,12.99],[10.463,12.948],[10.514,12.944],[10.604,12.869],[10.55,12.838],[10.524,12.864],[10.436,12.818]]]}},{"type":"Feature","properties":{"id":"59680162B72514771239598"},"geometry":{"type":"Polygon","coordinates":[[[4.88,7.104],[4.617,7.085],[4.61,7.031],[4.562,6.988],[4.547,6.845],[4.684,6.869],[4.837,6.944],[4.911,6.958],[4.924,7.083],[4.88,7.104]]]}},{"type":"Feature","properties":{"id":"59680162B51019344443676"},"geometry":{"type":"Polygon","coordinates":[[[6.257,6.017],[6.319,6.019],[6.348,6.121],[6.231,6.092],[6.217,6.111],[6.224,6.157],[6.18,6.157],[6.164,6.183],[6.188,6.256],[6.235,6.264],[6.251,6.223],[6.281,6.258],[6.281,6.285],[6.247,6.313],[6.198,6.283],[6.18,6.321],[6.127,6.356],[6.077,6.279],[6.112,6.241],[6.134,6.136],[6.169,6.083],[6.196,6.054],[6.245,6.054],[6.233,6.034],[6.257,6.017]]]}},{"type":"Feature","properties":{"id":"59680162B43824241108050"},"geometry":{"type":"Polygon","coordinates":[[[5.401,7.721],[5.42,7.783],[5.398,7.838],[5.445,7.874],[5.421,7.915],[5.419,8.027],[5.366,8.092],[5.361,8.039],[5.332,8.01],[5.248,8.02],[5.272,7.952],[5.266,7.883],[5.25,7.882],[5.241,7.844],[5.263,7.769],[5.336,7.72],[5.401,7.721]]]}},{"type":"Feature","properties":{"id":"59680162B73114171000075"},"geometry":{"type":"Polygon","coordinates":[[[8.484,12.261],[8.474,12.302],[8.439,12.322],[8.436,12.357],[8.36,12.357],[8.384,12.375],[8.369,12.39],[8.333,12.338],[8.258,12.347],[8.235,12.381],[8.194,12.343],[8.184,12.4],[8.16,12.401],[8.152,12.428],[8.119,12.406],[8.11,12.369],[8.078,12.356],[8.094,12.353],[8.083,12.334],[8.114,12.289],[8.14,12.276],[8.119,12.253],[8.119,12.205],[8.158,12.19],[8.174,12.208],[8.183,12.161],[8.207,12.143],[8.225,12.172],[8.291,12.147],[8.296,12.185],[8.352,12.188],[8.415,12.254],[8.447,12.229],[8.484,12.261]]]}},{"type":"Feature","properties":{"id":"59680162B82021418174103"},"geometry":{"type":"Polygon","coordinates":[[[7.106,8.913],[7.059,8.91],[7.01,8.94],[6.88,8.888],[6.872,8.845],[6.823,8.819],[6.796,8.777],[6.82,8.761],[6.793,8.744],[6.816,8.733],[6.802,8.699],[6.827,8.693],[6.8,8.673],[6.833,8.582],[6.87,8.583],[6.92,8.542],[6.983,8.521],[7.04,8.617],[7.125,8.674],[7.126,8.705],[7.1,8.726],[7.106,8.754],[7.18,8.797],[7.191,8.823],[7.106,8.913]]]}},{"type":"Feature","properties":{"id":"59680162B62394297156991"},"geometry":{"type":"MultiPolygon","coordinates":[[[[3.956,7.863],[3.979,7.851],[4.031,7.881],[4.018,7.918],[3.962,7.885],[3.956,7.863]]],[[[3.747,7.86],[3.823,7.842],[3.867,7.857],[3.897,7.777],[3.935,7.802],[3.94,7.834],[3.917,7.848],[3.937,7.864],[3.903,7.888],[3.942,7.932],[3.924,7.967],[3.88,7.961],[3.803,8.024],[3.81,8.14],[3.737,8.066],[3.742,8.021],[3.712,7.982],[3.747,7.86]]]]}},{"type":"Feature","properties":{"id":"59680162B88881037507986"},"geometry":{"type":"Polygon","coordinates":[[[7.932,12.573],[7.939,12.539],[7.85,12.475],[7.849,12.453],[7.878,12.444],[7.859,12.394],[7.881,12.391],[7.879,12.373],[7.842,12.354],[7.837,12.377],[7.798,12.372],[7.832,12.321],[7.855,12.319],[7.858,12.338],[7.923,12.337],[8.048,12.413],[8.067,12.537],[8.033,12.546],[8.043,12.571],[8.007,12.552],[7.954,12.595],[7.932,12.573]]]}},{"type":"Feature","properties":{"id":"59680162B41504820717654"},"geometry":{"type":"Polygon","coordinates":[[[8.16,12.684],[8.153,12.655],[8.182,12.652],[8.19,12.624],[8.246,12.594],[8.289,12.6],[8.3,12.527],[8.355,12.48],[8.358,12.438],[8.377,12.436],[8.458,12.587],[8.449,12.598],[8.399,12.587],[8.386,12.61],[8.36,12.609],[8.344,12.653],[8.283,12.651],[8.284,12.673],[8.262,12.673],[8.252,12.694],[8.16,12.684]]]}},{"type":"Feature","properties":{"id":"59680162B15165581574851"},"geometry":{"type":"Polygon","coordinates":[[[8.818,10.38],[8.93,10.352],[8.955,10.309],[8.93,10.215],[8.978,10.181],[8.939,10.027],[8.952,10.011],[9.003,9.989],[9.007,10.033],[9.047,10.016],[9.124,10.058],[9.183,10.038],[9.23,10.048],[9.255,10.03],[9.214,10.018],[9.232,9.862],[9.272,9.846],[9.288,9.85],[9.296,9.898],[9.371,9.914],[9.363,10.013],[9.346,10.028],[9.399,10.13],[9.44,10.149],[9.518,10.113],[9.524,10.151],[9.572,10.158],[9.601,10.189],[9.601,10.216],[9.622,10.177],[9.653,10.204],[9.606,10.233],[9.65,10.243],[9.66,10.291],[9.696,10.333],[9.678,10.393],[9.694,10.433],[9.642,10.463],[9.616,10.565],[9.661,10.612],[9.595,10.689],[9.564,10.692],[9.418,10.787],[9.355,10.745],[9.191,10.696],[9.035,10.738],[9.043,10.775],[9.021,10.813],[8.957,10.807],[8.907,10.835],[8.795,10.854],[8.766,10.851],[8.769,10.829],[8.855,10.707],[8.782,10.601],[8.793,10.565],[8.777,10.479],[8.749,10.441],[8.818,10.38]]]}},{"type":"Feature","properties":{"id":"59680162B21108805782195"},"geometry":{"type":"Polygon","coordinates":[[[5.214,7.252],[5.135,7.285],[5.083,7.272],[5.121,7.206],[5.229,7.119],[5.365,7.093],[5.316,7.162],[5.249,7.202],[5.214,7.252]]]}},{"type":"Feature","properties":{"id":"59680162B83099166959131"},"geometry":{"type":"Polygon","coordinates":[[[7.378,10.49],[7.424,10.604],[7.451,10.619],[7.473,10.568],[7.521,10.559],[7.602,10.588],[7.625,10.566],[7.675,10.56],[7.693,10.595],[7.699,10.51],[7.73,10.478],[7.778,10.5],[7.829,10.498],[7.87,10.527],[7.888,10.592],[7.858,10.58],[7.853,10.596],[7.864,10.667],[7.889,10.678],[7.851,10.748],[7.886,10.764],[7.879,10.795],[7.856,10.794],[7.816,10.831],[7.834,10.873],[7.778,10.921],[7.767,10.968],[7.73,10.962],[7.668,11.0],[7.642,10.969],[7.597,11.007],[7.492,10.963],[7.439,10.981],[7.426,11.015],[7.409,11.0],[7.377,11.014],[7.353,11.011],[7.31,10.942],[7.258,10.916],[7.208,10.835],[7.206,10.75],[7.188,10.726],[7.311,10.627],[7.308,10.594],[7.28,10.585],[7.238,10.531],[7.286,10.518],[7.291,10.487],[7.312,10.502],[7.378,10.49]]]}},{"type":"Feature","properties":{"id":"59680162B23991224305955"},"geometry":{"type":"Polygon","coordinates":[[[6.189,7.575],[6.134,7.552],[6.164,7.55],[6.158,7.528],[6.206,7.47],[6.292,7.5],[6.298,7.534],[6.189,7.575]]]}},{"type":"Feature","properties":{"id":"59680162B59497895637604"},"geometry":{"type":"Polygon","coordinates":[[[6.791,6.132],[6.789,6.153],[6.765,6.156],[6.758,6.135],[6.791,6.132]]]}},{"type":"Feature","properties":{"id":"59680162B61995403132351"},"geometry":{"type":"Polygon","coordinates":[[[7.75,7.752],[7.792,7.765],[7.806,7.79],[7.914,7.78],[7.939,7.797],[7.978,7.786],[7.975,7.742],[8.026,7.703],[8.038,7.737],[8.089,7.749],[8.215,7.835],[8.072,7.877],[7.877,7.983],[7.677,8.014],[7.664,7.906],[7.75,7.752]]]}},{"type":"Feature","properties":{"id":"59680162B56865757670534"},"geometry":{"type":"Polygon","coordinates":[[[8.466,12.065],[8.484,12.032],[8.469,12.024],[8.503,11.994],[8.525,12.015],[8.466,12.065]]]}},{"type":"Feature","properties":{"id":"59680162B63960569375521"},"geometry":{"type":"Polygon","coordinates":[[[5.75,12.289],[5.752,12.254],[5.723,12.243],[5.721,12.16],[5.682,12.13],[5.694,12.089],[5.738,12.088],[5.747,12.046],[5.819,12.019],[5.855,11.888],[5.949,11.768],[5.913,11.636],[5.973,11.634],[5.992,11.672],[6.058,11.672],[6.157,11.612],[6.18,11.642],[6.254,11.651],[6.244,11.689],[6.284,11.782],[6.276,11.829],[6.329,11.849],[6.305,11.88],[6.265,11.88],[6.241,11.903],[6.184,12.051],[6.158,12.051],[6.171,12.1],[6.114,12.132],[6.054,12.121],[6.014,12.176],[5.999,12.154],[5.959,12.156],[5.948,12.127],[5.91,12.141],[5.886,12.314],[5.841,12.293],[5.824,12.242],[5.75,12.289]]]}},{"type":"Feature","properties":{"id":"59680162B46902450612836"},"geometry":{"type":"Polygon","coordinates":[[[8.251,12.12],[8.269,12.075],[8.247,12.021],[8.296,12.028],[8.269,11.947],[8.336,11.959],[8.405,11.931],[8.413,11.994],[8.355,12.05],[8.355,12.091],[8.329,12.077],[8.251,12.12]]]}},{"type":"Feature","properties":{"id":"59680162B27261417712833"},"geometry":{"type":"Polygon","coordinates":[[[8.142,12.811],[8.108,12.805],[8.098,12.768],[8.068,12.768],[8.015,12.705],[7.993,12.741],[7.964,12.743],[7.955,12.627],[7.999,12.617],[7.989,12.562],[8.007,12.552],[8.037,12.574],[8.033,12.546],[8.067,12.537],[8.048,12.413],[8.157,12.44],[8.19,12.505],[8.174,12.52],[8.18,12.564],[8.246,12.594],[8.19,12.624],[8.182,12.652],[8.153,12.655],[8.145,12.721],[8.185,12.732],[8.152,12.797],[8.128,12.797],[8.142,12.811]]]}},{"type":"Feature","properties":{"id":"59680162B58427071840888"},"geometry":{"type":"Polygon","coordinates":[[[5.784,5.516],[5.801,5.521],[5.785,5.551],[5.85,5.556],[5.846,5.587],[5.777,5.624],[5.706,5.582],[5.78,5.547],[5.784,5.516]]]}},{"type":"Feature","properties":{"id":"59680162B2298430697284"},"geometry":{"type":"Polygon","coordinates":[[[4.988,6.899],[5.002,6.791],[5.079,6.715],[5.122,6.699],[5.151,6.746],[5.197,6.774],[5.255,6.883],[5.537,6.885],[5.475,7.051],[5.383,7.09],[5.234,7.117],[5.083,7.251],[5.037,7.256],[5.003,7.2],[4.992,7.064],[5.007,6.98],[4.988,6.899]]]}},{"type":"Feature","properties":{"id":"59680162B68325668602500"},"geometry":{"type":"Polygon","coordinates":[[[5.706,5.582],[5.777,5.624],[5.823,5.587],[5.846,5.587],[5.861,5.621],[5.901,5.602],[5.918,5.629],[5.907,5.657],[5.853,5.703],[5.868,5.748],[5.906,5.77],[5.903,5.795],[5.87,5.781],[5.843,5.793],[5.826,5.771],[5.777,5.815],[5.726,5.72],[5.651,5.701],[5.696,5.647],[5.68,5.651],[5.656,5.614],[5.706,5.582]]]}},{"type":"Feature","properties":{"id":"59680162B97377368460903"},"geometry":{"type":"Polygon","coordinates":[[[6.662,6.558],[6.731,6.239],[6.754,6.193],[6.781,6.185],[6.784,6.256],[6.826,6.293],[6.83,6.374],[6.853,6.39],[6.836,6.489],[6.858,6.559],[6.809,6.589],[6.764,6.564],[6.662,6.558]]]}},{"type":"Feature","properties":{"id":"59680162B75104511306168"},"geometry":{"type":"Polygon","coordinates":[[[3.368,6.524],[3.367,6.558],[3.341,6.551],[3.322,6.502],[3.368,6.524]]]}},{"type":"Feature","properties":{"id":"59680162B49213136576829"},"geometry":{"type":"Polygon","coordinates":[[[3.619,6.91],[3.554,6.91],[3.522,6.85],[3.464,6.827],[3.467,6.792],[3.441,6.752],[3.443,6.686],[3.459,6.674],[3.692,6.683],[3.689,6.841],[3.619,6.91]]]}},{"type":"Feature","properties":{"id":"59680162B11436342937739"},"geometry":{"type":"Polygon","coordinates":[[[7.916,5.748],[7.887,5.7],[7.918,5.65],[7.908,5.536],[7.913,5.524],[7.993,5.555],[8.007,5.4],[8.042,5.346],[8.059,5.273],[8.1,5.273],[8.162,5.308],[8.171,5.353],[8.245,5.392],[8.26,5.446],[8.191,5.543],[8.144,5.667],[8.071,5.723],[8.032,5.798],[8.001,5.813],[7.999,5.786],[7.916,5.748]]]}},{"type":"Feature","properties":{"id":"59680162B19536521240899"},"geometry":{"type":"Polygon","coordinates":[[[8.905,11.921],[8.903,11.884],[8.948,11.888],[8.956,11.863],[8.909,11.84],[8.929,11.822],[8.886,11.807],[8.899,11.735],[8.918,11.718],[9.002,11.741],[9.024,11.728],[9.014,11.696],[9.04,11.69],[9.157,11.719],[9.144,11.827],[9.187,11.835],[9.23,11.895],[9.227,11.909],[9.182,11.898],[9.145,11.832],[9.076,11.839],[9.104,11.905],[9.039,11.916],[9.024,11.938],[8.957,11.947],[8.905,11.921]]]}},{"type":"Feature","properties":{"id":"59680162B50452180674611"},"geometry":{"type":"Polygon","coordinates":[[[7.534,12.696],[7.569,12.646],[7.636,12.609],[7.615,12.563],[7.643,12.542],[7.632,12.436],[7.68,12.413],[7.676,12.393],[7.699,12.377],[7.736,12.46],[7.715,12.499],[7.757,12.523],[7.738,12.525],[7.725,12.579],[7.711,12.579],[7.713,12.612],[7.777,12.596],[7.799,12.641],[7.759,12.677],[7.817,12.696],[7.755,12.703],[7.725,12.747],[7.682,12.716],[7.63,12.745],[7.587,12.729],[7.579,12.702],[7.534,12.696]]]}},{"type":"Feature","properties":{"id":"59680162B80670265641804"},"geometry":{"type":"Polygon","coordinates":[[[6.679,6.972],[6.532,7.019],[6.532,7.11],[6.505,7.151],[6.441,7.165],[6.415,7.167],[6.42,7.101],[6.362,7.048],[6.352,6.998],[6.373,6.933],[6.459,6.934],[6.505,6.905],[6.53,6.793],[6.624,6.794],[6.611,6.822],[6.679,6.972]]]}},{"type":"Feature","properties":{"id":"59680162B8258215962885"},"geometry":{"type":"Polygon","coordinates":[[[10.77,11.433],[10.602,11.407],[10.588,11.384],[10.605,11.369],[10.587,11.314],[10.569,11.315],[10.562,11.255],[10.526,11.266],[10.409,11.21],[10.379,11.223],[10.334,11.118],[10.314,11.131],[10.285,11.104],[10.335,11.084],[10.324,10.96],[10.259,10.93],[10.281,10.9],[10.351,10.868],[10.435,10.918],[10.477,10.898],[10.422,10.832],[10.471,10.849],[10.516,10.84],[10.489,10.807],[10.452,10.809],[10.441,10.773],[10.502,10.775],[10.527,10.737],[10.569,10.811],[10.652,10.881],[10.677,10.931],[10.643,10.977],[10.708,11.085],[10.738,11.101],[10.772,11.06],[10.799,11.084],[10.93,11.091],[11.009,11.149],[10.926,11.251],[10.944,11.276],[10.917,11.271],[10.933,11.315],[10.91,11.331],[10.934,11.468],[10.88,11.445],[10.856,11.479],[10.835,11.479],[10.77,11.433]]]}},{"type":"Feature","properties":{"id":"59680162B15951041920960"},"geometry":{"type":"Polygon","coordinates":[[[5.908,7.999],[5.737,7.821],[5.792,7.782],[5.773,7.747],[5.801,7.733],[5.931,7.745],[5.938,7.649],[6.004,7.529],[6.043,7.577],[6.099,7.588],[6.122,7.647],[6.122,7.682],[6.086,7.739],[6.054,7.747],[6.054,7.79],[6.022,7.841],[6.037,7.871],[6.067,7.863],[6.054,7.93],[6.08,8.012],[6.027,8.155],[5.958,8.096],[5.908,7.999]]]}},{"type":"Feature","properties":{"id":"59680162B70509973828236"},"geometry":{"type":"Polygon","coordinates":[[[4.799,8.065],[4.83,8.055],[4.857,8.073],[4.854,8.096],[4.913,8.086],[4.967,8.047],[4.973,8.021],[5.04,8.072],[5.066,8.054],[5.09,8.094],[5.159,8.123],[5.191,8.164],[5.133,8.209],[5.081,8.149],[5.012,8.15],[4.926,8.227],[4.938,8.294],[4.907,8.37],[4.82,8.359],[4.798,8.248],[4.735,8.203],[4.786,8.18],[4.811,8.143],[4.819,8.082],[4.799,8.065]]]}},{"type":"Feature","properties":{"id":"59680162B66692684641238"},"geometry":{"type":"MultiPolygon","coordinates":[[[[3.963,7.425],[3.96,7.41],[3.97,7.412],[3.963,7.425]]],[[[4.111,7.327],[4.137,7.459],[4.103,7.461],[4.094,7.434],[4.057,7.43],[4.054,7.471],[4.026,7.487],[4.012,7.479],[4.032,7.445],[4.009,7.416],[3.928,7.393],[3.955,7.353],[4.073,7.36],[4.103,7.345],[4.072,7.304],[4.09,7.294],[4.126,7.312],[4.111,7.327]]]]}},{"type":"Feature","properties":{"id":"59680162B2512996274201"},"geometry":{"type":"Polygon","coordinates":[[[5.95,7.344],[5.987,7.361],[5.968,7.415],[5.987,7.45],[5.963,7.46],[5.951,7.501],[5.823,7.496],[5.847,7.395],[5.95,7.344]]]}},{"type":"Feature","properties":{"id":"59680162B51925471610757"},"geometry":{"type":"Polygon","coordinates":[[[7.108,11.551],[7.135,11.578],[7.177,11.576],[7.171,11.599],[7.304,11.566],[7.342,11.594],[7.318,11.614],[7.337,11.672],[7.284,11.748],[7.302,11.776],[7.303,11.869],[7.247,11.933],[7.2,11.901],[7.141,11.911],[7.142,11.849],[7.075,11.817],[7.06,11.79],[7.017,11.816],[6.917,11.786],[6.902,11.799],[6.883,11.758],[6.852,11.621],[6.857,11.589],[6.904,11.553],[6.901,11.492],[7.004,11.535],[7.04,11.533],[7.074,11.562],[7.108,11.551]]]}},{"type":"Feature","properties":{"id":"59680162B77220990792423"},"geometry":{"type":"Polygon","coordinates":[[[7.813,11.203],[7.885,11.192],[7.99,11.234],[8.048,11.196],[8.064,11.228],[8.082,11.226],[8.082,11.257],[8.106,11.266],[8.103,11.287],[8.059,11.312],[8.064,11.375],[7.996,11.336],[7.973,11.349],[7.96,11.376],[7.978,11.41],[7.956,11.467],[7.894,11.427],[7.879,11.386],[7.806,11.377],[7.878,11.287],[7.814,11.29],[7.813,11.203]]]}},{"type":"Feature","properties":{"id":"59680162B80910542790982"},"geometry":{"type":"Polygon","coordinates":[[[5.744,5.483],[5.841,5.409],[5.888,5.436],[5.89,5.483],[5.82,5.562],[5.785,5.551],[5.801,5.521],[5.769,5.523],[5.779,5.491],[5.744,5.483]]]}},{"type":"Feature","properties":{"id":"59680162B46455483877403"},"geometry":{"type":"Polygon","coordinates":[[[8.503,11.739],[8.433,11.685],[8.47,11.554],[8.515,11.568],[8.515,11.595],[8.545,11.618],[8.567,11.588],[8.593,11.589],[8.592,11.631],[8.616,11.618],[8.647,11.637],[8.753,11.628],[8.769,11.68],[8.751,11.711],[8.768,11.759],[8.745,11.769],[8.706,11.77],[8.688,11.697],[8.7,11.676],[8.675,11.659],[8.646,11.737],[8.632,11.727],[8.618,11.752],[8.585,11.744],[8.567,11.782],[8.502,11.759],[8.503,11.739]]]}},{"type":"Feature","properties":{"id":"59680162B95285688800937"},"geometry":{"type":"Polygon","coordinates":[[[7.29,11.284],[7.358,11.264],[7.39,11.37],[7.37,11.409],[7.388,11.421],[7.401,11.527],[7.34,11.513],[7.325,11.559],[7.171,11.599],[7.185,11.499],[7.233,11.484],[7.237,11.468],[7.246,11.508],[7.314,11.45],[7.321,11.413],[7.295,11.384],[7.309,11.374],[7.308,11.293],[7.29,11.284]]]}},{"type":"Feature","properties":{"id":"59680162B98747212970025"},"geometry":{"type":"Polygon","coordinates":[[[8.733,12.269],[8.725,12.305],[8.756,12.344],[8.78,12.341],[8.795,12.382],[8.764,12.42],[8.71,12.416],[8.696,12.443],[8.687,12.483],[8.738,12.551],[8.692,12.572],[8.646,12.56],[8.641,12.593],[8.532,12.601],[8.548,12.486],[8.49,12.484],[8.487,12.504],[8.446,12.514],[8.443,12.49],[8.425,12.488],[8.446,12.445],[8.484,12.445],[8.495,12.409],[8.447,12.355],[8.502,12.386],[8.549,12.387],[8.538,12.37],[8.566,12.352],[8.598,12.26],[8.647,12.255],[8.674,12.306],[8.704,12.288],[8.705,12.265],[8.733,12.269]]]}},{"type":"Feature","properties":{"id":"59680162B40329870656537"},"geometry":{"type":"Polygon","coordinates":[[[11.226,12.348],[11.191,12.471],[11.196,12.52],[11.166,12.533],[11.139,12.508],[11.068,12.494],[11.087,12.528],[11.065,12.531],[11.047,12.492],[11.03,12.508],[11.028,12.578],[10.993,12.591],[10.999,12.625],[11.085,12.708],[11.064,12.751],[11.033,12.762],[11.046,12.788],[11.019,12.848],[10.927,12.839],[10.892,12.813],[10.872,12.837],[10.832,12.826],[10.826,12.807],[10.744,12.791],[10.708,12.754],[10.696,12.693],[10.664,12.704],[10.648,12.65],[10.589,12.642],[10.586,12.568],[10.603,12.563],[10.59,12.526],[10.651,12.529],[10.751,12.476],[10.799,12.128],[10.827,12.096],[10.822,11.988],[10.867,12.006],[10.916,12.086],[10.995,12.099],[11.066,12.178],[11.134,12.213],[11.142,12.266],[11.226,12.348]]]}},{"type":"Feature","properties":{"id":"59680162B24203265637376"},"geometry":{"type":"Polygon","coordinates":[[[8.517,11.982],[8.469,12.024],[8.446,11.959],[8.487,11.963],[8.473,11.939],[8.497,11.944],[8.511,11.959],[8.496,11.98],[8.517,11.982]]]}},{"type":"Feature","properties":{"id":"59680162B12953009585437"},"geometry":{"type":"Polygon","coordinates":[[[8.658,12.659],[8.646,12.56],[8.692,12.572],[8.738,12.551],[8.687,12.483],[8.696,12.443],[8.71,12.416],[8.764,12.42],[8.795,12.382],[8.878,12.428],[8.862,12.458],[8.947,12.579],[8.996,12.581],[9.039,12.628],[9.043,12.662],[9.013,12.69],[9.06,12.71],[9.087,12.774],[9.047,12.816],[8.983,12.807],[8.951,12.738],[8.865,12.669],[8.745,12.667],[8.701,12.687],[8.658,12.659]]]}},{"type":"Feature","properties":{"id":"59680162B63156374952276"},"geometry":{"type":"Polygon","coordinates":[[[5.571,5.778],[5.598,5.781],[5.601,5.732],[5.639,5.698],[5.716,5.714],[5.779,5.839],[5.746,5.865],[5.725,5.86],[5.728,5.898],[5.696,5.892],[5.641,5.946],[5.61,5.914],[5.579,5.926],[5.571,5.991],[5.537,5.99],[5.494,6.042],[5.474,6.027],[5.47,5.931],[5.5,5.931],[5.548,5.887],[5.538,5.863],[5.571,5.778]]]}},{"type":"Feature","properties":{"id":"59680162B56433787774877"},"geometry":{"type":"Polygon","coordinates":[[[6.29,6.362],[6.247,6.313],[6.281,6.285],[6.281,6.258],[6.251,6.223],[6.235,6.264],[6.188,6.256],[6.164,6.183],[6.18,6.157],[6.224,6.157],[6.217,6.111],[6.246,6.085],[6.348,6.121],[6.344,6.155],[6.39,6.195],[6.371,6.254],[6.391,6.31],[6.362,6.384],[6.29,6.362]]]}},{"type":"Feature","properties":{"id":"59680162B1513568068009"},"geometry":{"type":"Polygon","coordinates":[[[3.365,6.517],[3.322,6.502],[3.316,6.46],[3.363,6.474],[3.365,6.517]]]}},{"type":"Feature","properties":{"id":"59680162B19163785016026"},"geometry":{"type":"Polygon","coordinates":[[[8.379,11.758],[8.351,11.725],[8.332,11.727],[8.336,11.67],[8.391,11.584],[8.434,11.582],[8.442,11.558],[8.463,11.557],[8.446,11.598],[8.454,11.653],[8.433,11.685],[8.47,11.733],[8.426,11.725],[8.423,11.748],[8.379,11.758]]]}},{"type":"Feature","properties":{"id":"59680162B40988548898234"},"geometry":{"type":"Polygon","coordinates":[[[4.694,8.217],[4.651,8.144],[4.685,8.125],[4.758,8.138],[4.694,8.217]]]}},{"type":"Feature","properties":{"id":"59680162B68379866165825"},"geometry":{"type":"Polygon","coordinates":[[[3.4,6.524],[3.397,6.55],[3.367,6.558],[3.368,6.524],[3.4,6.524]]]}},{"type":"Feature","properties":{"id":"59680162B1898458611197"},"geometry":{"type":"Polygon","coordinates":[[[8.484,12.261],[8.529,12.252],[8.546,12.282],[8.575,12.254],[8.6,12.267],[8.566,12.352],[8.538,12.37],[8.549,12.387],[8.502,12.386],[8.447,12.355],[8.495,12.409],[8.484,12.445],[8.446,12.445],[8.425,12.488],[8.443,12.49],[8.446,12.514],[8.487,12.504],[8.49,12.484],[8.548,12.486],[8.552,12.5],[8.549,12.552],[8.526,12.566],[8.532,12.601],[8.492,12.602],[8.458,12.587],[8.366,12.432],[8.436,12.357],[8.439,12.322],[8.474,12.302],[8.484,12.261]]]}},{"type":"Feature","properties":{"id":"59680162B46553103488347"},"geometry":{"type":"Polygon","coordinates":[[[8.282,11.821],[8.341,11.856],[8.383,11.912],[8.407,11.906],[8.405,11.931],[8.336,11.959],[8.269,11.947],[8.296,12.028],[8.14,12.004],[8.218,11.909],[8.255,11.932],[8.289,11.876],[8.262,11.872],[8.282,11.821]]]}},{"type":"Feature","properties":{"id":"59680162B61002782115608"},"geometry":{"type":"Polygon","coordinates":[[[10.233,13.077],[10.431,13.154],[10.454,13.149],[10.393,13.091],[10.428,13.042],[10.47,13.03],[10.536,13.062],[10.587,13.029],[10.696,13.036],[10.717,13.047],[10.717,13.087],[10.751,13.084],[10.798,13.158],[10.923,13.183],[10.935,13.105],[10.89,13.08],[10.878,13.032],[10.904,13.02],[10.901,12.987],[10.931,12.935],[10.95,12.968],[10.991,12.968],[10.994,12.995],[11.109,12.96],[11.194,12.987],[11.206,12.966],[11.229,12.973],[11.258,12.951],[11.278,12.971],[11.314,12.962],[11.434,12.983],[11.445,13.021],[11.446,13.072],[11.393,13.088],[11.428,13.111],[11.426,13.144],[11.361,13.166],[11.323,13.245],[11.347,13.263],[11.321,13.347],[11.334,13.379],[11.106,13.361],[10.723,13.386],[10.464,13.319],[10.224,13.28],[10.179,13.165],[10.222,13.126],[10.214,13.091],[10.233,13.077]]]}},{"type":"Feature","properties":{"id":"59680162B66680936539808"},"geometry":{"type":"Polygon","coordinates":[[[7.446,8.047],[7.254,8.015],[7.073,7.943],[6.967,7.879],[6.799,7.823],[6.769,7.8],[6.744,7.671],[6.699,7.59],[6.708,7.484],[6.754,7.48],[6.785,7.444],[6.808,7.445],[6.799,7.484],[6.841,7.601],[6.934,7.633],[7.02,7.704],[7.108,7.693],[7.207,7.785],[7.302,7.782],[7.349,7.847],[7.351,7.9],[7.446,8.047]]]}},{"type":"Feature","properties":{"id":"59680162B13393519160177"},"geometry":{"type":"Polygon","coordinates":[[[9.32,12.1],[9.337,12.026],[9.38,12.016],[9.408,11.945],[9.392,11.908],[9.459,11.915],[9.541,11.974],[9.582,11.98],[9.601,11.931],[9.775,11.95],[9.81,11.964],[9.823,12.024],[9.803,12.027],[9.782,12.125],[9.734,12.124],[9.725,12.146],[9.611,12.138],[9.532,12.208],[9.422,12.176],[9.396,12.199],[9.374,12.178],[9.342,12.183],[9.349,12.119],[9.32,12.1]]]}},{"type":"Feature","properties":{"id":"59680162B7192144408722"},"geometry":{"type":"Polygon","coordinates":[[[7.413,12.863],[7.398,12.71],[7.369,12.68],[7.385,12.622],[7.358,12.57],[7.377,12.554],[7.399,12.576],[7.399,12.531],[7.444,12.512],[7.468,12.561],[7.526,12.564],[7.556,12.543],[7.615,12.566],[7.636,12.609],[7.569,12.646],[7.518,12.71],[7.515,12.807],[7.475,12.814],[7.488,12.855],[7.413,12.863]]]}},{"type":"Feature","properties":{"id":"59680162B89634889188856"},"geometry":{"type":"Polygon","coordinates":[[[6.251,6.836],[6.012,6.774],[6.095,6.682],[6.073,6.549],[6.106,6.463],[6.129,6.488],[6.223,6.498],[6.208,6.593],[6.17,6.575],[6.135,6.589],[6.191,6.632],[6.17,6.714],[6.221,6.764],[6.209,6.789],[6.251,6.836]]]}},{"type":"Feature","properties":{"id":"59680162B72659245241320"},"geometry":{"type":"Polygon","coordinates":[[[7.441,10.488],[7.487,10.557],[7.451,10.619],[7.413,10.58],[7.427,10.55],[7.419,10.502],[7.441,10.488]]]}},{"type":"Feature","properties":{"id":"59680162B94433697734962"},"geometry":{"type":"Polygon","coordinates":[[[8.338,12.953],[8.371,13.082],[8.243,13.016],[8.247,12.988],[8.219,12.981],[8.199,13.005],[8.207,13.029],[8.172,13.013],[8.221,12.963],[8.251,12.88],[8.264,12.901],[8.343,12.921],[8.338,12.953]]]}},{"type":"Feature","properties":{"id":"59680162B86116731035265"},"geometry":{"type":"MultiPolygon","coordinates":[[[[10.342,7.959],[10.36,7.964],[10.357,7.988],[10.328,8.005],[10.342,7.959]]],[[[10.892,8.825],[10.841,8.769],[10.765,8.726],[10.674,8.727],[10.661,8.745],[10.59,8.757],[10.544,8.719],[10.274,8.662],[10.231,8.596],[10.105,8.482],[10.058,8.393],[9.973,8.296],[10.033,8.237],[10.275,8.25],[10.312,8.225],[10.332,8.145],[10.479,8.174],[10.568,8.147],[10.609,8.227],[10.654,8.209],[10.683,8.22],[11.071,8.541],[11.11,8.631],[11.032,8.677],[11.032,8.724],[10.998,8.763],[10.892,8.825]]]]}},{"type":"Feature","properties":{"id":"59680162B19523503473687"},"geometry":{"type":"Polygon","coordinates":[[[9.86,12.223],[9.956,12.279],[9.958,12.316],[10.017,12.374],[10.102,12.387],[10.195,12.328],[10.254,12.391],[10.225,12.434],[10.107,12.417],[10.024,12.44],[10.021,12.423],[9.999,12.427],[9.991,12.405],[9.965,12.414],[9.959,12.385],[9.929,12.371],[9.919,12.384],[9.92,12.365],[9.825,12.316],[9.829,12.27],[9.86,12.223]]]}},{"type":"Feature","properties":{"id":"59680162B14541309037731"},"geometry":{"type":"Polygon","coordinates":[[[8.864,11.912],[8.872,11.867],[8.853,11.825],[8.832,11.796],[8.811,11.799],[8.758,11.759],[8.756,11.726],[8.791,11.722],[8.788,11.705],[8.824,11.69],[8.82,11.714],[8.869,11.727],[8.881,11.691],[8.905,11.692],[8.912,11.655],[8.898,11.624],[8.86,11.613],[8.889,11.604],[8.951,11.626],[8.935,11.635],[8.961,11.657],[8.945,11.709],[8.918,11.707],[8.899,11.735],[8.883,11.793],[8.903,11.824],[8.929,11.822],[8.909,11.84],[8.956,11.863],[8.948,11.888],[8.903,11.884],[8.905,11.921],[8.864,11.912]]]}},{"type":"Feature","properties":{"id":"59680162B12574760496394"},"geometry":{"type":"Polygon","coordinates":[[[8.264,11.313],[8.207,11.319],[8.123,11.387],[8.114,11.408],[8.143,11.42],[8.162,11.497],[8.15,11.519],[8.102,11.524],[8.051,11.488],[7.996,11.492],[7.956,11.467],[7.978,11.41],[7.96,11.376],[7.973,11.349],[7.996,11.336],[8.064,11.375],[8.065,11.297],[8.107,11.281],[8.048,11.196],[8.071,11.171],[8.114,11.163],[8.151,11.12],[8.213,11.14],[8.228,11.133],[8.223,11.104],[8.289,11.105],[8.311,11.127],[8.302,11.162],[8.319,11.185],[8.402,11.154],[8.412,11.108],[8.506,11.132],[8.519,11.162],[8.465,11.17],[8.434,11.227],[8.298,11.234],[8.286,11.268],[8.257,11.28],[8.264,11.313]]]}},{"type":"Feature","properties":{"id":"59680162B99856631560735"},"geometry":{"type":"Polygon","coordinates":[[[5.192,7.437],[5.071,7.46],[5.009,7.426],[5.006,7.392],[5.043,7.348],[5.037,7.256],[5.083,7.251],[5.083,7.272],[5.135,7.285],[5.221,7.257],[5.192,7.437]]]}},{"type":"Feature","properties":{"id":"59680162B89203090045374"},"geometry":{"type":"MultiPolygon","coordinates":[[[[6.127,8.753],[6.126,8.927],[6.098,8.913],[6.026,8.932],[5.979,8.917],[5.88,8.927],[5.838,8.968],[5.802,8.81],[5.761,8.774],[5.796,8.742],[6.127,8.753]]],[[[5.507,9.141],[5.677,9.201],[5.83,9.172],[5.862,9.369],[5.896,9.419],[5.912,9.502],[5.882,9.488],[5.821,9.509],[5.791,9.483],[5.742,9.527],[5.693,9.625],[5.563,9.711],[5.531,9.689],[5.484,9.792],[5.43,9.809],[5.356,9.69],[5.292,9.671],[5.256,9.59],[5.217,9.569],[5.168,9.576],[5.129,9.536],[5.221,9.509],[5.33,9.517],[5.35,9.437],[5.411,9.355],[5.441,9.263],[5.507,9.235],[5.466,9.178],[5.507,9.141]]]]}},{"type":"Feature","properties":{"id":"59680162B96995039930644"},"geometry":{"type":"Polygon","coordinates":[[[5.675,12.735],[5.542,12.866],[5.559,12.926],[5.54,12.981],[5.448,12.964],[5.398,12.998],[5.35,12.969],[5.284,13.03],[5.2,12.958],[5.236,12.932],[5.275,12.813],[5.383,12.727],[5.374,12.621],[5.449,12.601],[5.496,12.671],[5.488,12.692],[5.533,12.784],[5.576,12.751],[5.577,12.679],[5.637,12.692],[5.675,12.735]]]}},{"type":"Feature","properties":{"id":"59680162B21216344152794"},"geometry":{"type":"Polygon","coordinates":[[[2.736,7.318],[2.75,7.094],[2.703,6.964],[2.739,6.88],[2.77,6.853],[2.792,6.861],[2.827,6.816],[2.837,6.861],[2.91,6.874],[2.91,6.943],[2.975,6.939],[2.99,6.966],[3.027,6.938],[3.052,6.945],[3.045,7.011],[3.13,7.042],[3.145,7.114],[3.095,7.168],[3.084,7.273],[3.052,7.288],[3.044,7.316],[3.021,7.302],[2.995,7.342],[2.925,7.367],[2.913,7.355],[2.954,7.302],[2.938,7.261],[2.874,7.266],[2.842,7.334],[2.802,7.359],[2.781,7.361],[2.762,7.322],[2.736,7.318]]]}},{"type":"Feature","properties":{"id":"59680162B12426298681132"},"geometry":{"type":"Polygon","coordinates":[[[7.136,12.086],[7.0,12.097],[6.967,12.067],[6.886,12.105],[6.87,12.095],[6.878,12.079],[6.827,12.077],[6.785,11.985],[6.745,12.0],[6.74,11.95],[6.665,11.895],[6.704,11.826],[6.682,11.715],[6.723,11.671],[6.714,11.594],[6.792,11.542],[6.825,11.546],[6.854,11.595],[6.902,11.799],[6.917,11.786],[7.017,11.816],[7.06,11.79],[7.075,11.817],[7.142,11.849],[7.141,11.911],[7.2,11.901],[7.247,11.933],[7.22,11.95],[7.211,11.985],[7.154,12.026],[7.136,12.086]]]}},{"type":"Feature","properties":{"id":"59680162B94527775336179"},"geometry":{"type":"Polygon","coordinates":[[[5.366,8.092],[5.498,8.111],[5.533,8.147],[5.537,8.206],[5.495,8.215],[5.225,8.145],[5.163,8.05],[5.196,8.018],[5.332,8.01],[5.361,8.039],[5.366,8.092]]]}},{"type":"Feature","properties":{"id":"59680162B28239494939120"},"geometry":{"type":"Polygon","coordinates":[[[5.414,11.402],[5.406,11.452],[5.509,11.488],[5.515,11.574],[5.497,11.613],[5.514,11.665],[5.444,11.664],[5.369,11.551],[5.307,11.574],[5.269,11.533],[5.153,11.553],[5.14,11.505],[5.163,11.469],[5.133,11.453],[5.123,11.413],[5.144,11.411],[5.121,11.353],[5.011,11.332],[4.988,11.313],[5.012,11.252],[5.058,11.27],[5.053,11.205],[5.071,11.238],[5.233,11.218],[5.25,11.309],[5.333,11.356],[5.344,11.391],[5.414,11.402]]]}},{"type":"Feature","properties":{"id":"59680162B26925253941931"},"geometry":{"type":"Polygon","coordinates":[[[5.325,8.334],[5.353,8.31],[5.357,8.275],[5.418,8.284],[5.422,8.228],[5.458,8.206],[5.537,8.206],[5.533,8.147],[5.498,8.115],[5.514,8.111],[5.506,8.019],[5.577,8.071],[5.644,8.074],[5.637,8.168],[5.701,8.293],[5.688,8.453],[5.513,8.539],[5.397,8.438],[5.325,8.334]]]}},{"type":"Feature","properties":{"id":"59680162B62255786160615"},"geometry":{"type":"Polygon","coordinates":[[[6.964,7.879],[6.953,7.918],[7.003,8.167],[6.935,8.31],[6.981,8.444],[6.828,8.458],[6.837,8.391],[6.807,8.343],[6.772,8.335],[6.751,8.305],[6.761,8.273],[6.72,8.275],[6.713,8.202],[6.691,8.183],[6.779,8.045],[6.792,7.915],[6.769,7.8],[6.85,7.85],[6.964,7.879]]]}},{"type":"Feature","properties":{"id":"59680162B45171834970391"},"geometry":{"type":"Polygon","coordinates":[[[7.801,7.293],[7.629,7.347],[7.626,7.32],[7.553,7.291],[7.387,7.309],[7.355,7.298],[7.285,7.113],[7.367,7.089],[7.367,7.04],[7.387,7.086],[7.432,7.102],[7.47,7.094],[7.531,7.032],[7.608,7.018],[7.602,7.091],[7.643,7.158],[7.691,7.192],[7.718,7.184],[7.79,7.217],[7.801,7.293]]]}},{"type":"Feature","properties":{"id":"59680162B61774592523326"},"geometry":{"type":"Polygon","coordinates":[[[4.868,6.587],[4.882,6.646],[4.927,6.663],[5.009,6.647],[5.079,6.715],[5.002,6.791],[4.988,6.899],[4.902,6.96],[4.684,6.869],[4.547,6.845],[4.422,6.762],[4.376,6.663],[4.39,6.628],[4.454,6.607],[4.497,6.505],[4.529,6.586],[4.638,6.739],[4.713,6.733],[4.811,6.584],[4.868,6.587]]]}},{"type":"Feature","properties":{"id":"59680162B37327775180775"},"geometry":{"type":"Polygon","coordinates":[[[3.298,6.623],[3.333,6.602],[3.337,6.627],[3.306,6.648],[3.298,6.623]]]}},{"type":"Feature","properties":{"id":"59680162B54095353953704"},"geometry":{"type":"Polygon","coordinates":[[[8.772,11.47],[8.757,11.626],[8.671,11.638],[8.639,11.598],[8.645,11.544],[8.615,11.548],[8.603,11.511],[8.639,11.456],[8.604,11.467],[8.563,11.409],[8.615,11.35],[8.672,11.388],[8.672,11.407],[8.717,11.408],[8.745,11.468],[8.772,11.47]]]}},{"type":"Feature","properties":{"id":"59680162B97277051818349"},"geometry":{"type":"Polygon","coordinates":[[[4.907,8.37],[4.938,8.294],[4.926,8.227],[5.012,8.15],[5.081,8.149],[5.123,8.208],[5.185,8.182],[5.24,8.255],[5.176,8.252],[5.178,8.292],[5.135,8.364],[4.998,8.346],[4.907,8.37]]]}},{"type":"Feature","properties":{"id":"59680162B7149387462115"},"geometry":{"type":"Polygon","coordinates":[[[7.625,11.216],[7.602,11.18],[7.646,11.131],[7.741,11.084],[7.749,11.133],[7.813,11.153],[7.756,11.199],[7.763,11.23],[7.746,11.245],[7.714,11.236],[7.725,11.199],[7.625,11.216]]]}},{"type":"Feature","properties":{"id":"59680162B52658055469559"},"geometry":{"type":"Polygon","coordinates":[[[9.853,12.625],[9.856,12.589],[9.822,12.577],[9.827,12.527],[9.784,12.512],[9.802,12.492],[9.742,12.443],[9.79,12.403],[9.892,12.439],[9.937,12.416],[9.891,12.383],[9.897,12.35],[9.919,12.384],[9.936,12.372],[9.965,12.39],[9.965,12.414],[9.991,12.405],[9.999,12.427],[10.021,12.423],[10.024,12.456],[10.062,12.485],[10.063,12.557],[10.103,12.581],[10.122,12.554],[10.177,12.576],[10.18,12.606],[10.152,12.64],[10.188,12.695],[10.105,12.674],[10.085,12.687],[10.051,12.653],[9.971,12.63],[9.904,12.643],[9.89,12.62],[9.853,12.625]]]}},{"type":"Feature","properties":{"id":"59680162B326996000256"},"geometry":{"type":"Polygon","coordinates":[[[6.113,8.441],[6.215,8.464],[6.3,8.428],[6.396,8.329],[6.496,8.163],[6.447,8.063],[6.464,8.006],[6.418,8.02],[6.388,8.002],[6.287,8.095],[6.23,8.095],[6.22,8.069],[6.249,7.997],[6.327,7.916],[6.315,7.833],[6.344,7.808],[6.387,7.811],[6.526,7.9],[6.557,7.902],[6.661,7.844],[6.715,7.781],[6.742,7.784],[6.758,7.75],[6.792,7.915],[6.762,8.089],[6.72,8.126],[6.684,8.213],[6.608,8.314],[6.453,8.448],[6.398,8.629],[6.359,8.685],[6.303,8.728],[6.209,8.732],[6.125,8.556],[6.113,8.441]]]}},{"type":"Feature","properties":{"id":"59680162B73824932270854"},"geometry":{"type":"Polygon","coordinates":[[[4.509,7.599],[4.54,7.657],[4.442,7.725],[4.399,7.733],[4.39,7.701],[4.337,7.668],[4.33,7.635],[4.371,7.597],[4.486,7.622],[4.509,7.599]]]}},{"type":"Feature","properties":{"id":"59680162B2967434957315"},"geometry":{"type":"Polygon","coordinates":[[[7.619,11.278],[7.522,11.34],[7.52,11.362],[7.489,11.352],[7.468,11.378],[7.398,11.378],[7.358,11.264],[7.29,11.284],[7.195,11.258],[7.22,11.194],[7.2,11.152],[7.162,11.131],[7.114,10.904],[7.097,10.886],[7.041,10.939],[6.997,10.934],[6.953,10.894],[6.996,10.796],[7.129,10.714],[7.188,10.726],[7.216,10.852],[7.258,10.916],[7.31,10.942],[7.353,11.011],[7.409,11.0],[7.426,11.015],[7.452,10.972],[7.523,10.971],[7.495,11.03],[7.514,11.061],[7.6,11.068],[7.614,11.086],[7.64,11.074],[7.649,11.14],[7.602,11.184],[7.625,11.216],[7.619,11.278]]]}},{"type":"Feature","properties":{"id":"59680162B9357675593038"},"geometry":{"type":"Polygon","coordinates":[[[5.66,8.07],[5.577,8.071],[5.509,8.018],[5.514,8.111],[5.366,8.092],[5.419,8.027],[5.421,7.915],[5.445,7.874],[5.398,7.838],[5.42,7.783],[5.401,7.721],[5.436,7.73],[5.444,7.672],[5.489,7.65],[5.557,7.681],[5.567,7.721],[5.614,7.746],[5.658,7.828],[5.623,7.843],[5.599,7.952],[5.645,7.963],[5.668,8.002],[5.64,8.054],[5.66,8.07]]]}},{"type":"Feature","properties":{"id":"59680162B19874744513454"},"geometry":{"type":"Polygon","coordinates":[[[8.434,12.357],[8.373,12.41],[8.355,12.48],[8.311,12.508],[8.279,12.605],[8.18,12.564],[8.174,12.52],[8.19,12.505],[8.165,12.451],[8.108,12.416],[8.119,12.406],[8.152,12.428],[8.16,12.401],[8.184,12.4],[8.194,12.343],[8.235,12.381],[8.258,12.347],[8.333,12.338],[8.369,12.39],[8.384,12.375],[8.36,12.357],[8.434,12.357]]]}},{"type":"Feature","properties":{"id":"59680162B66353567053476"},"geometry":{"type":"Polygon","coordinates":[[[10.325,12.811],[10.363,12.806],[10.351,12.774],[10.373,12.728],[10.358,12.664],[10.376,12.656],[10.32,12.588],[10.311,12.53],[10.356,12.484],[10.336,12.476],[10.363,12.452],[10.394,12.465],[10.452,12.439],[10.602,12.485],[10.581,12.648],[10.6,12.695],[10.558,12.809],[10.538,12.824],[10.495,12.816],[10.475,12.79],[10.385,12.841],[10.331,12.847],[10.325,12.811]]]}},{"type":"Feature","properties":{"id":"59680162B25309364748934"},"geometry":{"type":"Polygon","coordinates":[[[6.283,12.408],[6.244,12.363],[6.239,12.321],[6.207,12.299],[6.175,12.188],[6.147,12.179],[6.114,12.132],[6.171,12.1],[6.158,12.051],[6.184,12.051],[6.241,11.903],[6.265,11.88],[6.305,11.88],[6.329,11.849],[6.276,11.829],[6.284,11.782],[6.244,11.689],[6.258,11.656],[6.213,11.634],[6.18,11.642],[6.157,11.612],[6.058,11.672],[5.992,11.672],[5.973,11.634],[5.932,11.642],[5.881,11.615],[5.819,11.648],[5.83,11.594],[5.816,11.542],[5.835,11.435],[5.934,11.437],[5.968,11.467],[6.01,11.463],[6.08,11.388],[6.201,11.39],[6.175,11.359],[6.191,11.334],[6.136,11.295],[6.109,11.238],[6.106,11.183],[6.047,11.163],[6.059,11.23],[6.014,11.13],[6.046,11.054],[6.12,11.06],[6.28,10.964],[6.329,11.027],[6.365,11.018],[6.404,11.033],[6.437,11.008],[6.511,11.044],[6.577,11.022],[6.603,11.046],[6.677,11.057],[6.687,11.092],[6.716,11.106],[6.691,11.121],[6.685,11.152],[6.703,11.239],[6.764,11.267],[6.774,11.322],[6.836,11.31],[6.833,11.352],[6.889,11.384],[6.907,11.475],[6.904,11.553],[6.854,11.595],[6.811,11.542],[6.714,11.594],[6.643,11.568],[6.563,11.565],[6.497,11.592],[6.499,11.569],[6.461,11.571],[6.402,11.74],[6.404,11.805],[6.504,11.894],[6.457,12.018],[6.355,12.039],[6.381,12.067],[6.367,12.09],[6.385,12.153],[6.438,12.183],[6.437,12.319],[6.455,12.354],[6.445,12.367],[6.397,12.355],[6.399,12.372],[6.361,12.393],[6.283,12.408]]]}},{"type":"Feature","properties":{"id":"59680162B57621312639176"},"geometry":{"type":"Polygon","coordinates":[[[10.494,10.688],[10.529,10.65],[10.563,10.642],[10.558,10.601],[10.662,10.491],[10.73,10.487],[10.791,10.435],[10.81,10.448],[10.804,10.424],[10.873,10.384],[10.923,10.424],[10.912,10.505],[10.931,10.621],[10.971,10.615],[10.996,10.657],[11.039,10.665],[11.172,10.66],[11.245,10.801],[11.205,10.812],[11.218,10.857],[11.102,10.933],[11.121,11.006],[11.055,11.09],[11.016,11.108],[11.036,11.134],[11.021,11.157],[10.93,11.091],[10.799,11.084],[10.772,11.06],[10.738,11.101],[10.708,11.085],[10.643,10.977],[10.677,10.931],[10.652,10.881],[10.569,10.811],[10.494,10.688]]]}},{"type":"Feature","properties":{"id":"59680162B10831398447622"},"geometry":{"type":"Polygon","coordinates":[[[4.964,12.931],[5.106,12.931],[5.12,12.976],[5.108,12.992],[5.129,12.998],[5.198,12.949],[5.248,13.014],[5.191,13.076],[5.244,13.08],[5.229,13.107],[5.278,13.181],[5.226,13.179],[5.179,13.238],[5.135,13.25],[5.107,13.19],[4.974,13.124],[4.985,13.085],[5.016,13.079],[5.017,13.028],[5.013,13.014],[4.983,13.021],[4.964,12.931]]]}},{"type":"Feature","properties":{"id":"59680162B41605859942250"},"geometry":{"type":"Polygon","coordinates":[[[5.058,8.039],[5.084,8.024],[5.118,8.063],[5.163,8.05],[5.225,8.145],[5.451,8.2],[5.419,8.236],[5.418,8.284],[5.357,8.275],[5.353,8.31],[5.325,8.334],[5.281,8.274],[5.198,8.214],[5.181,8.14],[5.09,8.094],[5.058,8.039]]]}},{"type":"Feature","properties":{"id":"59680162B18924931802221"},"geometry":{"type":"Polygon","coordinates":[[[3.352,6.556],[3.338,6.59],[3.288,6.571],[3.29,6.483],[3.317,6.49],[3.352,6.556]]]}},{"type":"Feature","properties":{"id":"59680162B89355923746110"},"geometry":{"type":"Polygon","coordinates":[[[13.084,13.113],[13.149,13.1],[13.19,13.056],[13.283,13.013],[13.346,13.047],[13.4,13.128],[13.469,13.183],[13.456,13.323],[13.648,13.396],[13.762,13.529],[13.634,13.708],[13.363,13.708],[13.339,13.721],[13.335,13.694],[13.309,13.696],[13.263,13.62],[13.243,13.616],[13.263,13.595],[13.251,13.58],[13.226,13.589],[13.24,13.565],[13.207,13.549],[13.198,13.513],[13.181,13.538],[13.14,13.518],[13.147,13.551],[13.122,13.541],[13.125,13.522],[13.104,13.54],[13.089,13.516],[13.061,13.527],[13.062,13.55],[12.877,13.486],[12.819,13.422],[12.939,13.393],[13.084,13.113]]]}},{"type":"Feature","properties":{"id":"59680162B58812788921078"},"geometry":{"type":"Polygon","coordinates":[[[5.02,7.961],[5.14,7.929],[5.197,7.973],[5.24,7.979],[5.248,8.02],[5.196,8.018],[5.118,8.063],[5.084,8.024],[5.058,8.039],[5.02,7.961]]]}},{"type":"Feature","properties":{"id":"59680162B34682847069002"},"geometry":{"type":"Polygon","coordinates":[[[7.217,9.054],[7.221,9.115],[7.03,9.258],[6.968,9.232],[6.958,9.203],[6.893,9.205],[6.878,9.172],[6.889,9.098],[6.866,9.041],[6.902,8.955],[6.882,8.904],[6.902,8.887],[7.01,8.94],[7.059,8.91],[7.106,8.913],[7.106,8.95],[7.132,8.949],[7.17,9.006],[7.155,9.016],[7.217,9.054]]]}},{"type":"Feature","properties":{"id":"59680162B89404589930000"},"geometry":{"type":"Polygon","coordinates":[[[7.647,9.409],[7.793,9.276],[7.827,9.276],[7.919,9.317],[7.907,9.33],[7.959,9.398],[7.939,9.443],[7.956,9.461],[7.933,9.538],[7.944,9.56],[7.926,9.575],[7.927,9.615],[7.948,9.635],[7.921,9.637],[7.9,9.674],[7.866,9.678],[7.867,9.693],[7.837,9.692],[7.816,9.648],[7.749,9.677],[7.748,9.636],[7.712,9.604],[7.648,9.627],[7.567,9.577],[7.53,9.602],[7.512,9.587],[7.448,9.616],[7.431,9.591],[7.309,9.573],[7.29,9.514],[7.251,9.521],[7.201,9.46],[7.232,9.318],[7.509,9.355],[7.542,9.387],[7.647,9.409]]]}},{"type":"Feature","properties":{"id":"59680162B29524904273451"},"geometry":{"type":"Polygon","coordinates":[[[6.978,8.52],[6.87,8.583],[6.833,8.582],[6.8,8.673],[6.827,8.693],[6.802,8.699],[6.816,8.733],[6.793,8.744],[6.82,8.761],[6.796,8.777],[6.823,8.819],[6.872,8.845],[6.898,8.93],[6.866,9.041],[6.889,9.098],[6.889,9.198],[6.958,9.203],[6.968,9.232],[7.03,9.258],[6.788,9.27],[6.785,8.458],[6.941,8.459],[6.981,8.444],[6.978,8.52]]]}},{"type":"Feature","properties":{"id":"59680162B82734256395858"},"geometry":{"type":"Polygon","coordinates":[[[10.978,7.31],[10.995,7.278],[10.989,7.12],[10.922,7.022],[10.842,6.958],[10.883,6.828],[10.943,6.778],[11.019,6.779],[11.078,6.707],[11.062,6.596],[11.117,6.444],[11.267,6.433],[11.372,6.45],[11.413,6.484],[11.437,6.591],[11.511,6.602],[11.555,6.654],[11.589,6.78],[11.556,6.833],[11.638,6.944],[11.694,6.973],[11.619,7.013],[11.579,7.0],[11.565,7.07],[11.534,7.079],[11.393,7.055],[11.403,7.006],[11.289,7.022],[11.285,7.052],[11.134,7.196],[11.136,7.263],[11.1,7.271],[11.128,7.317],[11.122,7.337],[11.07,7.359],[11.024,7.321],[10.978,7.31]]]}},{"type":"Feature","properties":{"id":"59680162B85769693016783"},"geometry":{"type":"Polygon","coordinates":[[[4.314,10.95],[4.33,10.951],[4.339,10.903],[4.381,10.88],[4.54,10.92],[4.602,10.888],[4.635,10.891],[4.694,10.919],[4.68,10.946],[4.707,10.953],[4.73,10.907],[4.796,10.911],[4.826,10.882],[4.88,10.88],[4.889,10.951],[5.041,11.052],[4.996,11.054],[4.98,11.081],[4.803,11.114],[4.746,11.148],[4.703,11.229],[4.739,11.251],[4.704,11.268],[4.712,11.297],[4.791,11.327],[4.766,11.359],[4.776,11.399],[4.703,11.477],[4.638,11.479],[4.634,11.517],[4.591,11.532],[4.509,11.496],[4.595,11.461],[4.517,11.339],[4.516,11.267],[4.488,11.24],[4.513,11.148],[4.338,11.182],[4.305,11.145],[4.329,11.002],[4.314,10.95]]]}},{"type":"Feature","properties":{"id":"59680162B79463473975333"},"geometry":{"type":"Polygon","coordinates":[[[6.889,11.384],[6.833,11.352],[6.836,11.31],[6.774,11.322],[6.764,11.267],[6.703,11.239],[6.685,11.152],[6.691,11.121],[6.716,11.106],[6.687,11.092],[6.677,11.057],[6.603,11.046],[6.577,11.022],[6.511,11.044],[6.437,11.008],[6.404,11.033],[6.365,11.018],[6.329,11.027],[6.28,10.964],[6.237,10.945],[6.218,10.905],[6.165,10.893],[6.161,10.854],[6.123,10.845],[6.136,10.825],[6.113,10.814],[6.102,10.775],[6.117,10.74],[6.093,10.699],[6.141,10.673],[6.115,10.607],[6.134,10.59],[6.092,10.522],[6.158,10.501],[6.17,10.358],[6.236,10.385],[6.254,10.427],[6.296,10.418],[6.323,10.447],[6.315,10.48],[6.397,10.573],[6.495,10.616],[6.524,10.595],[6.54,10.545],[6.647,10.593],[6.726,10.589],[6.717,10.642],[6.809,10.792],[6.846,10.812],[6.917,10.751],[6.942,10.698],[7.008,10.663],[7.019,10.56],[7.104,10.557],[7.129,10.714],[6.996,10.796],[6.953,10.894],[6.997,10.934],[7.041,10.939],[7.097,10.886],[7.114,10.904],[7.162,11.131],[7.129,11.138],[7.069,11.203],[6.968,11.245],[7.009,11.294],[7.006,11.362],[6.889,11.384]]]}},{"type":"Feature","properties":{"id":"59680162B87284296025200"},"geometry":{"type":"Polygon","coordinates":[[[4.826,10.882],[4.826,10.849],[4.781,10.819],[4.747,10.761],[4.767,10.723],[4.726,10.656],[4.769,10.615],[4.75,10.585],[4.693,10.612],[4.663,10.594],[4.634,10.611],[4.601,10.571],[4.499,10.517],[4.483,10.329],[4.569,10.246],[4.527,10.143],[4.53,10.101],[4.625,10.103],[4.647,10.205],[4.697,10.24],[4.794,10.261],[4.872,10.218],[4.947,10.285],[4.95,10.39],[4.932,10.44],[4.853,10.46],[4.819,10.507],[4.824,10.595],[4.796,10.629],[4.807,10.693],[4.826,10.708],[4.942,10.689],[5.012,10.724],[5.027,10.75],[5.055,10.738],[5.101,10.761],[5.1,10.808],[5.047,10.825],[5.029,10.859],[5.025,10.89],[5.082,10.927],[5.041,11.052],[4.889,10.951],[4.88,10.88],[4.826,10.882]]]}},{"type":"Feature","properties":{"id":"59680162B24550873512487"},"geometry":{"type":"Polygon","coordinates":[[[7.511,10.195],[7.538,10.275],[7.558,10.29],[7.589,10.281],[7.59,10.308],[7.604,10.309],[7.615,10.345],[7.596,10.395],[7.695,10.412],[7.691,10.432],[7.731,10.469],[7.699,10.51],[7.693,10.595],[7.675,10.56],[7.625,10.566],[7.602,10.588],[7.487,10.563],[7.432,10.444],[7.405,10.435],[7.398,10.484],[7.312,10.502],[7.291,10.487],[7.286,10.518],[7.238,10.531],[7.28,10.585],[7.308,10.594],[7.311,10.627],[7.188,10.726],[7.129,10.714],[7.104,10.557],[7.019,10.56],[7.008,10.663],[6.942,10.698],[6.917,10.751],[6.861,10.783],[6.854,10.812],[6.809,10.792],[6.72,10.644],[6.817,10.638],[6.84,10.532],[6.869,10.555],[6.913,10.538],[6.954,10.482],[6.926,10.37],[7.02,10.354],[7.051,10.317],[7.008,10.242],[6.982,10.244],[6.954,10.192],[6.915,10.189],[6.885,10.151],[6.901,10.076],[6.952,10.048],[7.105,10.027],[7.289,10.041],[7.384,10.093],[7.445,10.184],[7.511,10.195]]]}},{"type":"Feature","properties":{"id":"59680162B47779539071975"},"geometry":{"type":"Polygon","coordinates":[[[4.68,10.946],[4.723,10.867],[4.698,10.801],[4.691,10.663],[4.634,10.611],[4.663,10.594],[4.693,10.612],[4.745,10.584],[4.769,10.615],[4.726,10.656],[4.767,10.723],[4.747,10.761],[4.781,10.819],[4.826,10.849],[4.826,10.882],[4.796,10.911],[4.724,10.911],[4.715,10.952],[4.68,10.946]]]}},{"type":"Feature","properties":{"id":"59680162B79526209894783"},"geometry":{"type":"MultiPolygon","coordinates":[[[[8.434,9.994],[8.42,9.918],[8.433,9.887],[8.51,9.865],[8.512,9.812],[8.484,9.755],[8.515,9.733],[8.528,9.755],[8.599,9.728],[8.644,9.775],[8.635,9.867],[8.68,10.011],[8.611,10.001],[8.538,10.032],[8.488,10.019],[8.477,9.985],[8.434,9.994]]],[[[8.416,10.444],[8.349,10.493],[8.32,10.494],[8.314,10.565],[8.25,10.597],[8.235,10.666],[8.212,10.651],[8.182,10.68],[8.091,10.674],[7.977,10.713],[7.954,10.692],[7.945,10.715],[7.864,10.667],[7.858,10.58],[7.889,10.589],[7.87,10.527],[7.932,10.466],[8.011,10.475],[8.0,10.45],[8.039,10.343],[8.035,10.299],[8.059,10.318],[8.098,10.312],[8.144,10.282],[8.145,10.25],[8.194,10.219],[8.169,10.19],[8.24,10.119],[8.221,10.104],[8.272,10.055],[8.272,10.022],[8.335,10.017],[8.37,10.043],[8.383,10.014],[8.434,9.998],[8.455,10.018],[8.451,10.045],[8.501,10.092],[8.486,10.131],[8.45,10.142],[8.44,10.176],[8.415,10.189],[8.424,10.209],[8.396,10.294],[8.328,10.246],[8.32,10.297],[8.33,10.354],[8.363,10.394],[8.407,10.403],[8.416,10.444]]]]}},{"type":"Feature","properties":{"id":"59680162B45761287530482"},"geometry":{"type":"Polygon","coordinates":[[[12.373,9.394],[12.23,9.591],[12.227,9.656],[12.107,9.647],[12.093,9.618],[12.065,9.618],[12.028,9.427],[11.989,9.43],[11.94,9.406],[11.862,9.447],[11.833,9.427],[11.828,9.389],[11.778,9.355],[11.755,9.361],[11.697,9.322],[11.636,9.348],[11.624,9.335],[11.687,9.23],[11.783,9.198],[11.826,9.209],[11.848,9.167],[11.901,9.189],[11.951,9.252],[12.077,9.315],[12.105,9.364],[12.232,9.369],[12.266,9.433],[12.313,9.44],[12.355,9.391],[12.373,9.394]]]}},{"type":"Feature","properties":{"id":"59680162B33788323646847"},"geometry":{"type":"Polygon","coordinates":[[[7.53,5.48],[7.51,5.503],[7.463,5.503],[7.46,5.544],[7.415,5.571],[7.363,5.46],[7.51,5.431],[7.53,5.48]]]}},{"type":"Feature","properties":{"id":"59680162B29331014496737"},"geometry":{"type":"Polygon","coordinates":[[[4.748,7.679],[4.787,7.737],[4.887,7.69],[4.922,7.862],[4.865,7.842],[4.844,7.863],[4.816,7.85],[4.745,7.885],[4.721,7.877],[4.719,7.837],[4.672,7.859],[4.66,7.784],[4.61,7.79],[4.61,7.752],[4.646,7.737],[4.636,7.707],[4.663,7.689],[4.748,7.679]]]}},{"type":"Feature","properties":{"id":"59680162B78900735102434"},"geometry":{"type":"MultiPolygon","coordinates":[[[[6.988,5.26],[7.017,5.28],[6.986,5.288],[6.988,5.26]]],[[[7.027,5.289],[7.035,5.377],[7.063,5.38],[7.079,5.425],[7.042,5.447],[7.002,5.427],[6.975,5.484],[7.008,5.521],[7.007,5.559],[6.99,5.567],[6.981,5.541],[6.969,5.561],[6.938,5.556],[6.929,5.525],[6.886,5.503],[6.93,5.443],[6.87,5.385],[6.976,5.394],[6.982,5.342],[7.027,5.289]]]]}},{"type":"Feature","properties":{"id":"59680162B9133954487337"},"geometry":{"type":"Polygon","coordinates":[[[7.553,8.762],[7.436,8.586],[7.467,8.517],[7.436,8.242],[7.374,8.122],[7.321,8.085],[7.306,8.028],[7.451,8.049],[7.583,8.038],[7.877,7.983],[8.041,7.896],[7.988,7.975],[7.984,8.025],[8.056,8.129],[8.025,8.184],[8.054,8.232],[8.04,8.244],[8.056,8.28],[8.074,8.281],[8.057,8.309],[8.072,8.314],[8.072,8.35],[8.093,8.343],[8.097,8.369],[8.182,8.409],[8.135,8.493],[7.784,8.711],[7.7,8.694],[7.624,8.751],[7.553,8.762]]]}},{"type":"Feature","properties":{"id":"59680162B38736391522213"},"geometry":{"type":"Polygon","coordinates":[[[6.972,6.029],[6.958,6.04],[6.975,6.05],[6.97,6.097],[6.926,6.086],[6.904,6.099],[6.847,6.074],[6.845,6.097],[6.826,6.098],[6.782,6.077],[6.778,6.056],[6.834,6.041],[6.891,6.071],[6.931,6.018],[6.972,6.029]]]}},{"type":"Feature","properties":{"id":"59680162B53329994117155"},"geometry":{"type":"Polygon","coordinates":[[[7.393,5.076],[7.395,5.119],[7.367,5.141],[7.32,5.114],[7.317,5.088],[7.366,5.114],[7.393,5.076]]]}},{"type":"Feature","properties":{"id":"59680162B82944797684000"},"geometry":{"type":"Polygon","coordinates":[[[3.169,7.373],[3.172,7.336],[3.216,7.278],[3.262,7.253],[3.314,7.253],[3.317,7.221],[3.372,7.225],[3.384,7.21],[3.371,7.195],[3.425,7.155],[3.447,7.185],[3.483,7.193],[3.558,7.181],[3.629,7.198],[3.663,7.175],[3.712,7.226],[3.762,7.243],[3.762,7.301],[3.714,7.305],[3.72,7.387],[3.693,7.388],[3.707,7.447],[3.541,7.44],[3.474,7.389],[3.483,7.417],[3.453,7.495],[3.393,7.456],[3.386,7.401],[3.324,7.315],[3.292,7.321],[3.249,7.367],[3.169,7.373]]]}},{"type":"Feature","properties":{"id":"59680162B17778966736574"},"geometry":{"type":"Polygon","coordinates":[[[4.343,7.068],[4.304,7.027],[4.155,6.995],[4.086,6.892],[4.072,6.815],[4.042,6.85],[4.01,6.854],[3.949,6.817],[3.941,6.797],[3.977,6.761],[3.997,6.773],[4.044,6.756],[4.097,6.672],[4.093,6.646],[4.055,6.622],[4.072,6.571],[4.117,6.556],[4.178,6.604],[4.236,6.578],[4.257,6.64],[4.298,6.666],[4.378,6.642],[4.39,6.716],[4.422,6.762],[4.547,6.841],[4.562,6.988],[4.61,7.031],[4.516,7.023],[4.489,6.992],[4.425,7.002],[4.39,6.981],[4.37,7.056],[4.343,7.068]]]}},{"type":"Feature","properties":{"id":"59680162B94450341733030"},"geometry":{"type":"Polygon","coordinates":[[[7.89,6.835],[7.964,6.914],[7.938,6.966],[7.988,6.983],[8.053,6.973],[7.972,7.075],[7.972,7.105],[7.935,7.113],[7.935,7.15],[7.843,7.159],[7.825,7.28],[7.801,7.293],[7.79,7.217],[7.71,7.183],[7.74,7.164],[7.772,7.1],[7.767,7.075],[7.741,7.065],[7.774,7.029],[7.686,6.903],[7.712,6.887],[7.712,6.861],[7.786,6.873],[7.792,6.889],[7.864,6.88],[7.89,6.835]]]}},{"type":"Feature","properties":{"id":"59680162B64183111122385"},"geometry":{"type":"Polygon","coordinates":[[[10.969,9.615],[10.992,9.559],[11.076,9.551],[11.114,9.526],[11.222,9.569],[11.269,9.549],[11.374,9.547],[11.412,9.658],[11.292,9.775],[11.295,9.838],[11.263,9.919],[11.24,9.93],[11.232,9.792],[11.165,9.751],[11.138,9.7],[11.101,9.68],[11.019,9.699],[10.96,9.679],[10.99,9.641],[10.969,9.615]]]}},{"type":"Feature","properties":{"id":"59680162B25214275797379"},"geometry":{"type":"Polygon","coordinates":[[[5.172,7.54],[5.207,7.567],[5.221,7.542],[5.25,7.588],[5.299,7.586],[5.366,7.549],[5.347,7.658],[5.367,7.679],[5.283,7.668],[5.27,7.681],[5.254,7.667],[5.235,7.701],[5.173,7.64],[5.113,7.637],[5.172,7.54]]]}},{"type":"Feature","properties":{"id":"59680162B56887411771488"},"geometry":{"type":"Polygon","coordinates":[[[7.21,5.512],[7.263,5.522],[7.284,5.491],[7.329,5.526],[7.301,5.569],[7.304,5.601],[7.254,5.587],[7.22,5.61],[7.213,5.588],[7.254,5.571],[7.217,5.552],[7.21,5.512]]]}},{"type":"Feature","properties":{"id":"59680162B11863934245151"},"geometry":{"type":"Polygon","coordinates":[[[7.45,7.513],[7.461,7.401],[7.368,7.36],[7.409,7.299],[7.553,7.291],[7.626,7.32],[7.629,7.347],[7.769,7.302],[7.803,7.364],[7.793,7.415],[7.764,7.434],[7.756,7.53],[7.737,7.539],[7.724,7.62],[7.752,7.64],[7.753,7.708],[7.652,7.696],[7.595,7.641],[7.588,7.656],[7.556,7.643],[7.566,7.587],[7.524,7.529],[7.45,7.513]]]}},{"type":"Feature","properties":{"id":"59680162B31302026198632"},"geometry":{"type":"MultiPolygon","coordinates":[[[[7.08,5.719],[7.116,5.71],[7.132,5.72],[7.112,5.735],[7.08,5.719]]],[[[7.114,5.811],[7.07,5.786],[7.092,5.753],[7.076,5.734],[7.162,5.746],[7.117,5.775],[7.13,5.794],[7.114,5.811]]]]}},{"type":"Feature","properties":{"id":"59680162B6932812925911"},"geometry":{"type":"Polygon","coordinates":[[[7.75,7.752],[7.752,7.64],[7.724,7.62],[7.737,7.539],[7.756,7.53],[7.764,7.434],[7.792,7.41],[7.816,7.409],[8.077,7.612],[8.063,7.691],[8.0,7.709],[7.971,7.753],[7.978,7.786],[7.806,7.79],[7.792,7.765],[7.75,7.752]]]}},{"type":"Feature","properties":{"id":"59680162B2505789698133"},"geometry":{"type":"Polygon","coordinates":[[[9.738,7.078],[9.641,7.051],[9.599,7.001],[9.524,6.99],[9.526,7.034],[9.483,7.029],[9.472,7.08],[9.4,7.049],[9.354,7.084],[9.328,7.032],[9.207,7.004],[9.196,6.958],[9.162,6.943],[9.188,6.872],[9.158,6.828],[9.193,6.77],[9.173,6.726],[9.185,6.693],[9.304,6.718],[9.471,6.525],[9.458,6.405],[9.525,6.43],[9.598,6.5],[9.646,6.739],[9.646,6.895],[9.738,7.078]]]}},{"type":"Feature","properties":{"id":"59680162B83284995722346"},"geometry":{"type":"Polygon","coordinates":[[[8.599,5.826],[8.703,5.848],[8.714,5.928],[8.779,5.934],[8.799,6.065],[8.779,6.091],[8.787,6.154],[8.753,6.201],[8.797,6.282],[8.738,6.322],[8.717,6.377],[8.666,6.37],[8.636,6.385],[8.627,6.36],[8.586,6.357],[8.528,6.385],[8.495,6.338],[8.509,6.322],[8.458,6.273],[8.477,6.257],[8.442,6.249],[8.426,6.219],[8.447,6.171],[8.421,6.143],[8.466,6.137],[8.451,6.111],[8.495,6.054],[8.473,5.933],[8.497,5.894],[8.599,5.826]]]}},{"type":"Feature","properties":{"id":"59680162B17555212909244"},"geometry":{"type":"Polygon","coordinates":[[[5.25,7.882],[5.222,7.883],[5.218,7.906],[5.177,7.898],[5.156,7.942],[5.14,7.929],[5.1,7.938],[5.114,7.893],[5.085,7.926],[5.069,7.91],[5.137,7.882],[5.098,7.848],[5.14,7.822],[5.149,7.771],[5.179,7.764],[5.258,7.792],[5.241,7.844],[5.25,7.882]]]}},{"type":"Feature","properties":{"id":"59680162B72042998542035"},"geometry":{"type":"Polygon","coordinates":[[[7.539,5.101],[7.49,5.072],[7.483,5.028],[7.426,5.03],[7.412,4.979],[7.352,4.995],[7.298,4.957],[7.334,4.917],[7.305,4.875],[7.416,4.867],[7.489,4.822],[7.499,4.855],[7.477,4.908],[7.491,4.959],[7.46,4.978],[7.533,5.042],[7.519,5.053],[7.54,5.069],[7.539,5.101]]]}},{"type":"Feature","properties":{"id":"59680162B46910461063287"},"geometry":{"type":"Polygon","coordinates":[[[7.235,4.981],[7.142,4.901],[7.199,4.862],[7.305,4.875],[7.325,4.896],[7.33,4.927],[7.27,5.003],[7.307,5.065],[7.296,5.082],[7.256,5.078],[7.235,4.981]]]}},{"type":"Feature","properties":{"id":"59680162B31350853830247"},"geometry":{"type":"Polygon","coordinates":[[[6.944,6.018],[6.951,5.969],[6.878,5.977],[6.868,5.934],[6.942,5.895],[7.037,5.917],[7.029,5.931],[7.057,5.956],[7.046,5.983],[6.998,5.996],[6.993,6.037],[6.944,6.018]]]}},{"type":"Feature","properties":{"id":"59680162B50576086706147"},"geometry":{"type":"Polygon","coordinates":[[[7.734,5.518],[7.661,5.529],[7.642,5.513],[7.615,5.565],[7.649,5.614],[7.707,5.642],[7.658,5.627],[7.633,5.644],[7.688,5.739],[7.729,5.761],[7.725,5.816],[7.567,5.844],[7.528,5.834],[7.555,5.749],[7.547,5.675],[7.483,5.664],[7.49,5.69],[7.479,5.686],[7.471,5.648],[7.515,5.633],[7.535,5.594],[7.575,5.585],[7.576,5.495],[7.642,5.473],[7.658,5.446],[7.7,5.432],[7.692,5.512],[7.734,5.518]]]}},{"type":"Feature","properties":{"id":"59680162B88090020431393"},"geometry":{"type":"Polygon","coordinates":[[[7.364,5.701],[7.4,5.713],[7.396,5.908],[7.229,5.933],[7.225,5.894],[7.259,5.858],[7.224,5.838],[7.252,5.83],[7.286,5.773],[7.247,5.736],[7.309,5.755],[7.364,5.701]]]}},{"type":"Feature","properties":{"id":"59680162B54185205976265"},"geometry":{"type":"Polygon","coordinates":[[[10.061,11.643],[10.065,11.72],[9.983,11.707],[9.98,11.742],[9.935,11.77],[9.912,11.738],[9.82,11.712],[9.828,11.635],[9.811,11.622],[9.835,11.599],[9.82,11.58],[9.848,11.575],[9.858,11.553],[9.904,11.553],[9.92,11.532],[9.924,11.563],[9.896,11.586],[9.938,11.612],[9.947,11.647],[9.998,11.67],[10.008,11.65],[10.061,11.643]]]}},{"type":"Feature","properties":{"id":"59680162B28903777440270"},"geometry":{"type":"Polygon","coordinates":[[[8.071,9.155],[7.974,9.064],[7.947,9.061],[7.912,9.012],[7.892,9.017],[7.863,8.923],[7.91,8.869],[7.913,8.847],[7.889,8.84],[7.893,8.797],[7.925,8.768],[7.935,8.723],[7.9,8.644],[7.942,8.604],[7.996,8.587],[8.015,8.557],[8.101,8.526],[8.147,8.469],[8.17,8.487],[8.223,8.484],[8.241,8.508],[8.189,8.543],[8.157,8.539],[8.155,8.559],[8.191,8.624],[8.173,8.712],[8.194,8.732],[8.188,8.758],[8.235,8.789],[8.215,8.822],[8.239,8.894],[8.187,8.953],[8.178,9.019],[8.155,9.041],[8.062,9.052],[8.071,9.155]]]}},{"type":"Feature","properties":{"id":"59680162B20020413332718"},"geometry":{"type":"Polygon","coordinates":[[[13.91,12.121],[13.87,12.174],[13.701,12.215],[13.679,12.241],[13.654,12.21],[13.654,12.137],[13.47,12.257],[13.403,12.219],[13.359,12.258],[13.282,12.258],[13.267,12.198],[13.286,12.095],[13.263,12.087],[13.225,12.128],[13.196,12.083],[13.237,11.999],[13.247,12.038],[13.26,12.034],[13.291,11.88],[13.269,11.855],[13.196,11.847],[13.191,11.828],[13.313,11.785],[13.311,11.748],[13.336,11.726],[13.505,11.797],[13.554,11.771],[13.585,11.651],[13.709,11.748],[13.786,11.749],[13.852,11.902],[13.86,12.019],[13.91,12.121]]]}},{"type":"Feature","properties":{"id":"59680162B95139171035149"},"geometry":{"type":"Polygon","coordinates":[[[10.978,9.81],[11.044,9.837],[11.085,9.938],[11.165,9.955],[11.186,9.986],[11.283,10.005],[11.304,10.028],[11.464,9.987],[11.487,10.02],[11.534,10.006],[11.539,10.022],[11.417,10.071],[11.331,10.079],[11.304,10.108],[11.266,10.225],[11.2,10.208],[11.191,10.238],[11.208,10.293],[11.169,10.264],[11.124,10.28],[11.121,10.311],[11.005,10.335],[10.992,10.367],[10.931,10.356],[10.835,10.395],[10.819,10.313],[10.863,10.268],[10.857,10.236],[10.807,10.138],[10.738,10.121],[10.716,10.095],[10.717,10.05],[10.945,9.88],[10.978,9.81]]]}},{"type":"Feature","properties":{"id":"59680162B69595078054024"},"geometry":{"type":"Polygon","coordinates":[[[9.354,7.084],[9.313,7.098],[9.274,7.05],[9.253,7.092],[9.143,7.052],[9.109,7.068],[9.068,7.042],[9.04,7.047],[9.017,7.073],[9.048,7.119],[9.075,7.125],[9.061,7.157],[9.074,7.174],[9.106,7.155],[9.129,7.173],[9.104,7.209],[9.036,7.247],[9.005,7.243],[8.984,7.284],[8.904,7.276],[8.87,7.256],[8.842,7.187],[8.776,7.18],[8.835,7.122],[8.839,7.066],[8.977,6.96],[9.142,6.967],[9.162,6.943],[9.196,6.958],[9.207,7.004],[9.328,7.032],[9.354,7.084]]]}},{"type":"Feature","properties":{"id":"59680162B95469939765095"},"geometry":{"type":"Polygon","coordinates":[[[7.303,5.601],[7.352,5.636],[7.369,5.692],[7.309,5.755],[7.257,5.73],[7.246,5.671],[7.214,5.671],[7.235,5.595],[7.303,5.601]]]}},{"type":"Feature","properties":{"id":"59680162B23369049466603"},"geometry":{"type":"MultiPolygon","coordinates":[[[[7.047,5.846],[7.047,5.821],[7.069,5.818],[7.077,5.833],[7.047,5.846]]],[[[7.117,5.775],[7.189,5.732],[7.205,5.765],[7.183,5.851],[7.11,5.83],[7.13,5.794],[7.117,5.775]]]]}},{"type":"Feature","properties":{"id":"59680162B5974853059370"},"geometry":{"type":"Polygon","coordinates":[[[4.424,7.191],[4.41,7.128],[4.351,7.066],[4.37,7.056],[4.39,6.981],[4.425,7.002],[4.489,6.992],[4.516,7.023],[4.61,7.031],[4.627,7.104],[4.673,7.14],[4.672,7.166],[4.709,7.165],[4.747,7.223],[4.745,7.314],[4.712,7.316],[4.682,7.344],[4.67,7.404],[4.615,7.41],[4.619,7.385],[4.591,7.385],[4.623,7.321],[4.594,7.304],[4.595,7.274],[4.544,7.289],[4.55,7.319],[4.513,7.353],[4.49,7.296],[4.519,7.25],[4.47,7.249],[4.424,7.191]]]}},{"type":"Feature","properties":{"id":"59680162B91981903970684"},"geometry":{"type":"Polygon","coordinates":[[[6.821,6.232],[6.81,6.174],[6.902,6.16],[6.93,6.212],[6.959,6.22],[6.967,6.283],[6.931,6.296],[6.879,6.25],[6.821,6.232]]]}},{"type":"Feature","properties":{"id":"59680162B46774046834533"},"geometry":{"type":"Polygon","coordinates":[[[5.086,7.456],[5.111,7.499],[5.172,7.54],[5.113,7.637],[5.083,7.616],[5.076,7.541],[4.975,7.561],[4.919,7.521],[4.952,7.448],[4.997,7.415],[5.049,7.457],[5.086,7.456]]]}},{"type":"Feature","properties":{"id":"59680162B31003411858547"},"geometry":{"type":"Polygon","coordinates":[[[6.939,6.703],[6.942,6.623],[6.915,6.586],[6.924,6.574],[6.905,6.571],[6.911,6.516],[6.893,6.493],[6.892,6.412],[6.909,6.397],[7.032,6.451],[7.055,6.545],[7.109,6.593],[7.133,6.652],[7.007,6.709],[6.939,6.703]]]}},{"type":"Feature","properties":{"id":"59680162B96723309662383"},"geometry":{"type":"Polygon","coordinates":[[[7.21,5.512],[7.154,5.477],[7.18,5.446],[7.241,5.437],[7.199,5.374],[7.246,5.361],[7.236,5.337],[7.259,5.325],[7.285,5.35],[7.3,5.341],[7.323,5.395],[7.292,5.403],[7.285,5.448],[7.261,5.459],[7.285,5.488],[7.271,5.514],[7.21,5.512]]]}},{"type":"Feature","properties":{"id":"59680162B76636581595069"},"geometry":{"type":"Polygon","coordinates":[[[5.25,8.002],[5.24,7.979],[5.197,7.973],[5.161,7.939],[5.177,7.898],[5.218,7.906],[5.228,7.88],[5.266,7.883],[5.272,7.952],[5.25,8.002]]]}},{"type":"Feature","properties":{"id":"59680162B59739898555342"},"geometry":{"type":"Polygon","coordinates":[[[6.999,5.569],[7.032,5.52],[7.044,5.541],[7.078,5.524],[7.082,5.6],[7.111,5.573],[7.125,5.611],[7.162,5.627],[7.106,5.63],[7.089,5.649],[7.074,5.627],[7.02,5.653],[6.955,5.627],[6.957,5.566],[6.981,5.541],[6.999,5.569]]]}},{"type":"Feature","properties":{"id":"59680162B55799213409467"},"geometry":{"type":"Polygon","coordinates":[[[8.701,5.014],[8.747,5.098],[8.816,5.16],[8.86,5.497],[8.922,5.595],[8.853,5.745],[8.809,5.745],[8.677,5.653],[8.574,5.643],[8.49,5.61],[8.296,5.737],[8.144,5.667],[8.191,5.543],[8.26,5.446],[8.245,5.392],[8.171,5.353],[8.162,5.308],[8.181,5.228],[8.227,5.212],[8.265,5.244],[8.334,5.207],[8.413,5.196],[8.397,5.126],[8.466,5.064],[8.472,5.035],[8.514,5.022],[8.604,5.042],[8.701,5.014]]]}},{"type":"Feature","properties":{"id":"59680162B7784772599553"},"geometry":{"type":"Polygon","coordinates":[[[7.532,5.173],[7.553,5.273],[7.51,5.304],[7.484,5.242],[7.38,5.2],[7.368,5.14],[7.4,5.104],[7.384,5.047],[7.483,5.028],[7.49,5.072],[7.539,5.101],[7.532,5.173]]]}},{"type":"Feature","properties":{"id":"59680162B24857715869577"},"geometry":{"type":"Polygon","coordinates":[[[9.179,7.908],[9.134,7.989],[8.96,7.932],[8.93,7.835],[8.949,7.807],[9.017,7.803],[9.146,7.664],[9.202,7.651],[9.236,7.591],[9.188,7.574],[9.153,7.597],[9.158,7.548],[9.183,7.519],[9.223,7.512],[9.267,7.459],[9.467,7.485],[9.486,7.533],[9.521,7.547],[9.504,7.545],[9.483,7.614],[9.46,7.627],[9.447,7.733],[9.378,7.718],[9.387,7.845],[9.13,7.788],[9.116,7.808],[9.179,7.908]]]}},{"type":"Feature","properties":{"id":"59680162B47044873054392"},"geometry":{"type":"Polygon","coordinates":[[[9.134,7.989],[9.057,8.078],[8.911,8.056],[8.781,8.075],[8.504,8.158],[8.391,8.078],[8.36,7.962],[8.344,7.973],[8.34,7.961],[8.348,7.928],[8.391,7.89],[8.416,7.8],[8.45,7.846],[8.495,7.851],[8.681,7.824],[8.716,7.767],[8.693,7.753],[8.697,7.661],[8.768,7.653],[8.819,7.73],[8.899,7.691],[8.984,7.705],[8.997,7.599],[9.022,7.562],[9.132,7.631],[9.188,7.574],[9.236,7.591],[9.202,7.651],[9.146,7.664],[9.017,7.803],[8.949,7.807],[8.93,7.835],[8.96,7.932],[9.134,7.989]]]}},{"type":"Feature","properties":{"id":"59680162B30816727026324"},"geometry":{"type":"Polygon","coordinates":[[[8.717,6.377],[8.724,6.433],[8.763,6.465],[8.801,6.562],[8.826,6.531],[8.93,6.481],[8.919,6.526],[9.013,6.545],[8.961,6.633],[8.919,6.62],[8.94,6.607],[8.924,6.592],[8.854,6.57],[8.826,6.685],[8.784,6.688],[8.712,6.609],[8.645,6.574],[8.622,6.527],[8.519,6.542],[8.514,6.519],[8.545,6.506],[8.525,6.459],[8.545,6.45],[8.52,6.437],[8.431,6.457],[8.432,6.433],[8.457,6.428],[8.444,6.389],[8.472,6.374],[8.492,6.386],[8.5,6.353],[8.528,6.385],[8.586,6.357],[8.627,6.36],[8.636,6.385],[8.666,6.37],[8.717,6.377]]]}},{"type":"Feature","properties":{"id":"59680162B76876152340896"},"geometry":{"type":"Polygon","coordinates":[[[7.918,5.65],[7.804,5.745],[7.786,5.805],[7.725,5.816],[7.729,5.761],[7.688,5.739],[7.633,5.644],[7.658,5.627],[7.695,5.646],[7.741,5.606],[7.768,5.615],[7.774,5.581],[7.805,5.574],[7.757,5.554],[7.76,5.535],[7.812,5.5],[7.867,5.509],[7.887,5.558],[7.901,5.513],[7.918,5.65]]]}},{"type":"Feature","properties":{"id":"59680162B54356159238049"},"geometry":{"type":"Polygon","coordinates":[[[7.151,6.229],[7.15,6.176],[7.077,6.117],[7.074,6.067],[7.032,6.037],[7.074,6.025],[7.068,6.043],[7.095,6.049],[7.103,6.03],[7.131,6.032],[7.139,6.005],[7.167,6.033],[7.189,6.03],[7.187,6.047],[7.264,6.054],[7.271,6.079],[7.229,6.128],[7.2,6.235],[7.151,6.229]]]}},{"type":"Feature","properties":{"id":"59680162B34366982763718"},"geometry":{"type":"Polygon","coordinates":[[[7.818,6.638],[7.878,6.562],[7.945,6.54],[7.959,6.591],[7.987,6.611],[7.984,6.72],[8.02,6.733],[8.099,6.707],[8.136,6.716],[8.16,6.761],[8.119,6.8],[8.11,6.862],[8.085,6.862],[8.123,6.896],[8.193,6.901],[8.165,6.986],[8.087,6.969],[7.988,6.983],[7.938,6.966],[7.964,6.914],[7.89,6.835],[7.888,6.789],[7.903,6.781],[7.818,6.638]]]}},{"type":"Feature","properties":{"id":"59680162B43531883815254"},"geometry":{"type":"Polygon","coordinates":[[[6.981,8.444],[6.935,8.31],[7.003,8.167],[6.953,7.918],[6.967,7.879],[7.073,7.943],[7.317,8.042],[7.321,8.085],[7.374,8.122],[7.436,8.242],[7.466,8.418],[7.463,8.554],[7.436,8.586],[7.365,8.488],[7.133,8.449],[7.124,8.423],[7.084,8.419],[7.08,8.443],[6.981,8.444]]]}},{"type":"Feature","properties":{"id":"59680162B61270202433812"},"geometry":{"type":"Polygon","coordinates":[[[4.397,7.897],[4.326,7.806],[4.342,7.753],[4.32,7.701],[4.337,7.668],[4.39,7.701],[4.391,7.741],[4.417,7.77],[4.45,7.776],[4.456,7.754],[4.481,7.746],[4.506,7.775],[4.532,7.775],[4.527,7.794],[4.55,7.82],[4.536,7.86],[4.502,7.831],[4.455,7.828],[4.437,7.853],[4.448,7.884],[4.397,7.897]]]}},{"type":"Feature","properties":{"id":"59680162B39513276000218"},"geometry":{"type":"Polygon","coordinates":[[[7.006,5.542],[7.064,5.493],[7.075,5.463],[7.042,5.447],[7.081,5.418],[7.063,5.38],[7.035,5.377],[7.035,5.328],[7.1,5.396],[7.162,5.403],[7.173,5.429],[7.147,5.44],[7.171,5.467],[7.154,5.477],[7.162,5.497],[7.145,5.49],[7.054,5.542],[7.032,5.52],[7.006,5.542]]]}},{"type":"Feature","properties":{"id":"59680162B93345317219884"},"geometry":{"type":"Polygon","coordinates":[[[6.964,6.093],[6.979,6.132],[6.962,6.159],[6.901,6.141],[6.848,6.18],[6.82,6.169],[6.834,6.132],[6.793,6.111],[6.814,6.093],[6.845,6.097],[6.847,6.074],[6.904,6.099],[6.964,6.093]]]}},{"type":"Feature","properties":{"id":"59680162B80116312922204"},"geometry":{"type":"Polygon","coordinates":[[[7.271,5.212],[7.307,5.229],[7.308,5.254],[7.333,5.246],[7.335,5.275],[7.363,5.281],[7.398,5.256],[7.382,5.205],[7.465,5.232],[7.5,5.278],[7.51,5.304],[7.493,5.325],[7.512,5.342],[7.496,5.354],[7.479,5.334],[7.379,5.324],[7.371,5.346],[7.328,5.329],[7.301,5.342],[7.271,5.212]]]}},{"type":"Feature","properties":{"id":"59680162B83394095212312"},"geometry":{"type":"Polygon","coordinates":[[[11.53,10.935],[11.394,11.092],[11.378,11.04],[11.327,11.0],[11.363,10.83],[11.327,10.791],[11.245,10.801],[11.172,10.66],[11.192,10.579],[11.252,10.532],[11.314,10.528],[11.345,10.616],[11.376,10.649],[11.415,10.666],[11.523,10.661],[11.53,10.935]]]}},{"type":"Feature","properties":{"id":"59680162B67606782034303"},"geometry":{"type":"Polygon","coordinates":[[[9.83,7.588],[9.781,7.539],[9.846,7.486],[9.765,7.32],[9.638,7.4],[9.599,7.4],[9.531,7.538],[9.486,7.533],[9.467,7.485],[9.409,7.451],[9.373,7.396],[9.347,7.395],[9.371,7.357],[9.257,7.273],[9.251,7.238],[9.316,7.239],[9.317,7.219],[9.274,7.179],[9.296,7.109],[9.386,7.074],[9.395,7.05],[9.468,7.083],[9.483,7.029],[9.526,7.034],[9.524,6.99],[9.599,7.001],[9.641,7.051],[9.738,7.078],[9.824,7.172],[9.825,7.255],[9.883,7.414],[9.885,7.508],[9.83,7.588]]]}},{"type":"Feature","properties":{"id":"59680162B23155718085687"},"geometry":{"type":"Polygon","coordinates":[[[4.765,9.15],[4.828,9.134],[5.016,9.205],[5.159,9.107],[5.238,9.019],[5.37,8.996],[5.525,8.94],[5.642,8.835],[5.728,8.82],[5.761,8.774],[5.802,8.81],[5.812,8.851],[5.777,8.866],[5.789,8.883],[5.76,8.902],[5.527,8.98],[5.492,9.025],[5.472,9.013],[5.407,9.067],[5.433,9.103],[5.512,9.113],[5.5,9.161],[5.466,9.178],[5.507,9.235],[5.441,9.263],[5.411,9.355],[5.35,9.437],[5.33,9.517],[5.221,9.509],[5.186,9.469],[4.919,9.355],[4.847,9.379],[4.827,9.408],[4.827,9.455],[4.85,9.494],[4.823,9.554],[4.698,9.615],[4.568,9.599],[4.548,9.56],[4.612,9.428],[4.617,9.33],[4.738,9.269],[4.765,9.15]]]}},{"type":"Feature","properties":{"id":"59680162B9128777704300"},"geometry":{"type":"Polygon","coordinates":[[[7.325,5.091],[7.322,5.058],[7.36,5.04],[7.389,5.1],[7.362,5.114],[7.325,5.091]]]}},{"type":"Feature","properties":{"id":"59680162B83278495681126"},"geometry":{"type":"Polygon","coordinates":[[[5.837,9.132],[5.83,9.172],[5.677,9.201],[5.5,9.139],[5.515,9.12],[5.503,9.105],[5.433,9.103],[5.407,9.067],[5.472,9.013],[5.492,9.025],[5.527,8.98],[5.76,8.902],[5.789,8.883],[5.777,8.866],[5.812,8.851],[5.838,8.968],[5.81,9.046],[5.837,9.132]]]}},{"type":"Feature","properties":{"id":"59680162B50359341822283"},"geometry":{"type":"MultiPolygon","coordinates":[[[[3.912,6.874],[3.911,6.853],[3.935,6.852],[3.937,6.881],[3.912,6.874]]],[[[3.692,6.683],[3.903,6.682],[3.904,6.721],[3.956,6.755],[3.921,6.817],[3.888,6.822],[3.874,6.79],[3.838,6.778],[3.842,6.804],[3.908,6.84],[3.881,6.85],[3.893,6.896],[3.829,6.868],[3.733,6.893],[3.681,6.759],[3.692,6.683]]]]}},{"type":"Feature","properties":{"id":"59680162B30817931145163"},"geometry":{"type":"Polygon","coordinates":[[[11.776,9.707],[11.855,9.793],[11.852,9.814],[11.801,9.841],[11.835,9.93],[11.823,9.97],[11.836,10.034],[11.79,10.039],[11.736,10.096],[11.591,10.065],[11.539,10.022],[11.523,9.973],[11.527,9.931],[11.555,9.929],[11.538,9.897],[11.574,9.863],[11.567,9.74],[11.505,9.699],[11.436,9.691],[11.374,9.547],[11.43,9.55],[11.484,9.604],[11.563,9.605],[11.614,9.656],[11.634,9.627],[11.757,9.719],[11.776,9.707]]]}},{"type":"Feature","properties":{"id":"59680162B36139632039116"},"geometry":{"type":"Polygon","coordinates":[[[4.091,6.898],[4.078,6.93],[4.041,6.943],[3.969,6.915],[3.933,6.871],[3.978,6.835],[4.042,6.85],[4.072,6.815],[4.091,6.898]]]}},{"type":"Feature","properties":{"id":"59680162B20372712773645"},"geometry":{"type":"Polygon","coordinates":[[[8.053,6.973],[8.211,7.007],[8.241,7.048],[8.256,7.126],[8.22,7.271],[8.159,7.361],[8.116,7.37],[8.068,7.415],[8.111,7.422],[8.077,7.612],[7.816,7.409],[7.867,7.396],[7.855,7.377],[7.868,7.35],[7.905,7.357],[8.014,7.33],[8.045,7.348],[8.037,7.316],[8.06,7.263],[8.105,7.225],[8.069,7.197],[8.075,7.154],[7.97,7.106],[7.969,7.092],[8.053,6.973]]]}},{"type":"Feature","properties":{"id":"59680162B64112154685735"},"geometry":{"type":"Polygon","coordinates":[[[7.97,5.768],[7.999,5.786],[8.001,5.813],[8.032,5.798],[8.114,5.938],[8.101,5.961],[8.05,5.951],[8.041,5.998],[7.98,5.975],[7.982,5.927],[8.006,5.904],[7.932,5.83],[7.97,5.768]]]}},{"type":"Feature","properties":{"id":"59680162B2351853936587"},"geometry":{"type":"Polygon","coordinates":[[[7.229,5.933],[7.189,5.9],[7.048,5.927],[7.035,5.902],[7.047,5.846],[7.09,5.818],[7.137,5.849],[7.19,5.854],[7.193,5.872],[7.202,5.842],[7.179,5.832],[7.206,5.772],[7.224,5.838],[7.259,5.858],[7.225,5.894],[7.229,5.933]]]}},{"type":"Feature","properties":{"id":"59680162B70922239420655"},"geometry":{"type":"Polygon","coordinates":[[[5.006,7.392],[5.005,7.414],[4.948,7.455],[4.902,7.576],[4.864,7.623],[4.887,7.69],[4.801,7.737],[4.77,7.733],[4.773,7.707],[4.748,7.679],[4.796,7.67],[4.784,7.64],[4.814,7.617],[4.813,7.575],[4.852,7.486],[4.827,7.4],[4.845,7.375],[4.943,7.37],[5.006,7.392]]]}},{"type":"Feature","properties":{"id":"59680162B27389948970996"},"geometry":{"type":"Polygon","coordinates":[[[5.184,13.52],[5.286,13.52],[5.3,13.536],[5.282,13.549],[5.284,13.585],[5.34,13.632],[5.336,13.6],[5.372,13.568],[5.364,13.536],[5.332,13.529],[5.328,13.485],[5.371,13.504],[5.487,13.489],[5.489,13.571],[5.536,13.571],[5.514,13.652],[5.527,13.655],[5.452,13.688],[5.45,13.726],[5.49,13.775],[5.445,13.759],[5.42,13.86],[5.35,13.834],[5.281,13.756],[5.205,13.736],[5.158,13.743],[5.153,13.631],[5.184,13.52]]]}},{"type":"Feature","properties":{"id":"59680162B11133908611483"},"geometry":{"type":"Polygon","coordinates":[[[7.08,5.719],[7.073,5.676],[7.121,5.68],[7.148,5.655],[7.17,5.669],[7.158,5.718],[7.183,5.713],[7.189,5.732],[7.174,5.749],[7.106,5.748],[7.099,5.73],[7.116,5.734],[7.132,5.717],[7.08,5.719]]]}},{"type":"Feature","properties":{"id":"59680162B92942987363648"},"geometry":{"type":"Polygon","coordinates":[[[4.513,7.353],[4.55,7.319],[4.544,7.289],[4.595,7.274],[4.594,7.304],[4.623,7.321],[4.591,7.385],[4.619,7.385],[4.615,7.41],[4.67,7.404],[4.638,7.444],[4.626,7.502],[4.571,7.49],[4.564,7.471],[4.54,7.498],[4.476,7.476],[4.466,7.459],[4.503,7.44],[4.509,7.416],[4.548,7.414],[4.513,7.353]]]}},{"type":"Feature","properties":{"id":"59680162B73921161942586"},"geometry":{"type":"Polygon","coordinates":[[[9.3,6.72],[9.171,6.688],[9.208,6.636],[9.197,6.603],[9.149,6.559],[9.112,6.561],[9.108,6.508],[9.174,6.49],[9.193,6.51],[9.232,6.485],[9.293,6.502],[9.346,6.465],[9.297,6.374],[9.247,6.333],[9.282,6.22],[9.363,6.326],[9.435,6.328],[9.467,6.401],[9.474,6.511],[9.3,6.72]]]}},{"type":"Feature","properties":{"id":"59680162B32871052171758"},"geometry":{"type":"MultiPolygon","coordinates":[[[[7.234,5.839],[7.212,5.807],[7.187,5.711],[7.219,5.707],[7.286,5.773],[7.234,5.839]]],[[[7.185,5.831],[7.202,5.842],[7.193,5.872],[7.187,5.87],[7.185,5.831]]]]}},{"type":"Feature","properties":{"id":"59680162B7635361694273"},"geometry":{"type":"Polygon","coordinates":[[[8.996,8.518],[9.049,8.52],[9.101,8.474],[9.097,8.441],[9.132,8.429],[9.175,8.467],[9.289,8.461],[9.355,8.483],[9.402,8.618],[9.346,8.65],[9.345,8.788],[9.403,8.827],[9.358,8.842],[9.331,8.887],[9.355,8.954],[9.319,9.012],[9.319,9.12],[9.266,9.111],[9.219,9.034],[9.156,9.026],[9.131,9.043],[9.093,9.019],[9.054,9.025],[9.073,8.953],[9.024,8.866],[8.959,8.85],[8.945,8.8],[8.901,8.776],[8.892,8.733],[8.951,8.621],[8.983,8.597],[8.975,8.538],[8.996,8.518]]]}},{"type":"Feature","properties":{"id":"59680162B61451583552190"},"geometry":{"type":"Polygon","coordinates":[[[7.264,5.216],[7.3,5.341],[7.285,5.35],[7.259,5.325],[7.236,5.337],[7.246,5.361],[7.199,5.374],[7.241,5.437],[7.18,5.446],[7.171,5.467],[7.147,5.44],[7.173,5.429],[7.162,5.403],[7.1,5.396],[7.035,5.328],[7.04,5.301],[7.004,5.24],[7.045,5.249],[7.228,5.195],[7.264,5.216]]]}},{"type":"Feature","properties":{"id":"59680162B85361781814064"},"geometry":{"type":"Polygon","coordinates":[[[4.126,7.312],[4.09,7.294],[4.072,7.304],[4.103,7.345],[4.073,7.36],[3.955,7.353],[3.958,7.37],[3.938,7.377],[3.926,7.338],[3.96,7.337],[3.954,7.307],[3.969,7.312],[3.974,7.276],[3.996,7.267],[3.985,7.227],[3.999,7.127],[4.088,7.133],[4.071,7.139],[4.085,7.151],[4.073,7.167],[4.125,7.258],[4.126,7.312]]]}},{"type":"Feature","properties":{"id":"59680162B31217574251855"},"geometry":{"type":"Polygon","coordinates":[[[7.555,6.981],[7.47,7.094],[7.394,7.093],[7.385,7.052],[7.351,7.033],[7.406,7.02],[7.375,7.013],[7.376,6.98],[7.424,6.952],[7.443,6.916],[7.502,6.926],[7.52,6.965],[7.543,6.961],[7.555,6.981]]]}},{"type":"Feature","properties":{"id":"59680162B46226733150895"},"geometry":{"type":"Polygon","coordinates":[[[8.16,6.761],[8.234,6.799],[8.266,6.742],[8.252,6.736],[8.295,6.679],[8.321,6.679],[8.361,6.693],[8.408,6.753],[8.578,6.765],[8.621,6.781],[8.642,6.819],[8.532,6.883],[8.544,6.955],[8.514,7.064],[8.494,7.072],[8.415,7.045],[8.432,7.006],[8.406,6.988],[8.402,6.947],[8.342,6.889],[8.268,6.899],[8.272,6.921],[8.123,6.896],[8.088,6.87],[8.097,6.851],[8.11,6.862],[8.119,6.8],[8.16,6.761]]]}},{"type":"Feature","properties":{"id":"59680162B7029176012538"},"geometry":{"type":"Polygon","coordinates":[[[4.816,7.85],[4.894,7.934],[4.846,7.987],[4.809,7.997],[4.784,7.957],[4.745,7.954],[4.745,7.885],[4.816,7.85]]]}},{"type":"Feature","properties":{"id":"59680162B85493721249292"},"geometry":{"type":"Polygon","coordinates":[[[6.405,12.948],[6.404,12.961],[6.437,12.965],[6.465,12.925],[6.527,12.917],[6.563,12.89],[6.747,12.935],[6.737,13.006],[6.607,13.047],[6.581,13.023],[6.551,13.033],[6.522,13.067],[6.52,13.122],[6.452,13.117],[6.466,13.131],[6.452,13.158],[6.392,13.13],[6.3,13.182],[6.258,13.16],[6.261,13.136],[6.229,13.135],[6.144,13.079],[6.22,13.015],[6.436,13.033],[6.455,12.998],[6.365,12.977],[6.37,12.954],[6.405,12.948]]]}},{"type":"Feature","properties":{"id":"59680162B44850901768514"},"geometry":{"type":"Polygon","coordinates":[[[6.994,5.895],[6.933,5.83],[6.928,5.807],[6.957,5.817],[6.962,5.792],[6.998,5.809],[7.001,5.848],[7.018,5.845],[7.012,5.88],[7.047,5.923],[6.994,5.895]]]}},{"type":"Feature","properties":{"id":"59680162B92640548002056"},"geometry":{"type":"Polygon","coordinates":[[[6.972,6.029],[7.074,6.067],[7.077,6.117],[7.012,6.141],[7.014,6.169],[6.999,6.133],[6.969,6.123],[6.975,6.05],[6.958,6.04],[6.972,6.029]]]}},{"type":"Feature","properties":{"id":"59680162B86980115162892"},"geometry":{"type":"Polygon","coordinates":[[[8.956,6.636],[8.99,6.692],[8.968,6.697],[8.995,6.76],[8.923,6.825],[8.865,6.78],[8.865,6.741],[8.83,6.723],[8.809,6.738],[8.81,6.692],[8.826,6.685],[8.854,6.57],[8.924,6.592],[8.94,6.607],[8.919,6.62],[8.956,6.636]]]}},{"type":"Feature","properties":{"id":"59680162B46179290363212"},"geometry":{"type":"Polygon","coordinates":[[[7.339,6.042],[7.318,5.999],[7.264,5.991],[7.255,5.965],[7.271,5.925],[7.392,5.912],[7.39,5.883],[7.441,5.887],[7.513,5.924],[7.529,5.952],[7.533,6.011],[7.52,6.02],[7.416,6.006],[7.387,6.037],[7.339,6.042]]]}},{"type":"Feature","properties":{"id":"59680162B83455285452940"},"geometry":{"type":"Polygon","coordinates":[[[5.853,7.094],[5.843,7.118],[5.903,7.217],[5.918,7.334],[5.95,7.344],[5.838,7.396],[5.67,7.3],[5.727,7.194],[5.761,7.17],[5.694,7.13],[5.7,7.089],[5.652,7.076],[5.637,7.015],[5.587,6.991],[5.571,6.845],[5.544,6.825],[5.577,6.704],[5.629,6.746],[5.667,6.728],[5.703,6.736],[5.771,6.797],[5.8,6.921],[5.793,7.022],[5.824,7.081],[5.853,7.094]]]}},{"type":"Feature","properties":{"id":"59680162B73952515985037"},"geometry":{"type":"Polygon","coordinates":[[[6.891,6.071],[6.864,5.989],[6.951,5.969],[6.921,6.049],[6.891,6.071]]]}},{"type":"Feature","properties":{"id":"59680162B56866992006033"},"geometry":{"type":"Polygon","coordinates":[[[5.773,7.747],[5.699,7.683],[5.689,7.632],[5.655,7.629],[5.618,7.564],[5.786,7.554],[5.893,7.589],[5.94,7.645],[5.929,7.747],[5.816,7.728],[5.773,7.747]]]}},{"type":"Feature","properties":{"id":"59680162B9948554175301"},"geometry":{"type":"Polygon","coordinates":[[[4.784,7.64],[4.708,7.587],[4.728,7.535],[4.821,7.568],[4.809,7.626],[4.784,7.64]]]}},{"type":"Feature","properties":{"id":"59680162B42022523568798"},"geometry":{"type":"Polygon","coordinates":[[[6.979,6.132],[6.999,6.133],[7.017,6.174],[7.041,6.172],[7.022,6.201],[7.029,6.236],[6.995,6.231],[6.987,6.184],[6.953,6.184],[6.979,6.132]]]}},{"type":"Feature","properties":{"id":"59680162B99262810585367"},"geometry":{"type":"Polygon","coordinates":[[[6.817,5.259],[6.904,5.22],[7.004,5.24],[6.986,5.288],[7.027,5.289],[6.982,5.342],[6.976,5.394],[6.87,5.385],[6.93,5.443],[6.886,5.503],[6.929,5.525],[6.929,5.542],[6.889,5.529],[6.813,5.606],[6.658,5.625],[6.639,5.493],[6.741,5.494],[6.763,5.41],[6.756,5.323],[6.817,5.259]]]}},{"type":"Feature","properties":{"id":"59680162B83386112613514"},"geometry":{"type":"MultiPolygon","coordinates":[[[[11.199,10.29],[11.185,10.313],[11.121,10.325],[11.124,10.28],[11.177,10.264],[11.199,10.29]]],[[[11.224,10.341],[11.247,10.294],[11.26,10.293],[11.274,10.34],[11.224,10.341]]]]}},{"type":"Feature","properties":{"id":"59680162B94225169025314"},"geometry":{"type":"Polygon","coordinates":[[[7.002,5.427],[7.074,5.462],[7.069,5.486],[7.009,5.525],[6.975,5.484],[6.996,5.456],[6.986,5.444],[7.002,5.427]]]}},{"type":"Feature","properties":{"id":"59680162B98467355573765"},"geometry":{"type":"Polygon","coordinates":[[[9.057,8.078],[8.948,8.223],[8.959,8.281],[8.891,8.273],[8.828,8.29],[8.745,8.259],[8.509,8.261],[8.513,8.158],[8.588,8.129],[8.911,8.056],[9.057,8.078]]]}},{"type":"Feature","properties":{"id":"59680162B24000905354670"},"geometry":{"type":"Polygon","coordinates":[[[7.92,6.348],[8.026,6.362],[8.059,6.451],[8.102,6.494],[8.095,6.595],[8.11,6.61],[8.062,6.72],[8.032,6.732],[7.974,6.711],[7.988,6.618],[7.955,6.583],[7.951,6.543],[7.878,6.562],[7.846,6.598],[7.794,6.552],[7.818,6.542],[7.798,6.473],[7.855,6.44],[7.869,6.454],[7.92,6.439],[7.92,6.348]],[[7.865,6.557],[7.884,6.528],[7.925,6.512],[7.946,6.481],[7.89,6.503],[7.854,6.489],[7.858,6.523],[7.836,6.538],[7.865,6.557]]]}},{"type":"Feature","properties":{"id":"59680162B53652676960042"},"geometry":{"type":"Polygon","coordinates":[[[5.432,7.694],[5.395,7.653],[5.367,7.679],[5.347,7.658],[5.366,7.549],[5.43,7.536],[5.433,7.55],[5.49,7.553],[5.498,7.532],[5.581,7.507],[5.605,7.473],[5.639,7.605],[5.603,7.694],[5.562,7.702],[5.517,7.65],[5.444,7.672],[5.432,7.694]]]}},{"type":"Feature","properties":{"id":"59680162B35426409409773"},"geometry":{"type":"Polygon","coordinates":[[[7.226,5.613],[7.214,5.671],[7.246,5.671],[7.247,5.736],[7.219,5.707],[7.158,5.718],[7.161,5.66],[7.104,5.681],[7.083,5.658],[7.106,5.63],[7.162,5.627],[7.163,5.598],[7.183,5.621],[7.185,5.605],[7.226,5.613]]]}},{"type":"Feature","properties":{"id":"59680162B16609728895319"},"geometry":{"type":"Polygon","coordinates":[[[5.258,7.792],[5.195,7.764],[5.149,7.771],[5.103,7.737],[5.116,7.698],[5.102,7.636],[5.173,7.64],[5.235,7.701],[5.254,7.667],[5.27,7.681],[5.283,7.668],[5.367,7.679],[5.395,7.653],[5.415,7.662],[5.436,7.73],[5.336,7.72],[5.263,7.769],[5.258,7.792]]]}},{"type":"Feature","properties":{"id":"59680162B2017456399117"},"geometry":{"type":"Polygon","coordinates":[[[7.385,5.503],[7.425,5.588],[7.388,5.584],[7.349,5.606],[7.346,5.589],[7.3,5.577],[7.385,5.503]]]}},{"type":"Feature","properties":{"id":"59680162B83041511737206"},"geometry":{"type":"Polygon","coordinates":[[[7.555,5.749],[7.505,5.883],[7.513,5.924],[7.455,5.891],[7.39,5.883],[7.393,5.689],[7.46,5.703],[7.49,5.69],[7.483,5.664],[7.547,5.675],[7.555,5.749]]]}},{"type":"Feature","properties":{"id":"59680162B75733324884372"},"geometry":{"type":"Polygon","coordinates":[[[8.416,7.8],[8.421,7.774],[8.385,7.768],[8.392,7.685],[8.412,7.674],[8.412,7.631],[8.474,7.564],[8.524,7.551],[8.602,7.57],[8.697,7.661],[8.693,7.753],[8.716,7.767],[8.681,7.824],[8.495,7.851],[8.45,7.846],[8.416,7.8]]]}},{"type":"Feature","properties":{"id":"59680162B69095881694103"},"geometry":{"type":"Polygon","coordinates":[[[9.104,7.209],[9.107,7.239],[9.152,7.28],[9.187,7.281],[9.192,7.35],[9.14,7.413],[9.112,7.417],[9.116,7.449],[9.077,7.482],[8.973,7.495],[8.95,7.518],[8.907,7.449],[8.879,7.451],[8.846,7.501],[8.821,7.508],[8.815,7.538],[8.756,7.559],[8.687,7.5],[8.647,7.489],[8.639,7.357],[8.733,7.179],[8.842,7.187],[8.87,7.256],[8.942,7.287],[8.984,7.284],[9.005,7.243],[9.036,7.247],[9.104,7.209]]]}},{"type":"Feature","properties":{"id":"59680162B28710912427622"},"geometry":{"type":"Polygon","coordinates":[[[4.476,7.476],[4.501,7.496],[4.547,7.496],[4.557,7.47],[4.571,7.49],[4.607,7.492],[4.586,7.574],[4.527,7.614],[4.484,7.582],[4.476,7.476]]]}},{"type":"Feature","properties":{"id":"59680162B87049040782715"},"geometry":{"type":"Polygon","coordinates":[[[7.363,5.46],[7.322,5.405],[7.305,5.336],[7.371,5.346],[7.379,5.324],[7.422,5.326],[7.479,5.334],[7.498,5.354],[7.512,5.342],[7.492,5.319],[7.527,5.304],[7.51,5.431],[7.363,5.46]]]}},{"type":"Feature","properties":{"id":"59680162B19335323694639"},"geometry":{"type":"Polygon","coordinates":[[[8.144,5.667],[8.296,5.737],[8.328,5.729],[8.298,5.855],[8.242,5.893],[8.242,5.925],[8.214,5.95],[8.175,5.948],[8.173,5.974],[8.102,5.929],[8.031,5.793],[8.071,5.723],[8.144,5.667]]]}},{"type":"Feature","properties":{"id":"59680162B8070211954831"},"geometry":{"type":"Polygon","coordinates":[[[10.96,9.679],[11.019,9.699],[11.101,9.68],[11.138,9.7],[11.165,9.751],[11.232,9.792],[11.24,9.93],[11.291,9.968],[11.273,10.002],[11.186,9.986],[11.165,9.955],[11.085,9.938],[11.044,9.837],[10.978,9.81],[10.96,9.679]]]}},{"type":"Feature","properties":{"id":"59680162B76413580563978"},"geometry":{"type":"Polygon","coordinates":[[[6.889,6.157],[6.911,6.14],[6.953,6.159],[6.953,6.184],[6.999,6.198],[7.01,6.256],[6.988,6.305],[6.961,6.268],[6.959,6.22],[6.93,6.212],[6.889,6.157]]]}},{"type":"Feature","properties":{"id":"59680162B33112577829488"},"geometry":{"type":"Polygon","coordinates":[[[7.256,5.078],[7.284,5.09],[7.316,5.063],[7.32,5.114],[7.371,5.143],[7.381,5.236],[7.399,5.253],[7.377,5.258],[7.381,5.282],[7.335,5.275],[7.333,5.246],[7.308,5.254],[7.307,5.229],[7.271,5.212],[7.293,5.173],[7.256,5.078]]]}},{"type":"Feature","properties":{"id":"59680162B48244867814587"},"geometry":{"type":"Polygon","coordinates":[[[4.306,7.62],[4.337,7.668],[4.298,7.743],[4.299,7.784],[4.274,7.788],[4.25,7.835],[4.24,7.812],[4.134,7.793],[4.13,7.818],[4.075,7.82],[4.062,7.75],[4.093,7.757],[4.129,7.738],[4.144,7.751],[4.204,7.674],[4.244,7.666],[4.248,7.641],[4.285,7.656],[4.306,7.62]]]}},{"type":"Feature","properties":{"id":"59680162B37281482686762"},"geometry":{"type":"Polygon","coordinates":[[[8.504,9.001],[8.53,8.881],[8.5,8.845],[8.51,8.826],[8.58,8.8],[8.666,8.832],[8.761,8.836],[8.81,8.825],[8.829,8.794],[8.841,8.877],[8.9,8.922],[8.918,9.017],[8.798,9.032],[8.799,9.071],[8.76,9.105],[8.765,9.165],[8.668,9.19],[8.658,9.208],[8.621,9.115],[8.567,9.061],[8.576,9.034],[8.504,9.001]]]}},{"type":"Feature","properties":{"id":"59680162B47985033068277"},"geometry":{"type":"Polygon","coordinates":[[[4.745,7.885],[4.748,7.95],[4.692,7.947],[4.694,7.93],[4.659,7.909],[4.675,7.889],[4.661,7.875],[4.7,7.838],[4.719,7.837],[4.721,7.877],[4.745,7.885]]]}},{"type":"Feature","properties":{"id":"59680162B30655337934726"},"geometry":{"type":"Polygon","coordinates":[[[8.81,6.692],[8.809,6.738],[8.83,6.723],[8.865,6.741],[8.865,6.78],[8.923,6.825],[8.839,6.869],[8.704,6.896],[8.601,6.856],[8.642,6.819],[8.621,6.781],[8.469,6.746],[8.42,6.757],[8.361,6.693],[8.295,6.679],[8.322,6.634],[8.325,6.589],[8.419,6.515],[8.409,6.478],[8.52,6.437],[8.545,6.45],[8.525,6.464],[8.545,6.506],[8.514,6.519],[8.519,6.542],[8.622,6.527],[8.667,6.596],[8.712,6.609],[8.784,6.688],[8.81,6.692]]]}},{"type":"Feature","properties":{"id":"59680162B7486965108625"},"geometry":{"type":"Polygon","coordinates":[[[7.037,5.917],[7.108,5.926],[7.189,5.9],[7.203,5.921],[7.155,5.946],[7.158,5.989],[7.128,6.013],[7.131,6.032],[7.103,6.03],[7.095,6.049],[7.068,6.043],[7.074,6.025],[7.054,6.03],[7.032,6.037],[7.038,6.059],[7.0,6.037],[6.996,6.009],[7.054,5.967],[7.029,5.931],[7.037,5.917]]]}},{"type":"Feature","properties":{"id":"59680162B59054541310664"},"geometry":{"type":"Polygon","coordinates":[[[8.362,5.035],[8.335,5.049],[8.294,5.041],[8.308,4.952],[8.349,4.962],[8.362,5.035]]]}},{"type":"Feature","properties":{"id":"59680162B73411137510562"},"geometry":{"type":"Polygon","coordinates":[[[6.763,6.186],[6.809,6.118],[6.834,6.132],[6.837,6.152],[6.798,6.18],[6.808,6.205],[6.763,6.186]]]}},{"type":"Feature","properties":{"id":"59680162B14415495238729"},"geometry":{"type":"Polygon","coordinates":[[[9.83,7.588],[9.602,7.83],[9.387,7.845],[9.378,7.718],[9.447,7.733],[9.46,7.627],[9.483,7.614],[9.504,7.545],[9.531,7.538],[9.599,7.4],[9.638,7.4],[9.765,7.32],[9.846,7.486],[9.781,7.539],[9.83,7.588]]]}},{"type":"Feature","properties":{"id":"59680162B66631777088899"},"geometry":{"type":"Polygon","coordinates":[[[6.047,13.031],[6.229,13.135],[6.261,13.136],[6.258,13.16],[6.327,13.18],[6.369,13.149],[6.359,13.137],[6.403,13.129],[6.449,13.158],[6.466,13.131],[6.452,13.117],[6.509,13.132],[6.529,13.053],[6.581,13.023],[6.683,13.107],[6.688,13.133],[6.743,13.118],[6.793,13.132],[6.735,13.282],[6.653,13.371],[6.552,13.309],[6.494,13.32],[6.417,13.291],[6.406,13.309],[6.211,13.305],[6.21,13.359],[6.16,13.338],[6.116,13.367],[6.1,13.356],[6.057,13.394],[5.992,13.315],[5.983,13.254],[6.011,13.108],[6.047,13.031]]]}},{"type":"Feature","properties":{"id":"59680162B53764009147535"},"geometry":{"type":"Polygon","coordinates":[[[4.605,6.492],[4.587,6.641],[4.538,6.601],[4.497,6.505],[4.454,6.607],[4.298,6.666],[4.257,6.64],[4.233,6.547],[4.164,6.507],[4.173,6.484],[4.26,6.444],[4.354,6.451],[4.369,6.438],[4.36,6.368],[4.572,6.297],[4.597,6.368],[4.515,6.397],[4.473,6.393],[4.504,6.416],[4.535,6.408],[4.564,6.499],[4.605,6.492]]]}},{"type":"Feature","properties":{"id":"59680162B54301811333050"},"geometry":{"type":"Polygon","coordinates":[[[4.664,7.841],[4.659,7.909],[4.694,7.93],[4.692,7.947],[4.775,7.968],[4.761,8.016],[4.741,7.997],[4.701,8.007],[4.682,7.963],[4.576,7.967],[4.569,7.938],[4.624,7.911],[4.604,7.888],[4.624,7.856],[4.664,7.841]]]}},{"type":"Feature","properties":{"id":"59680162B7938799528038"},"geometry":{"type":"Polygon","coordinates":[[[7.88,5.367],[7.988,5.363],[7.887,5.558],[7.867,5.509],[7.812,5.5],[7.76,5.535],[7.757,5.554],[7.805,5.574],[7.774,5.581],[7.768,5.615],[7.741,5.606],[7.707,5.642],[7.649,5.614],[7.637,5.581],[7.615,5.572],[7.642,5.513],[7.674,5.53],[7.749,5.516],[7.793,5.44],[7.865,5.418],[7.88,5.367]]]}},{"type":"Feature","properties":{"id":"59680162B95372959647234"},"geometry":{"type":"Polygon","coordinates":[[[3.978,6.835],[3.944,6.864],[3.911,6.853],[3.894,6.887],[3.881,6.85],[3.908,6.84],[3.842,6.804],[3.838,6.778],[3.874,6.79],[3.888,6.822],[3.921,6.817],[3.956,6.755],[3.904,6.721],[3.903,6.682],[4.085,6.68],[4.044,6.756],[3.997,6.773],[3.977,6.761],[3.942,6.793],[3.954,6.826],[3.978,6.835]]]}},{"type":"Feature","properties":{"id":"59680162B56106136996502"},"geometry":{"type":"Polygon","coordinates":[[[12.464,12.54],[12.377,12.52],[12.353,12.46],[12.287,12.425],[12.286,12.33],[12.268,12.323],[12.285,12.315],[12.285,12.266],[12.25,12.213],[12.264,12.179],[12.236,12.137],[12.274,11.977],[12.468,11.916],[12.562,11.99],[12.715,12.011],[12.752,12.002],[12.771,11.95],[12.84,11.91],[12.908,11.892],[12.955,11.905],[12.984,11.97],[12.953,12.003],[12.997,12.068],[13.067,12.039],[13.06,12.091],[13.091,12.149],[13.11,12.177],[13.155,12.189],[13.138,12.243],[13.111,12.255],[13.134,12.289],[13.14,12.362],[12.87,12.308],[12.753,12.413],[12.633,12.416],[12.603,12.445],[12.575,12.439],[12.547,12.518],[12.467,12.512],[12.464,12.54]]]}},{"type":"Feature","properties":{"id":"59680162B37931278966472"},"geometry":{"type":"Polygon","coordinates":[[[8.799,6.065],[8.948,6.018],[8.992,5.935],[9.282,6.22],[9.247,6.333],[9.297,6.374],[9.346,6.465],[9.293,6.502],[9.232,6.485],[9.193,6.51],[9.174,6.49],[9.108,6.508],[9.077,6.474],[9.072,6.396],[8.986,6.397],[9.014,6.46],[9.002,6.537],[8.919,6.526],[8.93,6.481],[8.826,6.531],[8.801,6.562],[8.763,6.465],[8.724,6.433],[8.717,6.377],[8.738,6.322],[8.797,6.282],[8.753,6.185],[8.787,6.154],[8.779,6.091],[8.799,6.065]]]}},{"type":"Feature","properties":{"id":"59680162B2944873791560"},"geometry":{"type":"Polygon","coordinates":[[[11.523,10.661],[11.415,10.666],[11.376,10.649],[11.345,10.616],[11.314,10.528],[11.286,10.528],[11.252,10.532],[11.192,10.579],[11.182,10.656],[11.137,10.672],[10.996,10.657],[10.971,10.615],[10.931,10.621],[10.912,10.505],[10.923,10.424],[10.873,10.384],[10.931,10.356],[10.992,10.367],[11.005,10.335],[11.078,10.31],[11.121,10.311],[11.127,10.332],[11.176,10.311],[11.215,10.341],[11.274,10.34],[11.352,10.395],[11.399,10.39],[11.456,10.457],[11.407,10.465],[11.425,10.513],[11.48,10.484],[11.509,10.52],[11.523,10.661]]]}},{"type":"Feature","properties":{"id":"59680162B97170897047692"},"geometry":{"type":"Polygon","coordinates":[[[5.658,7.828],[5.614,7.746],[5.562,7.702],[5.603,7.694],[5.639,7.605],[5.655,7.629],[5.689,7.632],[5.699,7.683],[5.768,7.737],[5.792,7.782],[5.729,7.828],[5.658,7.828]]]}},{"type":"Feature","properties":{"id":"59680162B98306169506823"},"geometry":{"type":"Polygon","coordinates":[[[4.335,8.981],[4.335,8.958],[4.258,8.901],[4.195,8.816],[4.235,8.805],[4.258,8.734],[4.301,8.747],[4.341,8.718],[4.342,8.69],[4.395,8.656],[4.428,8.583],[4.479,8.561],[4.549,8.58],[4.586,8.572],[4.602,8.536],[4.638,8.552],[4.881,8.746],[4.781,8.922],[4.813,8.975],[4.878,9.021],[4.9,9.087],[4.876,9.158],[4.815,9.132],[4.769,9.154],[4.749,9.088],[4.721,9.066],[4.683,9.073],[4.679,9.059],[4.604,9.084],[4.524,9.074],[4.335,8.981]]]}},{"type":"Feature","properties":{"id":"59680162B50771081897552"},"geometry":{"type":"Polygon","coordinates":[[[7.385,5.503],[7.357,5.52],[7.364,5.534],[7.316,5.541],[7.329,5.526],[7.261,5.459],[7.285,5.448],[7.292,5.403],[7.323,5.395],[7.385,5.503]]]}},{"type":"Feature","properties":{"id":"59680162B27876975276040"},"geometry":{"type":"Polygon","coordinates":[[[14.316,12.091],[14.234,11.621],[14.467,11.479],[14.499,11.435],[14.618,11.506],[14.646,11.576],[14.641,11.647],[14.589,11.692],[14.589,11.755],[14.612,11.825],[14.605,11.869],[14.643,11.912],[14.634,11.933],[14.656,11.962],[14.622,12.042],[14.653,12.064],[14.636,12.093],[14.678,12.164],[14.659,12.198],[14.614,12.186],[14.593,12.228],[14.55,12.236],[14.548,12.281],[14.512,12.296],[14.52,12.327],[14.464,12.361],[14.321,12.371],[14.323,12.313],[14.382,12.289],[14.396,12.27],[14.377,12.241],[14.427,12.2],[14.397,12.135],[14.316,12.091]]]}},{"type":"Feature","properties":{"id":"59680162B80791368745463"},"geometry":{"type":"Polygon","coordinates":[[[9.336,7.986],[9.415,8.062],[9.387,8.149],[9.412,8.177],[9.323,8.253],[9.363,8.341],[9.39,8.349],[9.483,8.306],[9.61,8.291],[9.617,8.372],[9.602,8.393],[9.355,8.483],[9.289,8.461],[9.175,8.467],[9.132,8.429],[9.097,8.441],[9.101,8.474],[9.049,8.52],[8.996,8.518],[8.956,8.406],[9.009,8.4],[9.013,8.321],[8.959,8.281],[8.948,8.223],[9.009,8.161],[9.179,7.908],[9.336,7.986]]]}},{"type":"Feature","properties":{"id":"59680162B59567965419701"},"geometry":{"type":"Polygon","coordinates":[[[4.429,7.889],[4.451,7.877],[4.438,7.848],[4.475,7.828],[4.522,7.956],[4.45,7.938],[4.429,7.889]]]}},{"type":"Feature","properties":{"id":"59680162B46550202368720"},"geometry":{"type":"Polygon","coordinates":[[[8.401,6.217],[8.302,6.108],[8.282,6.005],[8.215,6.012],[8.173,5.974],[8.174,5.949],[8.214,5.95],[8.242,5.925],[8.242,5.893],[8.298,5.855],[8.328,5.729],[8.372,5.68],[8.49,5.61],[8.574,5.643],[8.599,5.826],[8.497,5.894],[8.473,5.933],[8.495,6.054],[8.451,6.111],[8.466,6.137],[8.421,6.143],[8.447,6.171],[8.426,6.219],[8.442,6.249],[8.475,6.254],[8.458,6.273],[8.509,6.322],[8.495,6.338],[8.514,6.354],[8.492,6.386],[8.472,6.374],[8.453,6.393],[8.404,6.366],[8.392,6.307],[8.418,6.261],[8.401,6.217]]]}},{"type":"Feature","properties":{"id":"59680162B54275853767873"},"geometry":{"type":"Polygon","coordinates":[[[6.257,7.208],[6.268,7.358],[6.295,7.36],[6.341,7.326],[6.428,7.415],[6.38,7.398],[6.292,7.5],[6.183,7.429],[6.112,7.449],[6.11,7.494],[6.167,7.545],[6.134,7.552],[6.119,7.591],[6.049,7.58],[6.013,7.533],[5.954,7.515],[5.948,7.487],[5.987,7.45],[5.968,7.415],[5.987,7.355],[5.919,7.337],[5.909,7.278],[5.987,7.226],[6.075,7.241],[6.101,7.203],[6.162,7.169],[6.18,7.113],[6.257,7.208]]]}},{"type":"Feature","properties":{"id":"59680162B73238408569532"},"geometry":{"type":"Polygon","coordinates":[[[4.607,7.787],[4.527,7.794],[4.532,7.775],[4.506,7.775],[4.481,7.746],[4.555,7.708],[4.578,7.715],[4.6,7.73],[4.597,7.755],[4.61,7.752],[4.607,7.787]]]}},{"type":"Feature","properties":{"id":"59680162B94034829608504"},"geometry":{"type":"Polygon","coordinates":[[[5.388,7.283],[5.467,7.302],[5.432,7.384],[5.439,7.44],[5.459,7.437],[5.46,7.463],[5.498,7.47],[5.541,7.515],[5.49,7.553],[5.433,7.55],[5.43,7.536],[5.352,7.547],[5.328,7.567],[5.307,7.525],[5.308,7.463],[5.349,7.374],[5.358,7.296],[5.388,7.283]]]}},{"type":"Feature","properties":{"id":"59680162B71691370147242"},"geometry":{"type":"MultiPolygon","coordinates":[[[[7.029,5.65],[7.032,5.689],[6.979,5.676],[6.988,5.658],[7.029,5.65]]],[[[7.003,5.698],[7.012,5.72],[7.063,5.736],[7.015,5.735],[6.999,5.744],[7.008,5.763],[6.965,5.772],[6.978,5.727],[6.961,5.695],[7.003,5.698]]]]}},{"type":"Feature","properties":{"id":"59680162B75172896497028"},"geometry":{"type":"Polygon","coordinates":[[[8.197,6.909],[8.272,6.921],[8.268,6.899],[8.342,6.889],[8.368,6.912],[8.432,7.006],[8.408,7.102],[8.32,7.13],[8.256,7.126],[8.224,7.023],[8.165,6.986],[8.197,6.909]]]}},{"type":"Feature","properties":{"id":"59680162B99039921741080"},"geometry":{"type":"Polygon","coordinates":[[[9.313,7.098],[9.274,7.179],[9.317,7.219],[9.316,7.239],[9.246,7.243],[9.292,7.31],[9.371,7.357],[9.347,7.395],[9.373,7.396],[9.438,7.473],[9.377,7.484],[9.267,7.459],[9.223,7.512],[9.164,7.536],[9.132,7.631],[9.022,7.562],[8.997,7.599],[8.993,7.664],[8.967,7.678],[8.95,7.518],[8.973,7.495],[9.077,7.482],[9.116,7.449],[9.112,7.417],[9.14,7.413],[9.192,7.35],[9.187,7.281],[9.152,7.28],[9.107,7.239],[9.129,7.165],[9.106,7.155],[9.074,7.174],[9.061,7.157],[9.075,7.125],[9.048,7.119],[9.02,7.065],[9.06,7.041],[9.109,7.068],[9.143,7.052],[9.253,7.092],[9.274,7.05],[9.313,7.098]]]}},{"type":"Feature","properties":{"id":"59680162B9948575660850"},"geometry":{"type":"Polygon","coordinates":[[[9.002,6.537],[9.014,6.46],[8.986,6.397],[9.072,6.396],[9.077,6.474],[9.108,6.508],[9.112,6.561],[9.149,6.559],[9.197,6.603],[9.204,6.659],[9.171,6.688],[9.048,6.644],[8.99,6.692],[8.953,6.642],[9.016,6.553],[9.002,6.537]]]}},{"type":"Feature","properties":{"id":"59680162B21498960785654"},"geometry":{"type":"Polygon","coordinates":[[[7.114,5.811],[7.108,5.83],[7.047,5.821],[7.035,5.902],[7.012,5.88],[7.018,5.845],[7.001,5.848],[6.981,5.777],[7.015,5.735],[7.076,5.733],[7.092,5.753],[7.07,5.786],[7.114,5.811]]]}},{"type":"Feature","properties":{"id":"59680162B23671729796425"},"geometry":{"type":"Polygon","coordinates":[[[4.248,7.641],[4.244,7.666],[4.204,7.674],[4.144,7.751],[4.129,7.738],[4.093,7.757],[4.062,7.75],[4.078,7.708],[4.074,7.682],[4.053,7.675],[4.093,7.621],[4.142,7.593],[4.186,7.618],[4.213,7.61],[4.248,7.641]]]}},{"type":"Feature","properties":{"id":"59680162B18488232241930"},"geometry":{"type":"Polygon","coordinates":[[[7.16,6.303],[7.144,6.388],[7.089,6.426],[7.032,6.451],[6.953,6.42],[7.01,6.241],[7.056,6.245],[7.087,6.271],[7.139,6.211],[7.143,6.289],[7.16,6.303]]]}},{"type":"Feature","properties":{"id":"59680162B13650355505793"},"geometry":{"type":"Polygon","coordinates":[[[8.768,7.653],[8.756,7.559],[8.815,7.538],[8.821,7.508],[8.846,7.501],[8.879,7.451],[8.907,7.449],[8.95,7.518],[8.943,7.559],[8.984,7.705],[8.899,7.691],[8.819,7.73],[8.768,7.653]]]}},{"type":"Feature","properties":{"id":"59680162B14302921886514"},"geometry":{"type":"Polygon","coordinates":[[[7.53,5.48],[7.571,5.503],[7.586,5.571],[7.535,5.594],[7.515,5.633],[7.471,5.648],[7.472,5.699],[7.393,5.689],[7.432,5.609],[7.415,5.571],[7.46,5.544],[7.463,5.503],[7.51,5.503],[7.53,5.48]]]}},{"type":"Feature","properties":{"id":"59680162B86061563506110"},"geometry":{"type":"Polygon","coordinates":[[[4.569,8.055],[4.553,7.975],[4.577,7.964],[4.594,7.977],[4.682,7.963],[4.701,8.007],[4.741,7.997],[4.761,8.016],[4.784,7.957],[4.805,7.98],[4.799,8.065],[4.666,8.043],[4.622,8.076],[4.569,8.055]]]}},{"type":"Feature","properties":{"id":"59680162B44242102017414"},"geometry":{"type":"Polygon","coordinates":[[[6.868,5.934],[6.826,5.906],[6.801,5.927],[6.742,5.874],[6.801,5.785],[6.877,5.744],[6.89,5.806],[6.948,5.839],[6.994,5.895],[6.942,5.895],[6.868,5.934]]]}},{"type":"Feature","properties":{"id":"59680162B98234428566305"},"geometry":{"type":"Polygon","coordinates":[[[4.663,7.689],[4.662,7.635],[4.708,7.587],[4.783,7.637],[4.796,7.67],[4.663,7.689]]]}},{"type":"Feature","properties":{"id":"59680162B43215766185997"},"geometry":{"type":"Polygon","coordinates":[[[11.412,9.658],[11.447,9.697],[11.505,9.699],[11.567,9.74],[11.574,9.863],[11.538,9.897],[11.552,9.933],[11.523,9.937],[11.534,10.006],[11.487,10.02],[11.464,9.987],[11.304,10.028],[11.273,10.002],[11.291,9.968],[11.248,9.93],[11.295,9.838],[11.292,9.775],[11.412,9.658]]]}},{"type":"Feature","properties":{"id":"59680162B77368104900520"},"geometry":{"type":"Polygon","coordinates":[[[4.522,7.956],[4.483,7.869],[4.486,7.827],[4.536,7.86],[4.568,7.911],[4.577,7.964],[4.553,7.975],[4.522,7.956]]]}},{"type":"Feature","properties":{"id":"59680162B19549725656045"},"geometry":{"type":"Polygon","coordinates":[[[8.102,6.31],[8.155,6.415],[8.131,6.441],[8.149,6.444],[8.14,6.478],[8.17,6.509],[8.145,6.551],[8.164,6.596],[8.145,6.621],[8.192,6.664],[8.173,6.773],[8.128,6.712],[8.062,6.72],[8.11,6.61],[8.095,6.595],[8.102,6.494],[8.059,6.451],[8.035,6.373],[8.102,6.31]]]}},{"type":"Feature","properties":{"id":"59680162B86357482908219"},"geometry":{"type":"Polygon","coordinates":[[[8.241,8.508],[8.412,8.473],[8.466,8.416],[8.531,8.397],[8.59,8.413],[8.623,8.476],[8.706,8.482],[8.829,8.404],[8.956,8.406],[8.996,8.518],[8.975,8.538],[8.983,8.597],[8.951,8.621],[8.892,8.74],[8.901,8.776],[8.945,8.8],[8.959,8.85],[9.024,8.866],[9.072,8.945],[9.063,9.018],[8.918,9.017],[8.9,8.922],[8.841,8.877],[8.829,8.794],[8.81,8.825],[8.761,8.836],[8.618,8.817],[8.611,8.77],[8.678,8.708],[8.607,8.652],[8.466,8.654],[8.403,8.611],[8.351,8.613],[8.284,8.582],[8.261,8.554],[8.168,8.586],[8.157,8.539],[8.189,8.543],[8.241,8.508]]]}},{"type":"Feature","properties":{"id":"59680162B7511527862302"},"geometry":{"type":"Polygon","coordinates":[[[4.088,7.133],[3.999,7.127],[3.939,7.084],[3.826,7.083],[3.784,7.03],[3.794,6.989],[3.763,6.956],[3.773,6.878],[3.79,6.888],[3.829,6.868],[3.885,6.902],[3.919,6.874],[4.041,6.943],[4.104,6.899],[4.155,6.995],[4.304,7.027],[4.343,7.068],[4.285,7.092],[4.198,7.049],[4.169,7.174],[4.088,7.133]]]}},{"type":"Feature","properties":{"id":"59680162B28606864431003"},"geometry":{"type":"Polygon","coordinates":[[[6.211,5.622],[6.354,5.642],[6.47,5.691],[6.473,5.714],[6.439,5.743],[6.436,5.791],[6.477,5.86],[6.443,5.9],[6.479,5.985],[6.412,5.987],[6.383,6.03],[6.361,5.989],[6.319,6.019],[6.257,6.017],[6.244,5.967],[6.329,5.914],[6.377,5.815],[6.297,5.767],[6.209,5.762],[6.167,5.726],[6.211,5.622]]]}},{"type":"Feature","properties":{"id":"59680162B47841916602322"},"geometry":{"type":"Polygon","coordinates":[[[7.254,5.571],[7.183,5.621],[7.163,5.598],[7.161,5.62],[7.143,5.619],[7.111,5.573],[7.088,5.605],[7.078,5.524],[7.145,5.49],[7.199,5.495],[7.217,5.552],[7.254,5.571]]]}},{"type":"Feature","properties":{"id":"59680162B48603200461333"},"geometry":{"type":"Polygon","coordinates":[[[6.122,7.682],[6.099,7.588],[6.119,7.591],[6.134,7.552],[6.179,7.567],[6.177,7.587],[6.205,7.588],[6.225,7.621],[6.258,7.602],[6.258,7.579],[6.361,7.64],[6.425,7.724],[6.616,7.859],[6.541,7.901],[6.387,7.811],[6.344,7.808],[6.315,7.833],[6.268,7.783],[6.268,7.706],[6.186,7.718],[6.122,7.682]]]}},{"type":"Feature","properties":{"id":"59680162B47339407576735"},"geometry":{"type":"Polygon","coordinates":[[[11.522,10.569],[11.48,10.484],[11.425,10.513],[11.407,10.465],[11.456,10.457],[11.399,10.39],[11.352,10.395],[11.294,10.36],[11.26,10.293],[11.224,10.341],[11.185,10.313],[11.212,10.274],[11.191,10.238],[11.2,10.208],[11.266,10.225],[11.304,10.108],[11.331,10.079],[11.417,10.071],[11.539,10.022],[11.598,10.067],[11.755,10.092],[11.711,10.173],[11.623,10.21],[11.59,10.283],[11.529,10.314],[11.552,10.369],[11.597,10.395],[11.603,10.427],[11.655,10.456],[11.663,10.497],[11.6,10.534],[11.573,10.573],[11.583,10.594],[11.522,10.569]]]}},{"type":"Feature","properties":{"id":"59680162B54887547034560"},"geometry":{"type":"Polygon","coordinates":[[[5.541,7.515],[5.498,7.47],[5.46,7.463],[5.459,7.437],[5.439,7.44],[5.432,7.384],[5.467,7.302],[5.521,7.333],[5.599,7.45],[5.605,7.473],[5.581,7.507],[5.541,7.515]]]}},{"type":"Feature","properties":{"id":"59680162B84830000650933"},"geometry":{"type":"Polygon","coordinates":[[[5.322,7.436],[5.304,7.485],[5.328,7.567],[5.299,7.586],[5.25,7.588],[5.219,7.542],[5.211,7.567],[5.188,7.56],[5.111,7.499],[5.086,7.456],[5.322,7.436]]]}},{"type":"Feature","properties":{"id":"59680162B16893313163973"},"geometry":{"type":"Polygon","coordinates":[[[6.969,5.561],[6.955,5.627],[6.904,5.657],[6.86,5.728],[6.84,5.72],[6.828,5.742],[6.847,5.766],[6.811,5.788],[6.751,5.75],[6.714,5.761],[6.695,5.746],[6.658,5.625],[6.826,5.602],[6.889,5.529],[6.969,5.561]]]}},{"type":"Feature","properties":{"id":"59680162B50777093344409"},"geometry":{"type":"Polygon","coordinates":[[[8.776,7.18],[8.732,7.18],[8.639,7.357],[8.513,7.307],[8.482,7.237],[8.524,7.181],[8.514,7.064],[8.547,6.92],[8.532,6.883],[8.599,6.848],[8.704,6.896],[8.818,6.876],[8.974,6.789],[8.996,6.737],[9.014,6.813],[8.979,6.86],[9.006,6.887],[8.997,6.962],[8.947,6.972],[8.891,7.013],[8.839,7.066],[8.827,7.134],[8.776,7.18]]]}},{"type":"Feature","properties":{"id":"59680162B4821538642969"},"geometry":{"type":"Polygon","coordinates":[[[4.371,7.849],[4.328,7.935],[4.276,7.971],[4.191,7.91],[4.203,7.869],[4.147,7.85],[4.094,7.864],[4.075,7.82],[4.13,7.818],[4.134,7.793],[4.24,7.812],[4.25,7.835],[4.274,7.788],[4.299,7.784],[4.293,7.76],[4.32,7.701],[4.342,7.753],[4.326,7.806],[4.371,7.849]]]}},{"type":"Feature","properties":{"id":"59680162B25446485561557"},"geometry":{"type":"Polygon","coordinates":[[[8.026,7.703],[8.063,7.691],[8.111,7.422],[8.068,7.415],[8.116,7.37],[8.196,7.434],[8.249,7.439],[8.272,7.46],[8.258,7.487],[8.269,7.507],[8.326,7.561],[8.348,7.613],[8.398,7.621],[8.412,7.674],[8.392,7.685],[8.385,7.768],[8.215,7.835],[8.089,7.749],[8.038,7.737],[8.026,7.703]]]}},{"type":"Feature","properties":{"id":"59680162B25131261753844"},"geometry":{"type":"Polygon","coordinates":[[[8.599,5.826],[8.574,5.643],[8.598,5.638],[8.677,5.653],[8.809,5.745],[8.853,5.745],[8.868,5.846],[8.992,5.935],[8.948,6.018],[8.799,6.065],[8.779,5.934],[8.714,5.928],[8.703,5.848],[8.599,5.826]]]}},{"type":"Feature","properties":{"id":"59680162B99060674505372"},"geometry":{"type":"Polygon","coordinates":[[[6.778,6.056],[6.777,6.017],[6.803,5.991],[6.801,5.927],[6.826,5.906],[6.869,5.935],[6.876,6.055],[6.834,6.041],[6.778,6.056]]]}},{"type":"Feature","properties":{"id":"59680162B51712615582520"},"geometry":{"type":"Polygon","coordinates":[[[4.947,7.902],[4.958,7.872],[4.942,7.86],[4.983,7.831],[4.99,7.807],[4.968,7.799],[5.005,7.745],[5.029,7.729],[5.047,7.754],[5.103,7.737],[5.149,7.771],[5.14,7.822],[5.098,7.848],[5.137,7.882],[5.091,7.889],[5.069,7.91],[5.085,7.926],[5.109,7.894],[5.124,7.899],[5.1,7.938],[5.02,7.961],[4.947,7.902]]]}},{"type":"Feature","properties":{"id":"59680162B43108992465432"},"geometry":{"type":"Polygon","coordinates":[[[7.379,5.081],[7.36,5.04],[7.335,5.041],[7.318,5.065],[7.293,5.05],[7.27,5.003],[7.298,4.957],[7.352,4.995],[7.392,4.972],[7.414,4.981],[7.426,5.03],[7.384,5.047],[7.393,5.076],[7.379,5.081]]]}},{"type":"Feature","properties":{"id":"59680162B28193395760126"},"geometry":{"type":"Polygon","coordinates":[[[4.664,7.841],[4.624,7.856],[4.604,7.888],[4.62,7.918],[4.569,7.938],[4.533,7.872],[4.55,7.82],[4.532,7.804],[4.66,7.784],[4.664,7.841]]]}},{"type":"Feature","properties":{"id":"59680162B44675208679717"},"geometry":{"type":"Polygon","coordinates":[[[8.168,8.586],[8.261,8.554],[8.284,8.582],[8.351,8.613],[8.403,8.611],[8.466,8.654],[8.607,8.652],[8.678,8.708],[8.611,8.77],[8.618,8.817],[8.557,8.802],[8.501,8.834],[8.521,8.871],[8.382,8.881],[8.321,8.806],[8.227,8.839],[8.215,8.822],[8.232,8.782],[8.197,8.769],[8.173,8.712],[8.191,8.624],[8.168,8.586]]]}},{"type":"Feature","properties":{"id":"59680162B47259322211203"},"geometry":{"type":"Polygon","coordinates":[[[4.54,7.657],[4.564,7.668],[4.578,7.715],[4.515,7.721],[4.456,7.754],[4.45,7.776],[4.417,7.77],[4.391,7.741],[4.54,7.657]]]}},{"type":"Feature","properties":{"id":"59680162B28595276838631"},"geometry":{"type":"Polygon","coordinates":[[[7.853,5.968],[7.807,5.981],[7.803,5.956],[7.778,5.969],[7.684,5.822],[7.786,5.805],[7.804,5.745],[7.89,5.685],[7.916,5.748],[7.89,5.77],[7.887,5.869],[7.838,5.945],[7.853,5.968]]]}},{"type":"Feature","properties":{"id":"59680162B53120698145103"},"geometry":{"type":"Polygon","coordinates":[[[6.933,5.83],[6.89,5.806],[6.88,5.746],[6.847,5.766],[6.828,5.742],[6.84,5.72],[6.86,5.728],[6.912,5.65],[6.93,5.663],[6.918,5.69],[6.943,5.696],[6.918,5.745],[6.963,5.771],[6.918,5.792],[6.933,5.83]]]}},{"type":"Feature","properties":{"id":"59680162B18196869714953"},"geometry":{"type":"Polygon","coordinates":[[[6.809,6.589],[6.858,6.559],[6.836,6.489],[6.855,6.405],[6.83,6.374],[6.826,6.293],[6.784,6.256],[6.798,6.199],[6.818,6.202],[6.821,6.232],[6.879,6.25],[6.931,6.296],[6.967,6.283],[6.988,6.305],[6.964,6.408],[6.953,6.42],[6.909,6.397],[6.892,6.412],[6.893,6.493],[6.911,6.516],[6.9,6.555],[6.942,6.623],[6.942,6.703],[6.91,6.696],[6.861,6.753],[6.8,6.693],[6.809,6.589]]]}},{"type":"Feature","properties":{"id":"59680162B81014786719276"},"geometry":{"type":"Polygon","coordinates":[[[9.188,6.872],[9.142,6.967],[8.997,6.962],[9.006,6.887],[8.979,6.86],[9.014,6.816],[8.999,6.784],[9.014,6.764],[8.968,6.697],[9.027,6.651],[9.07,6.642],[9.185,6.693],[9.173,6.726],[9.193,6.77],[9.158,6.828],[9.188,6.872]]]}},{"type":"Feature","properties":{"id":"59680162B20429116941940"},"geometry":{"type":"Polygon","coordinates":[[[4.527,7.614],[4.586,7.574],[4.586,7.543],[4.642,7.48],[4.638,7.444],[4.68,7.471],[4.709,7.465],[4.717,7.504],[4.766,7.504],[4.778,7.523],[4.783,7.557],[4.724,7.538],[4.713,7.584],[4.662,7.635],[4.663,7.689],[4.636,7.707],[4.646,7.737],[4.61,7.752],[4.588,7.741],[4.6,7.73],[4.54,7.657],[4.527,7.614]]]}},{"type":"Feature","properties":{"id":"59680162B97395677882832"},"geometry":{"type":"Polygon","coordinates":[[[6.758,6.135],[6.705,6.081],[6.703,6.051],[6.726,6.041],[6.716,5.97],[6.661,5.857],[6.644,5.747],[6.602,5.687],[6.653,5.682],[6.691,5.7],[6.695,5.746],[6.714,5.761],[6.751,5.75],[6.801,5.785],[6.742,5.874],[6.801,5.927],[6.803,5.991],[6.777,6.017],[6.778,6.056],[6.813,6.094],[6.797,6.13],[6.758,6.135]]]}},{"type":"Feature","properties":{"id":"59680162B4745386112936"},"geometry":{"type":"Polygon","coordinates":[[[7.658,5.446],[7.642,5.473],[7.606,5.475],[7.571,5.503],[7.538,5.496],[7.505,5.411],[7.535,5.296],[7.572,5.324],[7.649,5.325],[7.67,5.352],[7.62,5.372],[7.658,5.446]]]}},{"type":"Feature","properties":{"id":"59680162B35305934518280"},"geometry":{"type":"Polygon","coordinates":[[[7.863,8.923],[7.821,8.911],[7.78,8.87],[7.776,8.78],[7.807,8.751],[7.843,8.75],[7.903,8.812],[7.889,8.84],[7.913,8.847],[7.91,8.869],[7.863,8.923]]]}},{"type":"Feature","properties":{"id":"59680162B7261312330016"},"geometry":{"type":"Polygon","coordinates":[[[6.298,7.534],[6.327,7.548],[6.409,7.527],[6.435,7.61],[6.504,7.63],[6.543,7.686],[6.709,7.784],[6.703,7.8],[6.661,7.844],[6.616,7.859],[6.425,7.724],[6.361,7.64],[6.258,7.579],[6.258,7.602],[6.225,7.621],[6.205,7.588],[6.177,7.587],[6.223,7.552],[6.298,7.534]]]}},{"type":"Feature","properties":{"id":"59680162B91755424681987"},"geometry":{"type":"Polygon","coordinates":[[[7.01,5.65],[6.979,5.672],[7.003,5.698],[6.961,5.695],[6.978,5.727],[6.965,5.772],[6.991,5.792],[6.962,5.792],[6.95,5.817],[6.918,5.792],[6.963,5.771],[6.918,5.745],[6.943,5.696],[6.918,5.69],[6.93,5.663],[6.912,5.65],[6.955,5.627],[7.01,5.65]]]}},{"type":"Feature","properties":{"id":"59680162B54973397451304"},"geometry":{"type":"Polygon","coordinates":[[[3.826,7.083],[3.726,7.086],[3.722,7.062],[3.696,7.063],[3.646,6.99],[3.729,6.918],[3.794,6.989],[3.784,7.03],[3.826,7.083]]]}},{"type":"Feature","properties":{"id":"59680162B13670821264537"},"geometry":{"type":"Polygon","coordinates":[[[7.553,8.762],[7.657,8.741],[7.7,8.694],[7.784,8.711],[7.9,8.644],[7.935,8.723],[7.925,8.768],[7.893,8.797],[7.843,8.75],[7.784,8.76],[7.78,8.87],[7.821,8.911],[7.863,8.923],[7.892,9.017],[7.912,9.012],[7.947,9.061],[7.974,9.064],[8.024,9.125],[8.069,9.149],[8.087,9.231],[8.061,9.266],[7.919,9.317],[7.808,9.273],[7.724,9.329],[7.668,9.304],[7.589,9.129],[7.595,8.856],[7.553,8.762]]]}},{"type":"Feature","properties":{"id":"59680162B19467626863877"},"geometry":{"type":"Polygon","coordinates":[[[3.691,6.792],[3.733,6.893],[3.763,6.892],[3.763,6.945],[3.718,6.92],[3.646,6.99],[3.597,6.96],[3.587,6.905],[3.619,6.91],[3.672,6.861],[3.691,6.792]]]}},{"type":"Feature","properties":{"id":"59680162B66079212084305"},"geometry":{"type":"Polygon","coordinates":[[[4.999,8.03],[4.973,8.021],[4.961,8.052],[4.887,8.091],[4.854,8.096],[4.853,8.068],[4.809,8.062],[4.809,7.997],[4.846,7.987],[4.894,7.934],[4.872,7.884],[4.845,7.874],[4.865,7.842],[4.924,7.863],[4.946,7.902],[4.924,7.957],[4.938,7.982],[4.971,7.981],[4.999,8.03]]]}},{"type":"Feature","properties":{"id":"59680162B87556890682936"},"geometry":{"type":"Polygon","coordinates":[[[8.041,7.896],[8.372,7.77],[8.421,7.774],[8.391,7.89],[8.348,7.928],[8.34,7.961],[8.344,7.973],[8.36,7.962],[8.391,8.078],[8.513,8.158],[8.521,8.185],[8.5,8.405],[8.412,8.473],[8.241,8.508],[8.223,8.484],[8.155,8.481],[8.182,8.409],[8.097,8.369],[8.093,8.343],[8.072,8.35],[8.072,8.314],[8.057,8.309],[8.074,8.281],[8.056,8.28],[8.04,8.244],[8.054,8.232],[8.025,8.184],[8.056,8.129],[8.029,8.081],[8.007,8.078],[7.983,7.996],[8.041,7.896]]]}},{"type":"Feature","properties":{"id":"59680162B63392407575553"},"geometry":{"type":"Polygon","coordinates":[[[10.982,11.179],[11.036,11.134],[11.016,11.108],[11.055,11.09],[11.121,11.006],[11.102,10.933],[11.218,10.857],[11.205,10.812],[11.34,10.795],[11.364,10.84],[11.322,10.965],[11.327,11.0],[11.378,11.04],[11.391,11.09],[11.342,11.164],[11.319,11.186],[11.311,11.169],[11.201,11.175],[11.182,11.199],[11.092,11.226],[11.077,11.287],[10.982,11.179]]]}},{"type":"Feature","properties":{"id":"59680162B99778789604362"},"geometry":{"type":"Polygon","coordinates":[[[8.697,7.661],[8.602,7.57],[8.546,7.553],[8.451,7.579],[8.407,7.643],[8.396,7.619],[8.362,7.621],[8.269,7.507],[8.258,7.487],[8.272,7.46],[8.249,7.439],[8.196,7.434],[8.145,7.391],[8.134,7.376],[8.22,7.271],[8.256,7.126],[8.32,7.13],[8.405,7.103],[8.432,7.05],[8.514,7.064],[8.524,7.181],[8.482,7.237],[8.506,7.295],[8.639,7.357],[8.647,7.489],[8.687,7.5],[8.769,7.569],[8.768,7.653],[8.697,7.661]]]}},{"type":"Feature","properties":{"id":"59680162B55690925628014"},"geometry":{"type":"Polygon","coordinates":[[[4.916,7.803],[4.864,7.623],[4.913,7.547],[4.938,7.617],[4.985,7.609],[5.017,7.666],[4.974,7.707],[4.977,7.753],[4.932,7.811],[4.916,7.803]]]}},{"type":"Feature","properties":{"id":"59680162B14530293305891"},"geometry":{"type":"Polygon","coordinates":[[[7.306,5.586],[7.346,5.589],[7.349,5.606],[7.426,5.586],[7.416,5.661],[7.382,5.706],[7.364,5.701],[7.336,5.616],[7.301,5.604],[7.306,5.586]]]}},{"type":"Feature","properties":{"id":"59680162B72061925749770"},"geometry":{"type":"Polygon","coordinates":[[[4.946,7.902],[4.911,7.85],[4.916,7.803],[4.94,7.806],[4.972,7.763],[4.974,7.707],[5.017,7.666],[4.985,7.609],[4.938,7.617],[4.919,7.521],[4.975,7.561],[5.076,7.541],[5.115,7.709],[5.103,7.737],[5.062,7.751],[5.029,7.729],[5.005,7.745],[4.968,7.799],[4.99,7.807],[4.983,7.831],[4.942,7.86],[4.958,7.872],[4.946,7.902]]]}},{"type":"Feature","properties":{"id":"59680162B75725109309044"},"geometry":{"type":"Polygon","coordinates":[[[2.87,8.259],[2.868,8.312],[2.928,8.353],[3.09,8.317],[3.177,8.333],[3.172,8.369],[3.228,8.375],[3.361,8.309],[3.479,8.334],[3.472,8.357],[3.548,8.398],[3.653,8.408],[3.684,8.41],[3.797,8.342],[3.857,8.327],[3.904,8.373],[3.931,8.469],[3.874,8.554],[3.81,8.547],[3.686,8.432],[3.673,8.458],[3.594,8.493],[3.575,8.52],[3.584,8.555],[3.532,8.586],[3.443,8.551],[3.39,8.581],[3.324,8.58],[3.361,8.551],[3.335,8.523],[3.275,8.534],[3.221,8.516],[3.211,8.485],[3.193,8.481],[3.197,8.444],[3.145,8.44],[3.053,8.502],[2.958,8.509],[2.721,8.424],[2.71,8.326],[2.746,8.229],[2.87,8.259]]]}},{"type":"Feature","properties":{"id":"59680162B73807077480910"},"geometry":{"type":"Polygon","coordinates":[[[7.099,5.73],[7.063,5.736],[7.012,5.72],[7.002,5.685],[7.032,5.689],[7.043,5.639],[7.074,5.627],[7.089,5.67],[7.068,5.694],[7.099,5.73]]]}},{"type":"Feature","properties":{"id":"59680162B26648923761656"},"geometry":{"type":"Polygon","coordinates":[[[7.688,6.853],[7.712,6.861],[7.712,6.887],[7.686,6.903],[7.774,7.029],[7.741,7.065],[7.773,7.091],[7.756,7.134],[7.74,7.164],[7.691,7.192],[7.643,7.158],[7.602,7.091],[7.608,7.018],[7.531,7.032],[7.571,6.94],[7.62,6.919],[7.688,6.853]]]}},{"type":"Feature","properties":{"id":"59680162B38390932765307"},"geometry":{"type":"Polygon","coordinates":[[[4.845,7.375],[4.827,7.4],[4.852,7.486],[4.821,7.568],[4.783,7.557],[4.766,7.504],[4.717,7.504],[4.709,7.465],[4.68,7.471],[4.646,7.445],[4.682,7.344],[4.734,7.307],[4.755,7.361],[4.845,7.375]]]}},{"type":"Feature","properties":{"id":"59680162B44141715713069"},"geometry":{"type":"Polygon","coordinates":[[[8.155,9.041],[8.178,9.019],[8.187,8.953],[8.239,8.894],[8.227,8.839],[8.321,8.806],[8.382,8.881],[8.528,8.876],[8.491,9.038],[8.387,9.176],[8.343,9.194],[8.258,9.183],[8.233,9.105],[8.192,9.052],[8.155,9.041]]]}},{"type":"Feature","properties":{"id":"59680162B49809531314946"},"geometry":{"type":"Polygon","coordinates":[[[6.092,10.522],[6.082,10.469],[6.048,10.442],[6.041,10.34],[6.059,10.298],[6.019,10.229],[6.032,10.128],[6.011,10.118],[6.06,10.077],[6.036,10.089],[5.999,10.07],[6.004,10.002],[5.981,9.983],[5.986,9.95],[5.849,9.793],[5.972,9.775],[6.074,9.817],[6.138,9.813],[6.194,9.882],[6.234,9.894],[6.237,9.917],[6.301,9.896],[6.342,9.911],[6.431,9.854],[6.461,9.861],[6.502,9.902],[6.502,9.95],[6.56,9.985],[6.538,10.099],[6.478,10.144],[6.413,10.118],[6.434,10.177],[6.415,10.206],[6.376,10.207],[6.364,10.256],[6.428,10.311],[6.491,10.3],[6.551,10.391],[6.558,10.463],[6.524,10.595],[6.495,10.616],[6.397,10.573],[6.315,10.48],[6.323,10.447],[6.304,10.424],[6.254,10.427],[6.236,10.385],[6.17,10.358],[6.158,10.501],[6.092,10.522]]]}},{"type":"Feature","properties":{"id":"59680162B36423706884187"},"geometry":{"type":"Polygon","coordinates":[[[8.368,5.079],[8.413,5.196],[8.334,5.207],[8.265,5.244],[8.227,5.212],[8.192,5.218],[8.162,5.308],[8.1,5.273],[8.059,5.273],[8.042,5.346],[8.007,5.4],[7.993,5.555],[7.913,5.524],[7.988,5.363],[7.88,5.367],[7.902,5.336],[7.841,5.337],[7.913,5.304],[7.976,5.208],[7.993,5.207],[8.017,5.247],[8.042,5.235],[8.065,5.199],[8.065,5.145],[8.099,5.107],[8.103,5.024],[8.135,4.973],[8.184,4.965],[8.222,4.934],[8.27,4.958],[8.302,4.987],[8.294,5.041],[8.387,5.037],[8.395,5.071],[8.368,5.079]]]}},{"type":"Feature","properties":{"id":"59680162B42207826884677"},"geometry":{"type":"Polygon","coordinates":[[[6.201,9.462],[6.19,9.512],[6.096,9.559],[6.037,9.531],[5.979,9.556],[5.935,9.539],[5.862,9.369],[5.834,9.25],[5.837,9.132],[5.91,9.159],[5.997,9.135],[6.017,9.152],[6.055,9.09],[6.126,9.078],[6.143,9.139],[6.221,9.231],[6.137,9.261],[6.163,9.339],[6.158,9.447],[6.201,9.462]]]}},{"type":"Feature","properties":{"id":"59680162B21365932465956"},"geometry":{"type":"Polygon","coordinates":[[[6.167,5.726],[6.209,5.762],[6.297,5.767],[6.375,5.801],[6.334,5.907],[6.271,5.96],[6.244,5.967],[6.201,5.897],[6.121,5.84],[6.152,5.805],[6.167,5.726]]]}},{"type":"Feature","properties":{"id":"59680162B42338651294858"},"geometry":{"type":"Polygon","coordinates":[[[7.15,6.176],[7.087,6.271],[7.029,6.236],[7.022,6.201],[7.041,6.172],[7.017,6.174],[7.012,6.141],[7.086,6.112],[7.15,6.176]]]}},{"type":"Feature","properties":{"id":"59680162B85303802109421"},"geometry":{"type":"Polygon","coordinates":[[[7.092,9.211],[7.152,9.294],[7.191,9.284],[7.207,9.248],[7.254,9.289],[7.22,9.298],[7.232,9.318],[7.201,9.46],[7.219,9.493],[7.1,9.477],[7.105,9.454],[7.022,9.382],[6.974,9.394],[6.938,9.372],[6.855,9.4],[6.723,9.352],[6.716,9.298],[6.768,9.267],[7.015,9.269],[7.092,9.211]]]}},{"type":"Feature","properties":{"id":"59680162B51611927546147"},"geometry":{"type":"Polygon","coordinates":[[[5.168,10.284],[5.326,10.243],[5.407,10.246],[5.457,10.194],[5.717,10.237],[5.663,10.298],[5.698,10.343],[5.678,10.523],[5.622,10.601],[5.6,10.679],[5.57,10.703],[5.529,10.687],[5.509,10.604],[5.462,10.561],[5.407,10.559],[5.344,10.619],[5.322,10.556],[5.355,10.414],[5.344,10.375],[5.309,10.349],[5.224,10.357],[5.168,10.284]]]}},{"type":"Feature","properties":{"id":"59680162B45761990386675"},"geometry":{"type":"Polygon","coordinates":[[[5.581,9.702],[5.587,9.729],[5.71,9.741],[5.799,9.713],[5.818,9.722],[5.856,9.812],[5.986,9.95],[5.981,9.983],[6.004,10.002],[5.992,10.083],[5.903,10.157],[5.807,10.162],[5.758,10.186],[5.717,10.237],[5.457,10.194],[5.407,10.246],[5.326,10.243],[5.168,10.284],[5.109,10.233],[4.979,10.199],[4.929,10.164],[4.89,9.965],[4.864,9.958],[4.794,9.999],[4.694,9.935],[4.684,9.895],[4.621,9.819],[4.639,9.794],[4.634,9.741],[4.568,9.599],[4.698,9.615],[4.823,9.554],[4.85,9.494],[4.823,9.427],[4.839,9.386],[4.946,9.356],[5.186,9.469],[5.219,9.514],[5.129,9.536],[5.168,9.576],[5.217,9.569],[5.256,9.59],[5.292,9.671],[5.356,9.69],[5.43,9.809],[5.484,9.792],[5.531,9.689],[5.563,9.711],[5.581,9.702]]]}},{"type":"Feature","properties":{"id":"59680162B62313947241233"},"geometry":{"type":"Polygon","coordinates":[[[5.882,9.488],[5.935,9.539],[5.972,9.556],[6.037,9.531],[6.096,9.559],[6.149,9.539],[6.164,9.512],[6.221,9.534],[6.183,9.578],[6.18,9.621],[6.204,9.633],[6.21,9.705],[6.283,9.703],[6.307,9.806],[6.234,9.894],[6.194,9.882],[6.138,9.813],[6.074,9.817],[5.972,9.775],[5.849,9.793],[5.799,9.713],[5.729,9.741],[5.587,9.729],[5.581,9.702],[5.708,9.611],[5.736,9.536],[5.78,9.49],[5.798,9.482],[5.821,9.509],[5.882,9.488]]]}},{"type":"Feature","properties":{"id":"59680162B70265669805684"},"geometry":{"type":"Polygon","coordinates":[[[6.54,10.545],[6.56,10.451],[6.551,10.391],[6.491,10.3],[6.428,10.311],[6.381,10.28],[6.364,10.256],[6.376,10.207],[6.415,10.206],[6.434,10.177],[6.413,10.118],[6.478,10.144],[6.538,10.099],[6.56,9.985],[6.502,9.95],[6.498,9.896],[6.615,9.861],[6.594,9.832],[6.599,9.8],[6.629,9.788],[6.563,9.761],[6.59,9.708],[6.65,9.659],[6.654,9.598],[6.622,9.54],[6.712,9.519],[6.777,9.559],[6.847,9.533],[6.829,9.71],[6.875,9.746],[6.845,9.917],[6.901,10.076],[6.885,10.151],[6.915,10.189],[6.954,10.192],[6.982,10.244],[7.008,10.242],[7.051,10.317],[7.02,10.354],[6.926,10.37],[6.954,10.482],[6.913,10.538],[6.869,10.555],[6.84,10.532],[6.817,10.638],[6.72,10.644],[6.726,10.589],[6.647,10.593],[6.54,10.545]]]}},{"type":"Feature","properties":{"id":"59680162B99837769325291"},"geometry":{"type":"Polygon","coordinates":[[[3.797,10.066],[3.89,10.031],[3.903,10.019],[3.887,9.988],[3.949,9.991],[3.935,9.967],[3.971,9.949],[3.936,9.916],[3.985,9.893],[4.002,9.907],[4.022,9.857],[4.083,9.852],[4.115,9.882],[4.119,9.856],[4.153,9.862],[4.351,9.588],[4.501,9.44],[4.61,9.362],[4.612,9.428],[4.548,9.56],[4.634,9.741],[4.639,9.794],[4.58,9.88],[4.586,10.034],[4.527,10.111],[4.566,10.257],[4.483,10.329],[4.486,10.47],[4.51,10.535],[4.498,10.592],[4.465,10.522],[4.451,10.567],[4.421,10.565],[4.405,10.543],[4.312,10.548],[4.362,10.757],[4.286,10.821],[4.312,10.845],[4.336,10.919],[4.33,10.951],[4.277,10.954],[4.257,10.99],[4.267,11.025],[3.998,11.018],[3.933,10.943],[3.802,10.946],[3.77,10.92],[3.749,10.803],[3.849,10.683],[3.855,10.585],[3.794,10.406],[3.684,10.448],[3.637,10.412],[3.582,10.275],[3.681,10.181],[3.731,10.068],[3.743,10.084],[3.784,10.031],[3.797,10.066]]]}},{"type":"Feature","properties":{"id":"59680162B14261849329471"},"geometry":{"type":"Polygon","coordinates":[[[6.408,8.603],[6.453,8.448],[6.608,8.314],[6.691,8.183],[6.713,8.202],[6.72,8.275],[6.761,8.273],[6.751,8.305],[6.772,8.335],[6.807,8.343],[6.838,8.397],[6.828,8.458],[6.785,8.458],[6.788,9.27],[6.768,9.267],[6.763,9.284],[6.724,9.289],[6.682,9.22],[6.634,9.221],[6.622,9.237],[6.535,9.221],[6.526,9.162],[6.545,9.067],[6.595,8.98],[6.579,8.933],[6.599,8.843],[6.576,8.787],[6.535,8.749],[6.536,8.628],[6.486,8.579],[6.408,8.603]]]}},{"type":"Feature","properties":{"id":"59680162B66461609617276"},"geometry":{"type":"Polygon","coordinates":[[[5.823,7.496],[5.61,7.484],[5.504,7.316],[5.703,7.306],[5.847,7.395],[5.823,7.496]]]}},{"type":"Feature","properties":{"id":"59680162B75618838886778"},"geometry":{"type":"Polygon","coordinates":[[[5.333,11.356],[5.25,11.309],[5.233,11.218],[5.071,11.238],[5.053,11.205],[5.058,11.27],[5.012,11.252],[4.966,11.362],[4.898,11.391],[4.879,11.355],[4.728,11.306],[4.704,11.272],[4.739,11.251],[4.703,11.229],[4.741,11.153],[4.789,11.119],[4.909,11.082],[4.98,11.081],[4.996,11.054],[5.041,11.052],[5.082,10.927],[5.025,10.89],[5.034,10.846],[5.1,10.808],[5.112,10.741],[5.15,10.75],[5.207,10.714],[5.238,10.71],[5.355,10.783],[5.366,10.906],[5.413,10.908],[5.406,10.882],[5.431,10.885],[5.43,10.917],[5.382,10.941],[5.432,10.976],[5.389,11.037],[5.394,11.118],[5.413,11.121],[5.389,11.231],[5.333,11.356]]]}},{"type":"Feature","properties":{"id":"59680162B49614598703533"},"geometry":{"type":"Polygon","coordinates":[[[6.572,9.572],[6.599,9.599],[6.575,9.603],[6.567,9.639],[6.55,9.635],[6.559,9.658],[6.534,9.651],[6.513,9.669],[6.496,9.583],[6.508,9.561],[6.572,9.572]]]}},{"type":"Feature","properties":{"id":"59680162B84198311358077"},"geometry":{"type":"Polygon","coordinates":[[[5.431,10.991],[5.431,10.964],[5.383,10.956],[5.382,10.941],[5.43,10.917],[5.431,10.885],[5.406,10.882],[5.413,10.908],[5.366,10.906],[5.355,10.783],[5.238,10.71],[5.295,10.68],[5.313,10.635],[5.382,10.598],[5.407,10.559],[5.462,10.561],[5.509,10.604],[5.529,10.687],[5.57,10.703],[5.6,10.679],[5.622,10.601],[5.678,10.523],[5.698,10.343],[5.663,10.298],[5.671,10.277],[5.758,10.186],[5.807,10.162],[5.879,10.167],[5.999,10.07],[6.036,10.089],[6.057,10.074],[6.011,10.118],[6.032,10.128],[6.019,10.229],[6.059,10.298],[6.041,10.34],[6.048,10.442],[6.082,10.469],[6.094,10.546],[6.124,10.554],[6.134,10.59],[6.115,10.607],[6.141,10.673],[6.093,10.699],[6.117,10.74],[6.102,10.775],[6.113,10.814],[6.136,10.825],[6.123,10.845],[6.161,10.854],[6.165,10.893],[6.218,10.905],[6.267,10.966],[6.163,11.043],[6.113,11.061],[6.046,11.054],[6.016,11.138],[5.978,11.167],[5.915,11.145],[5.892,11.111],[5.8,11.083],[5.729,10.998],[5.68,10.976],[5.578,10.969],[5.556,10.947],[5.515,10.994],[5.501,10.975],[5.431,10.991]]]}},{"type":"Feature","properties":{"id":"59680162B69298252864907"},"geometry":{"type":"Polygon","coordinates":[[[7.254,10.039],[7.105,10.027],[6.952,10.048],[6.914,10.078],[6.893,10.073],[6.845,9.917],[6.875,9.746],[6.829,9.71],[6.847,9.533],[6.95,9.521],[6.974,9.562],[7.026,9.559],[7.078,9.663],[7.154,9.616],[7.202,9.66],[7.2,9.688],[7.164,9.701],[7.142,9.74],[7.205,9.758],[7.232,9.791],[7.274,9.783],[7.291,9.8],[7.278,10.016],[7.254,10.039]]]}},{"type":"Feature","properties":{"id":"59680162B93998087230069"},"geometry":{"type":"Polygon","coordinates":[[[6.477,9.441],[6.496,9.513],[6.563,9.539],[6.627,9.54],[6.624,9.566],[6.654,9.598],[6.641,9.679],[6.59,9.708],[6.563,9.761],[6.629,9.788],[6.599,9.8],[6.594,9.832],[6.615,9.861],[6.498,9.896],[6.431,9.854],[6.342,9.911],[6.301,9.896],[6.237,9.917],[6.234,9.894],[6.307,9.806],[6.283,9.703],[6.21,9.705],[6.204,9.633],[6.18,9.621],[6.183,9.578],[6.221,9.534],[6.19,9.512],[6.201,9.462],[6.236,9.467],[6.395,9.367],[6.477,9.441]],[[6.572,9.572],[6.508,9.561],[6.496,9.583],[6.513,9.669],[6.534,9.651],[6.559,9.658],[6.55,9.635],[6.567,9.639],[6.575,9.603],[6.599,9.599],[6.572,9.572]]]}},{"type":"Feature","properties":{"id":"59680162B91872344495309"},"geometry":{"type":"Polygon","coordinates":[[[7.179,9.144],[7.21,9.238],[7.191,9.284],[7.152,9.294],[7.092,9.211],[7.179,9.144]]]}},{"type":"Feature","properties":{"id":"59680162B6318880418470"},"geometry":{"type":"Polygon","coordinates":[[[7.205,9.758],[7.142,9.74],[7.164,9.701],[7.2,9.688],[7.202,9.66],[7.154,9.616],[7.078,9.663],[7.026,9.559],[6.974,9.562],[6.95,9.521],[6.865,9.527],[6.777,9.559],[6.712,9.519],[6.62,9.541],[6.502,9.518],[6.474,9.467],[6.506,9.376],[6.488,9.296],[6.512,9.249],[6.535,9.221],[6.622,9.237],[6.634,9.221],[6.682,9.22],[6.725,9.278],[6.731,9.359],[6.855,9.4],[6.938,9.372],[6.974,9.394],[7.022,9.382],[7.105,9.454],[7.1,9.477],[7.23,9.5],[7.251,9.521],[7.234,9.565],[7.306,9.628],[7.276,9.69],[7.205,9.758]]]}},{"type":"Feature","properties":{"id":"59680162B46182656305392"},"geometry":{"type":"Polygon","coordinates":[[[9.484,9.475],[9.487,9.45],[9.544,9.443],[9.526,9.397],[9.501,9.389],[9.551,9.362],[9.528,9.334],[9.521,9.267],[9.448,9.254],[9.458,9.217],[9.485,9.21],[9.47,9.176],[9.513,9.179],[9.534,9.21],[9.568,9.198],[9.586,9.214],[9.576,9.252],[9.59,9.268],[9.62,9.254],[9.67,9.284],[9.701,9.234],[9.787,9.269],[9.759,9.357],[9.775,9.393],[9.761,9.539],[9.651,9.522],[9.579,9.552],[9.57,9.529],[9.59,9.512],[9.569,9.473],[9.484,9.475]]]}},{"type":"Feature","properties":{"id":"59680162B88998270560680"},"geometry":{"type":"Polygon","coordinates":[[[8.939,10.027],[8.876,10.019],[8.881,10.007],[8.845,9.995],[8.804,9.905],[8.85,9.872],[8.898,9.902],[8.911,9.871],[8.978,9.856],[8.992,9.89],[8.969,9.96],[8.977,9.987],[8.939,10.027]]]}},{"type":"Feature","properties":{"id":"59680162B89640587380951"},"geometry":{"type":"Polygon","coordinates":[[[9.272,9.846],[9.232,9.862],[9.214,10.018],[9.255,10.03],[9.23,10.048],[9.183,10.038],[9.124,10.058],[9.047,10.016],[9.007,10.033],[9.003,9.989],[8.972,9.979],[8.992,9.89],[8.953,9.816],[8.983,9.803],[8.985,9.75],[9.022,9.748],[9.033,9.719],[9.046,9.729],[9.05,9.688],[9.074,9.676],[9.16,9.758],[9.219,9.773],[9.272,9.846]]]}},{"type":"Feature","properties":{"id":"59680162B51317919954642"},"geometry":{"type":"Polygon","coordinates":[[[5.645,6.37],[5.596,6.35],[5.529,6.277],[5.491,6.211],[5.464,6.099],[5.516,6.093],[5.571,6.207],[5.621,6.226],[5.645,6.37]]]}},{"type":"Feature","properties":{"id":"59680162B21067903036313"},"geometry":{"type":"MultiPolygon","coordinates":[[[[5.981,5.131],[6.005,5.104],[6.044,5.096],[6.086,5.151],[6.144,5.135],[6.201,5.17],[6.194,5.217],[6.219,5.25],[5.99,5.186],[5.981,5.131]]],[[[6.29,5.234],[6.273,5.275],[6.259,5.228],[6.29,5.234]]]]}},{"type":"Feature","properties":{"id":"59680162B53080807091718"},"geometry":{"type":"Polygon","coordinates":[[[9.757,8.367],[9.662,8.564],[9.681,8.596],[9.658,8.606],[9.655,8.674],[9.686,8.688],[9.67,8.717],[9.692,8.747],[9.751,8.757],[9.773,8.781],[9.782,8.929],[9.756,8.945],[9.599,8.924],[9.58,8.931],[9.584,8.969],[9.55,8.968],[9.554,8.947],[9.525,8.962],[9.522,8.93],[9.51,8.965],[9.451,8.987],[9.37,8.979],[9.405,9.098],[9.326,9.108],[9.319,9.012],[9.355,8.94],[9.331,8.887],[9.358,8.842],[9.403,8.827],[9.345,8.788],[9.346,8.65],[9.402,8.618],[9.355,8.483],[9.602,8.393],[9.625,8.367],[9.62,8.383],[9.653,8.384],[9.757,8.367]]]}},{"type":"Feature","properties":{"id":"59680162B99535636657731"},"geometry":{"type":"Polygon","coordinates":[[[5.642,6.414],[5.568,6.394],[5.526,6.339],[5.529,6.277],[5.596,6.35],[5.637,6.357],[5.642,6.414]]]}},{"type":"Feature","properties":{"id":"59680162B43697273286299"},"geometry":{"type":"Polygon","coordinates":[[[9.689,9.243],[9.7,9.181],[9.636,9.149],[9.719,9.115],[9.719,9.092],[9.743,9.098],[9.736,9.044],[9.753,9.046],[9.764,9.009],[9.83,8.998],[9.843,8.979],[9.785,8.89],[9.774,8.805],[9.833,8.821],[9.872,8.801],[9.889,8.895],[9.865,8.954],[9.882,8.974],[9.866,9.034],[9.936,9.095],[9.901,9.145],[9.931,9.15],[9.931,9.209],[9.894,9.217],[9.88,9.259],[9.801,9.298],[9.783,9.294],[9.779,9.261],[9.689,9.243]]]}},{"type":"Feature","properties":{"id":"59680162B91711719497512"},"geometry":{"type":"Polygon","coordinates":[[[8.804,9.905],[8.778,9.803],[8.752,9.796],[8.758,9.763],[8.697,9.734],[8.711,9.711],[8.694,9.696],[8.698,9.662],[8.755,9.642],[8.775,9.612],[8.803,9.646],[8.838,9.626],[8.872,9.647],[8.909,9.726],[8.946,9.758],[8.953,9.816],[8.982,9.861],[8.957,9.851],[8.911,9.871],[8.898,9.902],[8.85,9.872],[8.804,9.905]]]}},{"type":"Feature","properties":{"id":"59680162B72495617993590"},"geometry":{"type":"Polygon","coordinates":[[[9.785,8.89],[9.825,8.937],[9.839,8.99],[9.764,9.009],[9.753,9.046],[9.736,9.044],[9.743,9.098],[9.719,9.092],[9.719,9.115],[9.675,9.142],[9.636,9.149],[9.584,9.126],[9.55,9.082],[9.503,9.098],[9.461,9.061],[9.436,9.103],[9.405,9.098],[9.37,8.979],[9.451,8.987],[9.51,8.965],[9.522,8.93],[9.525,8.962],[9.554,8.947],[9.55,8.968],[9.584,8.969],[9.58,8.931],[9.599,8.924],[9.756,8.945],[9.782,8.929],[9.785,8.89]]]}},{"type":"Feature","properties":{"id":"59680162B6096372749080"},"geometry":{"type":"Polygon","coordinates":[[[8.671,9.251],[8.768,9.273],[8.781,9.333],[8.834,9.362],[8.871,9.361],[8.9,9.408],[8.92,9.403],[8.952,9.439],[9.03,9.467],[9.007,9.5],[9.017,9.525],[9.044,9.521],[9.049,9.565],[9.118,9.581],[9.141,9.635],[9.116,9.644],[9.119,9.68],[9.05,9.688],[9.046,9.729],[9.033,9.719],[9.022,9.748],[8.985,9.75],[8.983,9.803],[8.953,9.816],[8.946,9.758],[8.88,9.676],[8.864,9.559],[8.81,9.511],[8.785,9.514],[8.713,9.426],[8.671,9.251]]]}},{"type":"Feature","properties":{"id":"59680162B11957186029310"},"geometry":{"type":"Polygon","coordinates":[[[9.314,9.563],[9.295,9.549],[9.298,9.488],[9.342,9.508],[9.31,9.446],[9.343,9.413],[9.323,9.378],[9.264,9.349],[9.274,9.336],[9.254,9.276],[9.227,9.268],[9.22,9.219],[9.281,9.2],[9.287,9.154],[9.321,9.114],[9.42,9.091],[9.436,9.103],[9.461,9.061],[9.503,9.098],[9.55,9.082],[9.584,9.126],[9.7,9.181],[9.704,9.211],[9.67,9.284],[9.62,9.254],[9.581,9.263],[9.586,9.214],[9.568,9.198],[9.534,9.21],[9.513,9.179],[9.47,9.176],[9.485,9.21],[9.463,9.213],[9.447,9.252],[9.521,9.267],[9.528,9.334],[9.551,9.362],[9.501,9.389],[9.526,9.397],[9.544,9.443],[9.487,9.45],[9.484,9.475],[9.425,9.477],[9.397,9.531],[9.351,9.532],[9.314,9.563]]]}},{"type":"Feature","properties":{"id":"59680162B1032840889978"},"geometry":{"type":"Polygon","coordinates":[[[8.671,9.251],[8.668,9.19],[8.765,9.165],[8.76,9.105],[8.799,9.071],[8.798,9.032],[8.951,9.015],[9.08,9.028],[9.078,9.068],[9.142,9.131],[9.089,9.191],[9.113,9.233],[9.111,9.29],[9.148,9.314],[9.093,9.329],[9.073,9.379],[8.992,9.456],[8.92,9.403],[8.9,9.408],[8.871,9.361],[8.8,9.347],[8.768,9.273],[8.671,9.251]]]}},{"type":"Feature","properties":{"id":"59680162B1443452948914"},"geometry":{"type":"Polygon","coordinates":[[[10.56,9.39],[10.465,9.373],[10.427,9.327],[10.371,9.358],[10.357,9.414],[10.305,9.418],[10.277,9.481],[10.266,9.439],[10.237,9.417],[10.189,9.454],[10.157,9.439],[10.076,9.342],[10.056,9.344],[10.036,9.303],[9.991,9.301],[10.012,9.236],[9.974,9.24],[9.953,9.203],[9.924,9.2],[9.931,9.15],[9.901,9.145],[9.936,9.095],[9.866,9.034],[9.882,8.974],[9.865,8.954],[9.889,8.895],[9.872,8.801],[9.916,8.744],[9.896,8.672],[9.907,8.657],[9.933,8.641],[9.974,8.651],[9.97,8.617],[9.987,8.632],[10.052,8.592],[10.224,8.785],[10.407,8.935],[10.464,8.963],[10.597,8.976],[10.637,9.056],[10.623,9.094],[10.636,9.127],[10.58,9.246],[10.56,9.39]]]}},{"type":"Feature","properties":{"id":"59680162B94726154492089"},"geometry":{"type":"Polygon","coordinates":[[[8.68,10.011],[8.635,9.867],[8.635,9.758],[8.66,9.746],[8.778,9.803],[8.784,9.869],[8.809,9.895],[8.8,9.918],[8.845,9.995],[8.881,10.007],[8.876,10.019],[8.939,10.027],[8.978,10.181],[8.93,10.215],[8.955,10.309],[8.936,10.349],[8.818,10.38],[8.799,10.303],[8.734,10.275],[8.686,10.211],[8.672,10.146],[8.68,10.011]]]}},{"type":"Feature","properties":{"id":"59680162B16963737840115"},"geometry":{"type":"Polygon","coordinates":[[[7.271,6.079],[7.264,6.054],[7.187,6.047],[7.189,6.03],[7.167,6.033],[7.139,6.005],[7.177,5.929],[7.257,5.935],[7.264,5.991],[7.323,6.004],[7.339,6.042],[7.3,6.048],[7.309,6.079],[7.271,6.079]]]}},{"type":"Feature","properties":{"id":"59680162B74099392913903"},"geometry":{"type":"Polygon","coordinates":[[[9.973,9.7],[9.992,9.646],[9.981,9.623],[9.831,9.599],[9.761,9.539],[9.768,9.296],[9.851,9.281],[9.904,9.212],[9.953,9.203],[9.964,9.235],[10.012,9.236],[9.991,9.301],[10.036,9.303],[10.056,9.344],[10.076,9.342],[10.157,9.439],[10.189,9.454],[10.237,9.417],[10.266,9.439],[10.273,9.481],[10.294,9.472],[10.305,9.418],[10.357,9.414],[10.371,9.358],[10.427,9.327],[10.465,9.373],[10.56,9.39],[10.578,9.41],[10.566,9.465],[10.523,9.488],[10.489,9.553],[10.373,9.603],[10.261,9.687],[10.152,9.679],[10.109,9.691],[10.103,9.72],[10.071,9.731],[9.973,9.7]]]}},{"type":"Feature","properties":{"id":"59680162B99351931357354"},"geometry":{"type":"Polygon","coordinates":[[[10.052,8.592],[9.987,8.632],[9.97,8.617],[9.974,8.651],[9.933,8.641],[9.907,8.657],[9.91,8.763],[9.888,8.795],[9.833,8.821],[9.774,8.805],[9.751,8.757],[9.692,8.747],[9.67,8.717],[9.686,8.688],[9.655,8.674],[9.658,8.606],[9.681,8.596],[9.662,8.564],[9.757,8.367],[9.879,8.439],[10.052,8.592]]]}},{"type":"Feature","properties":{"id":"59680162B68239008143557"},"geometry":{"type":"Polygon","coordinates":[[[9.158,9.741],[9.107,9.721],[9.086,9.689],[9.119,9.68],[9.116,9.644],[9.141,9.635],[9.118,9.581],[9.049,9.565],[9.044,9.521],[9.017,9.525],[9.007,9.5],[9.031,9.469],[9.005,9.454],[9.017,9.42],[9.073,9.379],[9.093,9.329],[9.148,9.314],[9.111,9.29],[9.113,9.233],[9.089,9.191],[9.142,9.131],[9.078,9.068],[9.072,9.044],[9.093,9.019],[9.131,9.043],[9.156,9.026],[9.219,9.034],[9.266,9.111],[9.301,9.105],[9.318,9.121],[9.287,9.154],[9.281,9.2],[9.22,9.219],[9.227,9.268],[9.254,9.276],[9.274,9.336],[9.264,9.349],[9.323,9.378],[9.343,9.413],[9.31,9.446],[9.342,9.508],[9.298,9.488],[9.294,9.517],[9.309,9.599],[9.327,9.596],[9.29,9.614],[9.285,9.698],[9.267,9.68],[9.217,9.684],[9.158,9.741]]]}},{"type":"Feature","properties":{"id":"59680162B63010488329613"},"geometry":{"type":"Polygon","coordinates":[[[7.379,9.336],[7.232,9.318],[7.22,9.298],[7.254,9.289],[7.207,9.248],[7.179,9.144],[7.22,9.114],[7.379,9.336]]]}},{"type":"Feature","properties":{"id":"59680162B40491222708573"},"geometry":{"type":"Polygon","coordinates":[[[4.53,10.101],[4.586,10.034],[4.58,9.88],[4.62,9.819],[4.684,9.895],[4.694,9.935],[4.76,9.99],[4.794,9.999],[4.864,9.958],[4.89,9.965],[4.929,10.164],[4.979,10.199],[5.109,10.233],[5.224,10.357],[5.309,10.349],[5.344,10.375],[5.355,10.414],[5.322,10.556],[5.344,10.619],[5.313,10.635],[5.286,10.688],[5.15,10.75],[5.112,10.741],[5.101,10.761],[5.055,10.738],[5.027,10.75],[5.012,10.724],[4.942,10.689],[4.826,10.708],[4.807,10.693],[4.796,10.629],[4.824,10.595],[4.819,10.507],[4.853,10.46],[4.932,10.44],[4.95,10.39],[4.947,10.285],[4.872,10.218],[4.794,10.261],[4.697,10.24],[4.647,10.205],[4.625,10.103],[4.53,10.101]]]}},{"type":"Feature","properties":{"id":"59680162B64027612781435"},"geometry":{"type":"Polygon","coordinates":[[[4.336,10.919],[4.312,10.845],[4.286,10.821],[4.362,10.757],[4.312,10.548],[4.405,10.543],[4.421,10.565],[4.451,10.567],[4.465,10.522],[4.498,10.592],[4.51,10.535],[4.601,10.571],[4.691,10.663],[4.698,10.801],[4.723,10.867],[4.695,10.919],[4.608,10.888],[4.54,10.92],[4.407,10.877],[4.362,10.889],[4.336,10.919]]]}},{"type":"Feature","properties":{"id":"59680162B48237076936000"},"geometry":{"type":"Polygon","coordinates":[[[8.554,9.569],[8.642,9.401],[8.692,9.383],[8.785,9.514],[8.81,9.511],[8.864,9.559],[8.872,9.647],[8.838,9.626],[8.803,9.646],[8.775,9.612],[8.755,9.642],[8.698,9.662],[8.694,9.696],[8.711,9.711],[8.697,9.734],[8.758,9.763],[8.754,9.781],[8.686,9.769],[8.678,9.747],[8.635,9.758],[8.599,9.728],[8.599,9.679],[8.58,9.673],[8.554,9.569]]]}},{"type":"Feature","properties":{"id":"59680162B28016750993437"},"geometry":{"type":"Polygon","coordinates":[[[6.034,12.784],[6.006,12.919],[6.044,12.938],[6.057,12.985],[6.023,13.085],[5.854,13.121],[5.721,13.107],[5.712,13.246],[5.634,13.257],[5.509,13.174],[5.516,13.152],[5.468,13.165],[5.361,13.113],[5.389,13.078],[5.478,13.105],[5.479,13.036],[5.514,13.034],[5.529,13.01],[5.559,12.926],[5.542,12.866],[5.588,12.804],[5.635,12.883],[5.734,12.827],[5.813,12.84],[5.848,12.811],[5.883,12.82],[5.962,12.755],[6.024,12.749],[6.034,12.784]]]}},{"type":"Feature","properties":{"id":"59680162B29308605862653"},"geometry":{"type":"Polygon","coordinates":[[[8.126,6.183],[8.113,6.139],[8.079,6.115],[8.094,6.096],[8.007,6.022],[8.014,5.994],[8.049,5.995],[8.047,5.956],[8.065,5.944],[8.101,5.961],[8.114,5.938],[8.215,6.012],[8.282,6.005],[8.302,6.108],[8.401,6.217],[8.34,6.262],[8.313,6.231],[8.317,6.209],[8.302,6.218],[8.22,6.182],[8.188,6.215],[8.126,6.183]]]}},{"type":"Feature","properties":{"id":"59680162B21692666530817"},"geometry":{"type":"Polygon","coordinates":[[[7.295,12.313],[7.416,12.352],[7.417,12.445],[7.399,12.476],[7.422,12.5],[7.399,12.531],[7.399,12.576],[7.377,12.554],[7.358,12.57],[7.385,12.622],[7.383,12.665],[7.363,12.691],[7.296,12.677],[7.279,12.714],[7.134,12.664],[7.122,12.704],[7.043,12.72],[6.989,12.673],[7.044,12.659],[7.066,12.432],[7.172,12.451],[7.197,12.338],[7.264,12.348],[7.295,12.313]]]}},{"type":"Feature","properties":{"id":"59680162B51331479839153"},"geometry":{"type":"Polygon","coordinates":[[[3.339,6.475],[3.316,6.455],[3.349,6.437],[3.356,6.467],[3.339,6.475]]]}},{"type":"Feature","properties":{"id":"59680162B63684780260143"},"geometry":{"type":"Polygon","coordinates":[[[4.369,11.747],[4.343,11.726],[4.327,11.742],[4.318,11.722],[4.292,11.735],[4.255,11.662],[4.229,11.66],[4.247,11.612],[4.394,11.558],[4.406,11.5],[4.372,11.492],[4.407,11.438],[4.26,11.359],[4.201,11.356],[4.177,11.313],[4.196,11.282],[4.235,11.268],[4.256,11.21],[4.303,11.175],[4.425,11.174],[4.488,11.143],[4.513,11.148],[4.486,11.217],[4.516,11.267],[4.517,11.339],[4.595,11.461],[4.497,11.495],[4.483,11.532],[4.497,11.552],[4.419,11.614],[4.427,11.671],[4.375,11.715],[4.369,11.747]]]}},{"type":"Feature","properties":{"id":"59680162B97817900806996"},"geometry":{"type":"Polygon","coordinates":[[[4.085,6.68],[3.699,6.684],[3.684,6.64],[3.701,6.598],[3.635,6.545],[3.619,6.489],[3.866,6.512],[3.853,6.537],[3.884,6.537],[3.895,6.503],[3.999,6.492],[4.071,6.435],[4.202,6.425],[4.279,6.378],[4.36,6.368],[4.369,6.438],[4.354,6.451],[4.26,6.444],[4.169,6.488],[4.164,6.507],[4.233,6.547],[4.241,6.572],[4.222,6.596],[4.178,6.604],[4.11,6.554],[4.07,6.573],[4.055,6.622],[4.093,6.646],[4.085,6.68]]]}},{"type":"Feature","properties":{"id":"59680162B87731060313783"},"geometry":{"type":"Polygon","coordinates":[[[9.033,11.528],[9.005,11.525],[9.002,11.547],[8.943,11.555],[8.934,11.574],[8.881,11.556],[8.879,11.506],[8.846,11.497],[8.827,11.455],[8.85,11.429],[8.786,11.395],[8.779,11.314],[8.706,11.254],[8.716,11.214],[8.777,11.209],[8.683,11.139],[8.643,11.14],[8.645,11.114],[8.69,11.069],[8.695,11.026],[8.773,10.938],[8.789,10.942],[8.78,11.019],[8.805,11.104],[8.885,11.111],[8.92,11.177],[8.996,11.227],[9.027,11.277],[9.13,11.329],[9.113,11.363],[9.06,11.397],[9.047,11.422],[9.061,11.444],[9.028,11.455],[9.043,11.486],[9.033,11.528]]]}},{"type":"Feature","properties":{"id":"59680162B76072611977433"},"geometry":{"type":"Polygon","coordinates":[[[6.158,7.528],[6.11,7.494],[6.11,7.457],[6.183,7.429],[6.225,7.468],[6.158,7.528]]]}},{"type":"Feature","properties":{"id":"59680162B96890005302109"},"geometry":{"type":"Polygon","coordinates":[[[3.36,6.398],[3.316,6.455],[3.322,6.496],[3.237,6.481],[3.23,6.442],[3.199,6.432],[3.202,6.402],[3.36,6.398]]]}},{"type":"Feature","properties":{"id":"59680162B88365177272018"},"geometry":{"type":"Polygon","coordinates":[[[7.994,12.192],[8.005,12.144],[8.033,12.152],[8.042,12.182],[8.125,12.193],[8.119,12.253],[8.14,12.276],[8.114,12.289],[8.083,12.334],[8.094,12.353],[8.078,12.356],[8.11,12.369],[8.108,12.416],[8.002,12.394],[7.892,12.33],[7.865,12.281],[7.878,12.225],[7.915,12.192],[7.935,12.201],[7.945,12.178],[7.994,12.192]]]}},{"type":"Feature","properties":{"id":"59680162B89638160160445"},"geometry":{"type":"Polygon","coordinates":[[[3.667,6.492],[3.673,6.474],[3.628,6.422],[3.896,6.434],[4.279,6.378],[4.202,6.425],[4.071,6.435],[3.999,6.492],[3.895,6.503],[3.884,6.537],[3.853,6.537],[3.866,6.512],[3.667,6.492]]]}},{"type":"Feature","properties":{"id":"59680162B23949108035203"},"geometry":{"type":"Polygon","coordinates":[[[6.292,7.5],[6.38,7.398],[6.428,7.415],[6.436,7.36],[6.467,7.365],[6.497,7.333],[6.511,7.267],[6.638,7.294],[6.69,7.219],[6.713,7.513],[6.699,7.59],[6.744,7.671],[6.758,7.75],[6.742,7.784],[6.688,7.781],[6.543,7.686],[6.504,7.63],[6.454,7.627],[6.413,7.569],[6.409,7.527],[6.327,7.548],[6.298,7.534],[6.292,7.5]]]}},{"type":"Feature","properties":{"id":"59680162B43339423021624"},"geometry":{"type":"Polygon","coordinates":[[[3.691,8.997],[3.717,8.969],[3.841,8.977],[3.877,8.952],[3.884,8.916],[3.977,8.876],[4.127,8.906],[4.21,8.97],[4.012,9.035],[3.921,9.173],[3.863,9.188],[3.771,9.147],[3.743,9.047],[3.691,8.997]]]}},{"type":"Feature","properties":{"id":"59680162B76063539046075"},"geometry":{"type":"Polygon","coordinates":[[[6.088,5.404],[6.195,5.543],[6.236,5.509],[6.286,5.551],[6.33,5.531],[6.319,5.493],[6.35,5.432],[6.368,5.445],[6.433,5.43],[6.456,5.453],[6.377,5.476],[6.384,5.515],[6.326,5.638],[6.211,5.622],[6.115,5.585],[6.117,5.548],[6.078,5.521],[6.056,5.469],[6.088,5.404]]]}},{"type":"Feature","properties":{"id":"59680162B4656907626813"},"geometry":{"type":"Polygon","coordinates":[[[7.244,6.263],[7.322,6.312],[7.344,6.305],[7.361,6.361],[7.387,6.381],[7.376,6.419],[7.348,6.418],[7.323,6.492],[7.29,6.468],[7.275,6.481],[7.263,6.549],[7.236,6.573],[7.188,6.503],[7.139,6.52],[7.033,6.464],[7.032,6.442],[7.144,6.388],[7.16,6.303],[7.244,6.263]]]}},{"type":"Feature","properties":{"id":"59680162B53064832422435"},"geometry":{"type":"Polygon","coordinates":[[[4.865,6.438],[4.923,6.451],[4.956,6.352],[5.016,6.292],[5.035,6.328],[5.029,6.364],[5.104,6.402],[5.103,6.441],[5.153,6.498],[5.162,6.562],[5.112,6.63],[5.122,6.699],[5.089,6.719],[5.009,6.647],[4.927,6.663],[4.882,6.646],[4.868,6.537],[4.828,6.47],[4.865,6.438]]]}},{"type":"Feature","properties":{"id":"59680162B88663407419721"},"geometry":{"type":"Polygon","coordinates":[[[5.45,7.065],[5.478,7.046],[5.537,6.885],[5.566,6.876],[5.587,6.991],[5.633,7.01],[5.652,7.076],[5.7,7.089],[5.689,7.125],[5.761,7.179],[5.727,7.194],[5.665,7.304],[5.504,7.316],[5.405,7.29],[5.388,7.283],[5.419,7.25],[5.428,7.121],[5.49,7.106],[5.45,7.065]]]}},{"type":"Feature","properties":{"id":"59680162B92999716235821"},"geometry":{"type":"Polygon","coordinates":[[[7.349,7.847],[7.302,7.782],[7.207,7.785],[7.108,7.693],[7.02,7.704],[6.934,7.633],[6.841,7.601],[6.8,7.468],[6.846,7.415],[7.014,7.413],[7.049,7.482],[7.104,7.481],[7.138,7.438],[7.133,7.376],[7.165,7.352],[7.31,7.353],[7.461,7.401],[7.442,7.688],[7.349,7.847]]]}},{"type":"Feature","properties":{"id":"59680162B30693560799830"},"geometry":{"type":"Polygon","coordinates":[[[5.94,7.645],[5.893,7.589],[5.786,7.554],[5.618,7.564],[5.61,7.484],[5.951,7.501],[6.004,7.536],[5.94,7.645]]]}},{"type":"Feature","properties":{"id":"59680162B11018926765325"},"geometry":{"type":"Polygon","coordinates":[[[3.91,7.342],[3.875,7.33],[3.841,7.357],[3.838,7.33],[3.802,7.339],[3.736,7.301],[3.762,7.301],[3.764,7.23],[3.794,7.139],[3.727,7.097],[3.731,7.081],[3.939,7.084],[3.999,7.127],[3.985,7.227],[3.996,7.267],[3.974,7.276],[3.969,7.312],[3.954,7.307],[3.96,7.337],[3.939,7.327],[3.91,7.342]]]}},{"type":"Feature","properties":{"id":"59680162B28887917480980"},"geometry":{"type":"Polygon","coordinates":[[[6.684,5.215],[6.72,5.242],[6.724,5.293],[6.761,5.316],[6.763,5.41],[6.741,5.494],[6.639,5.493],[6.669,5.69],[6.602,5.687],[6.618,5.632],[6.585,5.562],[6.531,5.532],[6.525,5.439],[6.477,5.404],[6.485,5.379],[6.57,5.372],[6.563,5.32],[6.531,5.285],[6.567,5.237],[6.553,5.19],[6.579,5.177],[6.623,5.201],[6.661,5.195],[6.661,5.233],[6.684,5.215]]]}},{"type":"Feature","properties":{"id":"59680162B58622494857171"},"geometry":{"type":"Polygon","coordinates":[[[5.234,6.065],[5.291,6.065],[5.269,6.087],[5.282,6.139],[5.328,6.143],[5.367,6.189],[5.353,6.241],[5.401,6.283],[5.435,6.277],[5.467,6.303],[5.468,6.317],[5.417,6.339],[5.407,6.377],[5.442,6.38],[5.435,6.399],[5.496,6.53],[5.433,6.589],[5.381,6.716],[5.423,6.773],[5.46,6.885],[5.255,6.883],[5.197,6.774],[5.151,6.746],[5.118,6.684],[5.114,6.621],[5.164,6.554],[5.153,6.498],[5.103,6.441],[5.104,6.402],[5.029,6.364],[5.035,6.328],[5.013,6.302],[5.089,6.201],[5.122,6.206],[5.143,6.143],[5.169,6.164],[5.222,6.148],[5.234,6.065]]]}},{"type":"Feature","properties":{"id":"59680162B10854216301983"},"geometry":{"type":"Polygon","coordinates":[[[6.503,5.339],[6.483,5.421],[6.535,5.459],[6.531,5.532],[6.585,5.562],[6.618,5.632],[6.601,5.707],[6.644,5.747],[6.661,5.857],[6.72,5.996],[6.633,6.014],[6.608,5.994],[6.479,5.985],[6.443,5.9],[6.477,5.86],[6.436,5.791],[6.439,5.743],[6.473,5.714],[6.47,5.691],[6.326,5.638],[6.384,5.515],[6.377,5.476],[6.446,5.463],[6.456,5.446],[6.433,5.43],[6.368,5.445],[6.35,5.432],[6.343,5.357],[6.311,5.304],[6.339,5.32],[6.409,5.305],[6.45,5.328],[6.49,5.324],[6.503,5.339]]]}},{"type":"Feature","properties":{"id":"59680162B31759462460359"},"geometry":{"type":"Polygon","coordinates":[[[3.419,8.862],[3.486,8.719],[3.484,8.681],[3.532,8.586],[3.584,8.555],[3.575,8.52],[3.594,8.493],[3.673,8.458],[3.686,8.432],[3.81,8.547],[3.874,8.554],[3.664,8.769],[3.661,8.839],[3.608,8.897],[3.617,8.929],[3.6,8.957],[3.419,8.862]]]}},{"type":"Feature","properties":{"id":"59680162B38335311272259"},"geometry":{"type":"Polygon","coordinates":[[[7.726,6.115],[7.816,6.047],[7.836,6.078],[7.86,6.062],[7.869,6.018],[7.914,5.976],[8.014,5.994],[8.012,6.064],[7.955,6.046],[7.948,6.079],[7.896,6.09],[7.898,6.156],[7.87,6.233],[7.832,6.234],[7.802,6.199],[7.796,6.232],[7.733,6.227],[7.726,6.115]]]}},{"type":"Feature","properties":{"id":"59680162B29085579275088"},"geometry":{"type":"Polygon","coordinates":[[[6.15,5.756],[6.152,5.805],[6.121,5.84],[6.094,5.794],[6.04,5.765],[5.941,5.746],[5.891,5.763],[5.853,5.703],[5.907,5.657],[5.918,5.629],[5.901,5.602],[5.92,5.566],[5.969,5.549],[6.058,5.622],[6.041,5.686],[6.113,5.752],[6.15,5.756]]]}},{"type":"Feature","properties":{"id":"59680162B90915593246984"},"geometry":{"type":"Polygon","coordinates":[[[8.959,8.281],[9.009,8.311],[9.009,8.4],[8.829,8.404],[8.706,8.482],[8.623,8.476],[8.59,8.413],[8.566,8.403],[8.5,8.405],[8.509,8.261],[8.53,8.253],[8.745,8.259],[8.828,8.29],[8.891,8.273],[8.959,8.281]]]}},{"type":"Feature","properties":{"id":"59680162B21986463159939"},"geometry":{"type":"Polygon","coordinates":[[[4.079,7.954],[4.019,7.921],[4.031,7.881],[3.979,7.851],[3.92,7.854],[3.94,7.834],[3.939,7.796],[3.957,7.797],[3.972,7.834],[4.004,7.826],[4.09,7.871],[4.079,7.954]]]}},{"type":"Feature","properties":{"id":"59680162B35701990596564"},"geometry":{"type":"Polygon","coordinates":[[[7.53,6.006],[7.529,5.952],[7.503,5.9],[7.535,5.835],[7.684,5.822],[7.727,5.908],[7.716,5.927],[7.664,5.93],[7.53,6.006]]]}},{"type":"Feature","properties":{"id":"59680162B2904770846082"},"geometry":{"type":"Polygon","coordinates":[[[6.716,7.123],[6.693,7.216],[6.638,7.294],[6.511,7.267],[6.497,7.333],[6.467,7.365],[6.436,7.36],[6.432,7.402],[6.341,7.326],[6.295,7.36],[6.268,7.358],[6.257,7.208],[6.505,7.151],[6.535,7.101],[6.528,7.024],[6.557,7.004],[6.679,6.972],[6.677,7.034],[6.716,7.123]]]}},{"type":"Feature","properties":{"id":"59680162B32979491305099"},"geometry":{"type":"Polygon","coordinates":[[[6.645,6.101],[6.629,6.075],[6.573,6.076],[6.567,5.996],[6.608,5.994],[6.633,6.014],[6.72,5.996],[6.726,6.041],[6.703,6.051],[6.705,6.081],[6.755,6.121],[6.769,6.168],[6.723,6.266],[6.706,6.262],[6.687,6.189],[6.714,6.156],[6.7,6.119],[6.645,6.101]]]}},{"type":"Feature","properties":{"id":"59680162B3302114520233"},"geometry":{"type":"Polygon","coordinates":[[[8.392,6.307],[8.404,6.366],[8.445,6.386],[8.457,6.428],[8.432,6.433],[8.406,6.485],[8.419,6.515],[8.391,6.523],[8.391,6.55],[8.375,6.546],[8.374,6.564],[8.325,6.589],[8.322,6.634],[8.286,6.71],[8.252,6.736],[8.266,6.742],[8.229,6.8],[8.22,6.779],[8.173,6.773],[8.192,6.664],[8.145,6.621],[8.164,6.596],[8.145,6.551],[8.17,6.509],[8.14,6.478],[8.149,6.444],[8.13,6.438],[8.155,6.415],[8.14,6.344],[8.171,6.327],[8.154,6.289],[8.193,6.278],[8.261,6.313],[8.392,6.307]]]}},{"type":"Feature","properties":{"id":"59680162B89324456878264"},"geometry":{"type":"Polygon","coordinates":[[[6.259,5.228],[6.273,5.275],[6.339,5.346],[6.35,5.432],[6.319,5.493],[6.33,5.531],[6.286,5.551],[6.246,5.509],[6.195,5.543],[6.088,5.404],[6.095,5.319],[6.151,5.24],[6.187,5.23],[6.207,5.252],[6.259,5.228]]]}},{"type":"Feature","properties":{"id":"59680162B18578493945657"},"geometry":{"type":"Polygon","coordinates":[[[8.033,6.204],[7.996,6.197],[7.959,6.153],[7.922,6.154],[7.899,6.194],[7.879,6.18],[7.898,6.156],[7.896,6.09],[7.948,6.079],[7.955,6.046],[8.012,6.064],[8.007,6.022],[8.094,6.096],[8.079,6.115],[8.113,6.139],[8.126,6.183],[8.085,6.205],[8.071,6.177],[8.04,6.169],[8.033,6.204]]]}},{"type":"Feature","properties":{"id":"59680162B1935816053049"},"geometry":{"type":"Polygon","coordinates":[[[6.708,7.484],[6.693,7.216],[6.729,7.229],[6.753,7.29],[6.79,7.278],[6.812,7.247],[6.949,7.192],[7.032,7.206],[7.048,7.264],[7.162,7.228],[7.214,7.235],[7.227,7.173],[7.262,7.166],[7.33,7.207],[7.355,7.298],[7.396,7.303],[7.368,7.36],[7.378,7.375],[7.31,7.353],[7.148,7.356],[7.133,7.376],[7.138,7.438],[7.104,7.481],[7.049,7.482],[7.014,7.413],[6.87,7.411],[6.846,7.415],[6.818,7.452],[6.785,7.444],[6.754,7.48],[6.708,7.484]]]}},{"type":"Feature","properties":{"id":"59680162B16701148271715"},"geometry":{"type":"Polygon","coordinates":[[[6.362,6.384],[6.391,6.31],[6.375,6.24],[6.517,6.304],[6.582,6.291],[6.566,6.328],[6.576,6.495],[6.523,6.488],[6.431,6.407],[6.362,6.384]]]}},{"type":"Feature","properties":{"id":"59680162B29589714384573"},"geometry":{"type":"Polygon","coordinates":[[[6.582,6.291],[6.517,6.304],[6.375,6.24],[6.39,6.195],[6.344,6.155],[6.319,6.019],[6.346,5.992],[6.361,5.989],[6.383,6.03],[6.412,5.987],[6.567,5.996],[6.573,6.076],[6.629,6.075],[6.647,6.098],[6.607,6.165],[6.634,6.236],[6.582,6.291]]]}},{"type":"Feature","properties":{"id":"59680162B24636018787341"},"geometry":{"type":"Polygon","coordinates":[[[7.241,6.971],[7.367,7.04],[7.367,7.089],[7.285,7.113],[7.307,7.183],[7.227,7.173],[7.223,7.225],[7.202,7.239],[7.162,7.228],[7.048,7.264],[7.032,7.206],[6.949,7.192],[6.812,7.247],[6.79,7.278],[6.753,7.29],[6.729,7.229],[6.693,7.216],[6.716,7.123],[6.754,7.14],[6.794,7.117],[6.785,7.039],[6.82,7.059],[6.836,7.017],[6.901,7.016],[6.905,6.977],[6.964,6.962],[6.961,6.841],[6.987,6.844],[6.991,6.785],[7.081,6.8],[7.156,6.883],[7.21,6.904],[7.241,6.971]]]}},{"type":"Feature","properties":{"id":"59680162B99910214526625"},"geometry":{"type":"Polygon","coordinates":[[[7.834,5.034],[7.857,5.026],[7.884,5.071],[7.92,5.082],[7.939,5.176],[7.98,5.207],[7.913,5.304],[7.842,5.336],[7.807,5.289],[7.844,5.247],[7.834,5.034]]]}},{"type":"Feature","properties":{"id":"59680162B95147302907135"},"geometry":{"type":"Polygon","coordinates":[[[7.651,5.176],[7.655,5.248],[7.722,5.277],[7.684,5.346],[7.538,5.307],[7.553,5.273],[7.532,5.173],[7.651,5.176]]]}},{"type":"Feature","properties":{"id":"59680162B3334363185534"},"geometry":{"type":"Polygon","coordinates":[[[4.292,8.055],[4.214,8.096],[4.194,8.083],[4.176,8.096],[4.131,8.041],[4.168,8.028],[4.12,8.001],[4.13,7.956],[4.08,7.934],[4.09,7.86],[4.147,7.85],[4.197,7.865],[4.191,7.91],[4.276,7.971],[4.328,7.935],[4.371,7.849],[4.397,7.897],[4.367,7.94],[4.337,7.946],[4.292,8.055]]]}},{"type":"Feature","properties":{"id":"59680162B537197556674"},"geometry":{"type":"Polygon","coordinates":[[[3.81,8.14],[3.803,8.024],[3.88,7.961],[3.924,7.967],[3.942,7.932],[3.903,7.888],[3.937,7.858],[4.079,7.954],[4.045,7.979],[4.046,8.04],[4.008,8.034],[4.034,8.093],[3.981,8.139],[3.989,8.189],[3.899,8.187],[3.853,8.223],[3.81,8.14]]]}},{"type":"Feature","properties":{"id":"59680162B1338580155275"},"geometry":{"type":"Polygon","coordinates":[[[4.176,8.096],[4.194,8.083],[4.214,8.096],[4.28,8.081],[4.242,8.13],[4.184,8.127],[4.176,8.096]]]}},{"type":"Feature","properties":{"id":"59680162B48615386953659"},"geometry":{"type":"Polygon","coordinates":[[[5.428,6.007],[5.491,6.211],[5.527,6.271],[5.526,6.339],[5.575,6.4],[5.644,6.416],[5.654,6.466],[5.77,6.566],[5.87,6.797],[5.797,6.812],[5.703,6.736],[5.667,6.728],[5.629,6.746],[5.577,6.704],[5.544,6.813],[5.57,6.869],[5.46,6.885],[5.423,6.773],[5.381,6.716],[5.433,6.589],[5.496,6.53],[5.435,6.399],[5.442,6.38],[5.407,6.377],[5.417,6.339],[5.468,6.317],[5.467,6.303],[5.375,6.261],[5.35,6.234],[5.368,6.2],[5.351,6.164],[5.282,6.139],[5.269,6.087],[5.291,6.065],[5.268,6.053],[5.249,5.984],[5.276,5.907],[5.359,5.97],[5.327,5.983],[5.327,6.018],[5.402,6.023],[5.428,6.007]]]}},{"type":"Feature","properties":{"id":"59680162B11241948791785"},"geometry":{"type":"Polygon","coordinates":[[[3.631,7.71],[3.589,7.682],[3.613,7.606],[3.695,7.651],[3.767,7.608],[3.889,7.676],[3.941,7.673],[3.943,7.638],[3.958,7.636],[4.002,7.637],[4.029,7.667],[4.076,7.653],[4.053,7.675],[4.074,7.682],[4.061,7.754],[4.09,7.871],[4.004,7.826],[3.972,7.834],[3.957,7.797],[3.935,7.802],[3.897,7.777],[3.867,7.857],[3.823,7.842],[3.747,7.86],[3.684,7.696],[3.631,7.71]]]}},{"type":"Feature","properties":{"id":"59680162B8886032648131"},"geometry":{"type":"Polygon","coordinates":[[[4.308,8.207],[4.204,8.206],[4.188,8.141],[4.21,8.12],[4.246,8.128],[4.292,8.055],[4.317,8.081],[4.327,8.146],[4.308,8.207]]]}},{"type":"Feature","properties":{"id":"59680162B85189896765318"},"geometry":{"type":"Polygon","coordinates":[[[6.725,5.096],[6.846,5.026],[6.846,4.953],[6.885,4.907],[6.906,4.903],[6.92,4.923],[6.963,4.91],[6.959,4.937],[7.02,4.932],[7.019,4.956],[7.053,4.992],[6.976,5.048],[6.973,5.089],[6.941,5.137],[6.944,5.229],[6.904,5.22],[6.817,5.259],[6.831,5.172],[6.799,5.131],[6.744,5.152],[6.725,5.096]]]}},{"type":"Feature","properties":{"id":"59680162B89342314449475"},"geometry":{"type":"Polygon","coordinates":[[[8.137,4.601],[8.154,4.667],[8.104,4.696],[8.092,4.672],[8.062,4.698],[8.005,4.645],[8.003,4.602],[8.024,4.591],[8.137,4.601]]]}},{"type":"Feature","properties":{"id":"59680162B6299894636493"},"geometry":{"type":"Polygon","coordinates":[[[6.958,4.775],[7.004,4.831],[7.061,4.807],[7.093,4.856],[7.106,4.851],[7.113,4.872],[7.082,4.922],[6.959,4.937],[6.963,4.91],[6.92,4.923],[6.899,4.904],[6.903,4.855],[6.932,4.82],[6.919,4.804],[6.958,4.775]]]}},{"type":"Feature","properties":{"id":"59680162B93423525469915"},"geometry":{"type":"Polygon","coordinates":[[[7.228,5.195],[7.045,5.249],[6.944,5.229],[6.941,5.137],[6.973,5.089],[6.976,5.048],[7.053,4.992],[7.019,4.956],[7.031,4.919],[7.082,4.922],[7.08,4.904],[7.146,4.896],[7.15,4.924],[7.184,4.95],[7.178,5.037],[7.228,5.195]]]}},{"type":"Feature","properties":{"id":"59680162B18672795330723"},"geometry":{"type":"Polygon","coordinates":[[[13.099,10.97],[13.089,10.842],[12.998,10.726],[12.991,10.672],[12.94,10.657],[12.9,10.703],[12.733,10.721],[12.666,10.782],[12.588,10.757],[12.547,10.811],[12.407,10.686],[12.445,10.648],[12.518,10.624],[12.603,10.484],[12.6,10.461],[12.633,10.438],[12.652,10.439],[12.735,10.576],[12.761,10.583],[12.959,10.548],[13.052,10.464],[13.197,10.409],[13.214,10.448],[13.228,10.443],[13.249,10.511],[13.233,10.589],[13.321,10.744],[13.336,10.867],[13.237,10.898],[13.209,10.861],[13.151,10.861],[13.161,10.959],[13.099,10.97]]]}},{"type":"Feature","properties":{"id":"59680162B7305913438202"},"geometry":{"type":"Polygon","coordinates":[[[5.337,13.227],[5.389,13.305],[5.429,13.31],[5.504,13.394],[5.559,13.494],[5.534,13.506],[5.525,13.565],[5.501,13.573],[5.487,13.489],[5.371,13.504],[5.328,13.485],[5.332,13.529],[5.364,13.536],[5.372,13.568],[5.336,13.6],[5.34,13.632],[5.284,13.585],[5.282,13.549],[5.3,13.536],[5.286,13.52],[5.184,13.52],[5.168,13.428],[5.119,13.425],[5.119,13.408],[5.154,13.399],[5.151,13.379],[5.121,13.381],[5.126,13.335],[5.071,13.333],[5.069,13.319],[5.135,13.25],[5.168,13.336],[5.224,13.346],[5.286,13.331],[5.289,13.265],[5.317,13.27],[5.296,13.216],[5.337,13.227]]]}},{"type":"Feature","properties":{"id":"59680162B39799007570945"},"geometry":{"type":"Polygon","coordinates":[[[10.052,12.432],[10.089,12.453],[10.068,12.5],[10.019,12.449],[10.052,12.432]]]}},{"type":"Feature","properties":{"id":"59680162B41078826165134"},"geometry":{"type":"Polygon","coordinates":[[[10.196,12.719],[10.152,12.64],[10.18,12.606],[10.177,12.576],[10.122,12.554],[10.103,12.581],[10.063,12.557],[10.057,12.497],[10.073,12.496],[10.089,12.453],[10.053,12.421],[10.24,12.434],[10.258,12.46],[10.339,12.441],[10.363,12.452],[10.336,12.476],[10.356,12.484],[10.341,12.515],[10.311,12.53],[10.326,12.607],[10.348,12.611],[10.353,12.642],[10.376,12.654],[10.358,12.664],[10.373,12.728],[10.351,12.774],[10.307,12.776],[10.247,12.73],[10.196,12.719]]]}},{"type":"Feature","properties":{"id":"59680162B88504568355174"},"geometry":{"type":"Polygon","coordinates":[[[13.192,11.321],[13.25,11.379],[13.347,11.382],[13.402,11.324],[13.506,11.316],[13.512,11.376],[13.542,11.415],[13.594,11.435],[13.573,11.522],[13.605,11.532],[13.647,11.502],[13.679,11.523],[13.663,11.616],[13.585,11.651],[13.554,11.771],[13.505,11.797],[13.336,11.726],[13.311,11.748],[13.313,11.785],[13.247,11.811],[13.218,11.769],[13.302,11.711],[13.278,11.695],[13.193,11.747],[13.166,11.742],[13.173,11.773],[13.123,11.725],[13.092,11.74],[13.08,11.715],[13.017,11.743],[13.049,11.77],[13.039,11.804],[13.107,11.854],[13.077,11.895],[13.091,11.914],[13.085,12.033],[12.997,12.068],[12.953,12.003],[12.984,11.97],[12.979,11.936],[12.955,11.905],[12.908,11.892],[12.781,11.94],[12.752,12.002],[12.684,11.998],[12.696,11.959],[12.672,11.949],[12.656,11.965],[12.656,11.942],[12.62,11.914],[12.621,11.873],[12.703,11.807],[12.745,11.652],[12.735,11.508],[12.845,11.332],[12.904,11.275],[13.1,11.34],[13.192,11.321]]]}},{"type":"Feature","properties":{"id":"59680162B64727590098747"},"geometry":{"type":"Polygon","coordinates":[[[13.102,11.807],[13.075,11.842],[13.071,11.817],[13.039,11.804],[13.049,11.77],[13.017,11.743],[13.08,11.715],[13.092,11.74],[13.123,11.725],[13.173,11.773],[13.166,11.742],[13.193,11.747],[13.278,11.695],[13.302,11.711],[13.218,11.769],[13.247,11.811],[13.191,11.828],[13.215,11.856],[13.286,11.861],[13.292,11.916],[13.26,12.034],[13.247,12.038],[13.237,11.999],[13.196,12.083],[13.225,12.128],[13.155,12.189],[13.11,12.177],[13.06,12.091],[13.085,12.033],[13.086,11.924],[13.113,11.885],[13.154,11.899],[13.184,11.807],[13.127,11.793],[13.104,11.754],[13.076,11.787],[13.102,11.807]]]}},{"type":"Feature","properties":{"id":"59680162B38204256572023"},"geometry":{"type":"Polygon","coordinates":[[[3.422,6.468],[3.4,6.41],[3.377,6.398],[3.43,6.424],[3.628,6.422],[3.673,6.482],[3.619,6.489],[3.627,6.505],[3.601,6.517],[3.573,6.512],[3.58,6.496],[3.552,6.467],[3.513,6.469],[3.492,6.447],[3.483,6.47],[3.422,6.468]]]}},{"type":"Feature","properties":{"id":"59680162B6009908161486"},"geometry":{"type":"Polygon","coordinates":[[[3.367,6.558],[3.405,6.533],[3.398,6.567],[3.419,6.578],[3.405,6.595],[3.43,6.595],[3.452,6.623],[3.431,6.641],[3.373,6.641],[3.359,6.611],[3.383,6.593],[3.367,6.558]]]}},{"type":"Feature","properties":{"id":"59680162B6783963116345"},"geometry":{"type":"Polygon","coordinates":[[[3.937,7.423],[3.906,7.465],[3.865,7.425],[3.899,7.379],[3.937,7.423]]]}},{"type":"Feature","properties":{"id":"59680162B96934818178887"},"geometry":{"type":"Polygon","coordinates":[[[4.063,7.651],[4.029,7.667],[4.002,7.637],[3.943,7.638],[3.941,7.673],[3.889,7.676],[3.767,7.608],[3.794,7.557],[3.887,7.492],[3.886,7.454],[3.906,7.465],[3.937,7.423],[3.948,7.497],[3.981,7.492],[3.966,7.52],[3.999,7.514],[4.015,7.531],[3.977,7.561],[3.986,7.595],[4.063,7.651]]]}},{"type":"Feature","properties":{"id":"59680162B23843497952419"},"geometry":{"type":"Polygon","coordinates":[[[3.546,7.441],[3.707,7.447],[3.693,7.388],[3.72,7.387],[3.714,7.305],[3.736,7.301],[3.802,7.339],[3.838,7.33],[3.839,7.377],[3.854,7.384],[3.816,7.436],[3.865,7.425],[3.891,7.481],[3.794,7.557],[3.767,7.608],[3.695,7.651],[3.609,7.6],[3.578,7.499],[3.548,7.479],[3.546,7.441]]]}},{"type":"Feature","properties":{"id":"59680162B17793632216798"},"geometry":{"type":"Polygon","coordinates":[[[3.865,7.425],[3.816,7.436],[3.854,7.384],[3.899,7.379],[3.865,7.425]]]}},{"type":"Feature","properties":{"id":"59680162B83508950999506"},"geometry":{"type":"Polygon","coordinates":[[[3.871,7.34],[3.896,7.374],[3.877,7.389],[3.839,7.377],[3.842,7.35],[3.871,7.34]]]}},{"type":"Feature","properties":{"id":"59680162B26854390786792"},"geometry":{"type":"Polygon","coordinates":[[[3.926,7.364],[3.892,7.377],[3.868,7.332],[3.918,7.346],[3.926,7.364]]]}},{"type":"Feature","properties":{"id":"59680162B79825109156569"},"geometry":{"type":"Polygon","coordinates":[[[3.332,7.156],[3.356,7.12],[3.372,7.144],[3.405,7.147],[3.412,7.171],[3.392,7.172],[3.371,7.195],[3.384,7.21],[3.354,7.234],[3.317,7.221],[3.314,7.187],[3.333,7.184],[3.342,7.209],[3.364,7.196],[3.342,7.167],[3.358,7.149],[3.332,7.156]]]}},{"type":"Feature","properties":{"id":"59680162B54313559089261"},"geometry":{"type":"Polygon","coordinates":[[[3.2,6.532],[3.244,6.472],[3.29,6.492],[3.286,6.568],[3.306,6.568],[3.316,6.605],[3.298,6.623],[3.306,6.648],[3.257,6.693],[3.238,6.62],[3.193,6.578],[3.2,6.532]]]}},{"type":"Feature","properties":{"id":"59680162B46296414727789"},"geometry":{"type":"Polygon","coordinates":[[[3.257,6.693],[3.323,6.627],[3.337,6.627],[3.345,6.673],[3.257,6.693]]]}},{"type":"Feature","properties":{"id":"59680162B53104406185271"},"geometry":{"type":"Polygon","coordinates":[[[3.443,6.686],[3.452,6.641],[3.431,6.641],[3.462,6.591],[3.488,6.601],[3.466,6.544],[3.49,6.516],[3.555,6.519],[3.585,6.548],[3.633,6.54],[3.701,6.598],[3.684,6.64],[3.699,6.684],[3.459,6.674],[3.443,6.686]]]}},{"type":"Feature","properties":{"id":"59680162B2266540401620"},"geometry":{"type":"Polygon","coordinates":[[[3.058,6.83],[3.108,6.728],[3.123,6.749],[3.219,6.751],[3.246,6.774],[3.282,6.73],[3.285,6.687],[3.345,6.673],[3.378,6.639],[3.452,6.641],[3.443,6.674],[3.379,6.703],[3.359,6.757],[3.372,6.826],[3.344,6.839],[3.304,6.905],[3.26,6.889],[3.246,6.844],[3.15,6.836],[3.115,6.856],[3.058,6.83]]]}},{"type":"Feature","properties":{"id":"59680162B78935719106444"},"geometry":{"type":"Polygon","coordinates":[[[3.352,6.556],[3.383,6.593],[3.359,6.611],[3.373,6.641],[3.353,6.658],[3.333,6.602],[3.309,6.588],[3.338,6.59],[3.352,6.556]]]}},{"type":"Feature","properties":{"id":"59680162B67809263123643"},"geometry":{"type":"Polygon","coordinates":[[[3.127,7.062],[3.111,7.029],[3.092,7.036],[3.045,7.011],[3.056,6.93],[3.095,6.896],[3.055,6.856],[3.058,6.83],[3.115,6.856],[3.15,6.836],[3.246,6.844],[3.26,6.889],[3.304,6.905],[3.314,6.95],[3.304,7.002],[3.271,7.018],[3.289,7.042],[3.343,7.035],[3.339,7.06],[3.312,7.083],[3.306,7.117],[3.24,7.066],[3.211,7.07],[3.193,7.044],[3.163,7.065],[3.127,7.062]]]}},{"type":"Feature","properties":{"id":"59680162B67711641000031"},"geometry":{"type":"Polygon","coordinates":[[[3.103,6.5],[3.106,6.411],[3.048,6.414],[3.021,6.397],[3.202,6.402],[3.201,6.435],[3.238,6.458],[3.241,6.485],[3.2,6.532],[3.103,6.5]]]}},{"type":"Feature","properties":{"id":"59680162B33139344805421"},"geometry":{"type":"Polygon","coordinates":[[[2.892,6.511],[2.858,6.449],[2.699,6.459],[2.7,6.375],[3.106,6.411],[3.103,6.5],[2.892,6.511]]]}},{"type":"Feature","properties":{"id":"59680162B74248263036628"},"geometry":{"type":"Polygon","coordinates":[[[3.306,7.117],[3.346,7.044],[3.289,7.042],[3.271,7.018],[3.308,6.989],[3.314,6.95],[3.295,6.915],[3.344,6.839],[3.372,6.826],[3.359,6.757],[3.379,6.703],[3.433,6.674],[3.464,6.827],[3.522,6.85],[3.554,6.91],[3.582,6.899],[3.597,6.96],[3.646,6.99],[3.696,7.063],[3.722,7.062],[3.727,7.097],[3.794,7.139],[3.762,7.243],[3.712,7.226],[3.663,7.175],[3.629,7.198],[3.558,7.181],[3.483,7.193],[3.397,7.141],[3.372,7.144],[3.356,7.12],[3.325,7.136],[3.306,7.117]]]}},{"type":"Feature","properties":{"id":"59680162B19485775159758"},"geometry":{"type":"Polygon","coordinates":[[[2.827,6.816],[2.792,6.861],[2.74,6.858],[2.724,6.782],[2.787,6.75],[2.78,6.695],[2.728,6.624],[2.743,6.563],[2.702,6.512],[2.705,6.46],[2.794,6.462],[2.831,6.445],[2.889,6.481],[2.887,6.567],[2.826,6.644],[2.838,6.678],[2.873,6.684],[2.866,6.723],[2.884,6.741],[2.851,6.778],[2.807,6.774],[2.827,6.816]]]}},{"type":"Feature","properties":{"id":"59680162B2835516393243"},"geometry":{"type":"Polygon","coordinates":[[[7.769,7.302],[7.825,7.28],[7.843,7.159],[7.935,7.15],[7.935,7.113],[7.953,7.105],[8.075,7.154],[8.069,7.197],[8.105,7.225],[8.06,7.263],[8.037,7.316],[8.045,7.348],[8.014,7.33],[7.905,7.357],[7.868,7.35],[7.855,7.377],[7.867,7.396],[7.851,7.404],[7.792,7.41],[7.803,7.364],[7.769,7.302]]]}},{"type":"Feature","properties":{"id":"59680162B83241100924072"},"geometry":{"type":"Polygon","coordinates":[[[4.533,8.524],[4.444,8.49],[4.453,8.43],[4.475,8.409],[4.575,8.408],[4.598,8.427],[4.533,8.524]]]}},{"type":"Feature","properties":{"id":"59680162B59525703418999"},"geometry":{"type":"Polygon","coordinates":[[[4.583,8.235],[4.662,8.359],[4.618,8.381],[4.598,8.427],[4.575,8.408],[4.492,8.403],[4.453,8.43],[4.44,8.482],[4.47,8.503],[4.479,8.565],[4.428,8.583],[4.395,8.656],[4.342,8.69],[4.341,8.718],[4.301,8.747],[4.258,8.734],[4.235,8.805],[4.195,8.816],[4.209,8.681],[4.392,8.304],[4.48,8.211],[4.495,8.117],[4.527,8.076],[4.595,8.171],[4.583,8.235]]]}}]}