lga_id,lga,state,zone,lat,lon,pop_6_11,urban,tasso_fuori_scuola,divario_genere_pp,oos_pred_2026,oos_pred_strutturale,risk_score,fascia,bambini_a_rischio,poverta_minorile,alfab_femminile,distanza_scuola_km,rapporto_alunni_ins,servizi_igienici_f,accesso_stradale,lavoro_minorile,eventi_conflitto,shock_climatico,scuola_coranica,acqua_potabile,spesa_edu_procapite
59680162B10012275275709,Gezawa,Kano,North West,12.062,8.731,49805,0,46.323,-2.07,49.134,48.247,81.9,Alto,24471,81.453,36.257,5.81,58.328,40.445,22.447,25.829,0,66.342,40.067,50.898,23.062
59680162B10083289652159,Kafur,Katsina,North West,11.624,7.688,62069,0,40.746,3.38,44.626,44.345,74.4,Alto,27699,72.445,49.637,3.663,71.963,35.111,26.441,28.098,1,58.873,30.533,36.548,29.749
59680162B1032840889978,Bokkos,Plateau,North Central,9.237,8.889,45035,0,33.258,1.17,26.856,28.381,44.8,Medio,12095,57.716,74.167,3.094,20.7,30.701,57.798,31.57,1,65.362,23.659,77.609,31.545
59680162B10585943230735,Gulani,Yobe,North East,10.918,11.642,73128,0,45.69,1.75,42.827,42.629,71.4,Alto,31319,89.098,52.178,3.393,47.563,52.383,26.534,32.61,3,76.628,12.399,43.567,11.029
59680162B10627743467335,Bursari,Yobe,North East,12.685,11.488,13733,1,46.172,0.35,40.843,40.929,68.1,Alto,5609,71.491,55.661,2.735,59.342,28.609,61.318,23.213,10,84.003,27.673,72.705,28.913
59680162B10831398447622,Wamakko,Sokoto,North West,13.097,5.106,60382,0,44.341,0.13,45.581,48.923,76.0,Alto,27523,87.942,40.661,3.886,58.468,31.204,30.83,22.372,1,86.235,43.24,52.397,19.407
59680162B10854216301983,Ndokwa East,Delta,South South,5.661,6.497,54056,1,20.359,-3.0,9.701,9.553,16.2,Basso,5244,59.151,98.785,2.259,46.671,83.605,70.231,0.5,0,68.987,0.0,89.194,41.507
59680162B11018926765325,Oluyole,Oyo,South West,7.219,3.88,77509,1,0.91,-1.78,9.438,9.588,15.7,Basso,7315,63.824,86.803,0.716,36.636,91.34,99.0,14.604,0,22.649,7.281,92.721,47.349
59680162B11133908611483,Nwangele,Imo,South East,5.701,7.126,48064,0,11.419,-0.42,13.577,13.628,22.6,Basso,6525,67.118,99.0,1.587,33.866,66.011,64.108,4.741,0,32.583,0.0,63.55,38.771
59680162B11164722545286,Mubi South,Adamawa,North East,10.179,13.321,65393,1,32.942,3.75,33.578,33.543,56.0,Medio,21958,84.576,56.225,4.318,64.12,63.956,74.261,14.166,3,73.56,14.564,64.46,16.216
59680162B11241948791785,Afijio,Oyo,South West,7.743,3.886,23529,0,16.877,0.94,15.096,14.305,25.2,Basso,3552,62.169,93.225,0.2,40.093,54.251,99.0,13.46,0,48.78,12.64,93.163,17.479
59680162B11400589438827,Awgu,Enugu,South East,6.153,7.453,56553,0,10.01,-0.79,12.653,12.274,21.1,Basso,7156,60.053,90.667,1.741,26.213,85.019,67.807,0.5,1,26.41,3.557,69.935,17.455
59680162B11436342937739,Biase,Cross River,South South,5.54,8.094,27272,0,22.407,-1.99,22.804,23.526,38.0,Basso,6219,73.831,74.471,3.076,41.227,64.899,69.917,18.946,1,52.512,11.818,91.585,23.452
59680162B11671066128606,Bogoro,Bauchi,North East,9.639,9.622,31852,0,51.37,3.69,48.15,45.399,80.2,Alto,15337,77.594,35.596,5.235,36.708,41.628,55.733,24.978,5,44.951,35.048,35.469,31.578
59680162B11863934245151,Ankpa,Kogi,North Central,7.504,7.603,40957,0,35.816,-0.97,30.128,31.459,50.2,Medio,12339,84.379,75.004,3.513,37.096,34.395,53.783,11.873,0,63.004,28.608,75.182,29.894
59680162B11957186029310,Pankshin,Plateau,North Central,9.312,9.393,18594,0,35.263,4.34,28.75,28.271,47.9,Medio,5346,73.551,63.65,2.895,34.297,41.686,51.589,19.639,2,74.358,6.991,87.743,34.652
59680162B12426298681132,Tsafe,Zamfara,North West,11.823,6.904,104703,0,51.956,2.89,47.648,50.218,79.4,Alto,49888,91.399,33.832,4.292,67.652,25.651,36.068,22.238,0,74.984,37.894,46.328,19.71
59680162B12574760496394,Ikara,Kaduna,North West,11.312,8.161,52512,1,39.479,-1.96,40.296,41.126,67.2,Medio,21160,80.911,43.398,4.053,58.981,33.247,58.993,27.718,2,71.135,26.93,68.772,22.701
59680162B12689851933854,Owan West,Edo,South South,6.934,5.89,42504,0,18.474,-0.32,19.981,18.884,33.3,Basso,8493,67.319,72.602,0.2,38.81,55.572,70.368,17.612,0,53.85,1.316,92.971,29.356
59680162B12953009585437,Babura,Jigawa,North West,12.605,8.827,17570,0,60.965,1.83,49.934,51.717,83.2,Alto,8773,84.723,23.7,5.88,56.849,24.889,54.256,31.864,2,67.4,44.278,61.537,20.958
59680162B13073760931893,Gombi,Adamawa,North East,10.203,12.497,15435,0,48.017,1.57,48.355,47.969,80.6,Alto,7464,79.261,25.69,3.802,47.056,33.901,25.204,19.568,3,78.072,25.857,32.816,22.54
59680162B13157392837231,Karim Lamido,Taraba,North East,9.153,10.862,46499,0,59.872,0.46,49.184,55.668,82.0,Alto,22870,84.873,31.522,5.208,64.646,10.542,49.29,30.555,7,92.281,34.363,41.273,13.253
59680162B1338580155275,Ogbomosho South,Oyo,South West,8.106,4.225,47112,0,20.689,-1.44,17.39,17.709,29.0,Basso,8193,64.181,75.422,2.048,27.576,70.97,90.94,13.141,1,42.853,17.082,94.08,30.099
59680162B13393519160177,Jahun,Jigawa,North West,12.064,9.558,52371,0,48.591,1.89,47.021,47.196,78.4,Alto,24625,92.117,38.355,4.637,67.032,35.645,54.715,30.444,4,50.771,24.67,47.197,36.803
59680162B13498430232382,Jega,Kebbi,North West,12.104,4.466,38309,0,58.814,3.3,50.878,52.095,84.8,Alto,19491,85.975,47.341,4.523,62.15,32.801,42.284,27.038,4,57.769,55.484,37.601,13.526
59680162B13650355505793,Tarka,Benue,North Central,7.588,8.862,13946,0,32.668,-0.08,30.79,29.968,51.3,Medio,4294,71.071,57.013,0.749,35.197,61.789,71.366,31.918,1,68.253,18.208,62.663,26.96
59680162B13670821264537,Karu,Nasarawa,North Central,8.98,7.736,30128,0,27.602,1.03,30.574,28.025,51.0,Medio,9211,63.231,66.663,3.899,44.383,38.362,67.358,14.4,0,53.982,23.367,80.096,17.108
59680162B14133510851755,Saki West,Oyo,South West,8.65,3.228,27330,0,10.7,-0.73,16.24,14.395,27.1,Basso,4438,57.558,87.253,0.939,34.742,64.149,66.159,16.093,1,50.762,1.942,92.547,47.194
59680162B14261849329471,Lapai,Niger,North Central,8.74,6.657,33327,1,15.283,-0.87,18.952,17.086,31.6,Basso,6316,58.926,77.476,1.921,34.497,64.494,86.219,6.495,2,58.797,13.746,85.421,31.831
59680162B14302921886514,Umuahia North,Abia,South East,5.59,7.494,80567,1,0.8,-1.36,6.159,2.361,10.3,Basso,4962,51.682,99.0,0.2,29.839,95.048,99.0,6.931,0,34.644,1.099,99.0,43.206
59680162B14319741144045,Miga,Jigawa,North West,12.233,9.697,210402,0,49.878,2.04,48.018,46.537,80.0,Alto,101030,93.955,59.04,2.523,38.758,33.91,34.743,31.906,1,58.492,47.891,43.219,25.334
59680162B14374608149112,Enugu South,Enugu,South East,6.409,7.516,64757,0,18.004,-0.46,14.508,15.04,24.2,Basso,9395,62.114,83.9,1.069,25.135,78.358,69.24,12.724,2,43.764,0.0,74.416,37.143
59680162B14396821090751,Esan Central,Edo,South South,6.706,6.208,8751,0,14.533,-1.32,19.131,20.328,31.9,Basso,1674,67.94,80.764,1.686,26.006,82.179,47.981,12.082,0,68.314,0.327,45.715,18.001
59680162B14415495238729,Ukum,Benue,North Central,7.584,9.659,79961,1,27.388,-0.25,24.754,28.595,41.3,Medio,19794,65.651,71.824,3.165,54.51,59.596,60.42,31.269,0,42.098,18.544,61.181,21.878
59680162B1443452948914,Wase,Plateau,North Central,9.037,10.257,18070,1,23.633,3.76,20.297,24.726,33.8,Basso,3668,66.269,55.395,2.585,43.227,48.093,79.302,17.909,1,54.659,0.166,68.83,24.308
59680162B14530293305891,Ihitte/Uboma,Imo,South East,5.646,7.384,39000,0,11.307,-1.7,11.188,12.181,18.6,Basso,4363,58.989,87.406,1.35,39.937,69.973,78.205,8.793,0,60.051,0.0,97.011,36.572
59680162B14541309037731,Wudil,Kano,North West,11.763,8.835,37479,0,40.089,1.77,43.923,42.974,73.2,Alto,16462,88.601,63.091,4.349,62.861,40.342,49.196,29.395,2,69.229,38.676,62.118,28.681
59680162B1470225488806,Fune,Yobe,North East,11.888,11.428,30938,1,34.776,0.78,34.792,33.419,58.0,Medio,10764,73.684,64.319,1.097,76.702,58.293,77.08,13.69,8,80.229,19.071,59.184,30.916
59680162B1513568068009,Surulere,Lagos,South West,6.49,3.344,82061,0,18.359,-2.84,14.502,13.863,24.2,Basso,11901,64.443,95.274,1.315,59.707,81.449,65.814,10.203,1,42.938,0.0,87.945,45.763
59680162B15165581574851,Toro,Bauchi,North East,10.35,9.312,15705,0,42.414,0.14,44.603,45.327,74.3,Alto,7005,81.351,47.083,5.243,70.246,50.54,36.469,30.963,3,64.987,24.423,42.513,22.323
59680162B15311652495769,Kaga,Borno,North East,11.599,12.532,58170,0,51.42,2.33,50.071,50.065,83.5,Alto,29126,92.056,41.839,2.921,46.357,18.484,28.822,35.888,4,75.85,25.355,43.751,18.32
59680162B15317000449503,Ifelodun,Kwara,North Central,8.626,5.182,25067,0,18.59,-0.43,26.15,27.256,43.6,Medio,6555,74.178,62.723,2.648,38.81,54.619,71.141,12.087,3,52.182,4.761,56.115,26.951
59680162B15406999540209,Ibeno,Akwa Ibom,South South,4.562,8.095,37538,0,15.7,-3.0,21.943,20.444,36.6,Basso,8237,80.763,90.134,1.891,40.476,94.522,41.819,14.1,0,62.421,3.95,62.726,35.09
59680162B15532351721986,Oji-River,Enugu,South East,6.159,7.31,19735,1,7.239,-0.83,6.934,5.094,11.6,Basso,1368,54.079,99.0,0.359,46.245,89.822,73.079,0.5,0,44.073,0.0,99.0,48.008
59680162B15951041920960,Ijumu,Kogi,North Central,7.848,5.899,23704,0,24.853,-0.75,27.276,23.597,45.5,Medio,6465,77.236,79.258,2.046,38.365,44.791,70.554,17.697,1,51.859,5.269,80.516,20.958
59680162B15998169506024,Uhunmwonde,Edo,South South,6.502,5.89,11294,0,15.494,1.37,18.305,19.605,30.5,Basso,2067,67.313,73.515,0.641,49.278,70.651,70.88,15.414,1,55.402,5.355,87.997,34.156
59680162B16294292751838,Khana,Rivers,South South,4.699,7.439,91885,0,22.275,-3.0,17.78,20.078,29.6,Basso,16337,67.511,79.56,2.224,42.997,81.727,76.373,17.227,2,76.953,0.0,70.627,28.205
59680162B1638752109374,Yunusari,Yobe,North East,13.116,11.769,45878,1,38.036,0.72,36.24,34.078,60.4,Medio,16626,69.625,65.585,2.535,62.328,48.303,55.336,22.148,6,78.603,19.378,74.738,19.856
59680162B16574916896740,Kaduna South,Kaduna,North West,10.498,7.402,3839,1,40.184,1.17,37.598,37.383,62.7,Medio,1443,82.271,39.418,2.615,73.13,42.911,90.141,22.942,1,76.212,18.424,55.312,22.388
59680162B16609728895319,Irepodun/Ifelodun,Ekiti,South West,7.712,5.276,79806,0,11.684,-0.51,11.795,14.095,19.7,Basso,9413,68.65,99.0,2.439,36.149,74.849,76.373,17.163,3,30.633,0.0,99.0,31.381
59680162B16701148271715,Aniocha North,Delta,South South,6.364,6.471,42701,1,15.31,-1.75,12.799,14.927,21.3,Basso,5465,57.476,79.171,2.165,51.342,74.527,99.0,8.995,1,67.547,0.0,74.407,22.248
59680162B16893313163973,Oguta,Imo,South East,5.673,6.779,55323,1,16.443,-0.13,7.37,9.954,12.3,Basso,4077,62.303,99.0,2.873,39.872,66.561,91.593,11.187,1,26.009,0.0,99.0,36.382
59680162B16963737840115,Orumba South,Anambra,South East,6.001,7.231,17722,1,0.8,-2.0,5.201,3.682,8.7,Basso,922,55.522,99.0,0.2,20.7,80.877,99.0,0.5,0,43.81,0.0,92.593,19.435
59680162B173222965225,Asari-Toru,Rivers,South South,4.749,6.841,11408,0,17.79,-0.86,19.824,20.637,33.0,Basso,2261,76.228,78.775,2.246,34.194,55.104,67.879,2.77,1,67.715,0.0,73.618,17.656
59680162B17489209533224,Jada,Adamawa,North East,8.718,12.416,39743,0,45.873,1.17,41.78,39.06,69.6,Alto,16605,90.897,52.079,5.121,38.111,39.597,44.618,24.604,1,52.721,15.2,57.476,15.683
59680162B17520648889441,Orhionmwon,Edo,South South,6.088,5.948,34977,0,19.496,0.94,18.137,19.384,30.2,Basso,6344,70.526,84.523,1.711,32.843,78.088,89.314,22.279,1,61.749,9.676,74.667,17.955
59680162B17555212909244,Ido-Osi,Ekiti,South West,7.855,5.172,62272,1,0.8,-2.45,3.964,4.069,6.6,Basso,2469,48.981,99.0,0.2,50.279,96.88,97.015,3.396,1,37.124,0.0,95.959,24.556
59680162B17719625697929,Surulere,Oyo,South West,8.095,4.411,26089,0,6.827,-0.56,14.848,11.472,24.7,Basso,3874,56.223,81.69,1.423,28.636,78.26,84.918,6.317,0,34.317,9.887,95.941,35.119
59680162B17778966736574,Ijebu East,Ogun,South West,6.811,4.22,43060,1,13.877,-1.94,5.745,8.478,9.6,Basso,2474,54.414,91.291,1.054,50.418,99.0,87.848,13.1,0,39.019,3.398,86.304,52.45
59680162B17793632216798,Ibadan North West,Oyo,South West,7.409,3.864,57959,1,1.976,-0.51,6.483,8.988,10.8,Basso,3758,63.442,78.575,0.805,26.18,78.81,99.0,1.236,0,36.561,0.0,92.432,27.274
59680162B17891920174093,Nsit Ibom,Akwa Ibom,South South,4.904,7.884,48544,0,21.521,2.06,19.637,24.74,32.7,Basso,9532,73.662,69.483,1.715,42.962,75.811,51.134,20.636,0,52.685,8.726,64.869,43.119
59680162B18196869714953,Anambra East,Anambra,South East,6.471,6.867,46103,1,2.385,-1.78,7.81,7.253,13.0,Basso,3601,60.83,99.0,2.651,25.819,86.487,92.197,8.687,0,42.562,0.0,90.881,32.495
59680162B18488232241930,Awka North,Anambra,South East,6.332,7.064,146899,1,0.8,-0.87,3.808,6.653,6.3,Basso,5594,56.084,91.703,0.328,39.905,87.98,99.0,7.477,0,51.628,0.0,99.0,30.293
59680162B18578493945657,Ezza South,Ebonyi,South East,6.113,7.986,31361,1,14.425,-2.2,9.011,11.798,15.0,Basso,2826,63.927,78.057,0.2,44.812,86.194,72.942,0.5,0,44.47,4.24,95.371,34.154
59680162B18672795330723,Askira Uba,Borno,North East,10.69,12.665,59481,0,45.011,3.6,47.934,43.78,79.9,Alto,28511,84.495,43.43,3.004,46.347,20.589,42.76,29.349,1,64.363,27.519,54.265,24.856
59680162B18924931802221,Oshodi/Isolo,Lagos,South West,6.537,3.312,35751,1,7.499,-3.0,4.583,5.713,7.6,Basso,1638,54.79,91.783,0.2,33.867,99.0,96.028,16.631,0,41.927,0.0,99.0,38.904
59680162B18977545928744,Udi,Enugu,South East,6.446,7.384,41229,1,0.8,-1.79,2.117,2.069,3.5,Basso,873,51.398,99.0,0.2,30.518,95.854,99.0,0.716,1,55.025,0.0,97.12,53.707
59680162B18982121994254,Wukari,Taraba,North East,7.952,9.721,81953,0,43.552,1.65,46.451,44.686,77.4,Alto,38068,84.343,37.866,5.03,40.78,24.431,57.359,16.411,4,72.13,28.927,55.613,13.356
59680162B1898458611197,Makoda,Kano,North West,12.428,8.43,51017,0,59.616,2.74,49.75,48.847,82.9,Alto,25381,89.085,30.876,6.326,55.101,32.599,37.746,26.273,2,59.373,31.176,57.152,24.38
59680162B18997887117478,Okobo,Akwa Ibom,South South,4.819,8.15,18472,1,16.034,-0.77,11.942,13.106,19.9,Basso,2206,63.021,99.0,0.2,40.902,49.577,96.425,19.34,1,58.508,0.0,85.693,26.073
59680162B19163785016026,Garun Malam,Kano,North West,11.658,8.401,47566,0,50.231,-0.1,49.925,46.742,83.2,Alto,23747,83.432,37.27,3.095,76.097,48.215,63.065,35.97,1,56.259,40.314,48.992,15.59
59680162B19335323694639,Yakurr,Cross River,South South,5.822,8.174,46216,0,24.634,-1.18,16.945,21.131,28.2,Basso,7831,74.937,70.385,2.536,33.488,57.917,72.13,17.589,1,32.556,0.0,93.307,17.636
59680162B1935816053049,Ofu,Kogi,North Central,7.324,7.041,62057,0,32.801,-0.99,28.248,27.652,47.1,Medio,17530,62.848,61.818,5.021,45.994,37.736,54.08,12.444,1,49.24,7.562,80.156,25.576
59680162B19433829654146,Mashi,Katsina,North West,13.134,8.014,34912,1,43.451,2.04,39.654,39.099,66.1,Medio,13844,67.701,33.202,4.958,60.523,54.655,77.179,27.864,2,57.139,32.538,67.863,15.458
59680162B19467626863877,Ikenne,Ogun,South West,6.887,3.688,50574,1,3.194,0.37,9.561,5.224,15.9,Basso,4836,54.194,81.57,0.2,22.151,97.608,99.0,4.308,0,45.163,0.0,91.914,39.402
59680162B19484855656708,Baure,Katsina,North West,12.799,8.783,29426,0,46.815,2.99,52.972,50.401,88.3,Alto,15588,95.37,34.147,4.927,60.623,42.717,9.5,23.718,0,81.632,30.447,42.959,18.637
59680162B19485775159758,Ipokia,Ogun,South West,6.658,2.79,33530,0,18.708,-2.17,12.702,13.867,21.2,Basso,4259,60.202,82.252,2.396,43.643,99.0,68.878,12.628,0,38.9,10.372,99.0,41.485
59680162B19523503473687,Auyo,Jigawa,North West,12.332,9.922,22555,0,55.136,3.64,48.802,48.977,81.3,Alto,11007,83.319,42.652,4.014,63.932,34.028,34.876,40.804,0,66.929,44.976,59.781,19.328
59680162B19536521240899,Gaya,Kano,North West,11.82,9.022,47839,0,57.056,1.85,51.303,51.838,85.5,Alto,24543,90.722,43.65,4.758,68.093,31.892,39.361,37.375,1,71.163,42.066,41.092,15.227
59680162B19549725656045,Ebonyi,Ebonyi,South East,6.541,8.127,37513,0,13.948,-1.96,11.107,12.511,18.5,Basso,4167,59.448,91.351,0.721,29.972,55.695,95.793,12.921,2,30.691,0.0,84.701,26.56
59680162B19874744513454,Kunchi,Kano,North West,12.468,8.259,108407,0,55.986,1.91,50.187,48.631,83.6,Alto,54406,94.649,41.086,5.503,58.099,20.606,13.291,20.338,0,63.448,29.17,52.544,29.657
59680162B20002653395444,Gumel,Jigawa,North West,12.626,9.406,89821,0,50.509,0.88,50.854,52.565,84.8,Alto,45677,87.13,31.344,4.947,71.316,32.843,44.901,33.207,2,66.706,47.221,59.939,16.492
59680162B20020413332718,Mafa,Borno,North East,11.953,13.565,58833,1,50.53,0.64,41.616,45.314,69.4,Alto,24484,87.998,48.275,3.791,47.021,29.936,39.931,24.239,6,76.81,29.221,61.558,15.217
59680162B20086286793745,Kiru,Kano,North West,11.559,8.096,48355,0,53.942,-0.21,49.255,45.941,82.1,Alto,23817,86.464,35.416,5.37,64.176,47.511,60.174,24.672,2,70.828,40.488,66.867,26.016
59680162B2017456399117,Obowo,Imo,South East,5.555,7.362,66837,1,7.088,-0.39,8.473,8.629,14.1,Basso,5663,68.23,90.447,0.2,39.666,82.426,98.093,6.699,1,32.876,0.0,99.0,37.969
59680162B20254719160886,Sabuwa,Katsina,North West,11.343,7.075,9541,1,54.708,0.76,41.13,39.891,68.5,Alto,3924,75.105,42.485,2.534,71.566,33.179,37.279,28.028,0,66.935,26.234,76.7,22.666
59680162B20372712773645,Oturkpo,Benue,North Central,7.292,8.128,49294,0,26.548,-1.31,27.552,28.539,45.9,Medio,13581,71.793,47.135,2.931,42.039,61.245,56.713,16.708,2,44.962,4.294,84.271,14.497
59680162B20429116941940,Atakunmosa West,Osun,South West,7.601,4.617,89955,0,18.487,-1.7,11.202,17.373,18.7,Basso,10077,60.247,88.493,2.906,36.828,54.288,66.368,7.947,1,34.772,1.89,71.768,25.411
59680162B20432910054227,Goronyo,Sokoto,North West,13.346,5.757,10658,0,44.504,-0.23,47.148,48.332,78.6,Alto,5025,80.489,27.575,3.021,32.874,31.873,47.614,38.364,1,72.181,35.603,30.569,21.49
59680162B20780696540875,Maiduguri,Borno,North East,11.832,13.135,54616,0,43.246,1.38,45.381,46.014,75.6,Alto,24785,90.915,46.288,4.338,75.177,47.934,68.778,22.024,6,78.75,27.475,46.599,18.319
59680162B21010588258079,Tambuwal,Sokoto,North West,12.394,4.944,48208,0,59.759,0.17,48.612,51.848,81.0,Alto,23435,85.115,45.404,6.203,75.529,39.758,28.046,31.281,3,74.328,45.21,49.864,32.413
59680162B21053239387442,Warri South,Delta,South South,5.622,5.58,39987,1,11.715,-3.0,12.755,12.508,21.3,Basso,5100,60.568,99.0,1.251,38.172,64.644,91.052,18.727,0,68.825,0.0,74.022,37.406
59680162B21067903036313,Patani,Delta,South South,5.174,6.094,45191,1,11.289,-2.68,13.988,14.31,23.3,Basso,6321,65.468,99.0,1.681,35.065,64.0,77.353,8.959,2,79.26,0.0,76.835,34.247
59680162B21074533395167,Ikono,Akwa Ibom,South South,5.17,7.806,36586,0,18.932,-2.21,19.597,18.305,32.7,Basso,7170,69.108,84.18,0.612,27.706,63.888,68.027,13.806,0,67.147,7.25,76.362,30.54
59680162B21108805782195,Akure South,Ondo,South West,7.184,5.214,30304,0,15.179,-1.99,11.602,12.8,19.3,Basso,3516,58.889,81.702,3.097,42.281,83.687,99.0,16.218,0,30.949,5.636,99.0,32.083
59680162B21216344152794,Yewa North,Ogun,South West,7.09,2.944,19816,1,10.038,-2.9,7.128,7.72,11.9,Basso,1412,51.616,99.0,2.52,37.974,99.0,96.686,4.661,3,51.096,12.095,99.0,43.608
59680162B21365932465956,Ukwuani,Delta,South South,5.852,6.254,15862,1,12.696,-3.0,10.529,11.29,17.5,Basso,1670,55.433,97.228,0.2,49.967,53.856,78.746,11.524,1,45.7,0.0,98.113,25.394
59680162B21498960785654,Orlu,Imo,South East,5.818,7.027,50678,1,8.921,-3.0,4.994,6.339,8.3,Basso,2531,49.225,99.0,2.272,47.508,83.994,99.0,11.932,0,35.071,0.0,99.0,23.465
59680162B21673152212894,Yola North,Adamawa,North East,9.248,12.452,30115,1,33.866,3.73,37.373,36.338,62.3,Medio,11255,83.538,44.54,1.21,57.597,52.311,63.209,20.625,2,76.637,19.263,57.429,24.578
59680162B21692666530817,Safana,Katsina,North West,12.521,7.231,40019,1,29.917,1.42,35.997,37.098,60.0,Medio,14406,80.008,38.405,2.958,71.243,41.308,72.853,20.607,1,66.161,16.181,63.656,21.266
59680162B21986463159939,Oyo East,Oyo,South West,7.876,4.055,128090,1,6.375,-1.69,10.704,11.181,17.8,Basso,13711,45.727,81.661,1.617,29.954,64.269,92.969,11.521,1,32.649,2.842,85.953,25.102
59680162B22484757822523,Mubi North,Adamawa,North East,10.357,13.35,47532,1,45.946,1.65,41.621,39.119,69.4,Alto,19783,79.899,44.513,2.029,74.393,32.196,81.067,21.495,5,85.698,21.716,75.171,20.423
59680162B22561739962750,Ibesikpo Asutan,Akwa Ibom,South South,4.896,7.967,48680,0,25.783,-0.69,17.377,18.778,29.0,Basso,8459,58.144,88.899,2.975,47.169,60.528,65.99,15.42,1,67.754,1.996,78.94,24.337
59680162B22633527707210,Irewole,Osun,South West,7.396,4.231,62496,1,0.8,-3.0,6.776,2.31,11.3,Basso,4235,41.754,97.354,0.2,39.046,88.149,99.0,2.155,1,18.981,0.0,99.0,14.282
59680162B2266540401620,Ifo,Ogun,South West,6.77,3.162,16855,1,8.555,-0.25,5.88,9.279,9.8,Basso,991,53.38,76.977,2.1,53.737,76.392,99.0,1.494,0,32.465,0.0,99.0,41.854
59680162B22876202690460,Ekeremor,Bayelsa,South South,4.949,5.712,43125,1,16.16,-1.7,12.298,14.5,20.5,Basso,5304,59.166,83.752,1.344,37.901,72.422,74.5,3.058,2,65.052,0.804,81.389,14.561
59680162B2298430697284,Idanre,Ondo,South West,6.976,5.254,17218,1,0.8,0.36,5.214,6.311,8.7,Basso,898,46.408,99.0,0.2,33.92,85.475,93.83,14.189,1,49.847,2.762,89.668,29.529
59680162B23155718085687,Mokwa,Niger,North Central,9.196,5.261,11507,1,17.771,-2.63,16.709,17.239,27.8,Basso,1923,62.619,87.221,3.476,46.477,57.575,70.431,0.5,2,62.917,0.0,73.114,27.842
59680162B23369049466603,Ideato South,Imo,South East,5.792,7.16,79179,1,4.979,-3.0,5.205,4.648,8.7,Basso,4121,61.02,99.0,0.2,39.537,99.0,99.0,0.5,0,53.187,0.0,96.267,19.088
59680162B2351853936587,Ideato North,Imo,South East,5.852,7.116,197941,0,5.629,0.35,16.14,10.096,26.9,Basso,31948,70.687,99.0,1.818,31.404,92.865,91.417,8.664,0,28.326,1.413,84.195,24.508
59680162B23543460253472,Degema,Rivers,South South,4.588,6.9,26973,1,13.048,-1.09,10.658,8.379,17.8,Basso,2875,66.005,99.0,1.219,28.363,66.052,99.0,6.628,0,57.854,0.0,99.0,24.445
59680162B23595872951211,Shagari,Sokoto,North West,12.543,5.072,34442,0,43.409,0.37,47.753,46.114,79.6,Alto,16447,87.683,41.205,2.399,51.17,26.849,23.565,25.517,4,57.184,22.723,43.403,33.178
59680162B23598949397905,Esan North-East,Edo,South South,6.782,6.42,45524,0,14.325,0.73,16.603,17.19,27.7,Basso,7559,71.777,86.717,1.981,37.147,67.212,69.439,2.427,3,46.831,0.0,77.515,37.653
59680162B23671729796425,Iwo,Osun,South West,7.677,4.13,28435,0,14.459,0.5,14.396,15.243,24.0,Basso,4093,65.138,87.066,4.203,30.936,72.987,83.534,8.655,0,42.281,13.545,99.0,35.596
59680162B23843497952419,Ido,Oyo,South West,7.476,3.716,40763,1,6.41,1.47,8.732,5.702,14.6,Basso,3559,51.177,91.017,0.634,45.81,91.31,99.0,0.5,0,25.045,0.0,80.549,24.003
59680162B23949108035203,Ajaokuta,Kogi,North Central,7.504,6.503,30323,0,29.82,-1.28,30.577,31.241,51.0,Medio,9272,70.157,67.979,3.815,40.201,41.867,70.906,19.022,3,74.028,15.404,55.214,25.628
59680162B23952502219543,Biu,Borno,North East,10.829,12.061,46745,1,38.534,2.08,42.593,43.111,71.0,Alto,19910,82.393,47.057,3.956,53.07,49.645,84.914,17.403,11,65.614,33.901,49.687,26.331
59680162B23965546094498,Dandume,Katsina,North West,11.42,7.222,41806,0,44.341,1.18,48.673,51.571,81.1,Alto,20348,82.343,39.922,4.21,65.678,24.139,19.065,37.538,2,93.143,25.491,32.915,17.716
59680162B23991224305955,Okene,Kogi,North Central,7.524,6.231,53912,0,35.847,1.5,25.105,27.944,41.8,Medio,13535,77.197,80.854,6.335,52.394,39.596,65.292,14.188,1,47.071,15.78,90.387,23.626
59680162B24000905354670,Ohaukwu,Ebonyi,South East,6.539,7.986,46573,0,14.85,0.46,7.669,10.94,12.8,Basso,3571,63.894,89.358,3.526,15.094,69.5,95.606,4.323,0,20.388,0.0,73.827,30.772
59680162B24147659958725,Yola South,Adamawa,North East,9.242,12.359,89331,0,51.766,1.44,48.582,47.594,81.0,Alto,43398,79.162,33.12,3.466,54.523,44.735,25.236,24.009,3,75.806,40.02,53.753,33.628
59680162B24167581171767,Bauchi,Bauchi,North East,10.252,9.951,36062,0,52.723,2.03,50.632,48.916,84.4,Alto,18259,96.959,33.95,3.122,60.8,43.365,44.591,31.579,8,55.74,27.541,77.813,19.787
59680162B24203265637376,Gwale,Kano,North West,11.976,8.476,9138,0,51.661,2.62,47.199,46.865,78.7,Alto,4313,95.777,38.641,4.133,52.591,42.174,13.254,30.528,2,67.938,23.415,65.446,29.712
59680162B24316958669382,Fagge,Kano,North West,12.033,8.517,20396,0,57.205,0.57,48.527,44.707,80.9,Alto,9898,97.153,50.627,5.62,42.403,26.057,85.28,36.241,2,63.949,34.086,58.959,19.802
59680162B24409102010221,Maiha,Adamawa,North East,9.863,13.15,19327,1,44.369,1.6,39.794,39.608,66.3,Medio,7691,74.054,46.757,4.062,48.967,24.129,56.757,29.41,5,92.752,13.791,71.592,24.123
59680162B24430291126178,Dawakin Kudu,Kano,North West,11.792,8.704,28621,1,38.376,2.22,38.386,37.946,64.0,Medio,10986,77.208,61.694,6.055,66.558,40.799,25.258,18.454,1,69.668,25.974,82.253,16.608
59680162B24434385919413,Ukanafun,Akwa Ibom,South South,4.902,7.589,18671,0,23.115,1.62,19.281,21.462,32.1,Basso,3600,73.041,83.689,0.755,39.718,58.433,55.691,19.17,0,69.42,0.0,71.557,21.05
59680162B24502748844916,Bakura,Zamfara,North West,12.568,5.866,18717,0,51.273,1.98,48.709,51.337,81.2,Alto,9117,87.119,26.625,4.334,56.525,28.654,39.006,38.149,0,71.076,36.307,43.351,22.514
59680162B24550873512487,Chikun,Kaduna,North West,10.425,7.314,25045,0,47.843,0.31,45.421,45.02,75.7,Alto,11376,91.971,35.734,4.263,56.88,40.765,42.932,30.441,1,63.881,23.342,62.58,16.491
59680162B24636018787341,Igalamela-Odolu,Kogi,North Central,7.036,7.096,85875,0,32.07,0.61,28.443,27.281,47.4,Medio,24425,64.325,63.331,3.627,41.075,44.82,53.207,25.161,1,31.728,1.751,68.416,25.4
59680162B24840578600877,Tarauni,Kano,North West,11.96,8.565,21641,0,49.81,3.22,48.803,48.723,81.3,Alto,10561,93.675,49.716,3.672,74.474,22.112,49.417,31.219,2,76.189,37.829,53.966,30.482
59680162B24857715869577,Logo,Benue,North Central,7.724,9.232,46547,0,22.045,-0.52,25.496,24.925,42.5,Medio,11868,69.257,63.918,0.512,36.813,57.2,57.181,12.403,2,63.892,11.261,79.641,30.981
59680162B25032665557199,Essien Udim,Akwa Ibom,South South,5.098,7.663,23779,0,25.756,1.4,22.856,23.221,38.1,Basso,5435,77.581,77.93,2.149,26.174,65.382,39.818,12.932,0,34.884,0.0,44.901,32.387
59680162B2505789698133,Kwande,Benue,North Central,6.742,9.414,9847,0,31.117,1.33,33.373,35.253,55.6,Medio,3286,86.823,48.32,2.868,44.015,50.288,68.689,26.308,3,55.618,15.793,75.127,31.562
59680162B2512996274201,Akoko South East,Ondo,South West,7.427,5.905,44335,1,0.8,-0.27,5.606,7.478,9.3,Basso,2485,56.555,99.0,1.105,36.44,76.936,96.424,8.19,0,37.625,0.0,86.164,18.733
59680162B25131261753844,Etung,Cross River,South South,5.857,8.795,21521,1,16.82,1.14,13.652,14.451,22.8,Basso,2938,60.576,87.748,1.212,42.53,85.567,99.0,19.291,2,67.321,7.191,80.003,35.125
59680162B25214275797379,Ado-Ekiti,Ekiti,South West,7.616,5.235,127675,0,22.831,-2.06,13.619,16.243,22.7,Basso,17388,67.382,94.543,0.2,24.005,37.108,73.133,15.623,0,36.262,0.0,75.914,20.465
59680162B25309364748934,Maru,Zamfara,North West,11.68,6.338,68504,0,42.893,3.98,45.514,43.358,75.9,Alto,31179,84.615,51.701,4.39,55.498,28.987,57.539,25.921,3,48.492,36.206,63.607,17.368
59680162B25446485561557,Gwer West,Benue,North Central,7.588,8.208,20725,1,31.349,0.03,24.333,23.904,40.6,Medio,5043,67.039,64.845,3.515,51.643,58.079,95.142,2.048,1,51.551,21.924,69.339,22.327
59680162B25728635468586,Tureta,Sokoto,North West,12.519,5.495,19803,0,35.862,2.2,45.747,45.515,76.2,Alto,9059,91.493,20.23,4.619,71.877,30.284,56.262,23.756,0,50.239,19.038,61.756,28.561
59680162B25890229119009,Bagudu,Kebbi,North West,11.317,3.831,39274,1,31.679,0.47,35.576,37.752,59.3,Medio,13972,84.955,51.142,3.396,73.123,56.272,58.411,23.282,1,60.667,27.862,73.957,15.166
59680162B26282391091652,Zaki,Bauchi,North East,12.196,10.238,67423,0,41.479,-0.4,44.062,40.107,73.4,Alto,29708,90.223,52.181,3.825,53.621,66.875,59.296,22.784,4,79.005,30.331,62.225,35.364
59680162B26521045145337,Numan,Adamawa,North East,9.467,11.846,5991,1,42.511,0.76,34.307,38.793,57.2,Medio,2055,81.38,66.621,3.872,67.462,30.373,58.107,21.455,6,55.137,21.188,57.763,19.143
59680162B26576505992161,Kazaure,Jigawa,North West,12.67,8.435,37062,0,49.822,-0.13,49.694,48.409,82.8,Alto,18418,88.653,42.688,5.058,73.035,32.388,41.581,27.449,1,64.752,35.634,47.726,21.97
59680162B26648923761656,Ogbadibo,Benue,North Central,7.022,7.686,23525,1,27.075,-0.31,23.44,25.62,39.1,Basso,5514,57.787,62.013,3.416,51.36,55.811,76.778,15.768,1,75.994,20.099,86.91,18.197
59680162B26854390786792,Ibadan South East,Oyo,South West,7.355,3.904,37446,1,4.2,0.77,6.52,4.406,10.9,Basso,2441,43.256,82.903,1.221,32.061,93.208,92.058,1.611,0,33.246,0.0,96.645,32.844
59680162B26925253941931,Yagba West,Kogi,North Central,8.276,5.556,38454,1,14.105,-1.47,17.214,16.244,28.7,Basso,6619,63.235,96.798,0.935,56.696,46.78,66.681,12.274,1,52.141,3.534,87.182,41.314
59680162B26946733152657,Kukawa,Borno,North East,13.102,13.73,54551,0,43.352,3.15,43.014,44.248,71.7,Alto,23464,87.732,40.171,4.227,59.76,54.058,56.371,21.911,1,81.048,38.408,52.288,25.852
59680162B27261417712833,Ingawa,Katsina,North West,12.614,8.111,122274,1,41.68,1.54,42.335,40.071,70.6,Alto,51765,74.338,56.556,2.665,68.034,30.172,66.277,19.413,0,68.399,36.672,30.521,14.63
59680162B27389948970996,Illela,Sokoto,North West,13.671,5.31,22480,0,37.871,-1.69,46.783,41.383,78.0,Alto,10517,66.094,49.868,4.028,60.341,47.673,35.753,36.935,1,57.977,29.151,50.78,13.221
59680162B27422550871896,Damboa,Borno,North East,11.048,12.725,44669,0,51.578,0.67,47.193,46.982,78.7,Alto,21081,88.081,58.639,2.804,56.063,41.587,42.63,40.939,5,73.439,27.431,32.546,13.211
59680162B27639129809368,Ajingi,Kano,North West,11.959,9.034,28216,0,53.963,2.33,46.705,47.398,77.8,Alto,13178,92.263,41.456,6.033,61.415,41.12,27.339,21.303,2,68.169,26.571,45.317,27.358
59680162B27814311157346,Ife North,Osun,South West,7.39,4.46,15076,0,15.42,-2.46,13.726,14.868,22.9,Basso,2069,60.851,90.99,1.882,47.879,82.352,73.339,23.575,0,35.526,0.0,84.558,21.925
59680162B27876975276040,Kala Balge,Borno,North East,11.905,14.454,52675,0,49.042,5.42,47.188,51.141,78.6,Alto,24856,97.581,40.778,4.421,56.577,21.113,49.381,32.873,5,80.711,27.906,45.682,30.378
59680162B27901935497545,Port-Harcourt,Rivers,South South,4.782,7.018,7817,1,10.731,-0.11,14.145,17.266,23.6,Basso,1106,74.241,85.628,0.2,28.887,77.198,73.892,3.167,1,77.779,10.949,69.415,20.345
59680162B27926848768432,Takum,Taraba,North East,7.055,9.807,46942,0,46.026,0.82,46.7,46.258,77.8,Alto,21922,77.251,38.694,5.418,54.23,63.008,28.843,28.227,5,81.541,24.804,43.374,13.108
59680162B28016750993437,Rabah,Sokoto,North West,12.994,5.796,35894,1,46.019,-0.97,37.837,38.302,63.1,Medio,13581,78.066,56.476,6.665,56.923,47.359,68.293,21.954,4,58.341,24.541,58.408,19.387
59680162B28106531466158,Fika,Yobe,North East,11.346,11.252,32888,1,40.204,0.35,37.416,38.106,62.4,Medio,12305,85.102,66.28,1.461,72.968,37.637,57.899,18.569,7,77.623,17.724,60.209,17.858
59680162B28193395760126,Olorunda,Osun,South West,7.866,4.576,28065,1,7.1,-3.0,2.499,2.685,4.2,Basso,701,47.932,99.0,0.637,17.25,89.85,99.0,10.724,0,53.863,0.0,99.0,32.624
59680162B28239494939120,Zuru,Kebbi,North West,11.44,5.27,70466,1,36.141,0.96,37.667,37.555,62.8,Medio,26542,80.269,49.603,3.917,52.451,57.772,50.822,33.112,3,61.504,18.406,72.838,18.167
59680162B2835516393243,Ohimini,Benue,North Central,7.258,7.947,51854,1,13.844,-3.0,15.546,15.807,25.9,Basso,8061,58.819,74.083,2.475,45.999,97.548,74.68,9.655,1,57.381,0.0,66.971,30.853
59680162B28367664307560,Kano Municipal,Kano,North West,11.984,8.527,31981,1,38.432,3.33,43.248,42.404,72.1,Alto,13831,89.446,40.529,2.286,70.345,43.317,55.992,34.634,2,63.475,23.198,67.2,22.175
59680162B2846194934808,Gwoza,Borno,North East,11.151,13.534,54040,0,48.311,1.68,43.257,43.596,72.1,Alto,23376,87.178,56.458,4.707,53.259,29.731,53.014,30.853,2,55.975,26.731,37.279,26.431
59680162B28595276838631,Afikpo South,Ebonyi,South East,5.835,7.785,73864,0,6.803,-0.85,14.362,12.992,23.9,Basso,10609,49.631,81.914,0.378,48.108,84.743,82.264,7.063,1,46.184,4.994,79.938,15.595
59680162B28606864431003,Ndokwa West,Delta,South South,5.826,6.416,46967,1,6.354,0.26,11.999,6.062,20.0,Basso,5636,60.509,99.0,0.686,24.273,75.547,99.0,7.514,0,40.167,0.0,95.818,23.655
59680162B28710912427622,Ife Central,Osun,South West,7.54,4.539,13627,1,0.8,-2.72,3.871,3.601,6.5,Basso,528,45.139,99.0,1.484,41.034,84.443,98.977,8.695,0,47.642,0.0,99.0,52.651
59680162B28887917480980,Ogba/Egbema/Ndoni,Rivers,South South,5.434,6.635,33171,1,11.678,-2.8,11.285,8.669,18.8,Basso,3743,52.659,99.0,0.2,32.824,80.114,66.523,0.5,1,68.744,0.0,73.741,38.748
59680162B28903777440270,Kokona,Nasarawa,North Central,8.805,8.059,53955,1,14.43,-0.97,17.185,18.05,28.6,Basso,9272,60.007,85.016,1.858,44.494,61.637,80.952,5.954,1,77.205,9.358,67.955,23.751
59680162B2904770846082,Etsako East,Edo,South South,7.188,6.516,58664,1,11.663,1.62,13.355,10.864,22.3,Basso,7835,55.515,99.0,1.673,60.04,62.119,83.435,0.5,0,58.779,3.503,97.36,15.289
59680162B29085579275088,Ethiope East,Delta,South South,5.694,5.96,67750,0,13.54,0.44,17.503,16.238,29.2,Basso,11858,66.009,81.954,0.847,41.211,75.107,72.283,8.031,1,60.963,7.798,99.0,25.404
59680162B29257457515537,Machina,Yobe,North East,13.044,10.044,42400,0,49.27,2.35,47.09,48.646,78.5,Alto,19966,85.613,29.064,5.062,52.763,64.27,30.194,34.096,4,80.539,26.816,50.462,17.261
59680162B29308605862653,Ikwo,Ebonyi,South East,6.099,8.196,127201,1,9.462,-1.23,5.677,8.651,9.5,Basso,7222,42.233,99.0,0.653,33.445,75.645,99.0,21.58,1,42.196,0.0,72.44,17.146
59680162B29331014496737,Obokun,Osun,South West,7.779,4.761,32205,1,2.494,-3.0,6.686,5.972,11.1,Basso,2153,56.964,99.0,1.495,36.306,91.031,95.565,1.971,0,50.944,0.0,85.442,25.631
59680162B2944873791560,Kwami,Gombe,North East,10.493,11.163,11555,1,28.862,0.73,35.683,36.3,59.5,Medio,4123,73.454,48.701,1.561,54.861,38.126,52.973,32.354,1,76.645,20.539,68.133,28.689
59680162B29524904273451,Abaji,FCT,North Central,8.855,6.828,53267,1,15.035,-1.01,20.581,17.413,34.3,Basso,10963,56.247,80.984,2.063,49.16,65.348,64.648,17.635,1,39.93,2.211,84.773,25.88
59680162B29589714384573,Aniocha South,Delta,South South,6.142,6.477,34544,1,17.312,-1.61,11.858,9.836,19.8,Basso,4096,52.165,86.715,0.2,46.764,84.713,82.978,12.306,0,70.229,0.0,99.0,24.346
59680162B2967434957315,Giwa,Kaduna,North West,11.052,7.329,59590,0,49.821,0.65,45.831,45.567,76.4,Alto,27311,83.506,46.878,4.665,60.652,40.427,35.98,27.31,1,67.777,24.285,25.924,14.353
59680162B29680565367836,Ikpoba-Okha,Edo,South South,6.185,5.658,37200,0,16.998,1.44,19.067,21.425,31.8,Basso,7093,69.688,78.594,1.594,39.102,55.992,70.766,17.694,1,90.326,0.0,82.705,23.583
59680162B29721937623471,Abeokuta North,Ogun,South West,7.245,3.199,37689,1,6.091,-3.0,4.963,8.721,8.3,Basso,1871,41.086,81.329,0.863,30.522,85.018,99.0,19.067,0,52.853,7.113,99.0,24.341
59680162B29829764060990,Pategi,Kwara,North Central,8.65,5.794,38500,0,37.712,0.81,28.366,33.883,47.3,Medio,10921,90.657,44.439,3.927,45.522,75.2,52.036,28.495,1,52.589,0.0,67.009,16.389
59680162B29995960925404,Kurmi,Taraba,North East,7.258,10.7,69828,1,52.225,0.26,39.608,41.493,66.0,Medio,27658,80.569,51.918,3.864,50.016,56.485,64.455,38.738,7,54.57,24.671,56.545,14.783
59680162B30032590265448,Ikot Abasi,Akwa Ibom,South South,4.611,7.622,28512,0,15.157,-0.14,16.561,15.259,27.6,Basso,4722,63.243,83.414,0.328,31.371,59.628,90.691,13.032,1,61.932,9.208,98.112,30.855
59680162B30227281044650,Marte,Borno,North East,12.448,13.868,31055,1,46.475,3.4,34.305,35.028,57.2,Medio,10653,70.665,59.456,4.876,68.383,37.858,61.56,24.4,3,85.379,11.417,71.647,17.142
59680162B30447030328077,Gagarawa,Jigawa,North West,12.484,9.519,26028,0,45.217,-0.58,41.635,41.487,69.4,Alto,10837,91.4,37.202,4.078,58.898,53.919,50.366,21.445,2,57.153,21.815,68.756,14.912
59680162B30593466404451,Kolokuma/Opokuma,Bayelsa,South South,5.064,6.245,17660,1,10.661,-0.42,9.528,11.394,15.9,Basso,1683,57.203,87.6,0.802,17.25,68.764,93.385,12.549,0,79.925,3.815,77.393,38.844
59680162B30655337934726,Yala,Cross River,South South,6.665,8.535,30280,1,4.458,-1.73,8.042,10.141,13.4,Basso,2435,59.176,94.837,0.419,24.698,86.54,72.507,7.7,0,61.51,5.391,80.142,26.945
59680162B30693560799830,Akoko North East,Ondo,South West,7.562,5.906,71967,1,1.371,-1.41,3.074,0.657,5.1,Basso,2212,50.129,99.0,0.2,17.25,99.0,90.163,0.5,0,21.366,0.0,99.0,22.502
59680162B30773772502776,Tai,Rivers,South South,4.756,7.26,20055,0,23.856,-0.91,18.689,21.789,31.1,Basso,3748,79.689,76.637,1.009,38.873,66.696,82.961,23.144,0,53.658,4.552,73.665,24.191
59680162B30773939854921,Ughelli South,Delta,South South,5.349,5.918,34892,0,14.341,0.74,18.724,18.495,31.2,Basso,6533,67.069,82.423,2.559,54.43,77.697,65.324,8.291,0,45.6,9.064,91.915,14.672
59680162B30816727026324,Ogoja,Cross River,South South,6.522,8.693,77120,0,29.06,-0.73,20.578,18.948,34.3,Basso,15869,72.529,91.008,2.782,41.535,53.654,80.722,4.295,1,63.457,0.0,63.05,21.638
59680162B30817931145163,Balanga,Gombe,North East,9.821,11.702,47595,0,44.241,2.17,46.09,46.557,76.8,Alto,21937,82.808,28.897,3.949,49.208,42.037,45.405,32.559,8,66.4,14.079,58.061,25.756
59680162B30906229675123,Misau,Bauchi,North East,11.386,10.463,15308,0,54.3,1.07,43.046,46.489,71.7,Alto,6589,83.704,53.658,5.012,53.849,39.205,46.361,38.813,5,68.665,27.397,44.253,18.167
59680162B31003411858547,Ayamelum,Anambra,South East,6.552,6.981,60712,1,12.162,-2.67,7.826,7.699,13.0,Basso,4751,68.085,99.0,0.2,49.645,81.225,99.0,5.633,0,22.071,0.926,94.947,25.647
59680162B31064170938287,Kaugama,Jigawa,North West,12.558,9.747,107014,0,47.97,3.86,51.118,52.881,85.2,Alto,54703,92.533,15.33,4.297,65.824,48.512,37.919,36.078,1,71.8,32.256,49.567,13.232
59680162B31090464189446,Madagali,Adamawa,North East,10.791,13.5,45515,1,44.044,0.5,42.023,45.547,70.0,Alto,19127,80.887,44.198,2.339,61.197,39.627,30.384,26.508,10,80.048,18.003,62.935,15.316
59680162B31217574251855,Igbo-Eze North,Enugu,South East,7.005,7.459,65052,1,0.8,-1.42,4.703,6.569,7.8,Basso,3059,59.442,99.0,0.2,27.879,99.0,95.562,14.651,0,49.923,5.538,99.0,18.944
59680162B31302026198632,Nkwerre,Imo,South East,5.768,7.101,28081,0,4.35,-1.79,11.448,9.249,19.1,Basso,3215,59.545,99.0,0.461,24.972,94.903,78.226,2.052,0,27.349,14.858,80.379,18.981
59680162B31350853830247,Nnewi South,Anambra,South East,5.966,6.963,17988,1,8.753,-0.94,7.96,7.876,13.3,Basso,1432,61.912,99.0,0.761,28.213,70.343,99.0,18.543,0,41.199,0.0,99.0,38.324
59680162B31389051207927,Kafin Hausa,Jigawa,North West,12.157,9.982,31318,0,54.406,1.31,50.843,53.716,84.7,Alto,15923,85.25,34.962,4.818,68.202,37.212,31.015,44.735,3,69.593,46.379,64.185,17.979
59680162B31457176745984,Ahoada West,Rivers,South South,5.021,6.496,27027,0,15.673,1.71,21.014,19.284,35.0,Basso,5679,68.145,86.951,1.619,35.615,60.585,46.996,12.464,0,73.999,0.0,76.758,29.79
59680162B31759462460359,Saki East,Oyo,South West,8.69,3.611,52020,0,5.446,0.72,9.791,8.874,16.3,Basso,5093,50.71,87.277,0.2,36.29,77.728,99.0,10.927,0,50.979,0.0,86.379,31.559
59680162B31817043180897,Shani,Borno,North East,10.199,11.912,83303,0,47.77,0.59,44.838,46.762,74.7,Alto,37351,97.261,56.47,3.737,52.333,38.698,41.957,28.73,4,77.503,29.688,41.798,18.241
59680162B31936578466171,Monguno,Borno,North East,12.578,13.628,27309,0,42.347,0.2,46.388,42.712,77.3,Alto,12668,83.797,50.974,3.285,43.015,19.033,35.335,18.915,5,60.118,24.02,56.214,26.531
59680162B3222658090770,Abakaliki,Ebonyi,South East,6.264,8.249,16702,1,5.934,-3.0,5.646,6.499,9.4,Basso,943,65.046,99.0,0.2,23.416,98.728,86.437,5.974,1,55.341,1.645,99.0,18.049
59680162B32427656470349,Esan South-East,Edo,South South,6.578,6.488,39287,0,12.608,0.9,16.455,17.029,27.4,Basso,6465,63.932,90.552,0.2,38.279,48.682,67.51,5.545,2,41.275,3.077,67.519,36.626
59680162B326996000256,Lokoja,Kogi,North Central,8.248,6.547,23513,1,20.611,-2.11,17.332,17.532,28.9,Basso,4075,64.42,82.169,2.644,49.551,82.771,89.95,14.633,0,64.861,17.292,94.484,17.963
59680162B32850327292174,Kachia,Kaduna,North West,9.857,7.689,47649,1,33.211,2.46,37.826,38.728,63.0,Medio,18024,75.952,41.915,2.704,66.628,27.684,58.68,30.146,3,73.531,8.936,60.566,37.897
59680162B32856652540007,Chibok,Borno,North East,10.837,12.851,39987,0,42.249,1.69,43.665,44.61,72.8,Alto,17460,94.501,39.147,3.073,53.731,20.848,54.15,18.539,4,69.429,20.625,52.723,34.218
59680162B32871052171758,Onuimo,Imo,South East,5.775,7.244,19438,1,12.317,-0.08,9.574,12.893,16.0,Basso,1861,67.128,86.739,0.93,43.093,71.043,83.844,22.389,0,21.811,0.0,99.0,38.708
59680162B32979491305099,Oshimili South,Delta,South South,6.128,6.73,12951,0,14.325,0.24,14.787,15.014,24.6,Basso,1915,65.466,94.394,1.243,41.931,74.1,76.17,19.993,0,55.369,0.0,81.834,21.932
59680162B3302114520233,Izzi,Ebonyi,South East,6.538,8.278,20709,1,20.547,0.44,12.572,13.833,21.0,Basso,2604,52.179,67.287,0.2,50.487,66.679,98.072,14.606,1,45.838,0.0,99.0,22.631
59680162B33112577829488,Osisioma Ngwa,Abia,South East,5.171,7.33,44162,0,5.587,0.67,7.679,10.747,12.8,Basso,3391,56.95,87.787,0.751,43.117,72.84,94.406,0.5,1,52.669,0.0,67.928,61.945
59680162B33139344805421,Badagry,Lagos,South West,6.447,2.967,45680,1,8.834,-2.71,5.384,5.184,9.0,Basso,2459,51.657,99.0,0.2,38.075,89.557,98.211,13.296,0,44.677,0.0,99.0,18.713
59680162B33139882700556,Kware,Sokoto,North West,13.156,5.294,85853,0,50.614,1.46,45.825,49.34,76.4,Alto,39342,93.159,36.21,5.335,63.163,14.25,53.693,31.234,0,57.667,25.388,32.852,24.817
59680162B33186191897384,Edu,Kwara,North Central,8.935,5.206,67999,1,30.738,0.94,19.866,20.259,33.1,Basso,13508,56.834,84.436,2.337,36.461,67.131,66.007,28.612,2,73.908,0.0,69.532,18.04
59680162B3334363185534,Ogo Oluwa,Oyo,South West,7.976,4.222,22405,1,9.985,1.52,5.5,7.773,9.2,Basso,1232,46.756,76.814,0.2,46.203,69.691,93.358,0.5,0,36.679,0.903,99.0,41.797
59680162B33448314455063,Lere,Kaduna,North West,10.368,8.577,42035,0,44.367,4.1,48.115,45.076,80.2,Alto,20225,93.536,45.618,3.403,62.384,37.64,50.994,36.587,1,69.962,20.434,45.284,18.018
59680162B33769534671223,Nsit Atai,Akwa Ibom,South South,4.827,8.028,66964,1,8.146,-2.83,6.45,9.45,10.8,Basso,4319,64.977,99.0,1.23,35.22,79.838,98.776,14.931,0,78.524,0.0,96.271,35.304
59680162B33775428128459,Shira,Bauchi,North East,11.46,10.054,74290,1,48.862,0.82,40.08,41.575,66.8,Medio,29776,86.459,54.572,3.452,53.35,52.998,64.642,24.409,6,61.155,42.276,74.426,15.478
59680162B33788323646847,Umuahia South,Abia,South East,5.498,7.428,46192,0,5.243,-0.53,7.733,11.458,12.9,Basso,3572,52.487,79.963,0.2,40.201,92.962,85.423,13.365,0,33.571,6.126,88.805,21.778
59680162B33993495702938,Jalingo,Taraba,North East,8.932,11.34,97067,0,49.405,0.82,48.476,47.157,80.8,Alto,47054,85.136,42.961,1.808,46.702,23.307,44.323,29.529,6,72.409,34.821,59.407,25.587
59680162B34366982763718,Ado,Benue,North Central,6.764,8.021,36362,1,31.392,-0.87,24.27,23.997,40.5,Medio,8825,67.358,74.842,1.291,69.189,63.413,75.582,12.259,3,32.357,18.482,83.272,14.882
59680162B34682847069002,Gwagwalada,FCT,North Central,9.076,7.045,55579,1,23.448,-0.08,23.506,23.776,39.2,Basso,13065,73.046,58.51,1.687,41.157,59.534,74.069,7.83,1,56.904,17.301,89.482,41.304
59680162B34726688570577,Oruk Anam,Akwa Ibom,South South,4.824,7.695,8067,0,28.298,0.03,20.646,21.997,34.4,Basso,1666,63.072,93.402,2.497,47.972,71.307,57.748,30.455,1,58.739,11.918,80.639,19.044
59680162B34961354684930,Maiyama,Kebbi,North West,12.009,4.297,20933,0,52.519,1.84,52.561,52.487,87.6,Alto,11003,86.716,24.854,5.322,89.781,52.889,25.147,25.636,1,57.504,33.572,23.488,32.573
59680162B35305934518280,Keffi,Nasarawa,North Central,8.836,7.833,155912,0,24.856,-0.06,29.012,30.106,48.4,Medio,45234,67.331,45.184,2.275,41.915,60.967,76.235,21.013,1,57.366,10.781,58.892,17.092
59680162B35426409409773,Isiala Mbano,Imo,South East,5.667,7.114,84020,0,9.081,-2.9,8.317,9.724,13.9,Basso,6988,65.517,86.404,0.2,37.318,96.377,81.907,4.069,1,31.836,0.0,93.62,32.649
59680162B35628626888177,Dandi,Kebbi,North West,11.851,3.798,31761,0,39.11,3.32,44.484,40.914,74.1,Alto,14129,87.601,49.771,3.542,67.867,36.513,56.117,18.376,2,60.17,24.886,49.56,39.758
59680162B35636298384814,Lau,Taraba,North East,9.204,11.464,29935,1,29.144,0.97,38.493,37.417,64.2,Medio,11523,82.721,41.759,2.742,56.79,60.901,56.628,18.016,4,78.054,22.108,74.781,20.139
59680162B35701990596564,Ivo,Ebonyi,South East,5.918,7.615,20337,1,5.881,-2.25,6.62,6.078,11.0,Basso,1346,58.075,94.05,0.2,17.25,86.156,99.0,8.273,1,32.738,1.785,90.542,20.537
59680162B35912483761792,Etsako West,Edo,South South,7.005,6.288,37666,1,3.544,-1.76,7.752,7.881,12.9,Basso,2920,60.212,94.858,1.909,40.121,97.194,85.088,4.93,0,45.77,0.0,90.361,25.471
59680162B35933805912396,Mopa-Muro,Kogi,North Central,8.145,5.911,30271,0,32.609,-0.73,28.24,28.482,47.1,Medio,8549,73.619,56.426,4.461,25.551,64.279,53.944,18.187,2,71.818,1.512,67.348,21.456
59680162B36028411577107,Guzamala,Borno,North East,12.858,13.181,19836,0,47.77,2.76,44.652,46.067,74.4,Alto,8857,89.355,40.015,4.775,48.29,47.885,49.617,32.782,7,76.814,19.22,60.582,17.973
59680162B36139632039116,Ijebu North East,Ogun,South West,6.879,4.01,116769,1,8.936,1.24,4.949,5.628,8.2,Basso,5779,54.194,98.953,0.457,43.355,94.153,99.0,3.778,0,56.449,0.0,83.888,29.649
59680162B36149280961759,Nsukka,Enugu,South East,6.832,7.375,55734,1,2.881,-0.99,6.03,5.771,10.0,Basso,3361,56.015,93.177,0.667,29.737,88.663,99.0,8.81,0,29.764,5.873,99.0,40.743
59680162B36304665045822,Emuoha,Rivers,South South,4.924,6.781,37759,1,24.965,0.45,14.98,16.935,25.0,Basso,5656,66.233,99.0,0.815,43.73,46.858,69.738,7.824,1,67.928,8.002,79.525,23.814
59680162B36423706884187,Odukpani,Cross River,South South,5.246,8.098,37798,0,23.35,-1.04,18.495,19.852,30.8,Basso,6991,65.846,72.285,1.49,37.864,64.954,70.465,7.069,1,58.185,0.0,64.629,22.009
59680162B36558878931890,Nsit Ubium,Akwa Ibom,South South,4.758,7.944,43817,1,12.295,0.63,13.302,14.738,22.2,Basso,5829,59.507,84.63,0.2,49.425,84.839,90.276,13.832,3,42.182,5.452,79.231,19.25
59680162B36658267128816,Ethiope West,Delta,South South,5.909,5.778,25868,1,24.586,1.03,14.642,15.015,24.4,Basso,3788,58.02,79.21,0.2,36.615,61.904,70.745,15.807,2,45.472,0.0,99.0,21.017
59680162B36804655757784,Ikot Ekpene,Akwa Ibom,South South,5.201,7.71,37584,1,13.955,-2.69,12.739,11.837,21.2,Basso,4788,62.379,93.271,2.014,39.938,75.599,75.018,9.919,0,48.038,0.0,95.814,12.11
59680162B36976404849364,Ungogo,Kano,North West,12.042,8.443,33567,1,46.112,0.32,39.981,35.863,66.6,Medio,13421,72.46,60.958,4.092,78.406,38.654,68.215,24.953,1,51.104,32.288,78.268,17.907
59680162B37059166930142,Jema'A,Kaduna,North West,9.409,8.25,75563,0,38.969,2.42,46.854,44.68,78.1,Alto,35405,94.669,41.719,4.171,70.605,42.805,67.888,24.076,1,57.425,31.886,52.183,16.98
59680162B37281482686762,Wamba,Nasarawa,North Central,9.001,8.716,78842,0,35.481,3.09,32.286,33.045,53.8,Medio,25455,84.027,47.853,2.549,36.297,26.29,69.864,17.605,2,32.636,5.812,60.379,28.624
59680162B37327775180775,Agege,Lagos,South West,6.624,3.317,14020,1,11.517,-3.0,8.137,8.633,13.6,Basso,1141,62.761,99.0,0.2,36.874,81.889,99.0,10.101,0,46.675,0.0,77.038,17.155
59680162B37340403082689,Batagarawa,Katsina,North West,12.867,7.531,17072,0,44.895,-0.53,41.35,39.384,68.9,Alto,7059,77.543,54.503,5.253,62.904,53.223,34.355,22.812,2,60.564,24.007,63.635,21.203
59680162B37513478805829,Gummi,Zamfara,North West,12.033,5.117,79772,0,48.285,0.5,48.91,49.334,81.5,Alto,39017,80.206,36.887,4.415,66.393,40.484,31.53,33.218,1,77.669,47.89,61.68,36.256
59680162B37931278966472,Boki,Cross River,South South,6.242,9.025,49101,1,13.481,-1.79,10.127,8.068,16.9,Basso,4973,47.792,99.0,0.503,42.065,80.931,73.899,10.494,1,74.457,0.0,99.0,33.848
59680162B38183120701356,Municipal Area Council,FCT,North Central,8.888,7.502,18512,1,27.503,0.54,21.603,22.739,36.0,Basso,3999,55.852,78.318,4.411,53.192,39.79,67.493,16.188,0,65.817,0.259,61.179,19.412
59680162B38204256572023,Eti Osa,Lagos,South West,6.457,3.582,18107,1,8.121,-1.5,7.268,5.693,12.1,Basso,1316,53.657,96.552,0.2,37.686,74.948,99.0,12.684,0,11.119,0.848,99.0,25.949
59680162B38335311272259,Onicha,Ebonyi,South East,6.107,7.817,44662,1,10.842,0.22,6.877,9.447,11.5,Basso,3071,56.743,87.291,2.183,50.832,89.276,99.0,9.66,0,30.689,0.0,85.464,33.537
59680162B38390932765307,Atakunmosa East,Osun,South West,7.44,4.744,21714,1,1.133,-0.16,6.086,3.942,10.1,Basso,1322,45.608,99.0,0.2,43.974,68.163,99.0,0.5,0,38.703,0.0,99.0,24.151
59680162B38485988708032,Nguru,Yobe,North East,12.982,10.361,44099,0,53.504,2.53,47.259,50.031,78.8,Alto,20841,84.927,40.479,4.914,65.985,25.059,55.459,27.686,6,69.558,38.265,57.691,20.533
59680162B38736391522213,Idemili South,Anambra,South East,6.058,6.829,10576,1,10.465,-1.61,4.616,5.54,7.7,Basso,488,63.748,99.0,0.974,43.929,83.55,99.0,0.5,0,26.655,0.0,99.0,27.676
59680162B39308677673484,Ibaji,Kogi,North Central,6.815,6.783,66344,0,19.559,-1.43,28.962,26.878,48.3,Medio,19215,81.637,67.013,2.47,45.255,74.074,60.734,19.105,1,35.617,7.881,59.886,32.992
59680162B3936014826761,Bindawa,Katsina,North West,12.708,7.879,31693,0,62.527,1.64,52.456,51.42,87.4,Alto,16625,87.473,50.144,6.056,56.134,7.5,20.863,28.786,1,62.595,50.247,67.815,11.338
59680162B39513276000218,Owerri North,Imo,South East,5.437,7.104,67164,0,8.669,-1.31,8.246,9.589,13.7,Basso,5538,62.801,97.526,0.2,31.833,91.951,84.557,4.202,0,44.442,5.779,80.61,14.906
59680162B39799007570945,Hadejia,Jigawa,North West,12.465,10.064,33680,0,39.829,1.78,47.09,45.84,78.5,Alto,15860,85.562,25.069,4.663,54.326,29.648,44.843,32.896,0,84.908,15.397,54.343,27.744
59680162B40051654285197,Yorro,Taraba,North East,8.88,11.53,23116,0,47.65,4.52,46.57,50.65,77.6,Alto,10765,91.23,21.651,4.092,70.415,46.511,56.176,27.146,5,72.695,31.594,49.787,32.431
59680162B40329870656537,Jakusko,Yobe,North East,12.433,10.982,11998,1,35.331,1.8,36.567,33.874,60.9,Medio,4387,72.724,45.394,3.658,67.598,55.99,68.521,11.861,3,76.694,20.296,74.208,27.708
59680162B40491222708573,Magama,Niger,North Central,10.298,5.061,32331,0,29.067,0.78,29.355,33.624,48.9,Medio,9491,72.661,50.336,3.429,71.306,62.707,49.186,24.742,0,50.846,12.526,67.246,20.095
59680162B4050907661224,Wasagu-Danko,Kebbi,North West,11.398,5.74,92712,1,39.201,2.84,40.758,40.039,67.9,Medio,37787,85.231,53.48,3.509,57.01,39.112,66.398,31.404,2,56.374,31.002,62.837,24.016
59680162B40988548898234,Offa,Kwara,North Central,8.171,4.692,59889,1,24.941,2.49,17.687,21.482,29.5,Basso,10592,67.446,76.602,2.974,58.229,35.578,48.112,12.577,0,28.666,0.0,99.0,28.032
59680162B41031546236215,Itu,Akwa Ibom,South South,5.138,7.998,40456,1,12.958,-2.47,8.448,7.19,14.1,Basso,3418,53.679,99.0,0.406,53.899,87.333,96.69,3.053,0,46.448,2.32,78.188,28.471
59680162B41078826165134,Kiri Kasama,Jigawa,North West,12.6,10.251,28912,0,50.863,2.66,46.567,47.82,77.6,Alto,13463,94.548,34.371,5.204,52.914,24.258,55.009,29.839,1,64.479,29.294,53.007,23.762
59680162B4108100426512,Igbo-Etiti,Enugu,South East,6.684,7.426,167887,1,8.168,-1.59,4.918,5.646,8.2,Basso,8256,54.621,99.0,0.2,40.224,85.343,99.0,3.615,0,41.794,0.0,86.273,26.069
59680162B41297071563530,Bayo,Borno,North East,10.469,11.69,23457,0,57.841,1.01,47.748,45.409,79.6,Alto,11200,86.556,36.32,4.632,46.134,43.183,68.486,15.191,6,58.922,37.517,43.826,29.643
59680162B41357004175190,Bama,Borno,North East,11.51,14.027,47572,0,51.408,2.62,43.911,47.326,73.2,Alto,20890,93.604,36.686,3.67,66.748,14.325,25.863,25.195,1,71.941,22.846,61.115,49.384
59680162B41420170912929,Ganye,Adamawa,North East,8.432,11.988,59308,1,44.417,2.8,41.318,40.464,68.9,Alto,24505,83.212,37.856,4.307,68.041,52.466,53.276,25.795,2,59.643,20.831,72.593,10.934
59680162B41504820717654,Roni,Jigawa,North West,12.556,8.369,36624,0,30.862,1.26,44.663,40.848,74.4,Alto,16358,87.516,50.164,3.816,54.424,40.736,65.513,20.609,0,68.907,31.057,38.134,27.487
59680162B41605859942250,Oke Ero,Kwara,North Central,8.176,5.272,27940,1,26.67,-0.11,19.467,22.595,32.4,Basso,5439,60.386,73.186,1.492,62.275,72.513,71.774,0.5,3,59.67,25.646,84.175,15.676
59680162B42022523568798,Njikoka,Anambra,South East,6.186,7.013,29168,1,4.228,-1.27,3.873,6.748,6.5,Basso,1130,51.201,99.0,0.547,39.075,86.706,99.0,18.281,0,58.454,0.0,98.768,16.459
59680162B42065071303183,Ondo East,Ondo,South West,7.055,4.959,45859,0,23.347,0.64,16.662,19.005,27.8,Basso,7641,63.293,80.075,1.597,33.453,69.419,64.819,18.409,0,28.511,12.021,80.767,24.859
59680162B42162352171568,Birnin Magaji-Kiyaw,Zamfara,North West,12.471,6.868,18967,0,57.049,3.24,47.469,50.0,79.1,Alto,9003,91.629,33.445,2.652,73.06,38.24,20.386,33.211,0,49.259,37.837,51.45,22.941
59680162B42207826884677,Gbako,Niger,North Central,9.328,6.009,16606,0,22.446,0.39,28.855,24.53,48.1,Medio,4792,75.442,71.558,2.746,47.255,82.069,60.122,25.06,1,50.164,10.728,89.836,25.207
59680162B42338651294858,Awka South,Anambra,South East,6.191,7.09,15218,1,13.199,-1.73,6.541,8.095,10.9,Basso,995,73.166,99.0,1.283,29.017,84.308,99.0,3.388,1,48.968,0.0,96.466,25.566
59680162B42687104490462,Danja,Katsina,North West,11.408,7.479,56109,0,47.846,1.08,45.364,46.569,75.6,Alto,25453,79.49,46.29,3.203,67.119,37.193,54.738,39.433,0,60.737,34.249,21.193,17.406
59680162B43108992465432,Ugwunagbo,Abia,South East,5.016,7.35,35008,1,4.0,0.83,6.831,5.457,11.4,Basso,2391,49.959,98.778,0.615,36.763,99.0,85.891,14.172,2,14.873,0.0,91.843,38.003
59680162B43215766185997,Kaltungo,Gombe,North East,9.852,11.431,68341,0,39.176,1.71,45.535,45.13,75.9,Alto,31119,91.421,39.67,2.183,58.636,34.461,39.789,26.614,4,37.498,27.76,57.964,30.557
59680162B43339423021624,Irepo,Oyo,South West,9.025,3.884,11111,1,0.8,-0.71,5.329,4.526,8.9,Basso,592,39.741,86.412,1.559,21.584,85.703,76.229,0.5,0,34.214,0.137,95.369,28.189
59680162B43366957039329,Gwaram,Jigawa,North West,11.204,10.069,78855,0,48.181,0.89,46.7,47.623,77.8,Alto,36826,94.548,45.41,3.341,49.831,48.741,51.899,41.548,0,92.141,32.131,31.786,13.161
59680162B43497988326934,Kwaya Kusar,Borno,North East,10.486,11.854,39460,0,54.85,2.09,47.836,45.677,79.7,Alto,18876,83.819,42.778,4.334,51.153,40.892,32.295,23.551,6,65.161,24.075,41.25,44.968
59680162B43531883815254,Toto,Nasarawa,North Central,8.235,7.202,13990,0,37.436,0.05,26.129,26.52,43.5,Medio,3656,80.845,68.77,3.917,28.324,49.924,68.334,24.155,1,39.207,0.0,64.134,30.179
59680162B43558777101724,Bukkuyum,Zamfara,North West,11.988,5.597,38079,0,43.059,0.33,46.228,45.007,77.0,Alto,17603,89.601,37.618,2.371,55.449,25.66,53.019,40.995,1,68.011,20.333,57.378,23.307
59680162B43637132059207,Gamawa,Bauchi,North East,12.02,10.614,21177,0,55.296,1.3,44.444,46.127,74.1,Alto,9412,99.0,54.793,4.482,74.849,21.97,55.25,32.761,3,62.575,23.846,64.213,24.122
59680162B43671986122418,Gudu,Sokoto,North West,13.46,4.443,77595,0,55.431,3.35,51.904,52.381,86.5,Alto,40275,84.306,40.464,4.422,67.039,19.088,23.278,28.491,2,62.009,40.082,37.336,11.633
59680162B43697273286299,Langtang North,Plateau,North Central,9.052,9.82,36352,1,28.577,1.55,25.45,23.218,42.4,Medio,9251,57.145,59.564,2.506,40.836,42.589,76.944,23.156,1,50.921,0.0,74.503,24.538
59680162B43824241108050,Oye,Ekiti,South West,7.907,5.346,47758,1,0.8,-3.0,5.925,8.432,9.9,Basso,2830,57.75,89.063,0.2,37.155,71.669,99.0,4.493,2,39.468,0.0,99.0,30.363
59680162B43870676483034,Bomadi,Delta,South South,5.228,5.815,32485,0,17.19,-0.73,18.013,18.376,30.0,Basso,5851,56.551,95.315,2.738,55.665,63.431,54.795,11.911,0,50.257,1.537,61.891,13.221
59680162B44112457363104,Bungudu,Zamfara,North West,12.011,6.516,112148,1,39.425,-0.49,37.745,35.855,62.9,Medio,42330,82.841,54.625,2.751,58.313,51.398,62.138,31.298,2,79.169,15.399,76.052,11.519
59680162B44120553871969,Sule Tankarkar,Jigawa,North West,12.625,9.175,110558,1,31.501,1.42,41.206,34.642,68.7,Alto,45557,75.802,41.238,1.019,37.477,47.405,83.756,21.674,2,72.909,31.928,73.48,16.024
59680162B44141715713069,Akwanga,Nasarawa,North Central,8.997,8.345,49025,1,20.139,-0.61,25.431,27.485,42.4,Medio,12468,69.467,53.512,2.289,47.928,69.257,75.207,16.937,2,47.025,9.379,52.368,24.504
59680162B44242102017414,Ihiala,Anambra,South East,5.842,6.858,21736,0,9.724,-1.96,8.7,9.248,14.5,Basso,1891,65.188,99.0,2.139,27.705,98.136,58.49,2.26,0,55.987,2.858,99.0,36.571
59680162B44253410475450,Ilaje,Ondo,South West,6.186,4.77,34274,1,3.833,-0.74,5.522,4.245,9.2,Basso,1893,47.98,98.835,0.2,37.525,90.232,99.0,7.624,1,45.185,0.0,99.0,16.943
59680162B44584437839531,Etim Ekpo,Akwa Ibom,South South,4.958,7.564,14158,1,15.913,-2.61,10.676,7.315,17.8,Basso,1511,48.625,99.0,0.554,29.513,80.911,77.494,8.662,0,64.469,0.0,80.784,30.161
59680162B44599338364171,Karaye,Kano,North West,11.759,7.979,29432,1,47.102,2.77,40.572,40.783,67.6,Medio,11941,75.773,46.56,4.462,61.811,38.616,59.736,39.469,1,63.126,24.758,50.063,46.693
59680162B44643250914735,Udenu,Enugu,South East,6.881,7.56,29458,0,17.066,-1.15,14.567,18.203,24.3,Basso,4291,69.786,81.047,0.2,20.828,62.496,78.515,22.892,0,33.588,5.491,74.496,14.625
59680162B44675208679717,Nasarawa Egon,Nasarawa,North Central,8.724,8.422,5899,0,33.041,2.08,31.093,31.972,51.8,Medio,1834,76.187,59.156,2.68,55.07,34.576,55.631,25.706,2,40.498,9.162,84.596,19.567
59680162B44758551949173,Katagum,Bauchi,North East,11.655,10.349,48740,0,40.815,1.84,43.265,40.504,72.1,Alto,21087,87.295,62.334,3.929,51.322,33.523,62.886,26.442,7,57.433,19.052,60.143,18.014
59680162B44850901768514,Orsu,Imo,South East,5.856,6.989,16549,0,14.898,-0.01,9.425,11.215,15.7,Basso,1560,65.734,93.074,3.004,24.739,80.763,75.241,3.925,1,34.061,0.0,99.0,10.818
59680162B45171834970391,Olamaboro,Kogi,North Central,7.178,7.491,12020,1,13.64,-3.0,16.999,15.208,28.3,Basso,2043,65.698,90.619,2.961,43.065,76.732,75.659,1.492,0,55.718,5.89,66.572,23.087
59680162B45442733436767,Aleiro,Kebbi,North West,12.318,4.448,42881,0,44.686,4.77,43.056,44.418,71.8,Alto,18463,90.841,42.172,2.42,67.252,30.827,41.115,16.319,2,68.127,27.354,48.362,29.729
59680162B45761287530482,Demsa,Adamawa,North East,9.413,12.106,100660,0,50.233,2.28,42.375,45.273,70.6,Alto,42655,75.905,30.874,4.184,52.436,22.283,40.296,21.603,5,62.638,23.04,66.299,20.407
59680162B45761990386675,Mashegu,Niger,North Central,9.836,5.253,74057,1,17.017,1.52,15.411,19.404,25.7,Basso,11413,50.138,75.839,1.392,37.577,58.792,66.779,10.787,6,38.872,11.031,89.803,30.756
59680162B46130456424051,Potiskum,Yobe,North East,11.685,11.143,42336,0,55.211,1.09,45.817,46.053,76.4,Alto,19397,87.612,43.101,2.98,60.826,27.509,49.896,24.391,5,78.521,25.645,54.816,18.449
59680162B46174350236230,Warri South-West,Delta,South South,5.507,5.348,34795,0,16.682,-0.21,14.932,17.949,24.9,Basso,5196,61.193,78.677,0.715,24.934,53.971,63.124,13.434,1,47.016,0.0,68.724,35.894
59680162B46179290363212,Umu-Nneochi,Abia,South East,5.959,7.392,49222,1,8.19,-0.22,3.253,6.641,5.4,Basso,1601,49.898,99.0,1.175,36.765,73.199,74.784,3.328,0,52.076,0.0,99.0,33.56
59680162B46182656305392,Kanke,Plateau,North Central,9.365,9.654,59706,1,12.424,1.33,19.502,18.205,32.5,Basso,11644,49.246,70.01,0.2,38.064,63.775,73.038,18.01,2,53.605,5.954,74.366,29.847
59680162B46226733150895,Oju,Benue,North Central,6.874,8.323,34454,0,23.547,0.75,25.199,26.554,42.0,Medio,8682,72.365,62.287,4.159,34.192,55.752,60.254,18.002,3,54.272,0.0,75.946,37.117
59680162B46296414727789,Ifako/Ijaye,Lagos,South West,6.666,3.313,36572,1,9.665,-1.21,5.101,7.405,8.5,Basso,1866,59.128,96.292,1.398,32.839,94.236,86.997,9.616,1,45.435,0.0,99.0,24.846
59680162B46313771844948,Toungo,Adamawa,North East,7.933,11.789,63247,0,55.384,0.11,42.86,45.44,71.4,Alto,27108,89.121,23.023,2.041,64.171,27.383,47.382,27.799,2,66.818,14.671,63.132,18.224
59680162B46396512293260,Baruten,Kwara,North Central,9.386,3.441,32147,0,37.171,-0.17,27.315,29.982,45.5,Medio,8781,66.763,72.134,3.472,47.087,58.951,72.735,26.774,4,53.068,20.788,63.482,32.808
59680162B46455483877403,Bunkure,Kano,North West,11.669,8.548,23686,0,45.834,1.14,47.691,49.281,79.5,Alto,11296,91.459,34.784,5.142,69.091,30.744,48.729,32.975,2,48.716,26.339,41.018,21.08
59680162B46550202368720,Obubra,Cross River,South South,6.002,8.383,30158,1,8.707,-2.05,11.224,6.985,18.7,Basso,3385,50.081,99.0,0.2,45.302,71.525,99.0,13.192,0,61.311,0.0,98.484,28.542
59680162B46553103488347,Rimin Gado,Kano,North West,11.925,8.332,57923,0,46.567,2.33,47.647,48.812,79.4,Alto,27598,98.446,24.692,3.786,49.722,44.564,48.524,23.798,0,64.574,32.284,28.059,27.072
59680162B4656907626813,Ezeagu,Enugu,South East,6.41,7.243,6703,0,5.671,-0.65,10.348,11.327,17.2,Basso,694,61.777,99.0,0.2,35.986,80.707,67.225,8.925,0,37.018,0.0,68.711,28.626
59680162B46612932493253,Albasu,Kano,North West,11.646,9.04,55275,0,48.019,-1.04,48.95,46.384,81.6,Alto,27057,93.255,34.463,3.833,53.935,51.757,30.345,45.05,0,52.923,25.735,67.419,18.1
59680162B46774046834533,Ekiti South-West,Ekiti,South West,7.528,5.039,17738,1,0.8,0.68,5.072,4.416,8.5,Basso,900,58.41,98.349,0.2,30.334,88.696,95.273,0.5,0,34.069,0.0,89.31,22.57
59680162B46802984315739,Opobo/Nkoro,Rivers,South South,4.531,7.494,79625,0,23.427,0.54,14.033,17.344,23.4,Basso,11174,75.674,94.291,2.981,44.387,78.818,58.513,4.811,0,60.129,2.337,74.687,35.032
59680162B46902450612836,Tofa,Kano,North West,12.025,8.342,58697,1,38.082,2.69,41.194,39.193,68.7,Alto,24179,80.811,56.79,2.198,72.23,32.019,42.034,23.515,0,68.654,39.154,70.599,57.558
59680162B46910461063287,Ukwa West,Abia,South East,4.972,7.262,24465,1,9.413,-1.07,5.322,5.965,8.9,Basso,1302,56.611,96.924,0.2,30.692,71.376,99.0,0.5,1,56.543,0.0,99.0,25.661
59680162B46976557303871,Bunza,Kebbi,North West,12.21,3.963,11487,0,48.23,1.06,46.242,43.836,77.1,Alto,5312,79.716,39.119,2.63,64.831,7.697,58.715,33.162,2,64.427,19.16,61.77,18.18
59680162B47044873054392,Guma,Benue,North Central,7.868,8.668,14681,0,30.097,-0.4,23.516,24.313,39.2,Basso,3452,66.302,66.067,4.132,38.211,73.025,95.017,22.799,2,49.491,2.394,46.959,22.073
59680162B47068494760958,Yagba East,Kogi,North Central,8.136,5.723,100461,0,31.125,0.74,26.597,26.725,44.3,Medio,26719,74.564,73.662,3.167,43.56,58.223,63.134,18.287,2,39.778,10.315,72.661,15.685
59680162B47259322211203,Ede North,Osun,South West,7.717,4.487,17013,1,6.257,-2.48,4.082,6.125,6.8,Basso,695,65.568,99.0,0.61,25.556,84.168,93.689,11.189,0,45.571,0.0,99.0,50.542
59680162B47339407576735,Yamaltu/Deba,Gombe,North East,10.307,11.404,20952,0,50.902,0.47,48.361,47.291,80.6,Alto,10133,94.216,33.948,4.069,47.312,66.201,51.688,26.23,3,62.335,40.998,46.043,10.331
59680162B4745386112936,Ikwuano,Abia,South East,5.397,7.568,44130,1,10.105,-0.87,9.68,10.104,16.1,Basso,4272,57.635,85.171,1.651,38.688,81.407,96.583,7.225,1,25.096,3.703,94.288,19.626
59680162B47761767082139,Soba,Kaduna,North West,10.956,8.031,13670,1,43.028,3.27,40.618,40.465,67.7,Medio,5553,65.515,37.496,3.143,56.533,30.507,51.046,20.929,3,68.863,29.848,59.873,18.257
59680162B47779539071975,Yauri,Kebbi,North West,10.768,4.722,37404,0,44.949,1.54,46.811,43.982,78.0,Alto,17509,86.007,18.281,3.856,65.36,70.46,39.058,19.226,0,59.398,33.614,71.229,19.52
59680162B47841916602322,Ikeduru,Imo,South East,5.554,7.146,87886,1,7.007,-3.0,4.441,4.435,7.4,Basso,3903,48.47,99.0,0.679,26.079,86.327,89.729,4.126,0,47.913,0.0,89.722,21.869
59680162B47985033068277,Boripe,Osun,South West,7.895,4.708,6232,0,17.382,1.55,12.433,15.589,20.7,Basso,775,62.96,75.749,3.155,31.356,68.798,92.743,5.475,0,49.085,0.0,71.009,24.729
59680162B48034518845808,Sakaba,Kebbi,North West,11.176,5.545,118422,0,45.411,0.78,49.525,49.047,82.5,Alto,58648,74.929,40.084,4.429,71.956,37.59,27.264,41.101,1,60.687,32.586,32.901,36.922
59680162B4821538642969,Ejigbo,Osun,South West,7.84,4.219,31166,1,5.172,-1.96,5.795,4.882,9.7,Basso,1806,53.826,93.937,0.543,26.711,92.561,99.0,1.729,2,47.328,0.42,98.925,23.297
59680162B48237076936000,Riyom,Plateau,North Central,9.586,8.714,9983,1,15.601,0.64,22.389,20.527,37.3,Basso,2235,67.542,68.381,0.638,40.287,66.232,74.212,15.273,1,69.993,0.0,70.078,19.195
59680162B48244867814587,Ola Oluwa,Osun,South West,7.729,4.233,91923,1,10.481,-3.0,8.578,7.13,14.3,Basso,7885,64.837,99.0,1.921,41.483,85.993,99.0,0.5,0,32.173,5.257,99.0,30.593
59680162B48318677941344,Sabon Birni,Sokoto,North West,13.526,6.232,31922,1,37.065,-0.4,39.926,35.713,66.5,Medio,12745,77.086,55.452,2.147,63.767,40.577,72.349,18.649,0,52.418,41.266,71.828,13.949
59680162B48458945930175,Oron,Akwa Ibom,South South,4.87,8.236,28734,1,3.903,1.74,13.464,10.132,22.4,Basso,3869,48.236,91.166,1.927,32.032,80.007,71.367,9.231,0,73.106,0.0,86.179,26.061
59680162B48603200461333,Okehi,Kogi,North Central,7.727,6.35,41253,1,26.91,-2.24,22.736,18.264,37.9,Basso,9379,66.617,69.986,0.2,50.2,39.944,99.0,14.88,2,36.84,0.0,99.0,19.426
59680162B48615386953659,Ovia North-East,Edo,South South,6.396,5.503,13954,0,17.77,-1.92,18.061,18.691,30.1,Basso,2520,70.061,78.901,2.071,35.723,66.322,74.027,13.023,1,57.936,0.0,79.759,28.589
59680162B48786148420785,Tafawa-Balewa,Bauchi,North East,9.836,9.594,55855,0,41.928,0.47,40.929,43.646,68.2,Alto,22861,92.137,57.015,4.028,47.559,41.094,21.993,19.221,4,57.679,30.795,60.006,19.007
59680162B49050440888294,Ilorin East,Kwara,North Central,8.609,4.826,24244,0,27.443,-0.42,31.85,29.454,53.1,Medio,7722,78.073,66.701,4.213,37.632,50.315,41.376,20.955,0,56.678,7.274,78.8,12.977
59680162B49213136576829,Shagamu,Ogun,South West,6.788,3.576,16238,1,7.231,-1.06,7.558,9.146,12.6,Basso,1227,42.009,86.907,0.2,44.841,68.19,95.23,0.5,1,29.82,18.639,99.0,29.143
59680162B49286325204061,Aninri,Enugu,South East,6.054,7.599,32058,1,5.791,-3.0,3.743,6.462,6.2,Basso,1200,56.337,99.0,0.2,50.534,78.082,99.0,1.598,1,30.899,0.0,86.508,34.43
59680162B49362321791702,Nembe,Bayelsa,South South,4.512,6.288,37580,0,19.188,-1.88,17.16,16.003,28.6,Basso,6449,64.119,76.668,3.513,36.694,80.632,65.652,0.5,1,55.065,0.0,88.262,26.361
59680162B49393703134220,Michika,Adamawa,North East,10.583,13.393,44847,1,48.86,1.58,43.553,40.669,72.6,Alto,19532,85.117,49.034,5.047,52.258,66.339,60.078,9.364,9,69.716,24.018,49.349,14.833
59680162B49614598703533,Chanchaga,Niger,North Central,9.611,6.54,28936,0,26.158,-0.79,27.926,26.226,46.5,Medio,8081,66.207,62.373,3.735,47.029,58.786,79.918,17.592,3,57.61,10.009,82.217,26.388
59680162B49809531314946,Rafi,Niger,North Central,10.201,6.222,68048,0,31.25,0.12,25.19,28.538,42.0,Medio,17142,81.687,71.933,3.275,48.4,42.284,51.792,5.642,0,48.038,6.591,48.387,28.109
59680162B50176982462081,Kankia,Katsina,North West,12.43,7.795,43656,0,53.217,4.31,48.69,46.378,81.2,Alto,21256,92.101,34.755,5.064,48.834,40.564,62.12,29.39,2,64.776,27.448,41.147,21.385
59680162B50201894093674,Zaria,Kaduna,North West,11.025,7.653,48784,1,38.019,1.48,38.731,37.317,64.6,Medio,18895,84.868,50.27,2.556,65.704,49.931,56.993,23.449,0,73.613,20.95,52.056,29.721
59680162B50359341822283,Odogbolu,Ogun,South West,6.792,3.765,43587,0,14.467,-2.7,10.029,12.626,16.7,Basso,4371,52.322,85.662,1.543,59.605,62.62,78.467,7.481,0,45.297,0.0,99.0,37.481
59680162B50421987640425,Mbo,Akwa Ibom,South South,4.654,8.242,115179,1,13.933,-0.57,10.836,10.447,18.1,Basso,12481,63.649,93.471,1.628,41.277,85.821,91.717,8.243,0,74.835,0.0,90.423,31.168
59680162B50452180674611,Charanchi,Katsina,North West,12.56,7.671,34599,1,41.049,0.92,35.459,36.235,59.1,Medio,12269,69.972,49.29,3.983,69.157,75.268,68.684,25.53,0,55.635,35.507,46.83,20.311
59680162B50576086706147,Bende,Abia,South East,5.638,7.572,20263,0,0.8,-1.2,10.826,8.572,18.0,Basso,2194,58.922,93.244,0.2,23.563,79.148,77.165,5.668,0,44.679,0.0,88.542,31.522
59680162B50724647943907,Lagelu,Oyo,South West,7.522,4.082,34577,1,5.86,-2.99,3.326,6.781,5.5,Basso,1150,49.14,87.813,2.314,40.361,99.0,99.0,5.146,1,52.085,0.0,99.0,16.706
59680162B50771081897552,Ezinihitte,Imo,South East,5.469,7.318,32923,1,0.8,-0.46,4.348,5.691,7.2,Basso,1431,65.447,99.0,0.2,24.611,86.984,96.198,0.5,1,42.907,0.0,94.29,20.889
59680162B50777093344409,Konshisha,Benue,North Central,7.042,8.695,58529,1,20.996,-0.64,19.64,20.383,32.7,Basso,11495,62.436,81.545,1.547,59.56,53.305,85.762,16.517,2,57.191,12.559,96.383,17.808
59680162B50827827535662,Calabar South,Cross River,South South,4.915,8.294,43671,0,25.807,-2.82,20.28,19.596,33.8,Basso,8857,77.752,88.771,0.2,30.991,56.971,34.957,12.691,1,57.057,0.0,99.0,13.548
59680162B51019344443676,Ika South,Delta,South South,6.191,6.143,46264,1,11.378,-0.42,11.889,13.473,19.8,Basso,5501,59.82,94.99,1.891,41.595,74.905,70.028,17.595,1,55.518,0.0,89.664,29.245
59680162B51317919954642,Oredo,Edo,South South,6.233,5.564,15738,0,21.239,1.37,19.203,21.687,32.0,Basso,3022,72.716,82.11,2.802,42.448,75.875,59.794,15.193,0,67.949,9.794,76.938,30.639
59680162B51331479839153,Ajeromi/Ifelodun,Lagos,South West,6.457,3.336,38452,1,7.422,-3.0,4.119,1.927,6.9,Basso,1584,43.174,98.553,0.2,33.996,87.144,99.0,9.141,0,38.491,0.0,99.0,48.72
59680162B51390103580898,Minjibir,Kano,North West,12.194,8.614,27779,0,42.868,1.64,44.072,42.744,73.5,Alto,12243,92.193,49.884,2.919,50.419,22.503,53.074,24.347,0,42.219,31.416,46.782,15.586
59680162B51512347513243,Musawa,Katsina,North West,12.11,7.709,39695,0,54.092,-0.07,52.349,52.179,87.2,Alto,20780,95.37,33.727,4.296,65.566,33.084,39.554,28.242,0,66.775,51.145,54.172,17.301
59680162B51570410917379,Garko,Kano,North West,11.565,8.837,86831,0,42.892,3.47,47.515,45.938,79.2,Alto,41258,71.799,17.985,3.823,60.767,39.141,14.058,18.332,0,61.397,20.606,39.428,17.227
59680162B51611927546147,Kontagora,Niger,North Central,10.434,5.515,39456,1,5.635,-1.35,14.734,16.827,24.6,Basso,5813,62.982,71.362,2.002,47.971,54.053,95.609,8.881,0,62.41,0.0,81.235,39.536
59680162B51712615582520,Ijero,Ekiti,South West,7.846,5.029,42701,1,10.372,2.42,5.033,9.118,8.4,Basso,2149,59.918,89.387,1.589,36.125,73.007,98.706,14.093,0,25.118,0.0,99.0,31.2
59680162B51925471610757,Faskari,Katsina,North West,11.714,7.099,63886,0,36.82,0.67,46.117,44.586,76.9,Alto,29462,86.312,38.938,4.709,60.086,43.756,46.21,28.113,1,79.161,30.587,66.059,24.418
59680162B5199404243189,Kalgo,Kebbi,North West,12.384,4.047,49570,0,43.323,-0.48,42.023,42.492,70.0,Alto,20831,92.527,51.399,7.449,40.317,43.439,40.082,21.302,0,51.737,23.473,42.319,14.187
59680162B52281011363885,Gada,Sokoto,North West,13.686,5.712,39674,0,45.219,1.07,45.429,48.708,75.7,Alto,18023,82.592,30.271,4.471,64.467,27.281,35.37,33.336,1,72.878,22.942,44.937,15.798
59680162B52609098277437,Ringim,Jigawa,North West,12.166,9.11,28620,1,30.359,4.56,43.709,36.756,72.8,Alto,12509,79.673,46.14,1.73,55.848,65.454,70.63,26.632,0,73.472,33.696,54.137,16.116
59680162B52658055469559,Malam Madori,Jigawa,North West,12.524,9.938,44457,0,63.306,5.29,46.487,48.929,77.5,Alto,20667,81.165,33.451,4.842,69.376,31.684,48.429,27.897,3,71.94,35.053,42.621,44.142
59680162B52775693188226,Oyigbo,Rivers,South South,4.832,7.325,37728,1,11.235,1.15,11.301,11.375,18.8,Basso,4263,54.088,97.624,0.2,41.673,68.861,68.287,18.234,1,61.815,0.0,94.071,40.012
59680162B53064832422435,Irele,Ondo,South West,6.508,4.999,31885,0,8.531,-2.06,9.516,10.851,15.9,Basso,3034,70.072,96.092,1.379,26.586,82.083,96.488,17.582,0,33.494,0.0,84.531,31.942
59680162B53080807091718,Shendam,Plateau,North Central,8.743,9.519,41187,0,31.033,0.48,26.5,29.219,44.2,Medio,10915,74.812,64.596,4.676,52.779,54.515,73.431,23.405,4,40.308,9.508,89.362,28.608
59680162B53104406185271,Ikorodu,Lagos,South West,6.6,3.594,14970,0,14.783,-1.19,11.945,14.493,19.9,Basso,1788,69.525,87.336,2.169,47.163,65.834,94.696,0.5,0,45.913,9.779,90.235,36.446
59680162B53120698145103,Oru West,Imo,South East,5.735,6.878,24416,0,10.507,-3.0,11.271,12.252,18.8,Basso,2752,70.557,96.815,2.129,22.231,75.708,62.998,1.036,0,39.124,0.0,72.756,38.225
59680162B53174064204838,Rogo,Kano,North West,11.509,7.853,90313,0,45.998,1.27,46.63,48.852,77.7,Alto,42113,91.254,29.528,4.665,55.181,58.639,47.877,22.567,2,66.568,41.909,42.735,12.943
59680162B53208862785263,Kaita,Katsina,North West,13.184,7.794,90815,0,50.566,1.01,46.988,51.473,78.3,Alto,42672,95.37,37.195,5.373,75.95,37.666,20.441,22.539,1,66.826,38.188,53.41,20.729
59680162B53228015633193,Tangaza,Sokoto,North West,13.479,4.97,26088,0,44.213,2.9,47.931,44.341,79.9,Alto,12504,81.885,32.039,3.231,63.248,33.627,43.128,33.635,0,66.436,18.309,48.564,23.334
59680162B53329994117155,Aba North,Abia,South East,5.108,7.34,60384,1,10.876,-2.74,7.921,9.788,13.2,Basso,4783,56.313,73.693,0.2,28.428,99.0,99.0,13.306,1,53.706,3.163,99.0,28.635
59680162B53652676960042,Gbonyin,Ekiti,South West,7.588,5.497,18331,0,22.896,-0.22,17.392,14.862,29.0,Basso,3188,65.837,79.178,3.051,33.454,71.81,87.861,13.952,0,36.559,0.0,94.409,24.091
59680162B537197556674,Atiba,Oyo,South West,8.041,3.904,51886,1,5.713,-3.0,4.016,4.584,6.7,Basso,2083,57.186,99.0,0.383,30.689,82.996,99.0,0.5,1,44.949,0.0,99.0,26.428
59680162B53764009147535,Ogun Waterside,Ogun,South West,6.48,4.378,45417,0,22.333,-0.95,12.433,15.456,20.7,Basso,5646,60.208,73.566,1.636,34.984,64.057,82.443,12.381,2,32.456,0.0,99.0,33.23
59680162B53803782710688,Talata Mafara,Zamfara,North West,12.398,6.082,24725,0,42.68,1.56,43.498,44.74,72.5,Alto,10755,90.69,42.118,2.039,86.583,33.95,43.2,27.42,2,73.036,21.599,62.866,30.603
59680162B54095353953704,Kibiya,Kano,North West,11.495,8.696,67157,0,51.847,0.34,48.828,47.271,81.4,Alto,32792,98.315,36.775,4.041,62.918,50.442,26.492,37.381,0,79.7,24.866,68.677,22.847
59680162B54185205976265,Jama'Are,Bauchi,North East,11.652,9.889,10125,0,42.212,3.04,45.177,44.259,75.3,Alto,4574,82.736,35.844,5.064,56.437,49.811,51.775,26.668,4,70.983,19.344,49.134,14.485
59680162B54275853767873,Akoko-Edo,Edo,South South,7.352,6.125,32485,1,7.388,-2.22,8.434,11.17,14.1,Basso,2740,59.056,72.907,0.2,42.53,84.074,99.0,1.067,1,60.963,0.0,78.987,47.815
59680162B54301811333050,Ifelodun,Osun,South West,7.929,4.637,20895,1,0.8,-1.49,1.141,2.321,1.9,Basso,238,49.744,98.601,0.2,42.773,99.0,99.0,4.535,0,29.424,0.0,99.0,27.642
59680162B54313559089261,Alimosho,Lagos,South West,6.582,3.254,45561,0,10.463,0.05,11.553,11.571,19.3,Basso,5264,68.636,93.692,0.2,32.375,99.0,82.449,8.95,0,39.615,8.106,76.704,27.653
59680162B54356159238049,Orumba North,Anambra,South East,6.124,7.163,26040,1,9.281,-2.44,5.176,5.47,8.6,Basso,1348,57.801,95.898,2.052,36.517,97.862,99.0,0.66,0,31.252,6.105,99.0,23.503
59680162B54666922464494,Sandamu,Katsina,North West,12.933,8.406,18061,0,47.211,2.66,47.694,45.334,79.5,Alto,8614,78.535,50.562,3.803,63.662,32.423,61.508,32.969,1,51.624,44.207,39.023,17.873
59680162B54887547034560,Emure,Ekiti,South West,7.406,5.502,61464,1,13.127,-0.7,7.676,9.608,12.8,Basso,4718,55.734,82.919,1.441,49.83,76.695,99.0,0.5,0,45.006,0.0,90.868,23.221
59680162B54897023187709,Orelope,Oyo,South West,8.782,3.789,15316,1,1.471,-0.54,5.42,7.592,9.0,Basso,830,50.517,99.0,2.421,50.857,76.091,80.158,0.5,0,53.855,0.0,99.0,25.407
59680162B54973397451304,Remo North,Ogun,South West,7.004,3.72,25521,1,7.257,-1.07,8.192,10.687,13.7,Basso,2091,54.528,89.977,0.593,31.679,75.853,91.345,18.229,0,52.178,7.72,99.0,21.788
59680162B54988677972163,Jibia,Katsina,North West,12.988,7.468,67432,0,54.264,2.47,50.561,48.304,84.3,Alto,34094,88.131,33.656,4.782,60.176,36.583,40.954,30.389,1,70.22,33.997,58.624,14.926
59680162B55022918372626,Kabo,Kano,North West,11.891,8.182,76987,1,43.015,0.56,42.771,42.907,71.3,Alto,32928,89.395,51.177,4.17,62.184,45.332,31.859,21.225,3,80.23,20.109,48.794,18.124
59680162B55124041708975,Dass,Bauchi,North East,10.008,9.474,53950,1,34.863,1.34,37.481,34.476,62.5,Medio,20221,69.766,54.098,3.368,49.332,58.888,53.739,22.529,3,62.101,20.807,56.888,13.332
59680162B55239717258244,Zurmi,Zamfara,North West,12.857,6.76,36835,0,49.283,2.98,47.464,44.183,79.1,Alto,17483,82.046,36.839,5.171,65.694,38.549,50.13,33.871,1,73.108,19.02,61.023,16.337
59680162B5525087107293,Oyun,Kwara,North Central,8.184,4.631,57764,0,29.907,-1.15,29.185,26.881,48.6,Medio,16859,72.3,63.465,3.456,35.174,54.285,61.266,13.019,0,60.367,0.0,45.492,14.67
59680162B5540117047510,Okitipupa,Ondo,South West,6.565,4.73,35536,0,20.319,-0.0,15.067,14.327,25.1,Basso,5354,65.026,84.699,1.58,33.367,70.403,95.989,12.138,0,27.353,12.803,93.636,24.961
59680162B55504856664882,Fakai,Kebbi,North West,11.538,4.822,36954,0,39.203,-0.63,40.601,40.29,67.7,Medio,15004,87.948,47.148,1.603,52.193,31.392,42.952,23.701,0,66.236,24.018,59.745,16.714
59680162B55690925628014,Efon,Ekiti,South West,7.677,4.944,153401,1,10.409,0.25,10.208,9.951,17.0,Basso,15660,49.974,93.256,0.258,52.451,88.297,84.636,14.855,1,27.413,0.0,77.914,25.169
59680162B5579026585541,Madobi,Kano,North West,11.815,8.341,83521,1,40.852,-2.04,42.95,43.94,71.6,Alto,35872,87.808,52.674,1.997,79.62,29.36,48.807,18.224,1,54.07,44.896,57.223,15.734
59680162B55799213409467,Akamkpa,Cross River,South South,5.382,8.531,115096,1,12.32,-2.34,10.637,14.442,17.7,Basso,12243,64.937,93.484,0.2,60.154,60.543,63.091,7.433,0,66.884,0.0,99.0,26.273
59680162B56106136996502,Magumeri,Borno,North East,12.216,12.697,26336,0,38.941,0.31,45.862,43.982,76.4,Alto,12078,84.314,40.826,2.948,57.686,49.317,20.855,21.172,5,70.159,24.318,67.185,21.916
59680162B56433787774877,Ika North East,Delta,South South,6.236,6.32,35865,1,11.186,-1.32,11.256,11.829,18.8,Basso,4037,50.562,92.487,0.2,30.995,61.799,98.061,3.521,2,63.86,19.078,92.211,23.982
59680162B56562801938729,Bodinga,Sokoto,North West,12.804,5.176,26576,0,51.002,4.23,47.481,48.384,79.1,Alto,12618,89.983,48.213,5.668,67.327,7.5,49.496,35.132,0,57.152,34.766,61.066,16.203
59680162B56865757670534,Dala,Kano,North West,12.03,8.49,68852,0,55.448,2.63,50.738,48.215,84.6,Alto,34934,88.254,32.349,5.187,46.013,18.013,39.251,39.982,1,54.364,30.072,71.408,28.414
59680162B56866992006033,Akoko North West,Ondo,South West,7.658,5.815,28585,1,7.177,-0.89,6.198,8.762,10.3,Basso,1772,62.726,99.0,0.328,46.192,84.182,80.948,0.5,0,26.627,0.0,72.129,19.884
59680162B56887411771488,Ahiazu-Mbaise,Imo,South East,5.552,7.271,61455,0,14.851,-0.68,9.43,11.988,15.7,Basso,5795,57.635,82.017,1.424,30.464,67.067,89.184,1.83,0,62.285,5.241,95.695,31.078
59680162B5704166644463,Ibarapa East,Oyo,South West,7.595,3.48,26326,1,9.617,-2.72,10.755,11.374,17.9,Basso,2831,63.988,77.657,0.2,46.841,75.392,91.04,3.685,0,42.978,2.476,99.0,34.344
59680162B57364751970918,Lamurde,Adamawa,North East,9.557,11.708,86232,0,50.652,2.19,49.673,52.076,82.8,Alto,42834,92.243,26.857,4.562,54.278,18.613,40.418,33.434,1,74.033,28.618,34.769,27.376
59680162B57621312639176,Dukku,Gombe,North East,10.769,10.887,39162,0,49.95,0.85,48.449,49.176,80.7,Alto,18974,93.213,45.615,4.632,73.58,34.819,57.251,28.867,8,74.288,23.5,46.763,34.08
59680162B5781056238943,Apapa,Lagos,South West,6.439,3.376,29468,1,10.538,0.19,12.321,10.744,20.5,Basso,3631,54.705,92.132,0.654,45.695,60.947,85.145,8.809,1,29.544,0.0,89.678,24.251
59680162B58427071840888,Uvwie,Delta,South South,5.574,5.783,124314,0,16.312,-1.17,18.289,15.732,30.5,Basso,22735,60.107,83.365,1.177,31.847,85.115,59.639,15.1,3,54.94,0.0,93.075,31.669
59680162B58622494857171,Ovia South-West,Edo,South South,6.47,5.299,9814,0,15.179,1.67,20.897,16.854,34.8,Basso,2051,47.024,82.218,2.075,25.414,62.383,68.055,18.5,2,37.964,3.142,69.248,19.634
59680162B58679994750141,Bagwai,Kano,North West,12.107,8.12,15906,0,40.533,1.99,45.405,44.955,75.7,Alto,7222,79.418,45.443,2.464,42.206,37.201,32.696,29.233,2,71.596,42.773,51.477,27.15
59680162B58812788921078,Moba,Ekiti,South West,7.99,5.139,21954,1,17.322,-0.3,8.354,10.14,13.9,Basso,1834,70.607,99.0,0.388,44.89,96.132,99.0,0.5,3,37.732,14.917,98.235,29.764
59680162B58958286313368,Akpabuyo,Cross River,South South,4.951,8.531,44719,1,2.825,-0.45,12.528,10.599,20.9,Basso,5603,63.718,99.0,0.211,21.697,74.565,99.0,13.296,3,63.684,0.0,81.442,23.548
59680162B59054541310664,Calabar Municipal,Cross River,South South,5.005,8.332,12441,1,7.592,-3.0,11.374,10.832,19.0,Basso,1415,67.401,88.937,1.506,49.757,98.8,99.0,12.579,0,45.313,0.0,86.881,19.342
59680162B59256397716169,Malumfashi,Katsina,North West,11.861,7.752,60350,0,54.996,2.19,54.009,55.021,90.0,Alto,32594,93.131,22.511,4.826,59.58,31.073,32.763,38.249,3,56.098,47.571,70.902,24.557
59680162B59329233871626,Akuku Toru,Rivers,South South,4.57,6.629,46243,1,17.959,-2.37,13.98,14.834,23.3,Basso,6465,61.582,99.0,2.805,36.767,71.802,88.762,15.013,1,69.868,14.172,90.119,25.081
59680162B59497895637604,Onitsha South,Anambra,South East,6.141,6.774,33781,0,5.54,-0.02,9.717,9.381,16.2,Basso,3283,69.361,92.83,2.211,14.0,89.854,78.191,0.5,1,43.609,0.0,94.355,26.668
59680162B59525703418999,Asa,Kwara,North Central,8.442,4.388,34237,1,22.987,-0.79,19.234,19.604,32.1,Basso,6585,68.802,74.512,4.17,44.1,53.506,99.0,0.5,3,54.882,0.0,65.367,33.058
59680162B5954014037791,Ardo-Kola,Taraba,North East,8.847,11.151,21175,0,39.768,3.88,41.058,38.637,68.4,Alto,8694,88.474,49.508,1.605,68.306,32.726,66.7,13.733,2,74.706,6.496,26.753,12.632
59680162B59567965419701,Orolu,Osun,South West,7.89,4.464,76744,0,4.669,-1.65,11.096,10.641,18.5,Basso,8515,68.404,95.867,1.956,39.479,76.196,99.0,9.848,0,34.311,0.287,96.508,21.434
59680162B59717618896779,Olorunsogo,Oyo,South West,8.738,4.043,49433,1,7.552,-2.85,5.844,3.96,9.7,Basso,2889,49.602,93.443,0.2,17.25,81.296,99.0,0.5,1,57.893,0.0,99.0,20.766
59680162B59739898555342,Mbatoli,Imo,South East,5.586,7.022,52347,1,0.8,-1.78,4.751,5.251,7.9,Basso,2487,49.025,99.0,0.2,26.857,73.662,87.077,1.988,3,32.569,0.0,99.0,34.147
59680162B5974853059370,Ife South,Osun,South West,7.196,4.577,6586,1,0.8,-0.3,6.27,6.085,10.5,Basso,413,64.688,99.0,0.479,44.106,81.576,99.0,0.5,0,40.661,0.0,98.745,25.988
59680162B59976260592487,Mani,Katsina,North West,12.907,7.933,36938,1,43.43,1.23,42.527,41.887,70.9,Alto,15708,86.37,44.84,2.99,62.256,42.439,60.842,20.704,0,76.233,46.694,60.009,45.75
59680162B60046857326615,Ile Oluji/Okeigbo,Ondo,South West,7.239,4.888,28560,0,12.241,-0.68,11.057,11.927,18.4,Basso,3158,49.536,92.045,0.887,34.967,71.642,51.654,13.17,0,56.196,0.0,99.0,21.675
59680162B6009908161486,Kosofe,Lagos,South West,6.587,3.392,20581,1,4.838,0.09,4.651,7.479,7.8,Basso,957,53.363,99.0,1.434,38.196,87.908,78.203,8.178,1,31.431,2.654,92.027,36.662
59680162B60219664923389,Gokana,Rivers,South South,4.635,7.28,19575,1,14.83,-0.9,12.283,13.072,20.5,Basso,2404,53.468,90.572,1.811,37.777,83.857,87.962,15.846,3,53.353,6.372,89.995,18.071
59680162B60349541451220,Dutsi,Katsina,North West,12.917,8.157,70495,0,45.161,0.86,52.061,51.002,86.8,Alto,36700,80.245,31.756,4.605,66.755,31.132,40.042,24.212,2,78.426,39.432,34.753,11.546
59680162B60516342630503,Dutsin Ma,Katsina,North West,12.409,7.527,18080,0,49.525,-0.63,46.351,49.324,77.3,Alto,8380,86.074,28.279,4.281,81.21,44.213,41.892,33.335,2,55.556,24.953,43.644,14.001
59680162B60568566930973,Zing,Taraba,North East,8.872,11.739,28550,0,48.71,2.65,47.132,43.507,78.6,Alto,13456,81.359,39.488,4.834,61.991,29.226,60.038,15.128,2,63.683,23.686,36.11,12.803
59680162B60638866528984,Kirfi,Bauchi,North East,10.452,10.519,18046,0,51.425,3.07,46.964,44.384,78.3,Alto,8475,96.439,49.604,2.722,62.248,29.09,75.962,25.458,3,86.176,30.822,55.688,17.534
59680162B60875368726655,Sanga,Kaduna,North West,9.246,8.459,23160,0,44.422,0.58,47.432,47.716,79.1,Alto,10985,83.15,29.131,5.236,65.336,35.535,49.483,33.549,0,61.368,32.018,53.746,18.053
59680162B6096372749080,Barkin Ladi,Plateau,North Central,9.535,8.94,29609,0,34.516,0.22,28.898,31.537,48.2,Medio,8556,74.102,55.235,3.451,56.117,45.199,57.945,20.779,3,59.073,0.0,65.875,34.531
59680162B61002782115608,Yusufari,Yobe,North East,13.163,10.508,25785,0,47.815,-0.2,47.047,46.708,78.4,Alto,12131,87.479,48.552,4.703,54.257,29.605,67.931,25.994,5,82.754,37.841,52.864,20.538
59680162B61092998371306,Alkaleri,Bauchi,North East,9.868,10.394,21600,0,49.097,1.68,49.096,47.116,81.8,Alto,10605,89.185,36.604,4.178,56.689,40.254,48.349,26.261,5,84.205,36.683,80.0,24.933
59680162B61116944198945,Ogbia,Bayelsa,South South,4.791,6.314,38335,1,7.23,-1.0,12.265,13.56,20.4,Basso,4702,60.975,92.567,0.2,49.393,55.262,95.194,2.141,0,57.151,9.595,62.861,51.306
59680162B61170702756328,Ussa,Taraba,North East,7.129,10.06,23132,0,55.752,1.63,49.744,50.885,82.9,Alto,11507,93.872,31.354,3.935,54.637,30.287,74.927,29.514,6,67.681,45.448,62.574,20.415
59680162B61270202433812,Egbedore,Osun,South West,7.784,4.432,42485,0,11.922,-0.25,19.961,18.111,33.3,Basso,8480,67.582,77.929,1.263,30.393,82.129,74.095,11.992,0,38.443,8.943,63.78,22.481
59680162B61434523060701,Ayedire,Osun,South West,7.562,4.233,38837,1,9.669,-2.32,7.047,8.664,11.7,Basso,2737,60.872,99.0,2.144,47.375,97.156,99.0,1.223,0,28.515,20.781,99.0,32.818
59680162B61451583552190,Ngor-Okpala,Imo,South East,5.331,7.146,45148,1,10.8,-3.0,8.291,6.88,13.8,Basso,3743,60.992,99.0,0.2,44.572,73.884,99.0,0.5,2,30.021,0.0,96.672,31.891
59680162B61567493958965,Suru,Kebbi,North West,11.792,4.145,45401,0,54.121,0.14,49.398,48.391,82.3,Alto,22427,83.407,39.802,3.709,76.252,38.419,28.573,29.626,2,60.133,37.149,51.85,32.324
59680162B61760155439631,Girei,Adamawa,North East,9.423,12.466,29132,0,47.343,1.31,44.338,43.979,73.9,Alto,12917,94.117,45.268,4.794,65.816,35.318,47.534,31.869,0,64.855,28.246,74.898,30.277
59680162B61774592523326,Odigbo,Ondo,South West,6.732,4.885,33147,1,6.418,-1.87,4.146,6.887,6.9,Basso,1374,61.29,87.765,0.2,29.34,79.658,96.52,0.5,1,32.69,0.0,99.0,27.608
59680162B61995403132351,Agatu,Benue,North Central,7.856,7.927,95298,1,30.464,-0.03,24.797,25.377,41.3,Medio,23631,55.356,70.359,3.369,39.151,65.095,59.117,20.178,2,42.482,24.132,76.663,19.044
59680162B6205124943279,Isokan,Osun,South West,7.3,4.209,264594,1,4.009,-1.14,7.518,9.663,12.5,Basso,19893,59.139,93.934,0.2,32.371,97.647,99.0,10.619,1,41.02,15.975,99.0,19.907
59680162B62255786160615,Kogi,Kogi,North Central,8.146,6.852,28553,0,31.616,0.22,28.008,30.665,46.7,Medio,7997,71.072,62.424,2.128,56.196,55.973,46.076,20.177,0,44.141,12.084,50.139,19.974
59680162B62313947241233,Wushishi,Niger,North Central,9.686,5.899,36561,0,34.028,-1.76,31.432,33.065,52.4,Medio,11492,82.507,66.046,3.787,56.465,35.856,57.756,23.954,0,55.411,15.253,71.252,33.652
59680162B62360966111253,Matazu,Katsina,North West,12.238,7.659,53135,0,45.323,1.78,49.277,47.178,82.1,Alto,26183,81.745,32.344,5.129,54.368,47.613,43.145,34.705,1,66.21,37.386,55.26,26.713
59680162B62375507242594,Kura,Kano,North West,11.779,8.474,63068,0,44.796,0.15,49.285,50.765,82.1,Alto,31083,97.573,18.297,4.114,50.804,38.279,52.599,29.677,1,65.874,34.922,49.703,20.411
59680162B62394297156991,Oyo West,Oyo,South West,7.956,3.823,22447,1,7.689,0.56,8.36,9.681,13.9,Basso,1877,43.659,83.233,1.583,22.393,80.109,65.545,10.814,0,31.495,9.938,99.0,35.893
59680162B62922932811240,Ibarapa North,Oyo,South West,7.651,3.176,17936,1,4.128,-0.51,8.966,5.499,14.9,Basso,1608,41.866,85.243,0.348,18.624,69.051,99.0,12.583,0,25.066,0.0,94.248,26.343
59680162B6299894636493,Obio/Akpor,Rivers,South South,4.856,6.998,24971,0,18.989,-0.26,15.891,18.806,26.5,Basso,3968,60.874,77.647,0.586,42.841,69.141,62.176,10.54,1,72.215,0.0,71.161,18.838
59680162B63010488329613,Tafa,Niger,North Central,9.23,7.255,45245,0,25.745,2.39,28.6,30.369,47.7,Medio,12940,65.119,43.422,3.934,31.823,44.972,52.59,19.379,2,46.556,4.694,74.301,26.697
59680162B63088628372837,Igbo-Eze-South,Enugu,South East,6.949,7.365,11094,0,1.774,0.42,5.464,7.985,9.1,Basso,606,57.35,99.0,1.223,35.699,65.106,91.674,9.099,0,23.968,0.0,98.506,29.836
59680162B63156374952276,Sapele,Delta,South South,5.873,5.634,83829,1,7.559,-1.0,13.794,12.935,23.0,Basso,11564,56.011,88.121,0.2,33.178,79.372,70.967,8.144,1,61.695,2.595,73.647,19.629
59680162B6318880418470,Paikoro,Niger,North Central,9.493,6.838,45235,1,20.923,0.78,19.946,23.1,33.2,Basso,9023,65.126,77.407,1.546,31.495,42.512,56.777,19.6,2,50.718,2.101,68.176,14.167
59680162B63355484795141,Jaba,Kaduna,North West,9.473,8.013,37004,0,47.761,0.54,49.297,47.217,82.2,Alto,18242,81.43,42.124,2.452,56.74,27.118,37.25,26.171,1,71.418,42.438,42.964,17.986
59680162B63361885953813,Warawa,Kano,North West,11.905,8.793,67946,1,47.299,3.42,43.935,44.252,73.2,Alto,29852,89.446,53.836,4.125,64.176,16.764,40.41,31.721,0,79.434,17.666,38.781,20.501
59680162B63392407575553,Nafada,Gombe,North East,11.035,11.234,91557,0,47.435,-1.0,46.408,41.203,77.3,Alto,42489,81.11,38.497,4.515,55.861,33.892,66.619,31.459,2,59.25,12.18,51.514,19.953
59680162B63511927639310,Kudan,Kaduna,North West,11.267,7.719,33184,0,44.958,-0.81,46.21,46.942,77.0,Alto,15334,94.759,44.405,4.358,74.089,31.909,43.633,31.117,1,55.89,25.582,48.425,26.634
59680162B63684780260143,Koko-Besse,Kebbi,North West,11.45,4.495,51787,0,55.614,4.49,53.548,52.367,89.2,Alto,27731,82.6,24.299,2.138,49.214,25.199,27.147,48.995,1,46.057,38.705,45.95,15.919
59680162B63804955714699,Ilorin South,Kwara,North Central,8.481,4.672,10043,1,18.564,0.86,22.595,19.602,37.7,Basso,2269,60.134,75.122,0.713,37.348,54.057,53.683,14.301,3,48.501,8.644,97.292,42.576
59680162B63960569375521,Anka,Zamfara,North West,11.971,6.023,31443,0,48.001,0.52,43.797,46.908,73.0,Alto,13771,81.51,29.295,4.301,75.138,46.454,42.099,18.184,0,78.333,27.6,27.178,12.845
59680162B64027612781435,Agwara,Niger,North Central,10.725,4.525,50225,0,33.05,1.3,28.688,28.733,47.8,Medio,14409,73.481,69.788,3.32,53.313,34.303,89.16,15.905,1,60.73,8.699,52.696,15.98
59680162B64112154685735,Abi,Cross River,South South,5.884,8.035,55434,1,8.216,1.51,10.006,17.23,16.7,Basso,5547,67.791,83.673,0.2,38.417,60.046,58.021,8.413,2,55.294,0.0,82.03,32.952
59680162B64183111122385,Shomgom,Gombe,North East,9.732,11.244,36339,1,42.831,3.41,40.278,36.635,67.1,Medio,14637,85.633,54.32,3.531,71.2,49.373,43.712,24.789,3,95.361,5.729,82.597,18.541
59680162B6425058524044,Agaie,Niger,North Central,8.948,6.427,56926,0,28.688,1.08,26.108,25.682,43.5,Medio,14862,73.253,62.784,4.201,43.454,44.196,80.683,19.189,0,54.452,0.0,73.0,30.26
59680162B64506251287847,Kajola,Oyo,South West,8.014,3.358,28646,0,7.364,0.27,12.942,12.916,21.6,Basso,3707,61.744,75.164,0.481,46.666,99.0,86.136,11.704,0,24.615,3.585,84.536,27.642
59680162B64610537243626,Gwandu,Kebbi,North West,12.477,4.622,35515,0,53.327,0.41,47.733,48.037,79.6,Alto,16952,95.517,41.916,3.264,51.871,40.748,47.249,31.192,1,63.793,41.328,41.556,23.648
59680162B64636531363939,Gwiwa,Jigawa,North West,12.738,8.292,44111,0,44.905,4.14,43.681,46.046,72.8,Alto,19268,91.87,45.693,4.481,59.825,24.257,56.483,27.092,1,68.303,37.367,66.568,12.296
59680162B64690225464412,Kaura Namoda,Zamfara,North West,12.477,6.572,36761,1,38.99,-0.03,37.629,36.834,62.7,Medio,13833,84.745,71.325,3.316,82.652,42.682,63.001,33.405,1,56.123,25.978,70.036,21.647
59680162B64727590098747,Jere,Borno,North East,11.936,13.185,22221,0,46.244,1.41,44.966,45.094,74.9,Alto,9992,96.531,48.07,4.771,66.959,52.294,49.155,23.73,4,75.15,12.134,25.881,17.856
59680162B64770944232121,Uzo-Uwani,Enugu,South East,6.684,7.186,38639,0,19.051,-0.22,14.178,14.086,23.6,Basso,5478,69.339,76.353,2.088,38.175,80.504,91.789,7.531,0,40.648,4.13,99.0,31.935
59680162B64829234996535,Yenegoa,Bayelsa,South South,5.064,6.379,70661,1,2.309,-2.28,9.642,6.568,16.1,Basso,6813,45.016,99.0,1.43,35.847,81.077,87.854,14.531,0,51.177,0.0,91.463,34.683
59680162B65118596491840,Hawul,Borno,North East,10.461,12.31,15818,0,45.981,1.7,45.497,45.333,75.8,Alto,7197,87.929,27.197,3.567,42.281,30.451,51.883,18.579,4,69.003,28.251,65.606,15.608
59680162B65190975434062,Eleme,Rivers,South South,4.778,7.14,56850,1,23.618,-0.28,12.581,14.83,21.0,Basso,7152,62.03,88.411,2.449,41.427,64.192,99.0,14.261,1,64.15,0.0,79.708,19.445
59680162B65219804693248,Ngala,Borno,North East,12.346,14.146,36823,0,51.329,2.33,41.003,42.879,68.3,Alto,15099,86.706,54.249,3.729,56.919,37.512,43.065,23.163,3,68.376,28.88,50.714,25.748
59680162B65662189989638,Arewa Dandi,Kebbi,North West,12.683,4.024,15494,0,45.215,-0.67,43.047,42.301,71.7,Alto,6670,82.605,58.587,3.85,74.746,40.825,66.606,35.567,4,49.993,31.594,63.063,21.544
59680162B6607126567740,Fufore,Adamawa,North East,9.245,12.758,49136,0,41.971,1.4,45.125,41.805,75.2,Alto,22172,86.664,54.337,3.861,53.067,39.865,53.056,24.47,4,75.523,24.241,55.226,19.726
59680162B66079212084305,Ila,Osun,South West,7.97,4.898,34538,0,17.888,-1.63,9.952,12.496,16.6,Basso,3437,56.34,86.719,1.322,36.663,81.008,97.378,14.264,0,33.74,3.529,69.532,21.712
59680162B66353567053476,Guri,Jigawa,North West,12.645,10.474,27339,0,48.653,1.47,49.958,48.119,83.3,Alto,13658,84.46,31.59,4.581,54.509,40.783,63.533,46.063,3,72.148,34.382,68.224,21.21
59680162B66461609617276,Akoko South West,Ondo,South West,7.408,5.706,135210,0,18.345,1.68,10.327,13.273,17.2,Basso,13964,62.058,89.62,0.36,20.033,83.583,95.618,5.222,1,54.496,19.417,83.573,17.568
59680162B66628176907248,Mayo-Belwa,Adamawa,North East,8.939,12.023,23270,0,33.897,-1.83,43.026,44.204,71.7,Alto,10012,85.959,31.435,1.925,59.647,56.662,46.076,25.019,4,85.052,21.207,41.067,39.894
59680162B66631777088899,Isa,Sokoto,North West,13.228,6.37,18796,0,49.713,1.25,50.073,51.753,83.5,Alto,9412,91.011,28.719,4.804,66.658,35.585,24.742,33.044,1,55.119,33.705,46.811,20.161
59680162B66680936539808,Bassa,Kogi,North Central,7.738,6.957,52155,0,29.75,1.18,26.272,29.07,43.8,Medio,13702,70.167,59.436,4.422,36.407,44.437,64.576,6.286,2,57.212,19.324,79.171,22.864
59680162B66692684641238,Egbeda,Oyo,South West,7.389,4.032,151702,1,6.462,0.06,3.665,4.253,6.1,Basso,5560,44.871,92.787,0.785,41.188,83.014,99.0,0.5,0,44.647,0.0,95.387,35.996
59680162B67238968218645,Tarmuwa,Yobe,North East,12.232,11.837,54137,1,41.343,1.22,39.621,39.849,66.0,Medio,21449,83.627,64.958,3.419,66.765,48.321,47.8,23.913,4,84.057,19.065,38.179,17.375
59680162B67606782034303,Katsina-Ala,Benue,North Central,7.295,9.565,58403,0,27.194,0.38,28.707,25.677,47.8,Medio,16766,71.498,67.707,3.885,30.06,65.618,99.0,25.439,4,38.931,15.68,80.969,21.156
59680162B67610911656226,Iguegben,Edo,South South,6.51,6.248,39484,1,10.578,-1.24,8.799,5.875,14.7,Basso,3474,46.591,99.0,0.2,46.014,75.502,91.149,0.5,1,51.44,0.0,91.431,22.464
59680162B67680561366569,Karasuwa,Yobe,North East,12.987,10.674,22986,1,42.486,-0.83,39.509,42.247,65.8,Medio,9082,84.812,49.041,4.005,57.243,45.297,65.246,25.719,3,74.34,36.392,48.164,38.724
59680162B67711641000031,Ojo,Lagos,South West,6.463,3.166,9342,1,5.355,-1.48,8.183,8.15,13.6,Basso,764,62.892,99.0,1.199,33.468,67.274,99.0,0.5,2,53.288,0.0,99.0,25.208
59680162B67809263123643,Ewekoro,Ogun,South West,6.976,3.174,69766,0,16.971,0.74,15.228,20.4,25.4,Basso,10624,68.983,57.674,1.872,35.615,63.759,89.765,16.979,0,43.079,0.0,82.455,31.361
59680162B6783963116345,Ibadan North,Oyo,South West,7.422,3.908,24872,0,13.82,1.05,12.58,12.023,21.0,Basso,3129,61.132,80.249,1.221,27.221,77.487,86.861,0.5,0,65.723,6.242,99.0,17.447
59680162B68024378624756,Afikpo North,Ebonyi,South East,5.873,7.923,35817,1,6.437,-2.78,5.371,6.856,9.0,Basso,1924,57.335,99.0,0.761,40.46,69.871,99.0,2.751,0,36.118,0.0,87.611,25.714
59680162B68131021355449,Yabo,Sokoto,North West,12.773,4.923,102380,0,46.924,0.76,46.833,43.717,78.1,Alto,47948,81.736,48.154,6.999,67.375,41.585,43.926,26.467,2,84.897,19.88,55.682,30.707
59680162B68133263226567,Ibarapa Central,Oyo,South West,7.424,3.243,120115,0,22.626,-1.69,17.405,21.461,29.0,Basso,20906,67.12,76.913,1.795,42.59,75.363,79.349,14.832,0,63.552,25.658,98.714,17.803
59680162B68239008143557,Mangu,Plateau,North Central,9.388,9.189,83839,1,24.921,-3.0,22.813,25.874,38.0,Basso,19126,63.136,64.518,0.754,50.459,60.356,70.606,16.649,3,68.582,10.617,60.966,25.235
59680162B68325668602500,Okpe,Delta,South South,5.699,5.754,20756,1,3.475,-2.57,10.059,9.406,16.8,Basso,2088,45.51,82.639,0.82,33.079,63.089,99.0,6.986,1,58.496,0.0,83.326,40.586
59680162B68379866165825,Shomolu,Lagos,South West,6.544,3.383,21089,1,9.622,-2.11,10.227,10.707,17.0,Basso,2157,47.71,83.581,1.535,42.515,81.611,99.0,14.469,0,64.474,9.491,96.778,36.818
59680162B68799842423101,Binji,Sokoto,North West,13.21,4.77,51190,1,31.984,-0.16,33.776,36.532,56.3,Medio,17290,86.788,58.844,3.764,80.97,60.507,53.677,20.43,0,61.246,23.68,63.023,18.934
59680162B69095881694103,Gboko,Benue,North Central,7.369,8.909,47386,0,26.992,-0.19,26.432,28.637,44.1,Medio,12525,73.75,63.044,2.096,42.6,40.948,61.798,19.079,2,57.698,2.085,62.578,25.914
59680162B69298252864907,Munya,Niger,North Central,9.797,7.073,48730,1,18.859,-0.96,18.952,19.552,31.6,Basso,9236,62.382,72.502,2.55,59.533,62.649,78.899,18.497,0,42.909,0.0,84.944,15.151
59680162B6932812925911,Apa,Benue,North Central,7.606,7.903,28866,0,13.012,-0.59,24.531,22.236,40.9,Medio,7081,70.129,62.659,1.977,28.258,59.062,76.859,9.998,1,42.928,1.091,57.884,26.21
59680162B69595078054024,Ushongo,Benue,North Central,7.113,8.938,7919,1,18.811,1.06,21.209,19.144,35.3,Basso,1680,62.246,69.754,0.466,48.941,49.857,80.855,13.368,0,62.068,0.0,76.21,21.156
59680162B69679397491551,Imeko Afon,Ogun,South West,7.609,2.846,11623,1,0.8,2.34,10.57,5.845,17.6,Basso,1229,43.115,79.872,0.733,36.56,99.0,91.607,0.961,1,45.516,1.525,99.0,18.647
59680162B69752440983216,Katcha,Niger,North Central,9.091,6.221,82725,0,34.376,-0.13,26.24,29.805,43.7,Medio,21707,84.143,63.726,3.169,46.619,56.677,53.056,24.439,1,60.593,8.959,90.611,31.762
59680162B69796164397605,Bebeji,Kano,North West,11.538,8.315,39272,0,50.8,0.46,46.775,45.257,78.0,Alto,18370,88.116,49.731,5.802,48.37,50.084,55.862,30.413,2,82.559,34.431,45.286,11.983
59680162B69944768623609,Omala,Kogi,North Central,7.778,7.566,112662,1,28.648,-1.6,21.279,23.007,35.5,Basso,23973,66.243,62.435,2.241,40.147,58.471,68.272,17.375,1,51.887,1.431,66.368,44.044
59680162B70118559758614,Geidam,Yobe,North East,12.704,12.148,29918,0,49.638,-2.28,47.79,44.207,79.6,Alto,14298,83.691,54.43,3.727,54.238,35.006,49.14,29.662,4,73.994,41.574,64.288,45.966
59680162B70265669805684,Shiroro,Niger,North Central,10.083,6.72,9078,0,27.428,0.65,29.259,29.6,48.8,Medio,2656,68.808,69.756,3.163,35.407,56.409,40.027,17.849,1,42.238,18.546,50.954,26.599
59680162B7029176012538,Boluwaduro,Osun,South West,7.924,4.819,31517,0,14.037,0.71,13.009,12.996,21.7,Basso,4100,50.952,88.017,1.155,42.951,72.914,77.42,15.914,0,47.777,0.943,75.744,40.29
59680162B70509973828236,Irepodun,Kwara,North Central,8.196,4.85,21371,1,25.657,-0.1,20.461,20.081,34.1,Basso,4373,68.93,84.333,1.408,51.898,52.915,82.526,14.126,4,66.606,4.564,93.881,26.404
59680162B70529740290920,Abua/Odual,Rivers,South South,4.845,6.566,92246,0,14.729,-3.0,16.231,15.173,27.1,Basso,14972,68.691,96.731,3.548,44.226,80.776,69.169,4.236,1,54.788,0.0,69.844,44.67
59680162B70631413452384,Abak,Akwa Ibom,South South,4.989,7.8,45422,1,12.238,-2.68,13.435,10.353,22.4,Basso,6102,62.218,99.0,2.569,26.006,82.309,83.923,18.834,0,66.057,0.0,96.642,27.186
59680162B70922239420655,Oriade,Osun,South West,7.56,4.866,32290,0,10.009,-1.11,12.04,14.757,20.1,Basso,3888,59.43,69.084,1.785,38.152,81.102,86.457,2.631,1,40.088,0.0,74.534,32.474
59680162B70948216254513,Onna,Akwa Ibom,South South,4.647,7.849,67228,1,14.225,-0.89,12.162,13.795,20.3,Basso,8176,60.539,83.068,0.2,48.302,72.336,78.394,12.676,1,57.431,0.0,92.646,31.444
59680162B70966513794539,Ughelli North,Delta,South South,5.482,6.014,19859,0,22.998,-0.82,17.78,21.005,29.6,Basso,3531,60.917,77.966,1.921,31.449,44.003,68.957,18.571,1,75.985,0.445,77.687,21.567
59680162B71065109904105,Garki,Jigawa,North West,12.432,9.068,14480,0,39.626,1.0,46.356,44.823,77.3,Alto,6712,77.719,43.262,4.625,73.861,41.915,34.448,33.43,1,36.819,38.303,73.702,15.597
59680162B71074793306885,Iseyin,Oyo,South West,8.03,3.598,61716,1,0.8,-2.41,4.585,4.395,7.6,Basso,2830,46.71,97.171,1.048,39.92,99.0,99.0,0.5,2,22.684,0.0,81.087,20.069
59680162B7149387462115,Sabon Gari,Kaduna,North West,11.164,7.706,22493,0,58.937,3.52,50.354,50.57,83.9,Alto,11326,83.486,28.795,6.031,45.335,26.999,18.387,34.295,2,60.551,24.657,40.551,22.915
59680162B71691370147242,Njaba,Imo,South East,5.67,7.007,56713,1,0.8,1.42,5.688,3.066,9.5,Basso,3226,48.561,99.0,0.2,28.024,86.198,99.0,0.5,1,55.34,0.0,99.0,24.037
59680162B7192144408722,Kurfi,Katsina,North West,12.688,7.462,26222,0,54.147,1.3,50.204,44.456,83.7,Alto,13165,82.667,42.229,5.584,61.695,41.023,62.45,28.342,4,53.693,32.099,56.378,38.93
59680162B72042998542035,Ukwa East,Abia,South East,4.963,7.391,13880,1,7.335,-1.28,7.275,5.651,12.1,Basso,1010,55.405,97.237,0.726,25.213,76.083,92.925,3.085,1,33.618,3.551,99.0,35.307
59680162B72061925749770,Ekiti West,Ekiti,South West,7.719,5.043,111520,0,13.85,-0.7,15.113,19.772,25.2,Basso,16854,65.374,78.259,2.665,42.728,95.138,99.0,13.134,1,38.117,20.236,54.26,33.915
59680162B72068294191364,Ahoada East,Rivers,South South,5.067,6.641,23983,0,20.78,-0.77,17.679,19.326,29.5,Basso,4240,82.902,81.261,2.024,49.273,85.532,58.654,13.441,0,50.898,0.0,94.71,20.413
59680162B72404517830917,Uruan,Akwa Ibom,South South,5.008,8.073,31459,1,10.97,-0.84,11.921,11.387,19.9,Basso,3750,48.796,81.572,2.301,42.01,90.087,75.489,15.888,0,53.164,1.894,99.0,25.358
59680162B72495617993590,Mikang,Plateau,North Central,9.02,9.574,18970,0,33.602,1.32,30.001,29.343,50.0,Medio,5691,70.609,72.178,5.585,42.401,40.916,41.281,17.921,3,66.526,0.0,80.735,12.15
59680162B72514771239598,Ondo West,Ondo,South West,6.974,4.736,40425,1,4.419,-0.21,7.828,8.759,13.0,Basso,3164,54.789,83.863,2.136,33.215,82.794,99.0,14.475,0,31.872,0.0,99.0,31.326
59680162B7261312330016,Adavi,Kogi,North Central,7.692,6.473,94396,0,23.746,1.97,26.96,28.163,44.9,Medio,25449,74.399,69.201,2.741,39.758,45.133,61.735,15.329,2,58.861,6.684,61.834,22.393
59680162B72641942292242,Enugu North,Enugu,South East,6.448,7.484,53425,0,14.56,-0.97,14.481,18.714,24.1,Basso,7736,60.821,77.928,0.352,42.201,72.969,64.166,12.798,0,34.037,12.205,73.484,21.125
59680162B72659245241320,Kaduna North,Kaduna,North West,10.553,7.453,17693,0,50.143,0.84,41.199,42.343,68.7,Alto,7289,84.809,55.299,5.962,62.553,44.31,47.206,19.39,1,73.072,29.873,43.405,23.888
59680162B72688070781247,Donga,Taraba,North East,7.654,10.079,43825,1,44.861,0.22,38.42,42.109,64.0,Medio,16838,82.147,48.191,3.98,59.752,38.435,63.779,25.556,7,75.624,18.206,54.302,18.736
59680162B72688390978538,Lagos Island,Lagos,South West,6.45,3.398,42433,1,2.44,-2.47,5.589,6.169,9.3,Basso,2372,50.669,99.0,0.2,26.298,70.327,99.0,9.796,2,51.567,0.0,99.0,29.328
59680162B7272699675434,Birnin Kudu,Jigawa,North West,11.484,9.458,14228,0,54.109,2.0,50.638,50.788,84.4,Alto,7205,81.887,33.089,5.896,57.232,27.305,40.836,41.388,2,50.814,34.987,47.397,21.611
59680162B7305913438202,Gwadabawa,Sokoto,North West,13.417,5.317,60884,0,50.274,1.99,51.166,47.379,85.3,Alto,31152,84.203,42.272,4.152,58.581,30.776,45.371,42.281,1,58.02,29.055,44.243,17.943
59680162B73078519517404,Enugu East,Enugu,South East,6.533,7.532,148105,0,7.846,-1.85,13.976,10.483,23.3,Basso,20699,61.454,99.0,0.361,32.964,76.253,74.721,13.948,0,26.581,1.208,89.717,27.633
59680162B73114171000075,Bichi,Kano,North West,12.285,8.297,16258,0,46.565,2.38,49.393,46.507,82.3,Alto,8030,87.577,49.008,4.512,71.21,17.307,55.125,37.469,0,77.516,26.818,50.384,19.959
59680162B73238408569532,Osogbo,Osun,South West,7.754,4.541,27180,0,0.8,-0.48,13.303,13.662,22.2,Basso,3616,55.315,81.329,0.2,28.632,68.332,97.944,22.208,0,25.872,13.63,97.714,20.395
59680162B73411137510562,Onitsha North,Anambra,South East,6.162,6.795,39084,0,14.344,-3.0,12.823,9.887,21.4,Basso,5012,59.003,97.088,2.709,23.304,81.657,63.63,0.5,0,37.108,0.0,84.104,19.466
59680162B73440349718888,Mai'Adua,Katsina,North West,13.152,8.229,20016,0,40.204,0.24,45.933,45.672,76.6,Alto,9194,83.406,46.145,2.165,56.727,38.885,39.706,39.984,2,78.843,27.214,38.155,28.97
59680162B73807077480910,Isu,Imo,South East,5.68,7.053,66977,0,13.569,-2.87,11.964,13.221,19.9,Basso,8013,71.13,89.961,0.385,34.17,73.529,96.103,2.681,1,26.881,14.948,94.66,22.501
59680162B73824932270854,Ede South,Osun,South West,7.66,4.436,24969,1,5.658,-1.04,7.706,6.947,12.8,Basso,1924,61.512,94.493,0.2,52.964,92.517,99.0,0.5,0,33.28,0.0,86.884,16.143
59680162B73921161942586,Obanliku,Cross River,South South,6.469,9.404,26596,1,13.202,-1.93,11.355,9.56,18.9,Basso,3020,63.901,99.0,1.065,32.349,83.884,99.0,18.229,2,49.963,0.0,94.295,31.243
59680162B73952515985037,Nnewi North,Anambra,South East,6.024,6.896,26921,1,0.8,-2.44,4.58,4.54,7.6,Basso,1233,50.23,99.0,1.143,28.874,99.0,99.0,0.5,0,64.761,7.947,87.03,32.955
59680162B74094197759690,Ado Odo/Ota,Ogun,South West,6.628,3.086,24097,1,1.206,-0.79,5.441,5.493,9.1,Basso,1311,43.199,88.533,0.2,36.749,78.008,96.807,4.034,1,39.248,0.0,97.46,21.236
59680162B74099392913903,Kanam,Plateau,North Central,9.468,10.018,25951,1,17.599,-0.5,19.082,14.325,31.8,Basso,4952,55.676,74.556,1.232,46.9,73.379,99.0,24.712,0,43.494,0.931,96.607,16.21
59680162B74248263036628,Obafemi Owode,Ogun,South West,6.959,3.454,77082,1,5.043,-1.04,6.841,5.967,11.4,Basso,5273,52.377,86.394,0.2,26.803,93.99,99.0,6.328,0,38.629,4.607,99.0,16.403
59680162B74336355497846,Biriniwa,Jigawa,North West,12.819,10.072,18917,0,50.285,1.89,48.454,50.525,80.8,Alto,9166,89.314,27.628,5.33,58.069,30.02,38.879,30.386,0,64.655,29.482,32.647,16.237
59680162B74485110483501,Itesiwaju,Oyo,South West,8.228,3.31,16041,0,6.016,-2.35,10.178,10.217,17.0,Basso,1633,49.396,86.429,0.704,22.575,69.225,93.219,21.725,0,19.727,0.0,86.531,16.827
59680162B74748273614391,Ese Odo,Ondo,South West,6.235,4.956,47124,1,10.448,-3.0,4.847,6.027,8.1,Basso,2284,52.749,97.451,0.2,35.034,87.205,87.312,4.819,2,38.363,0.0,95.716,28.238
59680162B74859155842016,Ibadan North East,Oyo,South West,7.378,3.919,34684,1,6.402,-3.0,10.626,9.076,17.7,Basso,3686,45.759,90.184,0.2,39.855,61.831,99.0,18.887,0,36.378,0.0,84.176,35.28
59680162B7486965108625,Aguata,Anambra,South East,5.98,7.1,33289,1,14.13,-1.83,9.711,11.377,16.2,Basso,3233,68.894,99.0,0.503,48.307,66.515,93.069,8.27,2,67.164,0.0,99.0,41.559
59680162B75104511306168,Mushin,Lagos,South West,6.536,3.352,19128,1,4.96,-1.32,4.25,7.814,7.1,Basso,813,58.816,99.0,2.02,39.235,95.296,69.098,8.041,0,36.518,0.0,99.0,23.792
59680162B7511527862302,Ijebu North,Ogun,South West,7.022,4.035,32378,0,15.987,-3.0,13.749,17.588,22.9,Basso,4452,66.609,76.468,0.538,40.992,63.914,69.992,5.461,0,48.031,4.919,80.808,22.8
59680162B75172896497028,Obi,Benue,North Central,7.011,8.321,43206,1,28.907,-0.67,24.761,24.732,41.3,Medio,10698,60.231,53.081,1.522,30.895,69.277,51.805,22.143,2,68.506,4.996,80.007,24.485
59680162B75348496545912,Bakori,Katsina,North West,11.679,7.407,41323,0,67.81,2.0,49.96,51.358,83.3,Alto,20645,88.964,50.451,7.361,61.503,22.118,63.765,37.103,2,83.411,38.658,31.209,17.395
59680162B75618838886778,Rijau,Niger,North Central,11.044,5.217,14938,0,18.82,0.36,23.685,24.509,39.5,Basso,3538,67.203,68.348,2.973,40.057,70.991,72.051,17.782,2,73.554,9.252,71.88,30.097
59680162B75725109309044,Atisbo,Oyo,South West,8.406,3.18,46009,0,15.917,-2.08,9.747,12.46,16.2,Basso,4484,58.122,76.701,3.209,35.254,76.636,94.022,11.866,0,41.406,0.0,98.206,41.995
59680162B75733324884372,Makurdi,Benue,North Central,7.694,8.547,61643,1,25.392,-3.0,19.664,19.268,32.8,Basso,12121,74.046,64.586,1.511,46.386,68.054,78.325,6.456,0,48.314,0.0,81.828,22.937
59680162B76063539046075,Isoko North,Delta,South South,5.521,6.131,16796,1,20.303,-2.2,12.771,11.298,21.3,Basso,2145,66.017,99.0,0.327,44.691,72.434,79.214,6.47,1,56.241,0.0,87.319,24.735
59680162B76072611977433,Ogori/Magongo,Kogi,North Central,7.477,6.156,12991,0,20.041,0.51,24.902,22.881,41.5,Medio,3235,65.359,60.339,2.642,36.366,75.768,84.621,20.585,1,52.027,0.0,54.512,22.001
59680162B76130047047659,Ohaozara,Ebonyi,South East,6.011,7.778,37700,0,16.918,0.67,13.126,15.438,21.9,Basso,4948,70.867,83.966,0.749,15.709,68.905,94.309,12.407,0,43.75,18.654,97.595,19.059
59680162B7635361694273,Qua'An Pan,Plateau,North Central,8.772,9.122,154379,1,24.31,-0.17,19.24,22.239,32.1,Basso,29703,55.272,66.919,1.79,57.004,66.533,80.166,17.543,1,57.445,11.443,70.955,26.852
59680162B76413580563978,Dunukofia,Anambra,South East,6.225,6.976,41149,0,10.376,1.01,12.734,13.519,21.2,Basso,5240,69.616,99.0,0.743,35.855,77.718,50.669,3.614,1,28.465,0.71,82.965,13.357
59680162B76564266679550,Iwajowa,Oyo,South West,7.989,2.998,89903,1,8.927,-3.0,8.227,6.21,13.7,Basso,7396,47.231,85.388,0.2,27.686,69.129,84.286,1.46,0,38.414,0.0,99.0,37.853
59680162B76636581595069,Ilejemeje,Ekiti,South West,7.941,5.214,47359,1,8.178,-1.16,5.797,6.781,9.7,Basso,2746,60.111,99.0,2.61,29.722,87.254,99.0,7.426,0,57.653,0.0,99.0,24.16
59680162B76704120420691,Damaturu,Yobe,North East,11.854,12.034,31110,0,50.053,0.01,48.944,51.51,81.6,Alto,15226,94.102,40.783,5.102,59.3,34.481,41.096,34.277,7,60.261,33.632,58.521,27.169
59680162B76876152340896,Ohafia,Abia,South East,5.67,7.777,23007,1,11.432,-2.83,7.575,7.395,12.6,Basso,1743,46.798,94.796,0.2,30.732,74.108,81.72,0.5,2,35.841,0.0,73.252,33.01
59680162B76882427234764,Dutse,Jigawa,North West,11.814,9.259,24546,0,53.174,3.03,48.84,48.728,81.4,Alto,11988,94.548,36.004,4.078,66.936,20.841,77.39,41.737,0,49.47,42.6,67.248,18.612
59680162B76884691739548,Zangon Kataf,Kaduna,North West,9.897,8.258,98141,1,47.914,0.17,42.624,43.325,71.0,Alto,41832,78.374,48.688,3.094,80.08,39.086,60.094,22.17,6,62.532,26.926,45.293,23.305
59680162B77130024076735,Birnin Kebbi,Kebbi,North West,12.491,4.267,29570,0,54.051,3.61,50.909,50.463,84.8,Alto,15054,84.927,34.935,3.812,60.105,25.915,40.98,35.306,1,78.681,45.802,59.169,25.95
59680162B77220990792423,Makarfi,Kaduna,North West,11.33,7.948,27223,0,44.229,2.43,46.768,49.461,77.9,Alto,12732,82.402,35.507,4.393,69.815,34.649,43.918,30.634,3,56.291,34.08,32.47,33.63
59680162B77368104900520,Irepodun,Osun,South West,7.903,4.527,67317,1,4.315,-1.25,3.852,2.677,6.4,Basso,2593,47.442,99.0,0.951,24.998,91.859,99.0,3.036,1,46.345,0.0,96.862,31.587
59680162B77398299052023,Bakassi,Cross River,South South,4.795,8.472,42891,0,29.494,0.12,16.413,20.418,27.4,Basso,7040,63.913,70.99,4.074,40.182,60.615,63.414,7.722,1,60.018,0.0,87.489,29.491
59680162B77604659700593,Oshimili North,Delta,South South,6.301,6.649,19286,0,8.968,-2.35,15.254,18.733,25.4,Basso,2942,72.43,79.489,2.734,22.627,78.596,76.088,18.295,1,42.752,4.991,78.145,25.548
59680162B77807256215392,Ishielu,Ebonyi,South East,6.418,7.838,33258,1,0.8,-2.15,3.807,4.126,6.3,Basso,1266,51.136,99.0,0.331,34.374,95.728,86.304,0.5,0,43.048,0.0,85.336,24.991
59680162B7784772599553,Obi Nwga,Abia,South East,5.164,7.448,32508,1,1.88,-1.22,4.751,6.549,7.9,Basso,1544,56.386,98.227,2.123,33.707,81.843,99.0,0.5,1,32.092,0.762,79.396,39.919
59680162B7861486631755,Ifedayo,Osun,South West,7.99,5.006,33646,1,12.156,0.15,10.549,9.441,17.6,Basso,3549,58.64,87.583,1.567,31.139,89.946,73.069,0.5,1,47.445,0.0,86.248,34.666
59680162B78634023582239,Uyo,Akwa Ibom,South South,5.014,7.918,10946,1,16.505,-2.12,13.022,12.018,21.7,Basso,1425,59.299,83.749,0.437,25.324,78.101,70.693,15.572,2,36.929,0.0,99.0,25.89
59680162B78639882894514,Lagos Mainland,Lagos,South West,6.499,3.384,33516,0,9.668,-0.92,14.398,12.263,24.0,Basso,4826,65.268,90.484,0.911,24.031,65.122,69.255,3.783,0,25.829,3.125,86.533,25.31
59680162B78681214723365,Augie,Kebbi,North West,12.901,4.607,12818,0,45.422,3.38,46.489,43.831,77.5,Alto,5959,71.566,40.858,4.322,73.454,37.988,22.833,26.124,1,58.585,23.645,46.282,27.459
59680162B7876035432306,Shanono,Kano,North West,12.097,7.926,48883,0,47.15,2.25,49.694,50.448,82.8,Alto,24292,83.984,42.5,5.294,69.431,16.637,49.285,38.479,0,83.072,29.23,29.396,12.855
59680162B78900735102434,Owerri West,Imo,South East,5.43,6.957,77274,0,21.685,-1.77,16.478,14.819,27.5,Basso,12733,70.153,93.287,2.447,36.762,75.933,82.32,4.893,3,39.154,1.766,87.562,19.329
59680162B7891718144591,Eastern Obolo,Akwa Ibom,South South,4.524,7.69,25765,0,15.65,0.62,17.852,21.439,29.8,Basso,4600,64.188,69.389,2.588,34.396,74.976,63.417,14.734,1,61.915,1.776,62.622,33.758
59680162B78935719106444,Ikeja,Lagos,South West,6.606,3.349,37545,1,6.87,0.06,4.1,7.085,6.8,Basso,1539,47.403,93.521,0.537,41.951,57.583,99.0,4.649,0,52.204,0.0,99.0,24.892
59680162B7938799528038,Arochukwu,Abia,South East,5.495,7.843,24306,1,0.8,0.91,4.729,4.189,7.9,Basso,1149,47.653,92.611,0.229,40.665,88.428,99.0,1.681,0,41.551,0.0,94.662,21.237
59680162B79463473975333,Birnin Gwari,Kaduna,North West,10.877,6.561,29220,0,43.372,3.01,50.253,49.857,83.8,Alto,14684,87.377,29.415,3.898,62.647,32.216,27.714,29.311,2,60.186,28.413,44.441,17.465
59680162B79502957035648,Kajuru,Kaduna,North West,10.255,7.775,22526,0,50.961,-1.13,47.522,49.271,79.2,Alto,10705,90.797,31.05,4.668,50.306,34.649,40.808,31.067,1,61.9,34.171,44.978,16.984
59680162B79526209894783,Kauru,Kaduna,North West,10.364,8.185,25418,0,43.56,2.49,47.443,45.606,79.1,Alto,12059,79.744,42.993,3.879,64.487,41.381,29.387,26.38,1,55.674,34.771,43.933,18.795
59680162B797578221173,Wurno,Sokoto,North West,13.243,5.476,49978,1,47.607,1.09,44.475,43.831,74.1,Alto,22228,86.788,31.542,2.775,75.661,34.458,75.856,24.721,1,82.105,24.711,50.238,11.841
59680162B79793295224635,Nkanu West,Enugu,South East,6.306,7.532,25654,0,7.452,-0.41,13.42,14.372,22.4,Basso,3443,60.915,74.007,0.931,39.952,99.0,84.706,16.528,1,32.798,8.664,93.146,36.243
59680162B79825109156569,Abeokuta South,Ogun,South West,7.176,3.372,32167,0,6.22,1.6,9.882,11.429,16.5,Basso,3179,54.419,87.022,0.2,38.279,88.163,94.018,25.078,1,28.799,2.135,87.921,29.805
59680162B79884468001879,Etinan,Akwa Ibom,South South,4.818,7.845,26416,0,12.378,-0.93,21.57,22.061,36.0,Basso,5698,79.767,74.096,0.2,30.353,83.022,52.047,26.021,1,50.412,0.0,67.216,44.448
59680162B80116312922204,Isiala-Ngwa South,Abia,South East,5.279,7.442,13766,1,12.571,-1.21,4.11,7.585,6.9,Basso,566,48.149,94.742,0.2,40.162,77.62,99.0,23.371,0,33.788,0.0,88.025,38.748
59680162B80393484388201,Ibi,Taraba,North East,8.395,9.933,169171,0,55.786,3.03,48.212,51.842,80.4,Alto,81561,93.049,43.24,6.811,70.13,46.697,50.552,29.945,5,79.117,37.78,49.276,19.943
59680162B80605638185127,Argungu,Kebbi,North West,12.684,4.463,20385,0,51.117,2.26,45.658,46.563,76.1,Alto,9307,85.911,46.489,4.257,52.653,19.944,38.6,33.204,0,77.317,27.653,35.97,27.773
59680162B80670265641804,Etsako Central,Edo,South South,6.977,6.511,24630,0,18.05,0.89,19.166,19.777,31.9,Basso,4721,60.035,79.501,1.939,47.72,49.105,73.703,10.641,0,80.435,0.0,69.35,26.736
59680162B8070211954831,Billiri,Gombe,North East,9.843,11.144,52043,1,48.076,0.36,41.009,40.879,68.3,Alto,21342,75.401,52.817,3.153,79.573,29.123,64.615,28.521,6,59.315,23.934,73.501,17.272
59680162B80791368745463,Awe,Nasarawa,North Central,8.213,9.166,15382,0,26.232,2.14,29.282,26.713,48.8,Medio,4504,75.612,64.079,3.79,37.041,69.075,59.756,21.901,1,40.931,0.0,56.312,20.586
59680162B80813578140782,Gusau,Zamfara,North West,12.253,7.009,48572,0,40.974,0.05,45.416,46.373,75.7,Alto,22060,85.282,37.833,4.083,70.952,45.084,39.761,33.579,0,57.774,31.237,46.366,28.063
59680162B80910542790982,Udu,Delta,South South,5.485,5.815,32852,0,23.823,-0.99,20.333,24.305,33.9,Basso,6680,72.703,75.391,2.655,42.389,55.009,64.596,9.743,2,57.333,7.866,75.073,18.07
59680162B81014786719276,Vandeikya,Benue,North Central,6.81,9.094,15566,0,18.479,4.11,24.919,25.688,41.5,Medio,3879,66.762,66.7,0.866,47.099,57.739,53.227,9.557,0,72.308,21.955,77.877,36.057
59680162B81796058650879,Ori Ire,Oyo,South West,8.25,4.081,98696,1,7.233,-0.72,7.922,8.634,13.2,Basso,7819,50.862,73.155,1.56,32.671,82.337,99.0,3.678,1,17.652,0.0,99.0,21.027
59680162B82021418174103,Kwali,FCT,North Central,8.731,6.958,62628,0,40.277,0.66,34.627,34.586,57.7,Medio,21686,80.434,45.933,4.138,36.013,28.53,57.467,17.921,2,73.25,9.959,80.674,36.57
59680162B82334724733824,Akure North,Ondo,South West,7.255,5.316,36897,1,0.8,2.19,3.116,3.188,5.2,Basso,1150,48.414,99.0,0.459,39.184,90.433,99.0,1.924,0,53.019,0.0,99.0,22.242
59680162B82387239737873,Kuje,FCT,North Central,8.67,7.231,31181,1,15.701,-0.42,19.692,18.403,32.8,Basso,6140,60.334,81.739,1.349,46.771,69.596,68.627,14.389,1,62.323,9.426,85.798,17.081
59680162B8258215962885,Darazo,Bauchi,North East,11.111,10.622,24271,0,48.558,-0.35,42.642,43.226,71.1,Alto,10350,89.338,61.312,6.456,63.278,19.601,37.707,25.67,1,55.537,28.573,71.655,20.811
59680162B82734256395858,Sardauna,Taraba,North East,6.91,11.237,95605,0,33.02,2.14,46.533,43.52,77.6,Alto,44488,96.208,27.613,1.38,58.019,30.384,27.497,10.727,2,73.248,12.273,65.115,15.616
59680162B82820769085578,Ogu Bolo,Rivers,South South,4.618,7.212,27212,0,20.564,-1.42,22.302,21.792,37.2,Basso,6069,71.533,86.759,1.651,26.109,55.714,65.262,23.218,1,44.1,15.353,82.082,31.627
59680162B82944797684000,Odeda,Ogun,South West,7.325,3.523,38275,1,3.377,-2.9,4.456,6.436,7.4,Basso,1706,52.248,95.537,0.2,44.666,89.885,99.0,12.796,1,39.86,0.0,94.259,33.276
59680162B82946706311025,Warji,Bauchi,North East,11.142,9.76,19973,0,44.278,-0.77,41.193,44.725,68.7,Alto,8227,85.354,54.136,5.103,62.625,61.994,31.778,38.3,1,78.745,26.893,42.241,14.104
59680162B82996162763265,Song,Adamawa,North East,9.829,12.621,13212,0,48.074,2.64,43.358,40.627,72.3,Alto,5728,75.862,60.778,5.62,55.031,26.354,69.204,31.64,4,69.877,28.94,66.972,23.169
59680162B83041511737206,Isuikwuato,Abia,South East,5.8,7.468,14413,1,4.156,-3.0,6.3,7.916,10.5,Basso,908,59.354,80.063,0.2,37.395,79.756,99.0,0.747,0,33.03,0.0,99.0,19.213
59680162B83052310642670,Gabasawa,Kano,North West,12.135,8.857,89765,1,36.925,1.3,39.983,40.402,66.6,Medio,35891,82.062,48.237,1.055,64.753,57.295,43.56,23.932,3,82.217,23.161,39.919,23.262
59680162B83099166959131,Igabi,Kaduna,North West,10.742,7.526,46239,0,57.482,-1.65,51.32,50.191,85.5,Alto,23730,88.874,38.299,5.393,72.58,45.46,20.523,35.091,0,69.021,36.532,58.925,11.779
59680162B83241100924072,Ilorin West,Kwara,North Central,8.466,4.507,23841,1,22.73,-1.19,19.602,19.546,32.7,Basso,4673,57.533,65.466,3.599,40.718,63.486,89.907,8.226,1,67.393,12.917,90.903,26.957
59680162B83278495681126,Edati,Niger,North Central,9.026,5.635,63483,1,17.153,4.27,17.593,23.424,29.3,Basso,11168,67.731,71.121,3.707,52.71,54.015,80.343,11.838,4,58.428,0.0,79.029,22.847
59680162B83284995722346,Ikom,Cross River,South South,6.107,8.617,43252,1,14.221,-3.0,13.454,13.209,22.4,Basso,5819,63.785,99.0,1.81,50.187,70.625,84.395,14.703,1,61.648,0.0,86.664,31.178
59680162B83386112613514,Gombe,Gombe,North East,10.297,11.158,12588,0,41.021,2.28,42.105,41.034,70.2,Alto,5300,87.47,52.755,3.551,50.323,63.719,39.318,20.938,2,72.545,35.492,55.2,20.712
59680162B83394095212312,Funakaye,Gombe,North East,10.813,11.44,34143,0,45.944,3.99,47.79,45.3,79.6,Alto,16317,94.326,42.878,3.556,64.755,42.316,59.728,27.746,4,63.499,24.158,51.661,17.397
59680162B83455285452940,Ose,Ondo,South West,7.05,5.724,29197,1,0.8,-2.45,4.034,3.379,6.7,Basso,1178,41.22,82.118,0.86,20.657,93.976,96.839,4.436,0,33.022,0.0,99.0,21.671
59680162B83508950999506,Ibadan South West,Oyo,South West,7.361,3.866,13781,1,13.764,-0.16,6.139,8.909,10.2,Basso,846,52.18,85.549,1.814,32.365,67.319,88.636,8.115,0,30.592,0.0,99.0,26.579
59680162B83662033692716,Kaiama,Kwara,North Central,9.52,4.075,17826,0,34.183,1.73,27.257,29.381,45.4,Medio,4859,81.708,63.73,1.137,65.669,37.175,53.984,22.189,0,44.232,0.0,78.807,13.523
59680162B83694422254145,Bonny,Rivers,South South,4.459,7.252,109355,1,14.628,-3.0,15.517,14.192,25.9,Basso,16969,54.496,83.773,2.221,31.115,74.925,90.77,15.226,1,71.503,2.559,79.399,22.452
59680162B83800309048446,Gubio,Borno,North East,12.672,12.776,47479,0,42.24,1.52,43.905,36.769,73.2,Alto,20845,74.142,49.612,3.055,44.143,24.212,55.51,29.299,2,69.695,7.137,59.512,13.892
59680162B8390528040617,Kankara,Katsina,North West,11.969,7.362,38717,0,49.154,3.5,49.029,47.547,81.7,Alto,18983,86.807,32.844,4.331,62.347,42.014,47.271,23.208,2,68.909,37.228,52.752,17.623
59680162B83966420631158,Guyuk,Adamawa,North East,9.836,11.901,45266,0,51.735,1.93,45.068,47.422,75.1,Alto,20401,83.363,23.743,2.967,70.418,25.835,48.778,20.542,5,48.616,17.9,41.61,23.1
59680162B84100135495566,Sagbama,Bayelsa,South South,5.096,6.124,31483,1,2.881,-2.4,11.034,5.863,18.4,Basso,3474,40.027,99.0,0.2,30.372,73.712,93.423,5.29,1,54.373,2.248,81.129,15.96
59680162B84198311358077,Mariga,Niger,North Central,10.618,5.87,106159,1,16.399,1.03,19.153,19.196,31.9,Basso,20333,61.377,83.507,2.272,50.976,32.234,85.122,7.637,0,53.446,10.769,84.273,29.031
59680162B84224544107566,Kaura,Kaduna,North West,9.642,8.452,23708,1,39.296,1.32,38.474,37.862,64.1,Medio,9121,81.968,32.151,3.841,57.888,56.514,78.624,30.269,0,72.562,23.378,72.044,26.423
59680162B84327981884458,Tudun Wada,Kano,North West,11.308,8.513,30560,1,40.423,-0.76,36.858,38.578,61.4,Medio,11264,68.417,41.539,3.581,52.791,51.518,69.23,33.46,1,55.634,26.913,41.127,14.643
59680162B84612216171504,Hong,Adamawa,North East,10.292,12.976,9978,0,50.694,3.68,47.212,51.368,78.7,Alto,4711,71.578,10.418,4.083,61.515,35.095,43.047,22.723,5,68.583,39.197,48.605,27.655
59680162B84828583281462,Nganzai,Borno,North East,12.428,13.129,90156,1,34.195,-1.12,36.288,34.746,60.5,Medio,32716,88.581,62.302,2.488,63.622,55.421,61.924,21.907,5,50.16,18.732,79.029,24.478
59680162B84830000650933,Ikere,Ekiti,South West,7.51,5.218,65263,1,0.8,-2.36,6.611,3.803,11.0,Basso,4315,49.289,99.0,1.164,37.659,99.0,99.0,9.266,0,27.971,3.531,99.0,26.792
59680162B85175001165051,Bwari,FCT,North Central,9.206,7.455,25067,0,31.477,2.61,27.733,26.774,46.2,Medio,6952,69.902,66.639,0.885,20.204,32.712,61.0,15.161,2,49.36,11.569,58.597,32.453
59680162B85189896765318,Ikwerre,Rivers,South South,5.084,6.864,29392,1,8.418,-1.81,10.238,13.945,17.1,Basso,3009,63.296,80.236,2.988,38.142,90.141,64.993,12.853,0,52.164,0.0,99.0,26.86
59680162B85303802109421,Gurara,Niger,North Central,9.355,6.974,12322,0,24.377,0.55,29.483,31.491,49.1,Medio,3633,68.863,52.059,2.631,44.507,35.078,64.706,16.572,3,41.253,9.353,60.284,23.554
59680162B85361781814064,Ona Ara,Oyo,South West,7.254,4.057,23413,1,3.301,-1.6,8.248,7.583,13.7,Basso,1931,54.029,91.885,1.523,44.656,83.45,99.0,3.636,1,59.229,0.0,99.0,28.289
59680162B85415328791745,Batsari,Katsina,North West,12.837,7.267,35140,0,53.662,2.33,49.352,53.557,82.3,Alto,17342,87.253,26.811,3.52,80.105,17.806,48.25,38.384,2,68.797,35.645,49.219,15.409
59680162B85493721249292,Shinkafi,Zamfara,North West,13.039,6.368,52244,0,54.031,-0.42,51.377,51.392,85.6,Alto,26841,86.279,24.398,5.457,48.81,16.469,43.573,35.82,3,75.949,20.059,40.509,17.933
59680162B85522063023223,Ningi,Bauchi,North East,11.026,9.205,69346,0,45.99,2.1,44.589,47.488,74.3,Alto,30920,93.453,39.59,4.535,58.849,47.265,40.824,24.875,6,95.739,18.03,51.222,20.514
59680162B85769693016783,Shanga,Kebbi,North West,11.199,4.607,90550,0,52.088,0.68,48.289,50.01,80.5,Alto,43726,96.125,40.18,6.776,75.911,27.203,41.606,27.172,2,57.074,28.155,59.594,16.364
59680162B86026568122675,Isi-Uzo,Enugu,South East,6.731,7.734,30387,0,10.767,0.5,10.396,11.109,17.3,Basso,3159,69.133,90.455,0.962,22.34,76.715,82.097,8.91,0,25.348,0.0,82.373,34.983
59680162B86061563506110,Odo Otin,Osun,South West,8.017,4.685,86092,1,4.955,-1.74,8.801,9.71,14.7,Basso,7577,43.731,93.465,0.343,57.719,99.0,89.897,6.857,2,35.794,17.118,91.163,21.794
59680162B86116731035265,Gassol,Taraba,North East,8.489,10.57,45153,1,40.782,-0.04,40.333,42.452,67.2,Medio,18212,84.984,47.287,1.366,58.612,39.535,65.086,23.504,8,70.051,27.573,57.49,21.64
59680162B86155479852967,Dikwa,Borno,North East,11.96,14.078,12664,1,34.26,0.78,34.355,32.045,57.3,Medio,4351,69.905,65.384,3.087,54.904,56.473,50.377,9.455,5,70.928,20.528,57.045,30.399
59680162B86291828303656,Bade,Yobe,North East,12.788,10.655,91832,0,39.99,5.07,45.76,42.899,76.3,Alto,42023,91.532,41.272,2.604,42.777,46.038,23.609,18.253,6,54.503,25.111,75.413,33.647
59680162B86357482908219,Lafia,Nasarawa,North Central,8.714,8.789,32221,0,26.083,0.6,27.1,27.816,45.2,Medio,8732,71.165,59.507,2.303,46.839,55.966,59.054,12.422,1,50.379,4.678,47.118,31.626
59680162B86414227144381,Buji,Jigawa,North West,11.546,9.729,50881,0,43.161,-0.66,48.153,46.578,80.3,Alto,24501,89.101,26.129,3.04,50.341,36.656,39.731,30.174,0,58.882,30.409,53.64,23.749
59680162B86980115162892,Bekwarra,Cross River,South South,6.71,8.892,120704,1,22.373,-0.52,11.246,16.664,18.7,Basso,13574,66.841,92.759,2.153,46.075,52.165,82.132,11.288,0,72.365,0.0,81.485,15.498
59680162B87049040782715,Isiala-Ngwa North,Abia,South East,5.382,7.418,36315,1,2.337,-0.72,2.538,4.379,4.2,Basso,922,47.859,96.129,0.742,24.878,84.694,99.0,11.952,0,42.801,0.159,83.769,57.103
59680162B87154562016330,Rimi,Katsina,North West,12.89,7.714,25626,0,48.943,2.98,45.792,45.066,76.3,Alto,11735,89.91,31.788,4.453,32.785,50.663,37.183,25.665,2,69.71,34.627,65.752,21.275
59680162B87230656090923,Ika,Akwa Ibom,South South,5.024,7.554,58920,0,22.731,-0.0,19.466,23.166,32.4,Basso,11469,67.741,78.997,2.392,41.676,62.988,83.224,16.197,2,67.94,0.0,42.49,16.391
59680162B87284296025200,Ngaski,Kebbi,North West,10.576,4.712,46460,0,44.483,-0.31,49.021,49.871,81.7,Alto,22775,85.574,38.815,3.484,61.386,39.103,20.506,33.914,0,76.372,36.889,32.973,25.033
59680162B87372052025364,Maradun,Zamfara,North West,12.713,6.326,132250,0,34.449,3.85,44.126,42.971,73.5,Alto,58356,81.878,38.107,3.923,62.986,42.637,39.653,14.951,0,62.62,25.195,35.717,19.876
59680162B87442417129591,Ini,Akwa Ibom,South South,5.403,7.751,74388,1,6.379,-2.57,9.357,8.208,15.6,Basso,6960,49.405,99.0,0.673,44.33,83.635,91.974,13.677,1,56.211,3.166,95.945,21.988
59680162B87534880716336,Gashaka,Taraba,North East,7.497,11.342,34442,0,52.921,-0.47,51.508,51.009,85.8,Alto,17740,90.323,28.139,1.676,49.519,36.284,41.843,31.785,6,63.191,28.925,22.047,35.126
59680162B87556890682936,Doma,Nasarawa,North Central,8.134,8.257,28854,0,33.221,3.31,28.761,29.024,47.9,Medio,8299,75.49,67.572,3.536,44.185,56.446,66.041,19.958,3,42.525,12.732,69.881,26.95
59680162B87731060313783,Sumaila,Kano,North West,11.256,8.862,10685,1,40.16,0.58,39.302,37.954,65.5,Medio,4199,84.656,56.638,2.587,64.072,27.743,54.233,25.362,3,53.003,13.226,58.289,16.36
59680162B87797979497124,Brass,Bayelsa,South South,4.418,6.102,78265,1,9.124,-1.32,15.649,13.277,26.1,Basso,12247,44.06,99.0,2.193,42.803,52.247,71.605,27.102,0,57.967,0.0,91.781,22.493
59680162B87872962443621,Mobbar,Borno,North East,13.07,12.669,34518,0,53.497,2.29,49.694,52.038,82.8,Alto,17154,93.678,33.457,4.669,52.824,43.882,33.657,22.785,4,68.031,49.937,53.807,21.264
59680162B88090020431393,Okigwe,Imo,South East,5.822,7.325,38110,1,2.466,0.21,9.484,7.765,15.8,Basso,3614,48.471,99.0,0.806,32.432,77.07,78.941,0.5,0,40.796,0.0,58.437,26.234
59680162B88243538379460,Rano,Kano,North West,11.488,8.518,22981,0,40.186,1.98,48.053,47.161,80.1,Alto,11043,87.748,44.536,4.957,50.22,43.475,41.492,24.472,2,64.356,45.178,50.746,16.693
59680162B88302028338466,Omumma,Rivers,South South,5.084,7.228,49611,0,23.068,-2.82,17.602,16.994,29.3,Basso,8732,74.881,91.899,2.53,42.955,80.885,71.832,16.507,2,52.78,0.0,98.147,20.563
59680162B88365177272018,Tsanyawa,Kano,North West,12.285,7.996,23667,0,54.117,1.89,50.98,51.45,85.0,Alto,12065,82.92,28.435,5.068,40.05,18.788,28.721,41.419,1,53.424,32.975,39.676,19.819
59680162B88504568355174,Konduga,Borno,North East,11.673,13.159,40208,1,44.799,0.95,40.806,41.916,68.0,Medio,16407,85.401,52.061,4.766,67.371,31.896,61.32,21.216,4,72.107,17.68,41.007,23.426
59680162B88663407419721,Owo,Ondo,South West,7.095,5.594,32803,1,0.8,-3.0,6.046,7.036,10.1,Basso,1983,51.581,94.456,1.245,44.391,80.689,92.124,7.231,1,24.152,0.0,99.0,20.632
59680162B8886032648131,Ogbomosho North,Oyo,South West,8.134,4.263,25704,1,12.14,0.02,6.817,8.025,11.4,Basso,1752,53.909,96.503,1.817,38.756,65.612,90.775,1.784,1,43.478,0.0,99.0,21.956
59680162B88881037507986,Kusada,Katsina,North West,12.457,7.95,54581,0,39.994,0.12,43.137,42.256,71.9,Alto,23544,80.866,48.108,5.036,55.564,35.224,60.578,25.696,1,74.443,34.603,65.466,13.953
59680162B88998270560680,Jos North,Plateau,North Central,9.937,8.892,22319,0,27.652,-2.82,26.96,27.215,44.9,Medio,6017,68.769,61.378,2.514,40.749,40.733,59.584,17.745,0,49.126,11.272,78.11,24.781
59680162B89203090045374,Lavun,Niger,North Central,9.468,5.618,96493,0,25.988,4.35,29.115,32.841,48.5,Medio,28094,70.737,39.2,2.134,36.932,34.253,54.63,6.28,1,61.216,14.98,64.183,23.368
59680162B89324456878264,Isoko South,Delta,South South,5.383,6.217,94392,0,28.774,-1.7,19.083,22.849,31.8,Basso,18013,77.044,91.431,3.358,26.024,66.127,68.743,21.398,2,58.852,5.692,62.86,19.091
59680162B89342314449475,Esit Eket,Akwa Ibom,South South,4.643,8.08,15709,1,10.659,-1.53,11.443,14.332,19.1,Basso,1798,68.013,93.112,1.326,51.285,84.575,79.853,1.171,0,72.591,0.0,52.386,25.256
59680162B89355923746110,Abadam,Borno,North East,13.37,13.268,34319,1,45.125,0.8,38.672,41.441,64.5,Medio,13272,82.397,46.554,5.198,47.096,35.296,82.604,22.866,4,57.128,30.879,40.368,25.483
59680162B89388744582495,Southern Ijaw,Bayelsa,South South,4.714,5.88,27356,0,10.347,0.68,19.009,18.223,31.7,Basso,5200,64.08,85.258,0.653,35.283,61.986,78.811,14.263,1,71.277,0.0,60.478,19.787
59680162B89404589930000,Kagarko,Kaduna,North West,9.488,7.584,55172,0,54.46,2.19,47.756,49.887,79.6,Alto,26348,95.179,33.99,5.248,63.135,43.841,50.1,43.945,4,67.532,27.143,71.388,19.474
59680162B89596725903657,Idah,Kogi,North Central,7.054,6.734,36233,0,28.265,-0.34,28.51,29.045,47.5,Medio,10330,69.873,61.25,2.934,47.461,36.565,47.081,27.221,1,24.026,1.247,74.941,24.906
59680162B89634889188856,Esan West,Edo,South South,6.656,6.139,18379,1,11.467,-2.08,8.23,11.84,13.7,Basso,1513,51.453,99.0,1.035,49.385,78.204,75.453,12.966,0,70.189,8.112,77.273,44.934
59680162B89638160160445,Ibeju Lekki,Lagos,South West,6.456,3.852,83160,1,0.8,-1.68,4.204,5.707,7.0,Basso,3496,41.076,99.0,1.098,42.739,61.283,99.0,4.032,1,38.576,0.0,99.0,16.275
59680162B89640587380951,Jos East,Plateau,North Central,9.866,9.108,63542,0,20.489,0.33,21.406,21.115,35.7,Basso,13602,60.692,73.914,2.245,32.797,55.105,64.611,25.602,2,45.609,0.0,79.497,46.562
59680162B89701706643364,Silame,Sokoto,North West,12.994,4.83,47156,1,30.002,-1.51,38.185,36.479,63.6,Medio,18007,74.06,32.136,4.366,59.614,57.684,53.806,28.852,1,58.058,13.744,75.295,34.473
59680162B89766877463651,Ganjuwa,Bauchi,North East,10.743,9.997,17145,0,53.087,3.29,43.078,45.538,71.8,Alto,7386,83.721,38.666,5.667,64.993,26.466,34.32,18.879,7,72.527,11.68,71.318,17.464
59680162B89921626898623,Sokoto South,Sokoto,North West,13.035,5.263,75929,0,49.866,0.24,48.418,50.937,80.7,Alto,36763,89.042,28.757,6.399,55.263,33.625,34.063,23.403,1,52.397,42.85,54.513,13.144
59680162B89970230221745,Takai,Kano,North West,11.48,9.151,52027,0,53.075,-0.03,49.276,46.29,82.1,Alto,25637,98.446,40.293,5.627,71.092,45.289,70.363,31.038,0,86.61,23.506,43.483,21.196
59680162B90037113183568,Gujba,Yobe,North East,11.342,11.895,36935,0,50.703,0.22,44.474,48.094,74.1,Alto,16426,78.776,18.475,4.931,53.036,52.613,48.004,30.598,4,66.866,29.111,49.444,26.71
59680162B90439441381954,Kubau,Kaduna,North West,10.813,8.361,33283,1,43.921,-1.13,39.581,42.072,66.0,Medio,13174,85.296,44.61,5.047,66.787,48.298,51.479,25.002,0,58.675,36.48,62.019,29.172
59680162B90522809362613,Owan East,Edo,South South,7.031,6.106,54018,1,12.575,-2.38,10.409,12.715,17.3,Basso,5623,54.427,84.363,3.395,37.577,57.308,99.0,0.5,1,62.126,0.0,76.053,35.593
59680162B90533313280833,Nangere,Yobe,North East,11.807,11.07,29222,0,53.057,1.44,46.371,48.0,77.3,Alto,13551,84.377,31.812,3.215,80.787,33.995,42.674,12.269,4,52.972,40.153,59.883,16.766
59680162B90577513466378,Andoni,Rivers,South South,4.512,7.374,24976,1,13.694,-0.92,9.843,13.491,16.4,Basso,2458,68.209,99.0,0.809,46.172,50.427,47.487,0.5,1,41.752,0.0,99.0,37.563
59680162B90615098764032,Okrika,Rivers,South South,4.623,7.072,9924,0,19.669,-1.82,18.759,19.521,31.3,Basso,1862,78.358,89.489,2.196,43.901,60.751,80.395,16.167,0,62.243,8.649,91.812,29.291
59680162B90895100901083,Itas/Gadau,Bauchi,North East,11.885,10.055,74455,0,49.499,3.3,49.979,50.124,83.3,Alto,37212,93.83,42.445,2.415,51.21,36.153,44.329,31.102,6,69.069,38.965,44.192,28.104
59680162B90915593246984,Obi,Nasarawa,North Central,8.376,8.758,17906,0,32.588,1.02,29.337,28.363,48.9,Medio,5253,70.631,75.036,4.095,48.501,55.413,75.78,19.733,2,52.95,16.37,58.383,21.19
59680162B90957738044815,Yankwashi,Jigawa,North West,12.74,8.56,17932,1,35.482,2.98,38.307,39.475,63.8,Medio,6869,74.929,35.705,2.468,71.992,48.394,57.252,35.54,0,48.424,19.763,53.76,21.33
59680162B91029831757376,Dambam,Bauchi,North East,11.629,10.765,46628,0,46.498,-1.55,44.4,44.437,74.0,Alto,20703,83.331,54.663,5.899,56.046,51.9,27.026,17.758,9,60.118,29.981,73.204,23.663
59680162B9128777704300,Aba South,Abia,South East,5.078,7.349,18934,0,0.8,-1.75,11.482,11.041,19.1,Basso,2174,63.278,84.419,0.2,32.99,81.534,99.0,6.085,0,45.792,0.0,73.955,24.036
59680162B91304502238334,Katsina,Katsina,North West,13.018,7.627,39478,1,40.49,2.83,41.303,39.298,68.8,Alto,16306,78.281,46.483,3.189,68.984,43.468,66.163,24.952,2,73.469,26.438,58.403,25.326
59680162B9133954487337,Nasarawa,Nasarawa,North Central,8.331,7.758,9598,1,19.929,-0.01,19.483,19.462,32.5,Basso,1870,58.737,79.728,0.2,34.652,48.592,74.291,12.805,5,66.752,0.0,73.18,23.32
59680162B91433810506609,Urue Offong/Oruko,Akwa Ibom,South South,4.731,8.16,37188,0,23.729,0.23,19.403,18.028,32.3,Basso,7216,68.421,89.942,2.085,36.541,63.902,74.491,17.349,1,83.203,0.0,67.486,65.205
59680162B91454305469147,Zango,Katsina,North West,12.962,8.548,63871,0,50.821,2.7,46.255,41.824,77.1,Alto,29543,87.531,23.744,4.025,53.295,61.791,35.359,15.16,0,62.292,27.954,74.556,20.128
59680162B9145923747098,Giade,Bauchi,North East,11.417,10.235,56824,0,50.168,-0.29,46.357,47.942,77.3,Alto,26342,78.759,38.962,5.549,35.637,34.52,38.454,38.376,5,93.859,26.686,54.125,22.465
59680162B91492845849591,Sokoto North,Sokoto,North West,13.066,5.231,21537,0,45.402,1.75,49.339,45.576,82.2,Alto,10626,81.959,35.898,3.848,60.278,23.744,54.223,22.612,1,80.67,30.957,46.588,24.133
59680162B91711719497512,Jos South,Plateau,North Central,9.761,8.85,25062,0,24.058,-0.71,28.515,26.804,47.5,Medio,7146,69.316,61.174,3.801,39.904,66.711,55.167,17.708,0,45.61,6.973,59.549,23.196
59680162B91755424681987,Oru East,Imo,South East,5.723,6.953,30485,1,9.864,-2.14,8.716,9.566,14.5,Basso,2657,65.71,85.733,1.905,40.782,99.0,82.69,0.76,1,38.666,0.0,99.0,21.255
59680162B91872344495309,Suleja,Niger,North Central,9.219,7.154,39581,0,19.568,1.74,21.406,25.1,35.7,Basso,8473,62.39,73.403,2.009,52.047,42.832,53.25,14.65,0,60.33,4.319,60.168,22.911
59680162B91981903970684,Oyi,Anambra,South East,6.226,6.89,29721,1,16.982,-1.02,7.94,7.502,13.2,Basso,2360,56.793,99.0,0.2,36.708,78.387,79.094,4.129,1,56.278,0.0,99.0,25.808
59680162B92155854422456,Kabba/Bunu,Kogi,North Central,8.072,6.141,29052,0,36.388,2.51,30.355,27.731,50.6,Medio,8819,74.961,66.31,1.989,38.78,42.754,70.763,18.299,3,59.595,8.685,76.536,26.907
59680162B92640548002056,Anaocha,Anambra,South East,6.099,7.019,45876,1,5.844,-2.12,7.584,10.203,12.6,Basso,3479,67.427,96.014,0.382,55.638,84.466,92.154,15.803,0,37.268,0.0,94.24,39.749
59680162B92942987363648,Ife East,Osun,South West,7.389,4.581,48399,1,4.735,-2.0,7.586,4.535,12.6,Basso,3672,48.654,99.0,0.414,37.486,93.286,99.0,4.829,2,28.307,0.0,88.481,20.929
59680162B92999716235821,Dekina,Kogi,North Central,7.595,7.144,28336,0,29.455,-0.46,27.552,29.847,45.9,Medio,7807,74.734,59.381,3.075,30.273,49.969,77.119,26.617,2,73.408,11.483,69.852,28.194
59680162B93100308813933,Maigatari,Jigawa,North West,12.7,9.608,60754,0,51.416,1.04,51.305,50.642,85.5,Alto,31170,91.307,35.191,4.69,70.516,39.739,30.294,27.938,2,62.644,35.696,45.712,25.386
59680162B93345317219884,Idemili North,Anambra,South East,6.126,6.9,44209,0,7.678,-0.4,8.63,10.204,14.4,Basso,3815,62.379,96.652,3.699,14.492,89.505,94.27,0.5,1,59.9,10.771,88.551,27.231
59680162B93375949891062,Dan Musa,Katsina,North West,12.262,7.28,66042,0,54.331,4.23,49.175,53.791,82.0,Alto,32476,88.026,36.291,4.902,69.696,19.509,34.382,39.981,1,62.261,36.544,35.119,15.275
59680162B93423525469915,Etche,Rivers,South South,5.072,7.085,23466,1,11.304,-0.58,8.695,9.042,14.5,Basso,2040,56.958,91.465,1.02,36.886,86.32,86.934,1.306,1,60.652,0.0,79.58,30.304
59680162B9357675593038,Ikole,Ekiti,South West,7.878,5.529,35996,1,2.929,-1.98,6.285,6.951,10.5,Basso,2262,53.138,90.802,0.2,52.237,89.301,99.0,5.316,0,44.955,0.36,90.081,28.25
59680162B93651715341205,Warri North,Delta,South South,5.879,5.266,7030,1,8.675,-2.74,9.063,9.654,15.1,Basso,637,55.701,89.196,3.433,39.423,99.0,97.557,16.027,0,55.697,0.0,87.36,33.375
59680162B93998087230069,Bosso,Niger,North Central,9.645,6.357,52277,1,26.665,0.28,19.48,18.995,32.5,Basso,10183,60.91,57.973,3.266,39.935,30.472,86.783,1.631,0,33.823,0.0,98.049,15.299
59680162B94034829608504,Ise/Orun,Ekiti,South West,7.421,5.383,25721,0,19.167,-2.68,15.045,14.735,25.1,Basso,3870,52.121,79.837,0.2,29.757,55.875,78.207,29.3,0,49.888,0.0,99.0,33.65
59680162B94225169025314,Owerri Municipal,Imo,South East,5.476,7.026,62913,0,14.25,0.51,13.744,15.311,22.9,Basso,8646,66.576,78.89,2.371,16.302,60.363,93.271,20.481,0,48.417,0.0,91.026,35.838
59680162B94327255764727,Ayedade,Osun,South West,7.334,4.356,35555,0,12.112,-1.36,13.516,10.319,22.5,Basso,4806,65.06,79.851,3.31,26.04,87.608,99.0,1.411,0,37.957,0.0,99.0,16.621
59680162B94433697734962,Daura,Katsina,North West,12.98,8.274,38898,0,38.441,2.17,47.829,47.714,79.7,Alto,18604,94.511,37.146,3.575,44.189,42.006,60.285,35.474,3,60.826,35.6,47.384,16.963
59680162B94450341733030,Okpokwu,Benue,North Central,7.064,7.861,16199,0,30.195,1.1,29.269,28.539,48.8,Medio,4741,71.635,54.347,3.946,47.145,68.551,54.215,11.482,1,50.893,6.217,62.502,14.528
59680162B94527775336179,Ekiti,Kwara,North Central,8.113,5.352,26525,0,28.443,-2.72,25.84,27.395,43.1,Medio,6854,80.656,54.455,2.403,38.73,58.688,78.527,19.01,2,61.704,4.184,79.222,32.711
59680162B94726154492089,Bassa,Plateau,North Central,10.054,8.81,57325,0,25.349,1.14,30.124,29.852,50.2,Medio,17269,73.472,63.929,4.529,34.514,51.431,34.987,14.799,3,55.129,0.0,64.198,22.621
59680162B95103667512911,Kebbe,Sokoto,North West,11.886,4.743,21995,0,45.789,3.28,47.195,46.519,78.7,Alto,10381,75.077,39.567,4.163,62.614,31.894,43.184,34.252,2,55.122,34.268,47.134,20.702
59680162B95139171035149,Akko,Gombe,North East,10.1,11.017,31552,1,52.833,1.6,41.574,45.447,69.3,Alto,13117,69.046,42.914,3.432,69.456,43.735,58.491,31.769,6,99.439,37.751,59.809,15.154
59680162B95147302907135,Obot Akara,Akwa Ibom,South South,5.255,7.615,12222,0,28.976,1.88,19.072,20.818,31.8,Basso,2331,65.896,95.681,4.031,33.896,72.592,49.699,13.016,0,52.865,9.414,54.408,12.847
59680162B95265909286240,Kiyawa,Jigawa,North West,11.8,9.521,50096,1,35.178,-0.29,37.418,33.904,62.4,Medio,18745,80.105,60.086,3.875,59.472,56.676,50.323,23.7,2,60.299,15.809,74.591,12.532
59680162B95285688800937,Funtua,Katsina,North West,11.426,7.354,7122,0,50.048,0.96,47.206,47.251,78.7,Alto,3362,90.69,45.87,4.406,60.632,30.357,49.737,39.141,2,76.229,26.282,49.905,23.17
59680162B95372959647234,Ijebu Ode,Ogun,South West,6.782,3.949,92138,1,1.933,-2.48,6.145,3.857,10.2,Basso,5662,29.854,98.578,3.252,41.903,84.078,99.0,12.652,0,42.199,0.0,99.0,24.215
59680162B95469939765095,Ehime-Mbano,Imo,South East,5.671,7.302,19876,1,10.446,-1.48,7.023,9.071,11.7,Basso,1396,65.879,96.804,0.2,38.989,85.002,92.102,8.708,0,32.33,9.953,99.0,27.234
59680162B95559320678868,Udung Uko,Akwa Ibom,South South,4.74,8.292,18190,0,19.198,-2.06,21.102,23.964,35.2,Basso,3838,79.522,87.307,0.2,36.801,52.996,82.215,18.52,4,63.378,20.508,89.255,29.681
59680162B9558481059390,Burutu,Delta,South South,5.215,5.556,18322,1,9.267,-2.3,13.42,17.702,22.4,Basso,2459,57.492,73.833,1.363,64.834,99.0,73.925,12.447,0,63.595,20.487,99.0,23.533
59680162B95600296408215,Ezza North,Ebonyi,South East,6.264,7.984,21619,1,7.2,0.47,5.376,4.871,9.0,Basso,1162,53.736,97.077,0.2,43.243,77.23,99.0,0.5,0,35.398,0.0,99.0,18.744
59680162B96182902271382,Gwarzo,Kano,North West,11.901,7.984,38304,0,61.679,1.45,48.36,50.721,80.6,Alto,18524,92.888,46.508,6.918,85.224,29.129,35.541,27.144,1,80.45,28.356,41.498,19.766
59680162B96484505623852,Bida,Niger,North Central,9.036,5.957,31152,1,17.743,-0.97,19.274,18.783,32.1,Basso,6004,75.19,73.555,2.247,38.833,71.585,75.27,9.709,1,47.903,0.0,78.881,28.283
59680162B96723309662383,Aboh-Mbaise,Imo,South East,5.422,7.259,24258,1,0.8,-1.51,5.485,9.043,9.1,Basso,1331,62.908,99.0,2.375,41.315,92.748,94.416,1.498,2,40.629,3.819,82.557,34.918
59680162B96890005302109,Amuwo Odofin,Lagos,South West,6.449,3.274,42001,1,12.972,-0.96,6.439,9.117,10.7,Basso,2704,60.659,81.89,0.2,40.94,76.897,88.779,0.5,0,36.522,0.0,94.313,32.402
59680162B96934818178887,Akinyele,Oyo,South West,7.544,3.903,17921,0,8.321,-1.19,13.788,13.249,23.0,Basso,2471,60.181,83.351,1.351,24.149,86.045,82.979,17.574,0,10.74,15.477,99.0,17.778
59680162B96971531554224,Taura,Jigawa,North West,12.272,9.363,34290,0,46.458,0.45,40.07,41.441,66.8,Medio,13740,87.336,58.062,2.214,50.14,55.959,39.808,26.928,2,72.898,32.924,45.855,12.387
59680162B96995039930644,Dange Shuni,Sokoto,North West,12.816,5.424,81372,0,52.67,2.39,49.813,50.698,83.0,Alto,40534,95.788,19.499,3.302,44.385,47.928,45.649,37.721,2,73.039,34.465,59.105,10.621
59680162B97039944509950,Eket,Akwa Ibom,South South,4.635,7.947,32630,1,12.574,-2.47,9.364,11.054,15.6,Basso,3055,70.514,99.0,0.2,32.589,99.0,89.204,12.257,1,70.164,6.857,84.612,23.689
59680162B97170897047692,Ekiti East,Ekiti,South West,7.711,5.647,116973,1,7.436,0.78,5.928,7.849,9.9,Basso,6934,56.941,97.473,0.2,46.879,82.878,99.0,6.734,0,50.696,0.0,82.296,25.068
59680162B97277051818349,Isin,Kwara,North Central,8.263,5.054,94417,0,29.08,0.53,27.937,29.816,46.6,Medio,26378,71.039,57.769,3.248,38.98,46.797,39.602,20.871,2,53.498,0.0,69.634,31.15
59680162B97377368460903,Anambra West,Anambra,South East,6.388,6.775,92569,1,0.8,-3.0,7.171,8.392,12.0,Basso,6638,67.632,96.349,0.454,41.424,79.147,86.992,0.5,0,48.066,0.0,87.396,50.775
59680162B97395677882832,Ogbaru,Anambra,South East,5.916,6.743,33717,1,6.674,-0.52,9.217,7.926,15.4,Basso,3108,66.473,98.9,0.728,39.532,83.494,80.715,0.5,0,53.55,0.0,99.0,23.718
59680162B97490121732821,Yewa South,Ogun,South West,6.767,2.976,51610,0,18.623,-2.58,13.04,12.779,21.7,Basso,6730,52.172,79.999,2.174,30.227,75.835,85.29,17.27,0,27.286,0.0,79.691,33.369
59680162B97563361057366,Doguwa,Kano,North West,10.876,8.667,15695,0,55.198,-0.11,53.215,49.835,88.7,Alto,8352,98.446,44.715,5.903,42.325,40.452,40.109,31.481,2,68.134,34.756,31.18,18.855
59680162B97642938083661,Dawakin Tofa,Kano,North West,12.143,8.361,27034,0,49.011,-0.58,46.589,45.05,77.6,Alto,12595,85.029,44.867,5.069,48.21,28.959,44.183,27.172,1,47.083,30.234,36.328,23.212
59680162B97802053648263,Nkanu East,Enugu,South East,6.313,7.674,47980,0,13.521,-1.4,8.94,12.083,14.9,Basso,4290,65.528,99.0,2.701,35.882,58.125,67.448,1.762,0,34.821,0.0,80.381,63.142
59680162B97817900806996,Epe,Lagos,South West,6.529,4.049,64237,1,5.467,1.3,3.45,3.392,5.7,Basso,2216,45.384,99.0,1.46,24.465,73.948,99.0,12.641,0,33.32,0.0,99.0,58.981
59680162B97880726687240,Kumbotso,Kano,North West,11.916,8.519,25476,0,58.392,0.91,51.295,55.022,85.5,Alto,13068,96.943,24.205,5.07,70.251,25.747,33.726,32.986,0,49.207,31.02,18.492,15.719
59680162B98184498564097,Nassarawa,Kano,North West,12.008,8.578,29411,0,49.43,2.56,45.703,45.548,76.2,Alto,13442,85.298,57.024,4.258,47.795,9.65,38.905,20.907,0,64.873,53.203,60.235,33.718
59680162B98222207712503,Bali,Taraba,North East,8.119,10.855,39980,0,38.629,-2.89,40.881,37.327,68.1,Alto,16344,90.126,70.064,4.079,61.531,51.073,61.167,20.765,3,73.68,26.524,65.319,22.644
59680162B98234428566305,Ilesha West,Osun,South West,7.638,4.722,146857,1,5.455,-2.35,7.714,6.222,12.9,Basso,11329,58.986,99.0,0.2,47.25,72.874,99.0,0.5,0,40.396,0.0,99.0,28.956
59680162B98306169506823,Moro,Kwara,North Central,8.854,4.515,53568,0,23.855,-0.44,28.811,26.069,48.0,Medio,15433,66.478,71.895,1.589,62.074,59.092,64.701,22.836,1,55.282,12.169,79.904,18.962
59680162B98467355573765,Keana,Nasarawa,North Central,8.177,8.755,29134,1,22.496,-1.78,19.402,18.283,32.3,Basso,5653,75.836,81.938,0.992,48.154,66.388,99.0,23.372,1,46.037,4.957,91.672,20.322
59680162B98747212970025,Dambatta,Kano,North West,12.428,8.596,15689,0,46.419,0.64,49.142,49.798,81.9,Alto,7710,83.311,28.308,6.562,71.173,47.327,49.743,31.856,2,72.667,25.718,28.49,25.788
59680162B98903295811344,Shelleng,Adamawa,North East,9.939,12.102,61438,1,39.066,1.06,38.65,37.401,64.4,Medio,23746,72.708,48.393,2.431,55.577,33.484,41.177,23.728,5,56.541,12.98,63.382,33.351
59680162B9896757167153,Mkpat Enin,Akwa Ibom,South South,4.712,7.758,14272,1,6.037,-1.51,11.191,12.024,18.7,Basso,1597,60.632,99.0,1.967,35.281,70.466,78.7,7.599,0,84.924,0.0,77.479,26.515
59680162B99039921741080,Buruku,Benue,North Central,7.361,9.277,55224,0,26.159,0.32,28.956,29.498,48.3,Medio,15991,69.969,61.845,3.252,54.927,48.991,57.262,18.565,3,45.88,4.119,66.171,30.975
59680162B99060674505372,Ekwusigo,Anambra,South East,5.981,6.839,13374,0,13.075,-1.2,11.875,17.22,19.8,Basso,1588,70.129,66.806,3.081,32.819,84.58,90.943,7.364,0,83.818,5.253,99.0,29.702
59680162B99262810585367,Ohaji/Egbema,Imo,South East,5.418,6.829,65067,0,6.726,-2.38,14.458,13.071,24.1,Basso,9407,57.195,83.81,0.51,18.12,68.232,89.566,15.241,0,47.521,0.0,65.769,28.084
59680162B99351931357354,Langtang South,Plateau,North Central,8.594,9.864,25029,1,23.295,1.08,22.486,24.793,37.5,Basso,5628,62.366,56.016,5.065,36.103,53.077,65.996,12.062,1,58.293,8.718,90.153,19.619
59680162B9948554175301,Ilesha East,Osun,South West,7.591,4.765,31496,1,11.779,-2.69,7.691,3.431,12.8,Basso,2422,54.946,99.0,2.538,24.159,95.432,99.0,0.5,0,16.365,5.388,98.14,27.511
59680162B9948575660850,Obudu,Cross River,South South,6.541,9.057,36666,1,7.724,-1.05,12.185,11.986,20.3,Basso,4468,60.128,99.0,0.705,47.602,73.455,64.658,0.502,2,69.855,0.0,79.125,41.296
59680162B99535636657731,Egor,Edo,South South,6.343,5.561,25159,1,19.218,-0.68,14.01,16.392,23.4,Basso,3525,54.768,88.944,0.573,49.502,44.072,69.352,11.141,2,39.892,0.17,73.064,27.7
59680162B99778789604362,Gwer East,Benue,North Central,7.352,8.39,34346,0,39.066,-0.43,29.535,31.859,49.2,Medio,10144,72.85,63.471,3.901,59.459,47.558,56.035,26.641,1,46.763,8.629,61.79,26.463
59680162B99837769325291,Borgu,Niger,North Central,10.189,4.107,32754,1,21.209,-0.19,17.948,16.334,29.9,Basso,5879,71.722,79.057,0.728,60.86,78.121,65.151,0.949,3,45.5,0.923,96.867,43.466
59680162B99856631560735,Ifedore,Ondo,South West,7.36,5.117,54087,1,13.22,-1.51,14.731,11.858,24.6,Basso,7968,69.353,89.043,1.169,33.595,74.602,99.0,9.624,0,37.229,0.0,71.621,33.562
59680162B99910214526625,Ibiono Ibom,Akwa Ibom,South South,5.181,7.893,31835,1,12.806,0.23,11.798,7.94,19.7,Basso,3756,38.223,98.593,1.757,43.918,78.974,85.127,3.353,2,64.665,0.0,77.417,21.329
